# Blender 4.5.3 LTS
# www.blender.org
mtllib koteidenwa.mtl
o Cube
v 0.709243 0.934174 -0.351204
v 0.718405 0.100671 -0.351204
v 0.619959 0.405035 0.799311
v 0.619960 0.075870 0.799311
v 0.688225 0.148215 -1.101580
v 0.688225 0.902988 -0.964287
v 0.741844 0.541168 0.487380
v 0.741843 0.064944 0.487380
v 0.760677 0.092267 -0.123018
v 0.758386 0.841730 -0.123018
v 0.717921 0.939822 -0.797457
v 0.717921 0.101185 -0.832660
v 0.000000 0.007125 -0.351204
v 0.000000 0.410706 0.866263
v 0.000000 0.051546 0.866263
v 0.000000 1.007328 -0.351204
v 0.000000 0.101185 -1.134233
v 0.000000 0.939822 -0.965257
v 0.000000 0.007125 0.570521
v 0.000000 0.578594 0.570521
v 0.000000 0.906481 -0.103537
v 0.000000 0.007125 -0.103537
v 0.000000 0.007125 -0.832660
v 0.000000 1.013489 -0.790416
v 0.426117 0.051546 0.857150
v 0.437371 1.030868 -0.350514
v 0.480359 0.970120 -0.970923
v 0.450063 0.578594 0.553893
v 0.453423 0.906481 -0.107433
v 0.445278 0.007125 -0.832660
v 0.446040 0.007125 -0.351204
v 0.426117 0.410706 0.857150
v 0.445278 0.101185 -1.134233
v 0.450063 0.007125 0.553893
v 0.453996 0.007125 -0.107433
v 0.480359 1.033197 -0.796419
v 0.210484 0.007125 -0.351204
v 0.210484 0.410706 0.866263
v 0.210484 0.101185 -1.134233
v 0.210484 0.007125 0.570521
v 0.210484 0.007125 -0.103537
v 0.175404 1.033197 -0.796419
v 0.210484 0.051546 0.866263
v 0.210484 1.030868 -0.350514
v 0.175404 0.970120 -0.970923
v 0.210484 0.578594 0.570521
v 0.210484 0.906481 -0.103537
v 0.210484 0.007125 -0.832660
v 0.713507 0.939822 -0.565612
v 0.715798 0.101185 -0.565612
v 0.000000 1.013489 -0.565612
v 0.000000 0.007125 -0.565612
v 0.445020 0.007125 -0.565612
v 0.479528 1.033197 -0.571615
v 0.175404 1.033197 -0.571615
v 0.210484 0.007125 -0.565612
v 0.766295 0.548011 -0.351204
v 0.628101 0.261714 0.817846
v 0.717921 0.551091 -1.099029
v 0.806019 0.333644 0.470751
v 0.825719 0.497587 -0.126915
v 0.777311 0.551091 -0.825619
v 0.000000 0.551091 -1.157295
v 0.000000 0.253257 0.901034
v 0.420131 0.253257 0.894774
v 0.438472 0.580522 -1.161964
v 0.210484 0.580522 -1.161963
v 0.210484 0.253257 0.901034
v 0.771864 0.551091 -0.565612
v 0.263105 1.338463 -0.488665
v 0.368347 1.338463 -0.488665
v 0.245565 1.288256 -1.037240
v 0.385888 1.288256 -1.037240
v 0.385888 1.240134 -0.634649
v 0.385888 1.240134 -0.859453
v 0.245565 1.240134 -0.859453
v 0.245565 1.240134 -0.634649
v 0.368347 1.052630 -1.077974
v 0.263105 1.052630 -1.077974
v 0.385888 0.826355 -1.105703
v 0.210484 1.121884 -0.823434
v 0.210484 1.121884 -0.598630
v 0.420969 1.106464 -0.997042
v 0.245565 0.826355 -1.105703
v 0.385888 1.180132 -0.417807
v 0.245565 1.180132 -0.417807
v 0.420969 1.121884 -0.823434
v 0.420969 1.121884 -0.598630
v 0.210484 1.106464 -0.997042
v 0.385888 0.941667 -1.086398
v 0.210484 1.190863 -0.619641
v 0.245565 0.941667 -1.086398
v 0.385888 1.286177 -0.452131
v 0.420969 1.190863 -0.844445
v 0.210484 1.212509 -1.019974
v 0.210484 1.190863 -0.844445
v 0.420969 1.212509 -1.019974
v 0.245565 1.286177 -0.452131
v 0.420969 1.190863 -0.619641
v 0.764519 0.296908 -0.351204
v 0.626831 0.150743 0.814612
v 0.681083 0.448007 0.702791
v 0.537837 0.055683 0.835025
v 0.590112 1.000541 -0.351074
v 0.738745 0.098851 -0.273421
v 0.712834 0.304609 -1.124239
v 0.595290 0.937299 -0.965945
v 0.712834 0.933512 -0.894748
v 0.712834 0.109241 -0.994344
v 0.766360 0.695145 0.168542
v 0.681083 0.060441 0.702791
v 0.797997 0.185259 0.472830
v 0.609108 0.573916 0.520636
v 0.766647 0.078941 0.168542
v 0.732160 0.914147 -0.273421
v 0.619157 0.898387 -0.115226
v 0.818642 0.270646 -0.126428
v 0.717369 0.939822 -0.685377
v 0.717655 0.101185 -0.689777
v 0.594755 0.018883 -0.832660
v 0.769887 0.780729 -0.811538
v 0.105242 0.007125 -0.351204
v 0.105242 0.410706 0.866263
v 0.105242 0.101185 -1.134233
v 0.105242 0.007125 0.570521
v 0.105242 0.007125 -0.103537
v 0.100857 1.015953 -0.791166
v 0.000000 1.013489 -0.684496
v 0.000000 0.007125 -0.689777
v 0.000000 0.007125 -0.270986
v 0.000000 0.985480 -0.270986
v 0.000000 0.746570 0.225203
v 0.000000 0.007125 0.225203
v 0.000000 0.018883 -0.998577
v 0.000000 0.298513 -1.186095
v 0.000000 1.004281 -0.877126
v 0.000000 0.012678 0.777138
v 0.000000 0.143391 0.896688
v 0.000000 0.475085 0.777138
v 0.316370 0.051546 0.865124
v 0.317462 1.038124 -0.327518
v 0.382883 0.994269 -1.081161
v 0.319363 0.578594 0.568443
v 0.319783 0.906481 -0.104024
v 0.318765 0.007125 -0.832660
v 0.596624 0.018818 -0.351204
v 0.537837 0.409764 0.835025
v 0.590905 0.109241 -1.128639
v 0.609108 0.014352 0.520636
v 0.620803 0.017768 -0.115226
v 0.599140 1.006744 -0.792046
v 0.438090 0.475085 0.762806
v 0.420879 0.143391 0.890072
v 0.445278 0.018883 -0.998577
v 0.454973 0.746570 0.213870
v 0.447617 0.988003 -0.270562
v 0.445246 0.007125 -0.689777
v 0.480255 1.031212 -0.689787
v 0.449921 0.007125 -0.271473
v 0.455044 0.007125 0.213870
v 0.444549 0.300033 -1.187363
v 0.480359 1.029284 -0.884513
v 0.438090 0.012678 0.762806
v 0.318860 0.007125 -0.351204
v 0.316370 0.410706 0.865124
v 0.318765 0.101185 -1.134233
v 0.319363 0.007125 0.568443
v 0.319855 0.007125 -0.104024
v 0.206099 1.073846 -0.808801
v 0.105242 0.051546 0.866263
v 0.104511 1.009685 -0.351074
v 0.100857 0.943609 -0.965965
v 0.105242 0.578594 0.570521
v 0.105242 0.906481 -0.103537
v 0.105242 0.007125 -0.832660
v 0.210484 0.012678 0.777138
v 0.175404 1.029284 -0.884513
v 0.210484 0.300033 -1.187363
v 0.210484 0.007125 0.225203
v 0.210484 0.007125 -0.270986
v 0.175404 1.031212 -0.689786
v 0.210484 0.475085 0.777138
v 0.210484 0.143391 0.896688
v 0.210484 0.018883 -0.998577
v 0.210484 0.746570 0.225203
v 0.210484 0.988003 -0.270075
v 0.210484 0.007125 -0.689777
v 0.706354 0.939116 -0.448027
v 0.712940 0.101120 -0.448027
v 0.000000 1.012719 -0.448027
v 0.000000 0.007125 -0.448027
v 0.444760 0.007125 -0.448027
v 0.473882 1.037107 -0.455064
v 0.179058 1.037107 -0.455064
v 0.210484 0.007125 -0.448027
v 0.318733 0.007125 -0.565612
v 0.100857 1.015953 -0.566363
v 0.214869 1.219194 -0.628271
v 0.593876 0.018883 -0.565612
v 0.105242 0.007125 -0.565612
v 0.596615 1.006744 -0.566363
v 0.764334 0.780729 -0.565612
v 0.758220 0.776172 -0.351204
v 0.626831 0.352515 0.814612
v 0.712834 0.775954 -1.029043
v 0.797997 0.459088 0.472830
v 0.817067 0.701587 -0.126428
v 0.769887 0.298513 -0.831780
v 0.000000 0.780729 -1.069924
v 0.000000 0.342297 0.896688
v 0.420879 0.342297 0.890072
v 0.475975 0.814927 -1.069739
v 0.179058 0.814927 -1.069738
v 0.210484 0.342297 0.896688
v 0.765909 0.298513 -0.565612
v 0.762998 0.550706 -0.448027
v 0.315622 0.253257 0.900252
v 0.104511 0.554147 -1.157942
v 0.317529 0.524964 -1.180882
v 0.523802 0.254314 0.875769
v 0.105242 0.253257 0.901034
v 0.776630 0.551091 -0.688897
v 0.793964 0.537087 -0.273908
v 0.835420 0.417632 0.157210
v 0.769887 0.551091 -0.977455
v 0.594756 0.554147 -1.150659
v 0.729901 0.283391 0.691930
v 0.315726 1.352961 -0.480432
v 0.315726 1.299618 -1.039830
v 0.385888 1.217298 -0.745332
v 0.385888 1.291820 -0.962933
v 0.315726 1.247524 -0.861704
v 0.245565 1.291820 -0.962933
v 0.245565 1.217298 -0.745332
v 0.382883 1.297623 -0.541956
v 0.248570 1.297623 -0.541956
v 0.315726 1.247524 -0.636900
v 0.382883 1.170926 -1.070102
v 0.248570 1.170926 -1.070102
v 0.315726 1.033830 -1.078372
v 0.428392 1.032611 -0.982687
v 0.248570 0.994269 -1.081161
v 0.382883 1.326007 -0.468381
v 0.241911 1.104893 -0.391452
v 0.416583 1.219194 -0.853074
v 0.428288 1.073846 -0.583997
v 0.214869 1.256064 -1.029902
v 0.391345 0.735874 -1.128826
v 0.210484 1.160069 -0.835065
v 0.206099 1.073846 -0.583997
v 0.420969 1.165168 -1.009338
v 0.241911 0.735874 -1.128826
v 0.391165 1.104893 -0.391452
v 0.245565 1.238835 -0.436808
v 0.428392 1.073846 -0.808801
v 0.420969 1.160069 -0.610261
v 0.206099 1.032611 -0.982688
v 0.210484 1.141800 -0.917834
v 0.214869 1.151008 -0.493088
v 0.416583 1.151008 -0.493088
v 0.420969 1.141800 -0.917834
v 0.214869 0.971870 -1.061982
v 0.420969 1.110963 -0.713592
v 0.210484 1.110963 -0.713592
v 0.416583 0.971870 -1.061982
v 0.315726 0.771105 -1.120772
v 0.315726 1.191053 -0.391468
v 0.385888 0.890189 -1.093024
v 0.210484 1.160069 -0.610261
v 0.245565 0.890189 -1.093024
v 0.385888 1.238835 -0.436808
v 0.420969 1.160069 -0.835065
v 0.210484 1.165168 -1.009338
v 0.214869 1.219194 -0.853074
v 0.416583 1.256064 -1.029902
v 0.248570 1.326007 -0.468381
v 0.416583 1.219194 -0.628271
v 0.210484 1.229312 -0.944077
v 0.214869 1.238520 -0.520755
v 0.416583 1.238520 -0.520755
v 0.420969 1.229312 -0.944077
v 0.214869 1.086024 -1.065044
v 0.420969 1.172992 -0.732107
v 0.210484 1.172992 -0.732107
v 0.416583 1.086024 -1.065044
v 0.315726 0.886417 -1.092924
v 0.315726 1.304048 -0.428288
v 0.573144 0.018669 0.733438
v 0.724043 0.384623 0.692887
v 0.598178 0.998539 -0.880034
v 0.597264 0.783518 -1.065283
v 0.762739 0.300037 -0.994879
v 0.826758 0.583320 0.158626
v 0.624040 0.016102 0.191206
v 0.608384 0.018591 -0.272447
v 0.785561 0.760014 -0.273847
v 0.769390 0.298513 -0.689667
v 0.598824 1.006496 -0.685268
v 0.105242 0.007125 -0.689777
v 0.105242 0.985939 -0.270912
v 0.105242 0.746570 0.225202
v 0.105242 0.018883 -0.998577
v 0.105242 0.342297 0.896688
v 0.105242 0.475085 0.777138
v 0.573144 0.471822 0.733438
v 0.525253 0.343376 0.870729
v 0.593792 0.030205 -0.997519
v 0.623834 0.740142 0.191206
v 0.603487 0.977023 -0.272373
v 0.594645 0.018883 -0.689777
v 0.315726 1.346278 -0.446597
v 0.319345 0.007125 -0.271047
v 0.319986 0.007125 0.223786
v 0.315726 0.941769 -1.084487
v 0.412361 1.133835 -1.067865
v 0.317867 0.012677 0.775346
v 0.105242 0.012678 0.777138
v 0.100857 1.007406 -0.878049
v 0.101588 0.784712 -1.070100
v 0.105242 0.007125 0.225202
v 0.105242 0.007125 -0.270986
v 0.100857 1.015705 -0.685158
v 0.317867 0.475085 0.775346
v 0.315715 0.342297 0.895861
v 0.318765 0.018883 -0.998577
v 0.319977 0.746570 0.223786
v 0.318975 0.989144 -0.268433
v 0.318761 0.007125 -0.689777
v 0.318700 0.007125 -0.448027
v 0.101588 1.015658 -0.448733
v 0.214869 1.198468 -0.739711
v 0.592901 0.018875 -0.448027
v 0.105242 0.007125 -0.448027
v 0.591657 1.006458 -0.448733
v 0.759767 0.298312 -0.448027
v 0.755240 0.780159 -0.448027
v 0.315715 0.143391 0.895861
v 0.105242 0.299105 -1.186265
v 0.318583 0.296304 -1.188783
v 0.525253 0.144678 0.870729
v 0.105242 0.143391 0.896688
v 0.769193 0.780729 -0.687137
v 0.790089 0.291219 -0.273847
v 0.826955 0.229002 0.158626
v 0.762739 0.779535 -0.935436
v 0.593610 0.300629 -1.178515
v 0.724043 0.159822 0.692887
v 0.315726 1.223944 -0.747316
v 0.315726 1.180274 -1.070964
v 0.315726 1.301196 -0.965761
v 0.315726 1.307501 -0.543809
v 0.416583 1.198468 -0.739711
v 0.219092 1.133835 -1.067865
v 0.416583 1.265254 -0.954919
v 0.412361 1.273697 -0.532506
v 0.219092 1.273697 -0.532506
v 0.214869 1.265254 -0.954919
v 0.206099 1.080854 -0.899759
v 0.210484 1.089748 -0.473273
v 0.423572 1.089748 -0.473273
v 0.428392 1.080854 -0.899759
v 0.210484 0.890317 -1.065098
v 0.428379 1.067764 -0.700697
v 0.206099 1.067764 -0.700697
v 0.423825 0.890317 -1.065098
v 0.316051 0.678852 -1.150259
v 0.316019 1.111218 -0.363677
v 0.210484 1.190244 -0.932312
v 0.214869 1.199452 -0.508404
v 0.416583 1.199452 -0.508404
v 0.420969 1.190244 -0.932312
v 0.214869 1.035063 -1.062481
v 0.420969 1.145300 -0.723841
v 0.210484 1.145300 -0.723841
v 0.416583 1.035063 -1.062481
v 0.315726 0.834938 -1.103065
v 0.315726 1.253604 -0.411851
v -0.709243 0.934174 -0.351204
v -0.718405 0.100671 -0.351204
v -0.619959 0.405035 0.799311
v -0.619960 0.075870 0.799311
v -0.688225 0.148215 -1.101580
v -0.688225 0.902988 -0.964287
v -0.741844 0.541168 0.487380
v -0.741843 0.064944 0.487380
v -0.760677 0.092267 -0.123018
v -0.758386 0.841730 -0.123018
v -0.717921 0.939822 -0.797457
v -0.717921 0.101185 -0.832660
v -0.426117 0.051546 0.857150
v -0.437371 1.030868 -0.350514
v -0.480359 0.970120 -0.970923
v -0.450063 0.578594 0.553893
v -0.453423 0.906481 -0.107433
v -0.445278 0.007125 -0.832660
v -0.446040 0.007125 -0.351204
v -0.426117 0.410706 0.857150
v -0.445278 0.101185 -1.134233
v -0.450063 0.007125 0.553893
v -0.453996 0.007125 -0.107433
v -0.480359 1.033197 -0.796419
v -0.210484 0.007125 -0.351204
v -0.210484 0.410706 0.866263
v -0.210484 0.101185 -1.134233
v -0.210484 0.007125 0.570521
v -0.210484 0.007125 -0.103537
v -0.175404 1.033197 -0.796419
v -0.210484 0.051546 0.866263
v -0.210484 1.030868 -0.350514
v -0.175404 0.970120 -0.970923
v -0.210484 0.578594 0.570521
v -0.210484 0.906481 -0.103537
v -0.210484 0.007125 -0.832660
v -0.713507 0.939822 -0.565612
v -0.715798 0.101185 -0.565612
v -0.445020 0.007125 -0.565612
v -0.479528 1.033197 -0.571615
v -0.175404 1.033197 -0.571615
v -0.210484 0.007125 -0.565612
v -0.766295 0.548011 -0.351204
v -0.628101 0.261714 0.817846
v -0.717921 0.551091 -1.099029
v -0.806019 0.333644 0.470751
v -0.825719 0.497587 -0.126915
v -0.777311 0.551091 -0.825619
v -0.420131 0.253257 0.894774
v -0.438472 0.580522 -1.161964
v -0.210484 0.580522 -1.161963
v -0.210484 0.253257 0.901034
v -0.771864 0.551091 -0.565612
v -0.263105 1.338463 -0.488665
v -0.368347 1.338463 -0.488665
v -0.245565 1.288256 -1.037240
v -0.385888 1.288256 -1.037240
v -0.385888 1.240134 -0.634649
v -0.385888 1.240134 -0.859453
v -0.245565 1.240134 -0.859453
v -0.245565 1.240134 -0.634649
v -0.368347 1.052630 -1.077974
v -0.263105 1.052630 -1.077974
v -0.385888 0.826355 -1.105703
v -0.210484 1.121884 -0.823434
v -0.210484 1.121884 -0.598630
v -0.420969 1.106464 -0.997042
v -0.245565 0.826355 -1.105703
v -0.385888 1.180132 -0.417807
v -0.245565 1.180132 -0.417807
v -0.420969 1.121884 -0.823434
v -0.420969 1.121884 -0.598630
v -0.210484 1.106464 -0.997042
v -0.385888 0.941667 -1.086398
v -0.210484 1.190863 -0.619641
v -0.245565 0.941667 -1.086398
v -0.385888 1.286177 -0.452131
v -0.420969 1.190863 -0.844445
v -0.210484 1.212509 -1.019974
v -0.210484 1.190863 -0.844445
v -0.420969 1.212509 -1.019974
v -0.245565 1.286177 -0.452131
v -0.420969 1.190863 -0.619641
v -0.764519 0.296908 -0.351204
v -0.626831 0.150743 0.814612
v -0.681083 0.448007 0.702791
v -0.537837 0.055683 0.835025
v -0.590112 1.000541 -0.351074
v -0.738745 0.098851 -0.273421
v -0.712834 0.304609 -1.124239
v -0.595290 0.937299 -0.965945
v -0.712834 0.933512 -0.894748
v -0.712834 0.109241 -0.994344
v -0.766360 0.695145 0.168542
v -0.681083 0.060441 0.702791
v -0.797997 0.185259 0.472830
v -0.609108 0.573916 0.520636
v -0.766647 0.078941 0.168542
v -0.732160 0.914147 -0.273421
v -0.619157 0.898387 -0.115226
v -0.818642 0.270646 -0.126428
v -0.717369 0.939822 -0.685377
v -0.717655 0.101185 -0.689777
v -0.594755 0.018883 -0.832660
v -0.769887 0.780729 -0.811538
v -0.105242 0.007125 -0.351204
v -0.105242 0.410706 0.866263
v -0.105242 0.101185 -1.134233
v -0.105242 0.007125 0.570521
v -0.105242 0.007125 -0.103537
v -0.100857 1.015953 -0.791166
v -0.316370 0.051546 0.865124
v -0.317462 1.038124 -0.327518
v -0.382883 0.994269 -1.081161
v -0.319363 0.578594 0.568443
v -0.319783 0.906481 -0.104024
v -0.318765 0.007125 -0.832660
v -0.596624 0.018818 -0.351204
v -0.537837 0.409764 0.835025
v -0.590905 0.109241 -1.128639
v -0.609108 0.014352 0.520636
v -0.620803 0.017768 -0.115226
v -0.599140 1.006744 -0.792046
v -0.438090 0.475085 0.762806
v -0.420879 0.143391 0.890072
v -0.445278 0.018883 -0.998577
v -0.454973 0.746570 0.213870
v -0.447617 0.988003 -0.270562
v -0.445246 0.007125 -0.689777
v -0.480255 1.031212 -0.689787
v -0.449921 0.007125 -0.271473
v -0.455044 0.007125 0.213870
v -0.444549 0.300033 -1.187363
v -0.480359 1.029284 -0.884513
v -0.438090 0.012678 0.762806
v -0.318860 0.007125 -0.351204
v -0.316370 0.410706 0.865124
v -0.318765 0.101185 -1.134233
v -0.319363 0.007125 0.568443
v -0.319855 0.007125 -0.104024
v -0.206099 1.073846 -0.808801
v -0.105242 0.051546 0.866263
v -0.104511 1.009685 -0.351074
v -0.100857 0.943609 -0.965965
v -0.105242 0.578594 0.570521
v -0.105242 0.906481 -0.103537
v -0.105242 0.007125 -0.832660
v -0.210484 0.012678 0.777138
v -0.175404 1.029284 -0.884513
v -0.210484 0.300033 -1.187363
v -0.210484 0.007125 0.225203
v -0.210484 0.007125 -0.270986
v -0.175404 1.031212 -0.689786
v -0.210484 0.475085 0.777138
v -0.210484 0.143391 0.896688
v -0.210484 0.018883 -0.998577
v -0.210484 0.746570 0.225203
v -0.210484 0.988003 -0.270075
v -0.210484 0.007125 -0.689777
v -0.706354 0.939116 -0.448027
v -0.712940 0.101120 -0.448027
v -0.444760 0.007125 -0.448027
v -0.473882 1.037107 -0.455064
v -0.179058 1.037107 -0.455064
v -0.210484 0.007125 -0.448027
v -0.318733 0.007125 -0.565612
v -0.100857 1.015953 -0.566363
v -0.214869 1.219194 -0.628271
v -0.593876 0.018883 -0.565612
v -0.105242 0.007125 -0.565612
v -0.596615 1.006744 -0.566363
v -0.764334 0.780729 -0.565612
v -0.758220 0.776172 -0.351204
v -0.626831 0.352515 0.814612
v -0.712834 0.775954 -1.029043
v -0.797997 0.459088 0.472830
v -0.817067 0.701587 -0.126428
v -0.769887 0.298513 -0.831780
v -0.420879 0.342297 0.890072
v -0.475975 0.814927 -1.069739
v -0.179058 0.814927 -1.069738
v -0.210484 0.342297 0.896688
v -0.765909 0.298513 -0.565612
v -0.762998 0.550706 -0.448027
v -0.315622 0.253257 0.900252
v -0.104511 0.554147 -1.157942
v -0.317529 0.524964 -1.180882
v -0.523802 0.254314 0.875769
v -0.105242 0.253257 0.901034
v -0.776630 0.551091 -0.688897
v -0.793964 0.537087 -0.273908
v -0.835420 0.417632 0.157210
v -0.769887 0.551091 -0.977455
v -0.594756 0.554147 -1.150659
v -0.729901 0.283391 0.691930
v -0.315726 1.352961 -0.480432
v -0.315726 1.299618 -1.039830
v -0.385888 1.217298 -0.745332
v -0.385888 1.291820 -0.962933
v -0.315726 1.247524 -0.861704
v -0.245565 1.291820 -0.962933
v -0.245565 1.217298 -0.745332
v -0.382883 1.297623 -0.541956
v -0.248570 1.297623 -0.541956
v -0.315726 1.247524 -0.636900
v -0.382883 1.170926 -1.070102
v -0.248570 1.170926 -1.070102
v -0.315726 1.033830 -1.078372
v -0.428392 1.032611 -0.982687
v -0.248570 0.994269 -1.081161
v -0.382883 1.326007 -0.468381
v -0.241911 1.104893 -0.391452
v -0.416583 1.219194 -0.853074
v -0.428288 1.073846 -0.583997
v -0.214869 1.256064 -1.029902
v -0.391345 0.735874 -1.128826
v -0.210484 1.160069 -0.835065
v -0.206099 1.073846 -0.583997
v -0.420969 1.165168 -1.009338
v -0.241911 0.735874 -1.128826
v -0.391165 1.104893 -0.391452
v -0.245565 1.238835 -0.436808
v -0.428392 1.073846 -0.808801
v -0.420969 1.160069 -0.610261
v -0.206099 1.032611 -0.982688
v -0.210484 1.141800 -0.917834
v -0.214869 1.151008 -0.493088
v -0.416583 1.151008 -0.493088
v -0.420969 1.141800 -0.917834
v -0.214869 0.971870 -1.061982
v -0.420969 1.110963 -0.713592
v -0.210484 1.110963 -0.713592
v -0.416583 0.971870 -1.061982
v -0.315726 0.771105 -1.120772
v -0.315726 1.191053 -0.391468
v -0.385888 0.890189 -1.093024
v -0.210484 1.160069 -0.610261
v -0.245565 0.890189 -1.093024
v -0.385888 1.238835 -0.436808
v -0.420969 1.160069 -0.835065
v -0.210484 1.165168 -1.009338
v -0.214869 1.219194 -0.853074
v -0.416583 1.256064 -1.029902
v -0.248570 1.326007 -0.468381
v -0.416583 1.219194 -0.628271
v -0.210484 1.229312 -0.944077
v -0.214869 1.238520 -0.520755
v -0.416583 1.238520 -0.520755
v -0.420969 1.229312 -0.944077
v -0.214869 1.086024 -1.065044
v -0.420969 1.172992 -0.732107
v -0.210484 1.172992 -0.732107
v -0.416583 1.086024 -1.065044
v -0.315726 0.886417 -1.092924
v -0.315726 1.304048 -0.428288
v -0.573144 0.018669 0.733438
v -0.724043 0.384623 0.692887
v -0.598178 0.998539 -0.880034
v -0.597264 0.783518 -1.065283
v -0.762739 0.300037 -0.994879
v -0.826758 0.583320 0.158626
v -0.624040 0.016102 0.191206
v -0.608384 0.018591 -0.272447
v -0.785561 0.760014 -0.273847
v -0.769390 0.298513 -0.689667
v -0.598824 1.006496 -0.685268
v -0.105242 0.007125 -0.689777
v -0.105242 0.985939 -0.270912
v -0.105242 0.746570 0.225202
v -0.105242 0.018883 -0.998577
v -0.105242 0.342297 0.896688
v -0.105242 0.475085 0.777138
v -0.573144 0.471822 0.733438
v -0.525253 0.343376 0.870729
v -0.593792 0.030205 -0.997519
v -0.623834 0.740142 0.191206
v -0.603487 0.977023 -0.272373
v -0.594645 0.018883 -0.689777
v -0.315726 1.346278 -0.446597
v -0.319345 0.007125 -0.271047
v -0.319986 0.007125 0.223786
v -0.315726 0.941769 -1.084487
v -0.412361 1.133835 -1.067865
v -0.317867 0.012677 0.775346
v -0.105242 0.012678 0.777138
v -0.100857 1.007406 -0.878049
v -0.101588 0.784712 -1.070100
v -0.105242 0.007125 0.225202
v -0.105242 0.007125 -0.270986
v -0.100857 1.015705 -0.685158
v -0.317867 0.475085 0.775346
v -0.315715 0.342297 0.895861
v -0.318765 0.018883 -0.998577
v -0.319977 0.746570 0.223786
v -0.318975 0.989144 -0.268433
v -0.318761 0.007125 -0.689777
v -0.318700 0.007125 -0.448027
v -0.101588 1.015658 -0.448733
v -0.214869 1.198468 -0.739711
v -0.592901 0.018875 -0.448027
v -0.105242 0.007125 -0.448027
v -0.591657 1.006458 -0.448733
v -0.759767 0.298312 -0.448027
v -0.755240 0.780159 -0.448027
v -0.315715 0.143391 0.895861
v -0.105242 0.299105 -1.186265
v -0.318583 0.296304 -1.188783
v -0.525253 0.144678 0.870729
v -0.105242 0.143391 0.896688
v -0.769193 0.780729 -0.687137
v -0.790089 0.291219 -0.273847
v -0.826955 0.229002 0.158626
v -0.762739 0.779535 -0.935436
v -0.593610 0.300629 -1.178515
v -0.724043 0.159822 0.692887
v -0.315726 1.223944 -0.747316
v -0.315726 1.180274 -1.070964
v -0.315726 1.301196 -0.965761
v -0.315726 1.307501 -0.543809
v -0.416583 1.198468 -0.739711
v -0.219092 1.133835 -1.067865
v -0.416583 1.265254 -0.954919
v -0.412361 1.273697 -0.532506
v -0.219092 1.273697 -0.532506
v -0.214869 1.265254 -0.954919
v -0.206099 1.080854 -0.899759
v -0.210484 1.089748 -0.473273
v -0.423572 1.089748 -0.473273
v -0.428392 1.080854 -0.899759
v -0.210484 0.890317 -1.065098
v -0.428379 1.067764 -0.700697
v -0.206099 1.067764 -0.700697
v -0.423825 0.890317 -1.065098
v -0.316051 0.678852 -1.150259
v -0.316019 1.111218 -0.363677
v -0.210484 1.190244 -0.932312
v -0.214869 1.199452 -0.508404
v -0.416583 1.199452 -0.508404
v -0.420969 1.190244 -0.932312
v -0.214869 1.035063 -1.062481
v -0.420969 1.145300 -0.723841
v -0.210484 1.145300 -0.723841
v -0.416583 1.035063 -1.062481
v -0.315726 0.834938 -1.103065
v -0.315726 1.253604 -0.411851
vn 0.7604 0.6494 -0.0009
vn 0.8124 -0.5676 -0.1332
vn 0.4961 0.5284 0.6889
vn 0.5814 -0.5067 0.6365
vn 0.6681 -0.4287 -0.6081
vn 0.5269 0.5716 -0.6290
vn 0.6244 0.6657 0.4087
vn 0.7264 -0.6781 0.1116
vn 0.7808 -0.6173 -0.0960
vn 0.7314 0.6446 0.2228
vn 0.7848 0.6187 -0.0360
vn 0.8252 -0.5642 -0.0264
vn -0.0000 -1.0000 -0.0000
vn -0.0000 0.6292 0.7773
vn -0.0000 -0.6716 0.7410
vn -0.0000 0.9859 0.1673
vn -0.0000 -0.5960 -0.8030
vn -0.0000 0.6877 -0.7260
vn -0.0000 -0.9999 0.0134
vn -0.0000 0.8967 0.4427
vn -0.0000 0.9016 0.4326
vn -0.0000 -0.9994 -0.0354
vn -0.0000 0.9987 -0.0502
vn 0.1083 -0.6749 0.7299
vn 0.3032 0.8476 0.4356
vn 0.4653 0.5953 -0.6551
vn 0.0793 0.8920 0.4450
vn 0.0456 0.8940 0.4458
vn 0.0390 -0.9986 -0.0351
vn 0.0378 -0.9993 -0.0027
vn 0.1061 0.6381 0.7626
vn 0.0354 -0.5996 -0.7995
vn 0.0262 -0.9996 0.0142
vn 0.0317 -0.9995 -0.0023
vn 0.4419 0.8970 -0.0026
vn 0.0043 0.6295 0.7770
vn -0.0040 -0.5984 -0.8012
vn 0.0001 -0.9999 0.0135
vn -0.5697 0.8219 -0.0056
vn 0.0039 -0.6715 0.7410
vn -0.3262 0.8256 0.4604
vn -0.6071 0.5304 -0.5918
vn 0.0038 0.8966 0.4427
vn -0.0034 0.8987 0.4385
vn 0.7926 0.6084 0.0393
vn 0.8311 -0.5558 0.0201
vn -0.0000 1.0000 0.0018
vn 0.0394 -0.9992 0.0002
vn 0.4509 0.8924 -0.0181
vn -0.5699 0.8216 -0.0159
vn 0.9829 0.0130 -0.1836
vn 0.6468 0.0028 0.7626
vn 0.7022 0.1412 -0.6978
vn 0.9780 0.0029 0.2087
vn 0.9934 0.0076 -0.1143
vn 0.9997 0.0037 -0.0228
vn -0.0000 0.2337 -0.9723
vn -0.0000 0.0046 1.0000
vn 0.1173 0.0047 0.9931
vn 0.1103 0.1997 -0.9736
vn -0.1107 0.2010 -0.9733
vn 0.0038 0.0046 1.0000
vn 0.9986 0.0053 0.0531
vn -0.4182 0.8844 -0.2073
vn 0.4182 0.8844 -0.2073
vn -0.3965 0.7211 -0.5681
vn 0.3965 0.7211 -0.5681
vn 0.3831 0.8617 -0.3328
vn 0.3211 0.8942 0.3119
vn -0.3211 0.8942 0.3119
vn -0.3831 0.8617 -0.3328
vn 0.0495 0.0604 -0.9969
vn -0.0495 0.0604 -0.9969
vn 0.3074 0.2117 -0.9277
vn -0.9989 0.0460 0.0054
vn -0.9986 0.0508 0.0133
vn 0.9977 0.0334 -0.0596
vn -0.3355 0.2039 -0.9197
vn 0.7234 0.2430 0.6463
vn -0.7268 0.2337 0.6459
vn 0.9970 0.0773 0.0092
vn 0.9967 0.0801 0.0101
vn -0.9987 0.0187 -0.0472
vn 0.2769 0.0871 -0.9569
vn -0.9978 0.0669 -0.0007
vn -0.2769 0.0871 -0.9569
vn 0.7382 0.2592 0.6228
vn 0.9969 0.0770 0.0188
vn -0.9919 0.0481 -0.1174
vn -0.9969 0.0770 0.0188
vn 0.9919 0.0481 -0.1174
vn -0.7382 0.2592 0.6228
vn 0.9978 0.0669 -0.0007
vn 0.9759 -0.1219 -0.1811
vn 0.6481 -0.1403 0.7485
vn 0.5819 0.6118 0.5358
vn 0.3034 -0.6393 0.7066
vn 0.3202 0.9314 0.1732
vn 0.7996 -0.5711 -0.1856
vn 0.7292 -0.0860 -0.6788
vn 0.2578 0.6706 -0.6956
vn 0.7297 0.6260 -0.2750
vn 0.8014 -0.5551 -0.2228
vn 0.6701 0.6645 0.3307
vn 0.6919 -0.6315 0.3500
vn 0.9612 -0.2163 0.1712
vn 0.2221 0.8661 0.4479
vn 0.7462 -0.6656 -0.0099
vn 0.7624 0.6446 0.0568
vn 0.2302 0.8771 0.4215
vn 0.9782 -0.1682 -0.1213
vn 0.7900 0.6129 0.0150
vn 0.8280 -0.5607 0.0083
vn 0.3319 -0.9427 -0.0330
vn 0.9842 0.1750 -0.0269
vn -0.0011 -0.5964 -0.8027
vn -0.1323 0.9904 -0.0394
vn -0.0000 1.0000 0.0001
vn -0.0000 0.9360 0.3520
vn -0.0000 0.8993 0.4374
vn -0.0000 -0.9527 -0.3038
vn -0.0000 -0.0729 -0.9973
vn -0.0000 0.9334 -0.3588
vn -0.0000 -0.9760 0.2176
vn -0.0000 -0.1786 0.9839
vn -0.0000 0.8551 0.5185
vn 0.0301 -0.6723 0.7397
vn -0.0072 0.7022 0.7120
vn 0.1535 0.0660 -0.9859
vn 0.0261 0.8960 0.4432
vn 0.0080 0.8965 0.4430
vn 0.3201 -0.9466 -0.0397
vn 0.2659 0.6078 0.7483
vn 0.2608 -0.5842 -0.7686
vn 0.2262 -0.9735 0.0325
vn 0.2779 -0.9601 -0.0303
vn 0.3609 0.9320 -0.0340
vn 0.0886 0.8560 0.5093
vn 0.1203 -0.1868 0.9750
vn 0.0372 -0.9525 -0.3023
vn 0.0625 0.8934 0.4450
vn 0.0734 0.8909 0.4482
vn 0.0393 -0.9992 0.0001
vn 0.4179 0.9085 0.0011
vn 0.0360 -0.9993 -0.0038
vn 0.0268 -0.9996 -0.0010
vn 0.0520 -0.0881 -0.9948
vn 0.5246 0.8127 -0.2537
vn 0.0552 -0.9748 0.2162
vn 0.0325 0.6326 0.7738
vn -0.0004 -0.5999 -0.8001
vn 0.0009 -0.9999 0.0137
vn -0.9387 0.3445 0.0127
vn -0.0935 0.9740 0.2064
vn -0.1473 0.6757 -0.7223
vn -0.0032 0.9008 0.4342
vn 0.0015 -0.9759 0.2181
vn -0.6646 0.7123 -0.2258
vn -0.0329 -0.0881 -0.9956
vn -0.5416 0.8407 -0.0006
vn 0.0040 0.8552 0.5184
vn 0.0042 -0.1790 0.9838
vn 0.0027 0.8991 0.4376
vn -0.0544 0.8894 0.4538
vn 0.7869 0.6161 0.0341
vn 0.8310 -0.5562 -0.0098
vn -0.0000 0.9995 0.0318
vn 0.0391 -0.9992 -0.0005
vn 0.4741 0.8766 0.0825
vn -0.5703 0.8158 0.0958
vn -0.1293 0.9916 -0.0040
vn -0.8875 0.4385 -0.1416
vn 0.3363 -0.9417 0.0041
vn 0.3681 0.9298 0.0080
vn 0.9843 0.1679 0.0548
vn 0.9723 0.1781 -0.1515
vn 0.6172 0.1829 0.7652
vn 0.6462 0.3360 -0.6853
vn 0.9267 0.2533 0.2776
vn 0.9755 0.2191 -0.0219
vn 0.9898 -0.1411 -0.0211
vn -0.0000 0.4530 -0.8915
vn -0.0000 0.2312 0.9729
vn 0.1161 0.2398 0.9638
vn 0.2869 0.3928 -0.8737
vn -0.3692 0.3744 -0.8506
vn 0.0041 0.2316 0.9728
vn 0.9903 -0.1332 0.0390
vn 0.9998 0.0101 0.0168
vn 0.0306 0.0047 0.9995
vn -0.0444 0.2246 -0.9734
vn -0.0046 0.1204 -0.9927
vn 0.3361 0.0038 0.9418
vn 0.9998 0.0023 0.0205
vn 0.9644 0.0116 -0.2642
vn 0.9994 0.0048 0.0338
vn 0.9717 0.0395 -0.2330
vn 0.2369 0.2074 -0.9491
vn 0.8796 0.0017 0.4758
vn -0.0000 0.9896 -0.1435
vn -0.0000 0.7917 -0.6109
vn 0.3429 0.9393 0.0043
vn 0.3930 0.9026 0.1756
vn -0.0000 0.9428 0.3335
vn -0.3930 0.9026 0.1756
vn -0.3429 0.9393 0.0043
vn 0.4496 0.7777 -0.4393
vn -0.4496 0.7777 -0.4393
vn -0.0000 0.9265 -0.3762
vn 0.1948 0.1803 -0.9641
vn -0.1948 0.1803 -0.9641
vn -0.0000 0.0596 -0.9982
vn 0.9089 0.2806 -0.3083
vn -0.1535 0.0660 -0.9859
vn 0.7151 0.6024 0.3546
vn -0.6554 0.4214 0.6268
vn 0.8556 0.4948 0.1520
vn 0.8772 0.4799 -0.0134
vn -0.8300 0.3722 -0.4154
vn 0.2010 0.2695 -0.9418
vn -1.0000 -0.0000 -0.0000
vn -0.9365 0.3507 -0.0053
vn 0.9995 -0.0042 -0.0323
vn -0.2618 0.2594 -0.9296
vn 0.6118 0.4744 0.6330
vn -0.7303 0.2102 0.6500
vn 0.8761 0.4817 0.0193
vn 0.9998 0.0060 0.0192
vn -0.9574 0.1929 -0.2147
vn -0.9996 0.0277 -0.0048
vn -0.9787 0.0950 0.1818
vn 0.9771 0.1148 0.1793
vn 0.9989 0.0467 -0.0081
vn -0.8742 0.0651 -0.4812
vn 0.9964 0.0853 0.0016
vn -0.9987 0.0510 0.0009
vn 0.8559 0.0815 -0.5107
vn -0.0002 0.2632 -0.9647
vn -0.0011 0.3242 0.9460
vn 0.3191 0.1334 -0.9383
vn -0.9998 0.0060 0.0192
vn -0.3191 0.1334 -0.9383
vn 0.7303 0.2102 0.6500
vn 1.0000 -0.0000 -0.0000
vn -0.9995 -0.0042 -0.0323
vn -0.8556 0.4948 0.1520
vn 0.8300 0.3722 -0.4154
vn -0.7151 0.6024 0.3546
vn 0.8875 0.4385 -0.1416
vn -0.9967 0.0795 0.0186
vn -0.9808 0.1103 0.1608
vn 0.9808 0.1103 0.1608
vn 0.9967 0.0795 0.0186
vn -0.8259 0.0240 -0.5633
vn 0.9974 0.0720 -0.0020
vn -0.9974 0.0720 -0.0020
vn 0.8259 0.0240 -0.5633
vn -0.0000 0.1495 -0.9888
vn -0.0000 0.3579 0.9337
vn 0.2510 -0.9392 0.2345
vn 0.8401 0.2185 0.4965
vn 0.3402 0.8894 -0.3054
vn 0.2253 0.4181 -0.8801
vn 0.9715 -0.1233 -0.2023
vn 0.9604 0.2468 0.1292
vn 0.2394 -0.9709 -0.0078
vn 0.3128 -0.9481 -0.0574
vn 0.9621 0.1955 -0.1900
vn 0.9901 -0.1398 0.0153
vn 0.3587 0.9334 0.0047
vn -0.0327 0.9241 0.3807
vn 0.2243 0.8324 0.5068
vn 0.3119 0.2186 0.9246
vn 0.3079 -0.9100 -0.2775
vn 0.2194 0.8702 0.4411
vn 0.2722 0.9057 0.3248
vn 0.3346 -0.9424 0.0018
vn -0.0000 0.7505 0.6609
vn -0.0000 0.1049 -0.9945
vn 0.6766 0.0962 -0.7300
vn 0.0117 -0.9756 0.2192
vn -0.1642 0.9247 -0.3435
vn -0.0943 0.4422 -0.8920
vn -0.1197 0.9928 0.0001
vn 0.0290 0.8559 0.5163
vn 0.0324 0.2350 0.9715
vn 0.0185 0.8980 0.4395
vn -0.0008 0.8672 0.4979
vn -0.1309 0.9906 0.0386
vn -0.8707 0.4919 -0.0032
vn 0.3332 -0.9428 -0.0056
vn 0.3667 0.9293 0.0431
vn 0.9922 -0.1245 0.0013
vn 0.9854 0.1683 0.0247
vn 0.0329 -0.1819 0.9828
vn -0.0119 -0.0761 -0.9970
vn -0.0027 -0.1031 -0.9947
vn 0.3272 -0.1692 0.9297
vn 0.9852 0.1703 0.0212
vn 0.9585 -0.1341 -0.2517
vn 0.9792 -0.2026 0.0076
vn 0.9440 0.2159 -0.2494
vn 0.2316 -0.0721 -0.9701
vn 0.8809 -0.1850 0.4357
vn -0.0000 1.0000 -0.0001
vn -0.0000 0.1668 -0.9860
vn -0.0000 0.9782 0.2078
vn -0.0000 0.8289 -0.5595
vn 0.8707 0.4919 -0.0032
vn -0.6767 0.0962 -0.7300
vn 0.8544 0.5071 0.1135
vn 0.9046 0.4216 -0.0626
vn -0.9046 0.4216 -0.0626
vn -0.8544 0.5071 0.1135
vn -0.9682 0.2429 -0.0598
vn -0.9242 0.3498 0.1535
vn 0.8752 0.4603 0.1488
vn 0.9291 0.3593 -0.0879
vn -0.7152 0.2250 -0.6618
vn 0.8613 0.5082 0.0020
vn -0.9279 0.3728 0.0016
vn 0.6032 0.2716 -0.7499
vn -0.0035 0.2322 -0.9727
vn -0.0074 0.4354 0.9002
vn -0.9799 0.0607 0.1902
vn 0.9799 0.0607 0.1902
vn -0.8830 0.0157 -0.4691
vn 0.8830 0.0157 -0.4691
vn -0.0000 0.2096 -0.9778
vn -0.0000 0.3089 0.9511
vn -0.7604 0.6494 -0.0009
vn -0.8124 -0.5676 -0.1332
vn -0.4961 0.5284 0.6889
vn -0.5814 -0.5067 0.6365
vn -0.6681 -0.4287 -0.6081
vn -0.5269 0.5716 -0.6290
vn -0.6244 0.6657 0.4087
vn -0.7264 -0.6781 0.1116
vn -0.7808 -0.6173 -0.0960
vn -0.7314 0.6446 0.2228
vn -0.7848 0.6187 -0.0360
vn -0.8252 -0.5642 -0.0264
vn -0.1083 -0.6749 0.7299
vn -0.3032 0.8476 0.4356
vn -0.4653 0.5953 -0.6551
vn -0.0793 0.8920 0.4450
vn -0.0456 0.8940 0.4458
vn -0.0390 -0.9986 -0.0351
vn -0.0378 -0.9993 -0.0027
vn -0.1061 0.6381 0.7626
vn -0.0354 -0.5996 -0.7995
vn -0.0262 -0.9996 0.0142
vn -0.0317 -0.9995 -0.0023
vn -0.4419 0.8970 -0.0026
vn -0.0043 0.6295 0.7770
vn 0.0040 -0.5984 -0.8012
vn -0.0001 -0.9999 0.0135
vn 0.5697 0.8219 -0.0056
vn -0.0039 -0.6715 0.7410
vn 0.3262 0.8256 0.4604
vn 0.6071 0.5304 -0.5918
vn -0.0038 0.8966 0.4427
vn 0.0034 0.8987 0.4385
vn -0.7926 0.6084 0.0393
vn -0.8311 -0.5558 0.0201
vn -0.0394 -0.9992 0.0002
vn -0.4509 0.8924 -0.0181
vn 0.5699 0.8216 -0.0159
vn -0.9829 0.0130 -0.1836
vn -0.6468 0.0028 0.7626
vn -0.7022 0.1412 -0.6978
vn -0.9780 0.0029 0.2087
vn -0.9934 0.0076 -0.1143
vn -0.9997 0.0037 -0.0228
vn -0.1173 0.0047 0.9931
vn -0.1103 0.1997 -0.9736
vn 0.1107 0.2010 -0.9733
vn -0.0038 0.0046 1.0000
vn -0.9986 0.0053 0.0531
vn -0.3074 0.2117 -0.9277
vn 0.9989 0.0460 0.0054
vn 0.9986 0.0508 0.0133
vn -0.9977 0.0334 -0.0596
vn 0.3355 0.2039 -0.9197
vn -0.7234 0.2430 0.6463
vn 0.7268 0.2337 0.6459
vn -0.9970 0.0773 0.0092
vn -0.9967 0.0801 0.0101
vn 0.9987 0.0187 -0.0472
vn -0.9759 -0.1219 -0.1811
vn -0.6481 -0.1403 0.7485
vn -0.5819 0.6118 0.5358
vn -0.3034 -0.6393 0.7066
vn -0.3202 0.9314 0.1732
vn -0.7996 -0.5711 -0.1856
vn -0.7292 -0.0860 -0.6788
vn -0.2578 0.6706 -0.6956
vn -0.7297 0.6260 -0.2750
vn -0.8014 -0.5551 -0.2228
vn -0.6701 0.6645 0.3307
vn -0.6919 -0.6315 0.3500
vn -0.9612 -0.2163 0.1712
vn -0.2221 0.8661 0.4479
vn -0.7462 -0.6656 -0.0099
vn -0.7624 0.6446 0.0568
vn -0.2302 0.8771 0.4215
vn -0.9782 -0.1682 -0.1213
vn -0.7900 0.6129 0.0150
vn -0.8280 -0.5607 0.0083
vn -0.3319 -0.9427 -0.0330
vn -0.9842 0.1750 -0.0269
vn 0.0011 -0.5964 -0.8027
vn 0.1323 0.9904 -0.0394
vn -0.0301 -0.6723 0.7397
vn 0.0072 0.7022 0.7120
vn -0.0261 0.8960 0.4432
vn -0.0080 0.8965 0.4430
vn -0.3201 -0.9466 -0.0397
vn -0.2659 0.6078 0.7483
vn -0.2608 -0.5842 -0.7686
vn -0.2262 -0.9735 0.0325
vn -0.2779 -0.9601 -0.0303
vn -0.3609 0.9320 -0.0340
vn -0.0886 0.8560 0.5093
vn -0.1203 -0.1868 0.9750
vn -0.0372 -0.9525 -0.3023
vn -0.0625 0.8934 0.4450
vn -0.0734 0.8909 0.4482
vn -0.0393 -0.9992 0.0001
vn -0.4179 0.9085 0.0011
vn -0.0360 -0.9993 -0.0038
vn -0.0268 -0.9996 -0.0010
vn -0.0520 -0.0881 -0.9948
vn -0.5246 0.8127 -0.2537
vn -0.0552 -0.9748 0.2162
vn -0.0325 0.6326 0.7738
vn 0.0004 -0.5999 -0.8001
vn -0.0009 -0.9999 0.0137
vn 0.9387 0.3445 0.0127
vn 0.0935 0.9740 0.2064
vn 0.1473 0.6757 -0.7223
vn 0.0032 0.9008 0.4342
vn -0.0015 -0.9759 0.2181
vn 0.6646 0.7123 -0.2258
vn 0.0329 -0.0881 -0.9956
vn 0.5416 0.8407 -0.0006
vn -0.0040 0.8552 0.5184
vn -0.0042 -0.1790 0.9838
vn -0.0027 0.8991 0.4376
vn 0.0544 0.8894 0.4538
vn -0.7869 0.6161 0.0341
vn -0.8310 -0.5562 -0.0098
vn -0.0391 -0.9992 -0.0005
vn -0.4741 0.8766 0.0825
vn 0.5703 0.8158 0.0958
vn 0.1293 0.9916 -0.0040
vn -0.3363 -0.9417 0.0041
vn -0.3681 0.9298 0.0080
vn -0.9843 0.1679 0.0548
vn -0.9723 0.1781 -0.1515
vn -0.6172 0.1829 0.7652
vn -0.6462 0.3360 -0.6853
vn -0.9267 0.2533 0.2776
vn -0.9755 0.2191 -0.0219
vn -0.9898 -0.1411 -0.0211
vn -0.1161 0.2398 0.9638
vn -0.2869 0.3928 -0.8737
vn 0.3692 0.3744 -0.8506
vn -0.0041 0.2316 0.9728
vn -0.9903 -0.1332 0.0390
vn -0.9998 0.0101 0.0168
vn -0.0306 0.0047 0.9995
vn 0.0444 0.2246 -0.9734
vn 0.0046 0.1204 -0.9927
vn -0.3361 0.0038 0.9418
vn -0.9998 0.0023 0.0205
vn -0.9644 0.0116 -0.2642
vn -0.9994 0.0048 0.0338
vn -0.9717 0.0395 -0.2330
vn -0.2369 0.2074 -0.9491
vn -0.8796 0.0017 0.4758
vn -0.9089 0.2806 -0.3083
vn 0.6554 0.4214 0.6268
vn -0.8772 0.4799 -0.0134
vn -0.2010 0.2695 -0.9418
vn 0.9365 0.3507 -0.0053
vn 0.2618 0.2594 -0.9296
vn -0.6118 0.4744 0.6330
vn -0.8761 0.4817 0.0193
vn 0.9574 0.1929 -0.2147
vn 0.9996 0.0277 -0.0048
vn 0.9787 0.0950 0.1818
vn -0.9771 0.1148 0.1793
vn -0.9989 0.0467 -0.0081
vn 0.8742 0.0651 -0.4812
vn -0.9964 0.0853 0.0016
vn 0.9987 0.0510 0.0009
vn -0.8559 0.0815 -0.5107
vn 0.0002 0.2632 -0.9647
vn 0.0011 0.3242 0.9460
vn -0.2510 -0.9392 0.2345
vn -0.8401 0.2185 0.4965
vn -0.3402 0.8894 -0.3054
vn -0.2253 0.4181 -0.8801
vn -0.9715 -0.1233 -0.2023
vn -0.9604 0.2468 0.1292
vn -0.2394 -0.9709 -0.0078
vn -0.3128 -0.9481 -0.0574
vn -0.9621 0.1955 -0.1900
vn -0.9901 -0.1398 0.0153
vn -0.3587 0.9334 0.0047
vn 0.0327 0.9241 0.3807
vn -0.2243 0.8324 0.5068
vn -0.3119 0.2186 0.9246
vn -0.3079 -0.9100 -0.2775
vn -0.2194 0.8702 0.4411
vn -0.2722 0.9057 0.3248
vn -0.3346 -0.9424 0.0018
vn -0.6766 0.0962 -0.7300
vn -0.0117 -0.9756 0.2192
vn 0.1642 0.9247 -0.3435
vn 0.0943 0.4422 -0.8920
vn 0.1197 0.9928 0.0001
vn -0.0290 0.8559 0.5163
vn -0.0324 0.2350 0.9715
vn -0.0185 0.8980 0.4395
vn 0.0008 0.8672 0.4979
vn 0.1309 0.9906 0.0386
vn -0.3332 -0.9428 -0.0056
vn -0.3667 0.9293 0.0431
vn -0.9922 -0.1245 0.0013
vn -0.9854 0.1683 0.0247
vn -0.0329 -0.1819 0.9828
vn 0.0119 -0.0761 -0.9970
vn 0.0027 -0.1031 -0.9947
vn -0.3272 -0.1692 0.9297
vn -0.9852 0.1703 0.0212
vn -0.9585 -0.1341 -0.2517
vn -0.9792 -0.2026 0.0076
vn -0.9440 0.2159 -0.2494
vn -0.2316 -0.0721 -0.9701
vn -0.8809 -0.1850 0.4357
vn 0.6767 0.0962 -0.7300
vn 0.9682 0.2429 -0.0598
vn 0.9242 0.3498 0.1535
vn -0.8752 0.4603 0.1488
vn -0.9291 0.3593 -0.0879
vn 0.7152 0.2250 -0.6618
vn -0.8613 0.5082 0.0020
vn 0.9279 0.3728 0.0016
vn -0.6032 0.2716 -0.7499
vn 0.0035 0.2322 -0.9727
vn 0.0074 0.4354 0.9002
vt 0.317708 0.682524
vt 0.345703 0.682524
vt 0.345378 0.725593
vt 0.317274 0.725593
vt 0.385417 0.682524
vt 0.384549 0.725662
vt 0.375000 0.750000
vt 0.343750 0.750000
vt 0.312500 0.750000
vt 0.500000 0.682524
vt 0.561198 0.682524
vt 0.561415 0.725939
vt 0.500000 0.726008
vt 0.614583 0.682524
vt 0.615451 0.725662
vt 0.625000 0.750000
vt 0.562283 0.753041
vt 0.500000 0.753318
vt 0.677083 0.500000
vt 0.653646 0.500000
vt 0.654080 0.500000
vt 0.677951 0.500000
vt 0.614583 0.500000
vt 0.615451 0.499783
vt 0.625000 0.500000
vt 0.656250 0.500000
vt 0.687500 0.500000
vt 0.500000 0.441250
vt 0.562934 0.446350
vt 0.562500 0.468602
vt 0.500000 0.468051
vt 0.625000 0.437500
vt 0.625000 0.468750
vt 0.562283 0.490451
vt 0.500000 0.489583
vt 0.500000 0.500000
vt 0.438802 0.500000
vt 0.438585 0.498915
vt 0.500000 0.498698
vt 0.385417 0.500000
vt 0.384549 0.499783
vt 0.375000 0.500000
vt 0.437717 0.490451
vt 0.500000 0.544911
vt 0.561198 0.544911
vt 0.561198 0.612025
vt 0.500000 0.612025
vt 0.614583 0.544911
vt 0.614583 0.612025
vt 0.317708 0.544911
vt 0.345703 0.544911
vt 0.345703 0.612025
vt 0.317708 0.612025
vt 0.385417 0.544911
vt 0.385417 0.612025
vt 0.317708 0.502586
vt 0.345703 0.502586
vt 0.345703 0.511755
vt 0.317708 0.511755
vt 0.385417 0.502586
vt 0.385417 0.511755
vt 0.500000 0.502586
vt 0.561198 0.502586
vt 0.561198 0.511755
vt 0.500000 0.511755
vt 0.614583 0.502586
vt 0.614583 0.511755
vt 0.438802 0.500000
vt 0.438802 0.500000
vt 0.500000 0.500000
vt 0.385417 0.500000
vt 0.385417 0.500000
vt 0.653646 0.500000
vt 0.653646 0.500000
vt 0.677083 0.500000
vt 0.614583 0.500000
vt 0.614583 0.500000
vt 0.281250 0.500000
vt 0.265625 0.500000
vt 0.250000 0.500000
vt 0.250000 0.500000
vt 0.718750 0.501862
vt 0.734484 0.502293
vt 0.734375 0.511070
vt 0.718750 0.511678
vt 0.750000 0.500000
vt 0.750000 0.507758
vt 0.750000 0.515515
vt 0.734375 0.542462
vt 0.718750 0.544911
vt 0.734375 0.611931
vt 0.718750 0.612025
vt 0.750000 0.611461
vt 0.750000 0.707407
vt 0.734375 0.684598
vt 0.718750 0.682524
vt 0.265625 0.500000
vt 0.281250 0.500000
vt 0.500000 0.843750
vt 0.562500 0.843750
vt 0.562500 0.859375
vt 0.500000 0.859375
vt 0.625000 0.843750
vt 0.625000 0.859375
vt 0.625000 0.875000
vt 0.562500 0.875000
vt 0.500000 0.875000
vt 0.734375 0.726112
vt 0.718750 0.725593
vt 0.750000 0.728704
vt 0.750000 0.750000
vt 0.734375 0.750000
vt 0.718750 0.750000
vt 0.654297 0.682524
vt 0.654622 0.725593
vt 0.682292 0.682524
vt 0.682726 0.725593
vt 0.687500 0.750000
vt 0.656250 0.750000
vt 0.562500 0.781053
vt 0.500000 0.781014
vt 0.625000 0.781250
vt 0.625000 0.812500
vt 0.562500 0.807726
vt 0.500000 0.807292
vt 0.345703 0.500000
vt 0.345378 0.500000
vt 0.317708 0.500000
vt 0.317274 0.500000
vt 0.312500 0.500000
vt 0.343750 0.500000
vt 0.654297 0.544911
vt 0.654297 0.612025
vt 0.682292 0.544911
vt 0.682292 0.612025
vt 0.654345 0.502508
vt 0.654336 0.511736
vt 0.683750 0.501862
vt 0.682448 0.511678
vt 0.345703 0.500000
vt 0.345703 0.500000
vt 0.317708 0.500000
vt 0.713542 0.500000
vt 0.703125 0.500000
vt 0.703125 0.500000
vt 0.713096 0.500000
vt 0.692708 0.500000
vt 0.693154 0.500000
vt 0.695312 0.500000
vt 0.710938 0.500000
vt 0.281250 0.502586
vt 0.297526 0.502586
vt 0.297526 0.511755
vt 0.281250 0.511755
vt 0.297526 0.544911
vt 0.281250 0.544911
vt 0.297526 0.612025
vt 0.281250 0.612025
vt 0.297526 0.682524
vt 0.281250 0.682524
vt 0.520833 0.432292
vt 0.505208 0.421875
vt 0.507620 0.421875
vt 0.522618 0.431846
vt 0.520833 0.411458
vt 0.522618 0.411904
vt 0.531250 0.414063
vt 0.524402 0.421875
vt 0.531250 0.429688
vt 0.625000 0.437500
vt 0.565104 0.436849
vt 0.565442 0.436331
vt 0.625000 0.437500
vt 0.566455 0.432280
vt 0.297418 0.725593
vt 0.281250 0.725593
vt 0.296875 0.750000
vt 0.281250 0.750000
vt 0.250000 0.707407
vt 0.265625 0.684597
vt 0.265625 0.726112
vt 0.250000 0.728704
vt 0.265625 0.750000
vt 0.250000 0.750000
vt 0.735026 0.500000
vt 0.734918 0.500000
vt 0.750000 0.500000
vt 0.723958 0.500000
vt 0.723524 0.500000
vt 0.718750 0.500000
vt 0.734375 0.500000
vt 0.750000 0.500000
vt 0.500000 0.375000
vt 0.562500 0.375000
vt 0.562500 0.390191
vt 0.500000 0.390517
vt 0.625000 0.375000
vt 0.625000 0.390625
vt 0.625000 0.406250
vt 0.562934 0.402018
vt 0.500000 0.406250
vt 0.250000 0.515515
vt 0.265625 0.542462
vt 0.265625 0.611931
vt 0.250000 0.611461
vt 0.265625 0.502370
vt 0.265625 0.511089
vt 0.250000 0.507758
vt 0.702474 0.682524
vt 0.702583 0.725593
vt 0.703125 0.750000
vt 0.562500 0.827583
vt 0.500000 0.827474
vt 0.625000 0.828125
vt 0.297526 0.500000
vt 0.297418 0.500000
vt 0.296875 0.500000
vt 0.702474 0.544911
vt 0.702474 0.612025
vt 0.702739 0.502431
vt 0.702513 0.511716
vt 0.297526 0.500000
vt 0.297526 0.500000
vt 0.297526 0.500323
vt 0.317708 0.500323
vt 0.281250 0.500323
vt 0.734918 0.500250
vt 0.723416 0.500192
vt 0.718750 0.500000
vt 0.718750 0.500000
vt 0.718099 0.500000
vt 0.718099 0.500000
vt 0.718099 0.500000
vt 0.713542 0.500000
vt 0.345703 0.500323
vt 0.385417 0.500323
vt 0.265625 0.500269
vt 0.653793 0.500304
vt 0.677782 0.500192
vt 0.614583 0.500323
vt 0.438802 0.502586
vt 0.438802 0.500323
vt 0.500000 0.500323
vt 0.561198 0.500323
vt 0.561198 0.500000
vt 0.375000 0.812500
vt 0.437500 0.807726
vt 0.437500 0.827583
vt 0.375000 0.828125
vt 0.437500 0.843750
vt 0.375000 0.843750
vt 0.375000 0.375000
vt 0.437500 0.375000
vt 0.437500 0.390625
vt 0.375000 0.390625
vt 0.437066 0.406250
vt 0.375000 0.406250
vt 0.435764 0.422379
vt 0.375000 0.421875
vt 0.483507 0.422261
vt 0.437066 0.442118
vt 0.375000 0.437500
vt 0.437717 0.753041
vt 0.437500 0.781053
vt 0.375000 0.781250
vt 0.437500 0.859375
vt 0.375000 0.859375
vt 0.437500 0.875000
vt 0.375000 0.875000
vt 0.561198 0.500000
vt 0.438802 0.511755
vt 0.438802 0.544911
vt 0.438802 0.612025
vt 0.438802 0.682524
vt 0.561415 0.498915
vt 0.437500 0.468168
vt 0.375000 0.468750
vt 0.438585 0.725939
vt 0.692708 0.500000
vt 0.566455 0.411470
vt 0.565779 0.421875
vt 0.625000 0.421875
vt 0.703125 0.500000
vt 0.713976 0.500000
vt 0.692274 0.500000
vt 0.703125 0.500000
vt 0.713096 0.500000
vt 0.687500 0.500000
vt 0.687500 0.500000
vt 0.688151 0.500000
vt 0.565104 0.406901
vt 0.565442 0.407419
vt 0.625000 0.406250
vt 0.625000 0.406250
vt 0.688043 0.500000
vt 0.687500 0.500000
vt 0.688151 0.500000
vt 0.688778 0.500000
vt 0.718099 0.500000
vt 0.717472 0.500000
vt 0.718207 0.500000
vt 0.718750 0.500000
vt 0.719293 0.500000
vt 0.719401 0.500000
vt 0.718750 0.500035
vt 0.714084 0.500192
vt 0.686888 0.500035
vt 0.691780 0.500192
vt 0.686198 0.500000
vt 0.686415 0.500000
vt 0.564670 0.406359
vt 0.518663 0.410916
vt 0.686198 0.500000
vt 0.719401 0.500000
vt 0.718750 0.500000
vt 0.564670 0.437895
vt 0.518663 0.433221
vt 0.502604 0.421944
vt 0.703056 0.500284
vt 0.687500 0.500000
vt 0.687500 0.500000
vt 0.718750 0.500000
vt 0.505208 0.421875
s 1
usemtl denwa
f 34/1/33 149/2/135 288/3/260 163/4/149
f 149/2/135 8/5/8 111/6/105 288/3/260
f 288/3/260 111/6/105 4/7/4 103/8/97
f 163/4/149 288/3/260 103/8/97 25/9/24
f 60/10/54 206/11/179 289/12/261 227/13/199
f 206/11/179 7/14/7 102/15/96 289/12/261
f 289/12/261 102/15/96 3/16/3 204/17/177
f 227/13/199 289/12/261 204/17/177 58/18/52
f 36/19/35 151/20/137 290/21/262 162/22/148
f 151/20/137 11/23/11 108/24/102 290/21/262
f 290/21/262 108/24/102 6/25/6 107/26/101
f 162/22/148 290/21/262 107/26/101 27/27/26
f 66/28/60 212/29/185 291/30/263 226/31/198
f 212/29/185 27/32/26 107/33/101 291/30/263
f 291/30/263 107/33/101 6/25/6 205/34/178
f 226/31/198 291/30/263 205/34/178 59/35/53
f 62/36/56 208/37/181 292/38/264 225/39/197
f 208/37/181 12/40/12 109/41/103 292/38/264
f 292/38/264 109/41/103 5/42/5 106/43/100
f 225/39/197 292/38/264 106/43/100 59/35/53
f 61/44/55 207/45/180 293/46/265 224/47/196
f 207/45/180 10/48/10 110/49/104 293/46/265
f 293/46/265 110/49/104 7/14/7 206/11/179
f 224/47/196 293/46/265 206/11/179 60/10/54
f 35/50/34 150/51/136 294/52/266 160/53/146
f 150/51/136 9/54/9 114/55/108 294/52/266
f 294/52/266 114/55/108 8/5/8 149/2/135
f 160/53/146 294/52/266 149/2/135 34/1/33
f 31/56/30 146/57/132 295/58/267 159/59/145
f 146/57/132 2/60/2 105/61/99 295/58/267
f 295/58/267 105/61/99 9/54/9 150/51/136
f 159/59/145 295/58/267 150/51/136 35/50/34
f 57/62/51 203/63/176 296/64/268 223/65/195
f 203/63/176 1/66/1 115/67/109 296/64/268
f 296/64/268 115/67/109 10/48/10 207/45/180
f 223/65/195 296/64/268 207/45/180 61/44/55
f 69/36/63 215/68/188 297/69/269 222/70/194
f 215/68/188 50/71/46 119/72/113 297/69/269
f 297/69/269 119/72/113 12/40/12 208/37/181
f 222/70/194 297/69/269 208/37/181 62/36/56
f 54/19/49 201/73/174 298/74/270 158/75/144
f 201/73/174 49/76/45 118/77/112 298/74/270
f 298/74/270 118/77/112 11/23/11 151/20/137
f 158/75/144 298/74/270 151/20/137 36/19/35
f 56/78/13 200/79/13 299/79/13 187/78/13
f 200/79/13 52/80/13 129/81/13 299/79/13
f 299/79/13 129/81/13 23/80/22 175/79/22
f 187/78/13 299/79/13 175/79/22 48/78/22
f 44/82/41 171/83/154 300/84/271 186/85/164
f 171/83/154 16/86/16 131/87/119 300/84/271
f 300/84/271 131/87/119 21/88/21 174/89/156
f 186/85/164 300/84/271 174/89/156 47/90/44
f 47/90/44 174/89/156 301/91/120 185/92/163
f 174/89/156 21/88/21 132/93/120 301/91/120
f 301/91/120 132/93/120 20/94/20 173/95/20
f 185/92/163 301/91/120 173/95/20 46/96/43
f 48/78/22 175/79/22 302/79/121 184/78/121
f 175/79/22 23/80/22 134/81/121 302/79/121
f 302/79/121 134/81/121 17/81/17 124/97/116
f 184/78/121 302/79/121 124/97/116 39/98/37
f 68/99/62 214/100/187 303/101/183 221/102/58
f 214/100/187 38/103/36 123/104/14 303/101/183
f 303/101/183 123/104/14 14/105/14 210/106/183
f 221/102/58 303/101/183 210/106/183 64/107/58
f 46/96/43 173/95/20 304/108/126 182/109/161
f 173/95/20 20/94/20 139/110/126 304/108/126
f 304/108/126 139/110/126 14/111/14 123/112/14
f 182/109/161 304/108/126 123/112/14 38/113/36
f 7/14/7 113/114/107 305/115/272 102/15/96
f 113/114/107 28/116/27 152/117/138 305/115/272
f 305/115/272 152/117/138 32/118/31 147/119/133
f 102/15/96 305/115/272 147/119/133 3/16/3
f 58/18/52 204/17/177 306/120/273 220/121/193
f 204/17/177 3/16/3 147/122/133 306/120/273
f 306/120/273 147/122/133 32/123/31 211/124/184
f 220/121/193 306/120/273 211/124/184 65/125/59
f 12/40/12 120/126/114 307/127/274 109/41/103
f 120/126/114 30/128/29 154/129/140 307/127/274
f 307/127/274 154/129/140 33/130/32 148/131/134
f 109/41/103 307/127/274 148/131/134 5/42/5
f 10/48/10 116/132/110 308/133/275 110/49/104
f 116/132/110 29/134/28 155/135/141 308/133/275
f 308/133/275 155/135/141 28/116/27 113/114/107
f 110/49/104 308/133/275 113/114/107 7/14/7
f 1/66/1 104/136/98 309/137/276 115/67/109
f 104/136/98 26/138/25 156/139/142 309/137/276
f 309/137/276 156/139/142 29/134/28 116/132/110
f 115/67/109 309/137/276 116/132/110 10/48/10
f 50/71/46 199/140/173 310/141/277 119/72/113
f 199/140/173 53/128/48 157/142/143 310/141/277
f 310/141/277 157/142/143 30/128/29 120/126/114
f 119/72/113 310/141/277 120/126/114 12/40/12
f 98/143/92 287/144/259 311/145/278 276/146/248
f 287/144/259 93/147/87 243/148/215 311/145/278
f 311/145/278 243/148/215 71/149/65 228/145/200
f 276/146/248 311/145/278 228/145/200 70/150/64
f 37/151/13 164/152/13 312/153/13 180/154/13
f 164/152/13 31/56/30 159/59/145 312/153/13
f 312/153/13 159/59/145 35/50/34 168/155/13
f 180/154/13 312/153/13 168/155/13 41/156/13
f 41/156/13 168/155/13 313/157/13 179/158/13
f 168/155/13 35/50/34 160/53/146 313/157/13
f 313/157/13 160/53/146 34/1/33 167/159/152
f 179/158/13 313/157/13 167/159/152 40/160/38
f 90/161/84 286/162/258 314/163/279 142/164/129
f 286/162/258 92/165/86 242/166/214 314/163/279
f 314/163/279 242/166/214 79/167/73 240/168/212
f 142/164/129 314/163/279 240/168/212 78/169/72
f 97/170/91 285/171/257 315/172/280 275/173/247
f 285/171/257 90/161/84 142/164/129 315/172/280
f 315/172/280 142/164/129 78/169/72 238/174/210
f 275/173/247 315/172/280 238/174/210 73/32/67
f 40/160/38 167/159/152 316/175/281 176/176/157
f 167/159/152 34/1/33 163/4/149 316/175/281
f 316/175/281 163/4/149 25/9/24 140/177/127
f 176/176/157 316/175/281 140/177/127 43/178/40
f 19/179/19 125/180/19 317/181/124 137/182/124
f 125/180/19 40/160/38 176/176/157 317/181/124
f 317/181/124 176/176/157 43/178/40 170/183/15
f 137/182/124 317/181/124 170/183/15 15/184/15
f 24/86/23 127/185/117 318/186/282 136/187/123
f 127/185/117 42/188/39 177/189/158 318/186/282
f 318/186/282 177/189/158 45/190/42 172/191/155
f 136/187/123 318/186/282 172/191/155 18/192/18
f 63/193/57 209/194/182 319/195/283 218/196/191
f 209/194/182 18/197/18 172/198/155 319/195/283
f 319/195/283 172/198/155 45/199/42 213/200/186
f 218/196/191 319/195/283 213/200/186 67/201/61
f 22/202/13 126/203/13 320/204/13 133/205/13
f 126/203/13 41/156/13 179/158/13 320/204/13
f 320/204/13 179/158/13 40/160/38 125/180/19
f 133/205/13 320/204/13 125/180/19 19/179/19
f 13/80/13 122/206/13 321/207/13 130/208/13
f 122/206/13 37/151/13 180/154/13 321/207/13
f 321/207/13 180/154/13 41/156/13 126/203/13
f 130/208/13 321/207/13 126/203/13 22/202/13
f 51/86/47 197/185/171 322/185/284 128/187/118
f 197/185/171 55/188/50 181/188/160 322/185/284
f 322/185/284 181/188/160 42/188/39 127/185/117
f 128/187/118 322/185/284 127/185/117 24/86/23
f 28/116/27 143/209/130 323/210/285 152/117/138
f 143/209/130 46/96/43 182/109/161 323/210/285
f 323/210/285 182/109/161 38/113/36 165/211/150
f 152/117/138 323/210/285 165/211/150 32/118/31
f 65/125/59 211/124/184 324/212/286 217/213/190
f 211/124/184 32/123/31 165/214/150 324/212/286
f 324/212/286 165/214/150 38/103/36 214/100/187
f 217/213/190 324/212/286 214/100/187 68/99/62
f 30/128/29 145/215/22 325/216/121 154/129/140
f 145/215/22 48/78/22 184/78/121 325/216/121
f 325/216/121 184/78/121 39/98/37 166/217/151
f 154/129/140 325/216/121 166/217/151 33/130/32
f 29/134/28 144/218/131 326/219/287 155/135/141
f 144/218/131 47/90/44 185/92/163 326/219/287
f 326/219/287 185/92/163 46/96/43 143/209/130
f 155/135/141 326/219/287 143/209/130 28/116/27
f 26/138/25 141/220/128 327/221/288 156/139/142
f 141/220/128 44/82/41 186/85/164 327/221/288
f 327/221/288 186/85/164 47/90/44 144/218/131
f 156/139/142 327/221/288 144/218/131 29/134/28
f 53/128/48 196/222/13 328/223/13 157/142/143
f 196/222/13 56/78/13 187/78/13 328/223/13
f 328/223/13 187/78/13 48/78/22 145/215/22
f 157/142/143 328/223/13 145/215/22 30/128/29
f 31/56/30 164/152/13 329/224/13 192/225/168
f 164/152/13 37/151/13 195/226/13 329/224/13
f 329/224/13 195/226/13 56/78/13 196/222/13
f 192/225/168 329/224/13 196/222/13 53/128/48
f 16/86/16 171/83/154 330/227/289 190/187/167
f 171/83/154 44/82/41 194/228/170 330/227/289
f 330/227/289 194/228/170 55/188/50 197/185/171
f 190/187/167 330/227/289 197/185/171 51/86/47
f 96/229/90 284/230/256 331/231/290 274/232/246
f 284/230/256 91/229/85 198/233/172 331/231/290
f 331/231/290 198/233/172 77/143/71 234/234/206
f 274/232/246 331/231/290 234/234/206 76/143/70
f 2/60/2 146/57/132 332/235/291 189/236/166
f 146/57/132 31/56/30 192/225/168 332/235/291
f 332/235/291 192/225/168 53/128/48 199/140/173
f 189/236/166 332/235/291 199/140/173 50/71/46
f 37/151/13 122/206/13 333/237/13 195/226/13
f 122/206/13 13/80/13 191/81/13 333/237/13
f 333/237/13 191/81/13 52/80/13 200/79/13
f 195/226/13 333/237/13 200/79/13 56/78/13
f 26/138/25 104/136/98 334/238/292 193/239/169
f 104/136/98 1/66/1 188/240/165 334/238/292
f 334/238/292 188/240/165 49/76/45 201/73/174
f 193/239/169 334/238/292 201/73/174 54/19/49
f 57/62/51 100/241/94 335/242/293 216/243/189
f 100/241/94 2/60/2 189/236/166 335/242/293
f 335/242/293 189/236/166 50/71/46 215/68/188
f 216/243/189 335/242/293 215/68/188 69/36/63
f 1/66/1 203/63/176 336/244/294 188/240/165
f 203/63/176 57/62/51 216/243/189 336/244/294
f 336/244/294 216/243/189 69/36/63 202/245/175
f 188/240/165 336/244/294 202/245/175 49/76/45
f 25/246/24 153/247/139 337/248/295 140/249/127
f 153/247/139 65/125/59 217/213/190 337/248/295
f 337/248/295 217/213/190 68/99/62 183/250/162
f 140/249/127 337/248/295 183/250/162 43/251/40
f 17/252/17 135/253/122 338/254/296 124/255/116
f 135/253/122 63/193/57 218/196/191 338/254/296
f 338/254/296 218/196/191 67/201/61 178/256/159
f 124/255/116 338/254/296 178/256/159 39/257/37
f 39/257/37 178/256/159 339/258/297 166/259/151
f 178/256/159 67/201/61 219/260/192 339/258/297
f 339/258/297 219/260/192 66/28/60 161/261/147
f 166/259/151 339/258/297 161/261/147 33/262/32
f 4/7/4 101/263/95 340/264/298 103/265/97
f 101/263/95 58/18/52 220/121/193 340/264/298
f 340/264/298 220/121/193 65/125/59 153/247/139
f 103/265/97 340/264/298 153/247/139 25/246/24
f 43/251/40 183/250/162 341/266/125 170/267/15
f 183/250/162 68/99/62 221/102/58 341/266/125
f 341/266/125 221/102/58 64/107/58 138/268/125
f 170/267/15 341/266/125 138/268/125 15/269/15
f 49/76/45 202/245/175 342/270/299 118/77/112
f 202/245/175 69/36/63 222/70/194 342/270/299
f 342/270/299 222/70/194 62/36/56 121/245/115
f 118/77/112 342/270/299 121/245/115 11/23/11
f 2/60/2 100/241/94 343/271/300 105/61/99
f 100/241/94 57/62/51 223/65/195 343/271/300
f 343/271/300 223/65/195 61/44/55 117/272/111
f 105/61/99 343/271/300 117/272/111 9/54/9
f 9/54/9 117/272/111 344/273/301 114/55/108
f 117/272/111 61/44/55 224/47/196 344/273/301
f 344/273/301 224/47/196 60/10/54 112/274/106
f 114/55/108 344/273/301 112/274/106 8/5/8
f 11/23/11 121/245/115 345/275/302 108/24/102
f 121/245/115 62/36/56 225/39/197 345/275/302
f 345/275/302 225/39/197 59/35/53 205/34/178
f 108/24/102 345/275/302 205/34/178 6/25/6
f 33/262/32 161/261/147 346/276/303 148/277/134
f 161/261/147 66/28/60 226/31/198 346/276/303
f 346/276/303 226/31/198 59/35/53 106/43/100
f 148/277/134 346/276/303 106/43/100 5/42/5
f 8/5/8 112/274/106 347/278/304 111/6/105
f 112/274/106 60/10/54 227/13/199 347/278/304
f 347/278/304 227/13/199 58/18/52 101/263/95
f 111/6/105 347/278/304 101/263/95 4/7/4
f 77/143/71 237/145/209 348/145/305 234/234/206
f 237/145/209 74/147/68 230/279/202 348/145/305
f 348/145/305 230/279/202 75/147/69 232/145/204
f 234/234/206 348/145/305 232/145/204 76/143/70
f 79/167/73 239/280/211 349/281/306 240/168/212
f 239/280/211 72/199/66 229/282/201 349/281/306
f 349/281/306 229/282/201 73/32/67 238/174/210
f 240/168/212 349/281/306 238/174/210 78/169/72
f 76/143/70 232/145/204 350/283/307 233/284/205
f 232/145/204 75/147/69 231/285/203 350/283/307
f 350/283/307 231/285/203 73/27/67 229/286/201
f 233/284/205 350/283/307 229/286/201 72/190/66
f 70/150/64 228/145/200 351/144/308 236/287/208
f 228/145/200 71/149/65 235/148/207 351/144/308
f 351/144/308 235/148/207 74/147/68 237/145/209
f 236/287/208 351/144/308 237/145/209 77/143/71
f 99/288/93 283/289/255 352/290/309 277/290/249
f 283/289/255 94/288/88 245/290/217 352/290/309
f 352/290/309 245/290/217 75/147/69 230/279/202
f 277/290/249 352/290/309 230/279/202 74/147/68
f 92/165/86 282/291/254 353/292/310 242/166/214
f 282/291/254 95/293/89 247/294/219 353/292/310
f 353/292/310 247/294/219 72/199/66 239/280/211
f 242/166/214 353/292/310 239/280/211 79/167/73
f 94/288/88 281/288/253 354/295/311 245/290/217
f 281/288/253 97/27/91 275/296/247 354/295/311
f 354/295/311 275/296/247 73/27/67 231/285/203
f 245/290/217 354/295/311 231/285/203 75/147/69
f 93/147/87 280/297/252 355/298/312 243/148/215
f 280/297/252 99/288/93 277/290/249 355/298/312
f 355/298/312 277/290/249 74/147/68 235/148/207
f 243/148/215 355/298/312 235/148/207 71/149/65
f 91/229/85 279/299/251 356/300/313 198/233/172
f 279/299/251 98/143/92 276/146/248 356/300/313
f 356/300/313 276/146/248 70/150/64 236/287/208
f 198/233/172 356/300/313 236/287/208 77/143/71
f 95/190/89 278/229/250 357/301/314 247/302/219
f 278/229/250 96/229/90 274/232/246 357/301/314
f 357/301/314 274/232/246 76/143/70 233/284/205
f 247/302/219 357/301/314 233/284/205 72/190/66
f 45/190/42 177/189/158 358/303/315 257/302/229
f 177/189/158 42/188/39 169/304/153 358/303/315
f 358/303/315 169/304/153 81/229/75 258/229/230
f 257/302/229 358/303/315 258/229/230 89/190/83
f 55/188/50 194/228/170 359/305/316 250/304/222
f 194/228/170 44/82/41 244/306/216 359/305/316
f 359/305/316 244/306/216 86/143/80 259/299/231
f 250/304/222 359/305/316 259/299/231 82/229/76
f 26/138/25 193/239/169 360/307/317 253/308/225
f 193/239/169 54/19/49 246/309/218 360/307/317
f 360/307/317 246/309/218 88/288/82 260/297/232
f 253/308/225 360/307/317 260/297/232 85/147/79
f 36/19/35 162/22/148 361/310/318 255/309/227
f 162/22/148 27/27/26 241/296/213 361/310/318
f 361/310/318 241/296/213 83/27/77 261/288/233
f 255/309/227 361/310/318 261/288/233 87/288/81
f 67/201/61 213/200/186 362/311/319 252/312/224
f 213/200/186 45/199/42 257/294/229 362/311/319
f 362/311/319 257/294/229 89/199/83 262/291/234
f 252/312/224 362/311/319 262/291/234 84/165/78
f 54/19/49 158/75/144 363/313/320 246/309/218
f 158/75/144 36/19/35 255/309/227 363/313/320
f 363/313/320 255/309/227 87/288/81 263/288/235
f 246/309/218 363/313/320 263/288/235 88/288/82
f 42/188/39 181/188/160 364/314/321 169/304/153
f 181/188/160 55/188/50 250/304/222 364/314/321
f 364/314/321 250/304/222 82/229/76 264/315/236
f 169/304/153 364/314/321 264/315/236 81/229/75
f 27/32/26 212/29/185 365/316/322 241/173/213
f 212/29/185 66/28/60 248/317/220 365/316/322
f 365/316/322 248/317/220 80/161/74 265/171/237
f 241/173/213 365/316/322 265/171/237 83/32/77
f 66/28/60 219/260/192 366/318/323 248/317/220
f 219/260/192 67/201/61 252/312/224 366/318/323
f 366/318/323 252/312/224 84/165/78 266/162/238
f 248/317/220 366/318/323 266/162/238 80/161/74
f 44/82/41 141/220/128 367/319/324 244/306/216
f 141/220/128 26/138/25 253/308/225 367/319/324
f 367/319/324 253/308/225 85/147/79 267/144/239
f 244/306/216 367/319/324 267/144/239 86/143/80
f 89/190/83 258/229/230 368/229/221 273/302/245
f 258/229/230 81/229/75 249/229/221 368/229/221
f 368/229/221 249/229/221 96/229/90 278/229/250
f 273/302/245 368/229/221 278/229/250 95/190/89
f 82/229/76 259/299/231 369/231/325 269/190/241
f 259/299/231 86/143/80 254/234/226 369/231/325
f 369/231/325 254/234/226 98/143/92 279/299/251
f 269/190/241 369/231/325 279/299/251 91/229/85
f 85/147/79 260/297/232 370/290/326 271/279/243
f 260/297/232 88/288/82 256/320/228 370/290/326
f 370/290/326 256/320/228 99/288/93 280/297/252
f 271/279/243 370/290/326 280/297/252 93/147/87
f 87/288/81 261/288/233 371/288/244 272/288/244
f 261/288/233 83/27/77 251/296/223 371/288/244
f 371/288/244 251/296/223 97/27/91 281/288/253
f 272/288/244 371/288/244 281/288/253 94/288/88
f 84/165/78 262/291/234 372/291/327 270/165/242
f 262/291/234 89/199/83 273/294/245 372/291/327
f 372/291/327 273/294/245 95/293/89 282/291/254
f 270/165/242 372/291/327 282/291/254 92/165/86
f 88/288/82 263/288/235 373/321/244 256/320/228
f 263/288/235 87/288/81 272/288/244 373/321/244
f 373/321/244 272/288/244 94/288/88 283/289/255
f 256/320/228 373/321/244 283/289/255 99/288/93
f 81/229/75 264/315/236 374/322/221 249/229/221
f 264/315/236 82/229/76 269/190/241 374/322/221
f 374/322/221 269/190/241 91/229/85 284/230/256
f 249/229/221 374/322/221 284/230/256 96/229/90
f 83/32/77 265/171/237 375/171/328 251/173/223
f 265/171/237 80/161/74 268/161/240 375/171/328
f 375/171/328 268/161/240 90/161/84 285/171/257
f 251/173/223 375/171/328 285/171/257 97/170/91
f 80/161/74 266/162/238 376/323/329 268/161/240
f 266/162/238 84/165/78 270/165/242 376/323/329
f 376/323/329 270/165/242 92/165/86 286/162/258
f 268/161/240 376/323/329 286/162/258 90/161/84
f 86/143/80 267/144/239 377/145/330 254/234/226
f 267/144/239 85/147/79 271/279/243 377/145/330
f 377/145/330 271/279/243 93/147/87 287/144/259
f 254/234/226 377/145/330 287/144/259 98/143/92
f 399/1/352 512/4/435 633/3/501 498/2/421
f 498/2/421 633/3/501 472/6/401 385/5/338
f 633/3/501 464/8/393 381/7/334 472/6/401
f 512/4/435 390/9/343 464/8/393 633/3/501
f 423/10/372 572/13/481 634/12/502 553/11/463
f 553/11/463 634/12/502 463/15/392 384/14/337
f 634/12/502 551/17/461 380/16/333 463/15/392
f 572/13/481 421/18/370 551/17/461 634/12/502
f 401/19/354 511/22/434 635/21/503 500/20/423
f 500/20/423 635/21/503 469/24/398 388/23/341
f 635/21/503 468/26/397 383/25/336 469/24/398
f 511/22/434 392/27/345 468/26/397 635/21/503
f 427/28/376 571/31/480 636/30/504 557/29/467
f 557/29/467 636/30/504 468/33/397 392/32/345
f 636/30/504 552/34/462 383/25/336 468/33/397
f 571/31/480 422/35/371 552/34/462 636/30/504
f 425/36/374 570/39/479 637/38/505 555/37/465
f 555/37/465 637/38/505 470/41/399 389/40/342
f 637/38/505 467/43/396 382/42/335 470/41/399
f 570/39/479 422/35/371 467/43/396 637/38/505
f 424/44/373 569/47/478 638/46/506 554/45/464
f 554/45/464 638/46/506 471/49/400 387/48/340
f 638/46/506 553/11/463 384/14/337 471/49/400
f 569/47/478 423/10/372 553/11/463 638/46/506
f 400/50/353 509/53/432 639/52/507 499/51/422
f 499/51/422 639/52/507 475/55/404 386/54/339
f 639/52/507 498/2/421 385/5/338 475/55/404
f 509/53/432 399/1/352 498/2/421 639/52/507
f 396/56/349 508/59/431 640/58/508 495/57/418
f 495/57/418 640/58/508 466/61/395 379/60/332
f 640/58/508 499/51/422 386/54/339 466/61/395
f 508/59/431 400/50/353 499/51/422 640/58/508
f 420/62/369 568/65/477 641/64/509 550/63/460
f 550/63/460 641/64/509 476/67/405 378/66/331
f 641/64/509 554/45/464 387/48/340 476/67/405
f 568/65/477 424/44/373 554/45/464 641/64/509
f 430/36/379 567/70/476 642/69/510 560/68/470
f 560/68/470 642/69/510 480/72/409 415/71/365
f 642/69/510 555/37/465 389/40/342 480/72/409
f 567/70/476 425/36/374 555/37/465 642/69/510
f 417/19/367 507/75/430 643/74/511 548/73/458
f 548/73/458 643/74/511 479/77/408 414/76/364
f 643/74/511 500/20/423 388/23/341 479/77/408
f 507/75/430 401/19/354 500/20/423 643/74/511
f 419/78/13 536/78/13 644/79/13 547/79/13
f 547/79/13 644/79/13 129/81/13 52/80/13
f 644/79/13 524/79/22 23/80/22 129/81/13
f 536/78/13 413/78/22 524/79/22 644/79/13
f 409/82/360 535/85/450 645/84/512 520/83/440
f 520/83/440 645/84/512 131/87/119 16/86/16
f 645/84/512 523/89/442 21/88/21 131/87/119
f 535/85/450 412/90/363 523/89/442 645/84/512
f 412/90/363 534/92/449 646/91/120 523/89/442
f 523/89/442 646/91/120 132/93/120 21/88/21
f 646/91/120 522/95/20 20/94/20 132/93/120
f 534/92/449 411/96/362 522/95/20 646/91/120
f 413/78/22 533/78/121 647/79/121 524/79/22
f 524/79/22 647/79/121 134/81/121 23/80/22
f 647/79/121 485/97/412 17/81/17 134/81/121
f 533/78/121 404/98/356 485/97/412 647/79/121
f 429/99/378 566/102/58 648/101/183 559/100/469
f 559/100/469 648/101/183 484/104/14 403/103/355
f 648/101/183 210/106/183 14/105/14 484/104/14
f 566/102/58 64/107/58 210/106/183 648/101/183
f 411/96/362 531/109/447 649/108/126 522/95/20
f 522/95/20 649/108/126 139/110/126 20/94/20
f 649/108/126 484/112/14 14/111/14 139/110/126
f 531/109/447 403/113/355 484/112/14 649/108/126
f 384/14/337 463/15/392 650/115/513 474/114/403
f 474/114/403 650/115/513 501/117/424 393/116/346
f 650/115/513 496/119/419 397/118/350 501/117/424
f 463/15/392 380/16/333 496/119/419 650/115/513
f 421/18/370 565/121/475 651/120/514 551/17/461
f 551/17/461 651/120/514 496/122/419 380/16/333
f 651/120/514 556/124/466 397/123/350 496/122/419
f 565/121/475 426/125/375 556/124/466 651/120/514
f 389/40/342 470/41/399 652/127/515 481/126/410
f 481/126/410 652/127/515 503/129/426 395/128/348
f 652/127/515 497/131/420 398/130/351 503/129/426
f 470/41/399 382/42/335 497/131/420 652/127/515
f 387/48/340 471/49/400 653/133/516 477/132/406
f 477/132/406 653/133/516 504/135/427 394/134/347
f 653/133/516 474/114/403 393/116/346 504/135/427
f 471/49/400 384/14/337 474/114/403 653/133/516
f 378/66/331 476/67/405 654/137/517 465/136/394
f 465/136/394 654/137/517 505/139/428 391/138/344
f 654/137/517 477/132/406 394/134/347 505/139/428
f 476/67/405 387/48/340 477/132/406 654/137/517
f 415/71/365 480/72/409 655/141/518 546/140/457
f 546/140/457 655/141/518 506/142/429 416/128/366
f 655/141/518 481/126/410 395/128/348 506/142/429
f 480/72/409 389/40/342 481/126/410 655/141/518
f 459/143/87 621/146/215 656/145/278 632/144/259
f 632/144/259 656/145/278 588/148/248 454/147/92
f 656/145/278 573/145/200 432/149/64 588/148/248
f 621/146/215 431/150/65 573/145/200 656/145/278
f 402/151/13 529/154/13 657/153/13 513/152/13
f 513/152/13 657/153/13 508/59/431 396/56/349
f 657/153/13 517/155/13 400/50/353 508/59/431
f 529/154/13 406/156/13 517/155/13 657/153/13
f 406/156/13 528/158/13 658/157/13 517/155/13
f 517/155/13 658/157/13 509/53/432 400/50/353
f 658/157/13 516/159/438 399/1/352 509/53/432
f 528/158/13 405/160/357 516/159/438 658/157/13
f 451/161/86 491/164/214 659/163/279 631/162/258
f 631/162/258 659/163/279 587/166/129 453/165/84
f 659/163/279 585/168/212 440/167/72 587/166/129
f 491/164/214 439/169/73 585/168/212 659/163/279
f 458/170/89 620/173/219 660/172/519 630/171/254
f 630/171/254 660/172/519 491/164/214 451/161/86
f 660/172/519 583/174/211 439/169/73 491/164/214
f 620/173/219 434/32/66 583/174/211 660/172/519
f 405/160/357 525/176/443 661/175/520 516/159/438
f 516/159/438 661/175/520 512/4/435 399/1/352
f 661/175/520 489/177/414 390/9/343 512/4/435
f 525/176/443 408/178/359 489/177/414 661/175/520
f 19/179/19 137/182/124 662/181/124 486/180/19
f 486/180/19 662/181/124 525/176/443 405/160/357
f 662/181/124 519/183/15 408/178/359 525/176/443
f 137/182/124 15/184/15 519/183/15 662/181/124
f 24/86/23 136/187/123 663/186/521 488/185/413
f 488/185/413 663/186/521 526/189/444 407/188/358
f 663/186/521 521/191/441 410/190/361 526/189/444
f 136/187/123 18/192/18 521/191/441 663/186/521
f 63/193/57 563/196/473 664/195/522 209/194/182
f 209/194/182 664/195/522 521/198/441 18/197/18
f 664/195/522 558/200/468 410/199/361 521/198/441
f 563/196/473 428/201/377 558/200/468 664/195/522
f 22/202/13 133/205/13 665/204/13 487/203/13
f 487/203/13 665/204/13 528/158/13 406/156/13
f 665/204/13 486/180/19 405/160/357 528/158/13
f 133/205/13 19/179/19 486/180/19 665/204/13
f 13/80/13 130/208/13 666/207/13 483/206/13
f 483/206/13 666/207/13 529/154/13 402/151/13
f 666/207/13 487/203/13 406/156/13 529/154/13
f 130/208/13 22/202/13 487/203/13 666/207/13
f 51/86/47 128/187/118 667/185/523 544/185/456
f 544/185/456 667/185/523 530/188/446 418/188/368
f 667/185/523 488/185/413 407/188/358 530/188/446
f 128/187/118 24/86/23 488/185/413 667/185/523
f 393/116/346 501/117/424 668/210/524 492/209/416
f 492/209/416 668/210/524 531/109/447 411/96/362
f 668/210/524 514/211/436 403/113/355 531/109/447
f 501/117/424 397/118/350 514/211/436 668/210/524
f 426/125/375 562/213/472 669/212/525 556/124/466
f 556/124/466 669/212/525 514/214/436 397/123/350
f 669/212/525 559/100/469 403/103/355 514/214/436
f 562/213/472 429/99/378 559/100/469 669/212/525
f 395/128/348 503/129/426 670/216/121 494/215/22
f 494/215/22 670/216/121 533/78/121 413/78/22
f 670/216/121 515/217/437 404/98/356 533/78/121
f 503/129/426 398/130/351 515/217/437 670/216/121
f 394/134/347 504/135/427 671/219/526 493/218/417
f 493/218/417 671/219/526 534/92/449 412/90/363
f 671/219/526 492/209/416 411/96/362 534/92/449
f 504/135/427 393/116/346 492/209/416 671/219/526
f 391/138/344 505/139/428 672/221/527 490/220/415
f 490/220/415 672/221/527 535/85/450 409/82/360
f 672/221/527 493/218/417 412/90/363 535/85/450
f 505/139/428 394/134/347 493/218/417 672/221/527
f 416/128/366 506/142/429 673/223/13 543/222/13
f 543/222/13 673/223/13 536/78/13 419/78/13
f 673/223/13 494/215/22 413/78/22 536/78/13
f 506/142/429 395/128/348 494/215/22 673/223/13
f 396/56/349 539/225/453 674/224/13 513/152/13
f 513/152/13 674/224/13 542/226/13 402/151/13
f 674/224/13 543/222/13 419/78/13 542/226/13
f 539/225/453 416/128/366 543/222/13 674/224/13
f 16/86/16 190/187/167 675/227/528 520/83/440
f 520/83/440 675/227/528 541/228/455 409/82/360
f 675/227/528 544/185/456 418/188/368 541/228/455
f 190/187/167 51/86/47 544/185/456 675/227/528
f 457/229/88 619/232/217 676/231/309 629/230/255
f 629/230/255 676/231/309 545/233/249 452/229/93
f 676/231/309 579/234/202 438/143/68 545/233/249
f 619/232/217 437/143/69 579/234/202 676/231/309
f 379/60/332 538/236/452 677/235/529 495/57/418
f 495/57/418 677/235/529 539/225/453 396/56/349
f 677/235/529 546/140/457 416/128/366 539/225/453
f 538/236/452 415/71/365 546/140/457 677/235/529
f 402/151/13 542/226/13 678/237/13 483/206/13
f 483/206/13 678/237/13 191/81/13 13/80/13
f 678/237/13 547/79/13 52/80/13 191/81/13
f 542/226/13 419/78/13 547/79/13 678/237/13
f 391/138/344 540/239/454 679/238/530 465/136/394
f 465/136/394 679/238/530 537/240/451 378/66/331
f 679/238/530 548/73/458 414/76/364 537/240/451
f 540/239/454 417/19/367 548/73/458 679/238/530
f 420/62/369 561/243/471 680/242/531 461/241/390
f 461/241/390 680/242/531 538/236/452 379/60/332
f 680/242/531 560/68/470 415/71/365 538/236/452
f 561/243/471 430/36/379 560/68/470 680/242/531
f 378/66/331 537/240/451 681/244/532 550/63/460
f 550/63/460 681/244/532 561/243/471 420/62/369
f 681/244/532 549/245/459 430/36/379 561/243/471
f 537/240/451 414/76/364 549/245/459 681/244/532
f 390/246/343 489/249/414 682/248/533 502/247/425
f 502/247/425 682/248/533 562/213/472 426/125/375
f 682/248/533 532/250/448 429/99/378 562/213/472
f 489/249/414 408/251/359 532/250/448 682/248/533
f 17/252/17 485/255/412 683/254/534 135/253/122
f 135/253/122 683/254/534 563/196/473 63/193/57
f 683/254/534 527/256/445 428/201/377 563/196/473
f 485/255/412 404/257/356 527/256/445 683/254/534
f 404/257/356 515/259/437 684/258/535 527/256/445
f 527/256/445 684/258/535 564/260/474 428/201/377
f 684/258/535 510/261/433 427/28/376 564/260/474
f 515/259/437 398/262/351 510/261/433 684/258/535
f 381/7/334 464/265/393 685/264/536 462/263/391
f 462/263/391 685/264/536 565/121/475 421/18/370
f 685/264/536 502/247/425 426/125/375 565/121/475
f 464/265/393 390/246/343 502/247/425 685/264/536
f 408/251/359 519/267/15 686/266/125 532/250/448
f 532/250/448 686/266/125 566/102/58 429/99/378
f 686/266/125 138/268/125 64/107/58 566/102/58
f 519/267/15 15/269/15 138/268/125 686/266/125
f 414/76/364 479/77/408 687/270/537 549/245/459
f 549/245/459 687/270/537 567/70/476 430/36/379
f 687/270/537 482/245/411 425/36/374 567/70/476
f 479/77/408 388/23/341 482/245/411 687/270/537
f 379/60/332 466/61/395 688/271/538 461/241/390
f 461/241/390 688/271/538 568/65/477 420/62/369
f 688/271/538 478/272/407 424/44/373 568/65/477
f 466/61/395 386/54/339 478/272/407 688/271/538
f 386/54/339 475/55/404 689/273/539 478/272/407
f 478/272/407 689/273/539 569/47/478 424/44/373
f 689/273/539 473/274/402 423/10/372 569/47/478
f 475/55/404 385/5/338 473/274/402 689/273/539
f 388/23/341 469/24/398 690/275/540 482/245/411
f 482/245/411 690/275/540 570/39/479 425/36/374
f 690/275/540 552/34/462 422/35/371 570/39/479
f 469/24/398 383/25/336 552/34/462 690/275/540
f 398/262/351 497/277/420 691/276/541 510/261/433
f 510/261/433 691/276/541 571/31/480 427/28/376
f 691/276/541 467/43/396 422/35/371 571/31/480
f 497/277/420 382/42/335 467/43/396 691/276/541
f 385/5/338 472/6/401 692/278/542 473/274/402
f 473/274/402 692/278/542 572/13/481 423/10/372
f 692/278/542 462/263/391 421/18/370 572/13/481
f 472/6/401 381/7/334 462/263/391 692/278/542
f 438/143/68 579/234/202 693/145/305 582/145/209
f 582/145/209 693/145/305 575/279/206 435/147/71
f 693/145/305 577/145/204 436/147/70 575/279/206
f 579/234/202 437/143/69 577/145/204 693/145/305
f 440/167/72 585/168/212 694/281/306 584/280/210
f 584/280/210 694/281/306 574/282/201 433/199/67
f 694/281/306 583/174/211 434/32/66 574/282/201
f 585/168/212 439/169/73 583/174/211 694/281/306
f 437/143/69 578/284/203 695/283/307 577/145/204
f 577/145/204 695/283/307 576/285/205 436/147/70
f 695/283/307 574/286/201 434/27/66 576/285/205
f 578/284/203 433/190/67 574/286/201 695/283/307
f 431/150/65 581/287/207 696/144/308 573/145/200
f 573/145/200 696/144/308 580/148/208 432/149/64
f 696/144/308 582/145/209 435/147/71 580/148/208
f 581/287/207 438/143/68 582/145/209 696/144/308
f 460/288/85 622/290/172 697/290/290 628/289/256
f 628/289/256 697/290/290 590/290/246 455/288/90
f 697/290/290 575/279/206 436/147/70 590/290/246
f 622/290/172 435/147/71 575/279/206 697/290/290
f 453/165/84 587/166/129 698/292/543 627/291/257
f 627/291/257 698/292/543 592/294/247 456/293/91
f 698/292/543 584/280/210 433/199/67 592/294/247
f 587/166/129 440/167/72 584/280/210 698/292/543
f 455/288/90 590/290/246 699/295/314 626/288/250
f 626/288/250 699/295/314 620/296/219 458/27/89
f 699/295/314 576/285/205 434/27/66 620/296/219
f 590/290/246 436/147/70 576/285/205 699/295/314
f 454/147/92 588/148/248 700/298/313 625/297/251
f 625/297/251 700/298/313 622/290/172 460/288/85
f 700/298/313 580/148/208 435/147/71 622/290/172
f 588/148/248 432/149/64 580/148/208 700/298/313
f 452/229/93 545/233/249 701/300/312 624/299/252
f 624/299/252 701/300/312 621/146/215 459/143/87
f 701/300/312 581/287/207 431/150/65 621/146/215
f 545/233/249 438/143/68 581/287/207 701/300/312
f 456/190/91 592/302/247 702/301/311 623/229/253
f 623/229/253 702/301/311 619/232/217 457/229/88
f 702/301/311 578/284/203 437/143/69 619/232/217
f 592/302/247 433/190/67 578/284/203 702/301/311
f 410/190/361 602/302/490 703/303/544 526/189/444
f 526/189/444 703/303/544 518/304/439 407/188/358
f 703/303/544 603/229/491 442/229/381 518/304/439
f 602/302/490 450/190/389 603/229/491 703/303/544
f 418/188/368 595/304/486 704/305/545 541/228/455
f 541/228/455 704/305/545 589/306/483 409/82/360
f 704/305/545 604/299/492 447/143/386 589/306/483
f 595/304/486 443/229/382 604/299/492 704/305/545
f 391/138/344 598/308/488 705/307/546 540/239/454
f 540/239/454 705/307/546 591/309/484 417/19/367
f 705/307/546 605/297/493 449/288/388 591/309/484
f 598/308/488 446/147/385 605/297/493 705/307/546
f 401/19/354 600/309/489 706/310/547 511/22/434
f 511/22/434 706/310/547 586/296/482 392/27/345
f 706/310/547 606/288/494 444/27/383 586/296/482
f 600/309/489 448/288/387 606/288/494 706/310/547
f 428/201/377 597/312/487 707/311/548 558/200/468
f 558/200/468 707/311/548 602/294/490 410/199/361
f 707/311/548 607/291/495 450/199/389 602/294/490
f 597/312/487 445/165/384 607/291/495 707/311/548
f 417/19/367 591/309/484 708/313/549 507/75/430
f 507/75/430 708/313/549 600/309/489 401/19/354
f 708/313/549 608/288/496 448/288/387 600/309/489
f 591/309/484 449/288/388 608/288/496 708/313/549
f 407/188/358 518/304/439 709/314/550 530/188/446
f 530/188/446 709/314/550 595/304/486 418/188/368
f 709/314/550 609/315/497 443/229/382 595/304/486
f 518/304/439 442/229/381 609/315/497 709/314/550
f 392/32/345 586/173/482 710/316/551 557/29/467
f 557/29/467 710/316/551 593/317/485 427/28/376
f 710/316/551 610/171/498 441/161/380 593/317/485
f 586/173/482 444/32/383 610/171/498 710/316/551
f 427/28/376 593/317/485 711/318/552 564/260/474
f 564/260/474 711/318/552 597/312/487 428/201/377
f 711/318/552 611/162/499 445/165/384 597/312/487
f 593/317/485 441/161/380 611/162/499 711/318/552
f 409/82/360 589/306/483 712/319/553 490/220/415
f 490/220/415 712/319/553 598/308/488 391/138/344
f 712/319/553 612/144/500 446/147/385 598/308/488
f 589/306/483 447/143/386 612/144/500 712/319/553
f 450/190/389 618/302/223 713/229/244 603/229/491
f 603/229/491 713/229/244 594/229/244 442/229/381
f 713/229/244 623/229/253 457/229/88 594/229/244
f 618/302/223 456/190/91 623/229/253 713/229/244
f 443/229/382 614/190/228 714/231/326 604/299/492
f 604/299/492 714/231/326 599/234/243 447/143/386
f 714/231/326 624/299/252 459/143/87 599/234/243
f 614/190/228 452/229/93 624/299/252 714/231/326
f 446/147/385 616/279/226 715/290/325 605/297/493
f 605/297/493 715/290/325 601/320/241 449/288/388
f 715/290/325 625/297/251 460/288/85 601/320/241
f 616/279/226 454/147/92 625/297/251 715/290/325
f 448/288/387 617/288/221 716/288/221 606/288/494
f 606/288/494 716/288/221 596/296/245 444/27/383
f 716/288/221 626/288/250 458/27/89 596/296/245
f 617/288/221 455/288/90 626/288/250 716/288/221
f 445/165/384 615/165/240 717/291/328 607/291/495
f 607/291/495 717/291/328 618/294/223 450/199/389
f 717/291/328 627/291/257 456/293/91 618/294/223
f 615/165/240 453/165/84 627/291/257 717/291/328
f 449/288/388 601/320/241 718/321/221 608/288/496
f 608/288/496 718/321/221 617/288/221 448/288/387
f 718/321/221 628/289/256 455/288/90 617/288/221
f 601/320/241 460/288/85 628/289/256 718/321/221
f 442/229/381 594/229/244 719/322/244 609/315/497
f 609/315/497 719/322/244 614/190/228 443/229/382
f 719/322/244 629/230/255 452/229/93 614/190/228
f 594/229/244 457/229/88 629/230/255 719/322/244
f 444/32/383 596/173/245 720/171/327 610/171/498
f 610/171/498 720/171/327 613/161/242 441/161/380
f 720/171/327 630/171/254 451/161/86 613/161/242
f 596/173/245 458/170/89 630/171/254 720/171/327
f 441/161/380 613/161/242 721/323/329 611/162/499
f 611/162/499 721/323/329 615/165/240 445/165/384
f 721/323/329 631/162/258 453/165/84 615/165/240
f 613/161/242 451/161/86 631/162/258 721/323/329
f 447/143/386 599/234/243 722/145/330 612/144/500
f 612/144/500 722/145/330 616/279/226 446/147/385
f 722/145/330 632/144/259 454/147/92 616/279/226
f 599/234/243 459/143/87 632/144/259 722/145/330
o 円柱
v -0.009425 0.953720 -0.220877
v -0.009425 0.991440 -0.202389
v 0.097687 0.949077 -0.211404
v 0.097687 0.986797 -0.192916
v 0.200682 0.935326 -0.183349
v 0.200682 0.973046 -0.164862
v 0.295604 0.912997 -0.137791
v 0.295604 0.950716 -0.119303
v 0.378803 0.882946 -0.076480
v 0.378803 0.920665 -0.057992
v 0.447083 0.846328 -0.001772
v 0.447083 0.884048 0.016716
v 0.497820 0.804552 0.083462
v 0.497820 0.842271 0.101950
v 0.529063 0.759222 0.175946
v 0.529063 0.796941 0.194434
v 0.539613 0.712080 0.272127
v 0.539613 0.749800 0.290615
v 0.529063 0.664939 0.368307
v 0.529063 0.702658 0.386795
v 0.497820 0.619609 0.460791
v 0.497820 0.657328 0.479279
v 0.447083 0.577832 0.546025
v 0.447083 0.615552 0.564513
v 0.378803 0.541215 0.620733
v 0.378803 0.578935 0.639221
v 0.295604 0.511164 0.682045
v 0.295604 0.548884 0.700532
v 0.200682 0.488834 0.727603
v 0.200682 0.526554 0.746091
v 0.097687 0.475083 0.755658
v 0.097687 0.512803 0.774145
v -0.009425 0.470440 0.765131
v -0.009425 0.508160 0.783618
v -0.116537 0.475083 0.755658
v -0.116537 0.512803 0.774145
v -0.219533 0.488834 0.727603
v -0.219533 0.526554 0.746091
v -0.314455 0.511164 0.682045
v -0.314455 0.548884 0.700532
v -0.397654 0.541215 0.620733
v -0.397654 0.578935 0.639221
v -0.465934 0.577832 0.546025
v -0.465934 0.615552 0.564513
v -0.516670 0.619609 0.460791
v -0.516670 0.657328 0.479279
v -0.547914 0.664939 0.368307
v -0.547914 0.702658 0.386795
v -0.558463 0.712080 0.272127
v -0.558463 0.749800 0.290615
v -0.547914 0.759222 0.175946
v -0.547914 0.796941 0.194434
v -0.516670 0.804552 0.083462
v -0.516670 0.842271 0.101950
v -0.465934 0.846328 -0.001772
v -0.465934 0.884048 0.016716
v -0.397654 0.882946 -0.076480
v -0.397654 0.920665 -0.057992
v -0.314455 0.912997 -0.137791
v -0.314455 0.950716 -0.119303
v -0.219533 0.935326 -0.183349
v -0.219533 0.973046 -0.164862
v -0.116537 0.949077 -0.211404
v -0.116537 0.986797 -0.192916
vn -0.0000 0.4401 -0.8979
vn 0.1951 0.4317 -0.8807
vn 0.3827 0.4066 -0.8296
vn 0.5556 0.3659 -0.7466
vn 0.7071 0.3112 -0.6349
vn 0.8315 0.2445 -0.4989
vn 0.9239 0.1684 -0.3436
vn 0.9808 0.0859 -0.1752
vn 1.0000 -0.0000 -0.0000
vn 0.9808 -0.0859 0.1752
vn 0.9239 -0.1684 0.3436
vn 0.8315 -0.2445 0.4989
vn 0.7071 -0.3112 0.6349
vn 0.5556 -0.3659 0.7466
vn 0.3827 -0.4066 0.8296
vn 0.1951 -0.4317 0.8807
vn -0.0000 -0.4401 0.8979
vn -0.1951 -0.4317 0.8807
vn -0.3827 -0.4066 0.8296
vn -0.5556 -0.3659 0.7466
vn -0.7071 -0.3112 0.6349
vn -0.8315 -0.2445 0.4989
vn -0.9239 -0.1684 0.3436
vn -0.9808 -0.0859 0.1752
vn -1.0000 -0.0000 -0.0000
vn -0.9808 0.0859 -0.1752
vn -0.9239 0.1684 -0.3436
vn -0.8315 0.2445 -0.4989
vn -0.7071 0.3112 -0.6349
vn -0.5556 0.3659 -0.7466
vn -0.3827 0.4066 -0.8296
vn -0.0000 0.8979 0.4401
vn -0.1951 0.4317 -0.8807
vn -0.0000 -0.8979 -0.4401
vt 1.000000 0.500000
vt 1.000000 1.000000
vt 0.968750 1.000000
vt 0.968750 0.500000
vt 0.937500 1.000000
vt 0.937500 0.500000
vt 0.906250 1.000000
vt 0.906250 0.500000
vt 0.875000 1.000000
vt 0.875000 0.500000
vt 0.843750 1.000000
vt 0.843750 0.500000
vt 0.812500 1.000000
vt 0.812500 0.500000
vt 0.781250 1.000000
vt 0.781250 0.500000
vt 0.750000 1.000000
vt 0.750000 0.500000
vt 0.718750 1.000000
vt 0.718750 0.500000
vt 0.687500 1.000000
vt 0.687500 0.500000
vt 0.656250 1.000000
vt 0.656250 0.500000
vt 0.625000 1.000000
vt 0.625000 0.500000
vt 0.593750 1.000000
vt 0.593750 0.500000
vt 0.562500 1.000000
vt 0.562500 0.500000
vt 0.531250 1.000000
vt 0.531250 0.500000
vt 0.500000 1.000000
vt 0.500000 0.500000
vt 0.468750 1.000000
vt 0.468750 0.500000
vt 0.437500 1.000000
vt 0.437500 0.500000
vt 0.406250 1.000000
vt 0.406250 0.500000
vt 0.375000 1.000000
vt 0.375000 0.500000
vt 0.343750 1.000000
vt 0.343750 0.500000
vt 0.312500 1.000000
vt 0.312500 0.500000
vt 0.281250 1.000000
vt 0.281250 0.500000
vt 0.250000 1.000000
vt 0.250000 0.500000
vt 0.218750 1.000000
vt 0.218750 0.500000
vt 0.187500 1.000000
vt 0.187500 0.500000
vt 0.156250 1.000000
vt 0.156250 0.500000
vt 0.125000 1.000000
vt 0.125000 0.500000
vt 0.093750 1.000000
vt 0.093750 0.500000
vt 0.062500 1.000000
vt 0.062500 0.500000
vt 0.296822 0.485388
vt 0.250000 0.490000
vt 0.203178 0.485388
vt 0.158156 0.471731
vt 0.116663 0.449553
vt 0.080294 0.419706
vt 0.050447 0.383337
vt 0.028269 0.341844
vt 0.014612 0.296822
vt 0.010000 0.250000
vt 0.014612 0.203178
vt 0.028269 0.158156
vt 0.050447 0.116663
vt 0.080294 0.080294
vt 0.116663 0.050447
vt 0.158156 0.028269
vt 0.203178 0.014612
vt 0.250000 0.010000
vt 0.296822 0.014612
vt 0.341844 0.028269
vt 0.383337 0.050447
vt 0.419706 0.080294
vt 0.449553 0.116663
vt 0.471731 0.158156
vt 0.485388 0.203178
vt 0.490000 0.250000
vt 0.485388 0.296822
vt 0.471731 0.341844
vt 0.449553 0.383337
vt 0.419706 0.419706
vt 0.383337 0.449553
vt 0.341844 0.471731
vt 0.031250 1.000000
vt 0.031250 0.500000
vt 0.000000 1.000000
vt 0.000000 0.500000
vt 0.750000 0.490000
vt 0.796822 0.485388
vt 0.841844 0.471731
vt 0.883337 0.449553
vt 0.919706 0.419706
vt 0.949553 0.383337
vt 0.971731 0.341844
vt 0.985388 0.296822
vt 0.990000 0.250000
vt 0.985388 0.203178
vt 0.971731 0.158156
vt 0.949553 0.116663
vt 0.919706 0.080294
vt 0.883337 0.050447
vt 0.841844 0.028269
vt 0.796822 0.014612
vt 0.750000 0.010000
vt 0.703178 0.014612
vt 0.658156 0.028269
vt 0.616663 0.050447
vt 0.580294 0.080294
vt 0.550447 0.116663
vt 0.528269 0.158156
vt 0.514612 0.203178
vt 0.510000 0.250000
vt 0.514612 0.296822
vt 0.528269 0.341844
vt 0.550447 0.383337
vt 0.580294 0.419706
vt 0.616663 0.449553
vt 0.658156 0.471731
vt 0.703178 0.485388
s 1
usemtl denwa
f 723/324/554 724/325/554 726/326/555 725/327/555
f 725/327/555 726/326/555 728/328/556 727/329/556
f 727/329/556 728/328/556 730/330/557 729/331/557
f 729/331/557 730/330/557 732/332/558 731/333/558
f 731/333/558 732/332/558 734/334/559 733/335/559
f 733/335/559 734/334/559 736/336/560 735/337/560
f 735/337/560 736/336/560 738/338/561 737/339/561
f 737/339/561 738/338/561 740/340/562 739/341/562
f 739/341/562 740/340/562 742/342/563 741/343/563
f 741/343/563 742/342/563 744/344/564 743/345/564
f 743/345/564 744/344/564 746/346/565 745/347/565
f 745/347/565 746/346/565 748/348/566 747/349/566
f 747/349/566 748/348/566 750/350/567 749/351/567
f 749/351/567 750/350/567 752/352/568 751/353/568
f 751/353/568 752/352/568 754/354/569 753/355/569
f 753/355/569 754/354/569 756/356/570 755/357/570
f 755/357/570 756/356/570 758/358/571 757/359/571
f 757/359/571 758/358/571 760/360/572 759/361/572
f 759/361/572 760/360/572 762/362/573 761/363/573
f 761/363/573 762/362/573 764/364/574 763/365/574
f 763/365/574 764/364/574 766/366/575 765/367/575
f 765/367/575 766/366/575 768/368/576 767/369/576
f 767/369/576 768/368/576 770/370/577 769/371/577
f 769/371/577 770/370/577 772/372/578 771/373/578
f 771/373/578 772/372/578 774/374/579 773/375/579
f 773/375/579 774/374/579 776/376/580 775/377/580
f 775/377/580 776/376/580 778/378/581 777/379/581
f 777/379/581 778/378/581 780/380/582 779/381/582
f 779/381/582 780/380/582 782/382/583 781/383/583
f 781/383/583 782/382/583 784/384/584 783/385/584
f 726/386/585 724/387/585 786/388/585 784/389/585 782/390/585 780/391/585 778/392/585 776/393/585 774/394/585 772/395/585 770/396/585 768/397/585 766/398/585 764/399/585 762/400/585 760/401/585 758/402/585 756/403/585 754/404/585 752/405/585 750/406/585 748/407/585 746/408/585 744/409/585 742/410/585 740/411/585 738/412/585 736/413/585 734/414/585 732/415/585 730/416/585 728/417/585
f 783/385/584 784/384/584 786/418/586 785/419/586
f 785/419/586 786/418/586 724/420/554 723/421/554
f 723/422/587 725/423/587 727/424/587 729/425/587 731/426/587 733/427/587 735/428/587 737/429/587 739/430/587 741/431/587 743/432/587 745/433/587 747/434/587 749/435/587 751/436/587 753/437/587 755/438/587 757/439/587 759/440/587 761/441/587 763/442/587 765/443/587 767/444/587 769/445/587 771/446/587 773/447/587 775/448/587 777/449/587 779/450/587 781/451/587 783/452/587 785/453/587
o 円柱.001
v -0.009425 0.946309 -0.128360
v 0.080843 0.942396 -0.120376
v 0.167643 0.930807 -0.096733
v 0.247637 0.911989 -0.058339
v 0.317753 0.886663 -0.006669
v 0.375296 0.855804 0.056291
v 0.418054 0.820597 0.128122
v 0.444385 0.782395 0.206063
v 0.453275 0.742667 0.287118
v 0.444385 0.702938 0.368174
v 0.418054 0.664737 0.446115
v 0.375296 0.629530 0.517946
v 0.317753 0.598671 0.580906
v 0.247637 0.573345 0.632576
v 0.167643 0.554527 0.670970
v 0.080843 0.542938 0.694613
v -0.009425 0.539025 0.702597
v -0.099694 0.542938 0.694613
v -0.186493 0.554527 0.670970
v -0.266488 0.573345 0.632576
v -0.336604 0.598671 0.580906
v -0.394147 0.629530 0.517946
v -0.436905 0.664737 0.446115
v -0.463236 0.702938 0.368174
v -0.472126 0.742667 0.287118
v -0.463236 0.782395 0.206063
v -0.436905 0.820597 0.128122
v -0.394147 0.855804 0.056291
v -0.336604 0.886663 -0.006669
v -0.266488 0.911989 -0.058339
v -0.186493 0.930807 -0.096733
v -0.099694 0.942396 -0.120376
v -0.009425 1.004614 -0.064106
v -0.009425 0.990086 -0.106903
v -0.009425 1.007828 -0.080369
v -0.009425 1.002511 -0.096033
v 0.074593 1.000972 -0.056675
v 0.080843 0.986173 -0.098920
v 0.077718 1.004051 -0.072662
v 0.080006 0.998634 -0.088124
v 0.155383 0.990186 -0.034669
v 0.167643 0.974585 -0.075276
v 0.161513 0.992863 -0.049837
v 0.166000 0.987153 -0.064700
v 0.229840 0.972670 0.001067
v 0.247637 0.955766 -0.036882
v 0.238739 0.974696 -0.012772
v 0.245253 0.968509 -0.026662
v 0.295101 0.949098 0.049160
v 0.317753 0.930441 0.014788
v 0.306427 0.950248 0.037109
v 0.314719 0.943419 0.024529
v 0.348660 0.920376 0.107761
v 0.375296 0.899582 0.077748
v 0.361978 0.920457 0.097890
v 0.371728 0.912846 0.086905
v 0.388458 0.887606 0.174618
v 0.418054 0.864375 0.149579
v 0.403256 0.886469 0.167234
v 0.414089 0.877965 0.158069
v 0.412965 0.852049 0.247163
v 0.444385 0.826173 0.227520
v 0.428675 0.849589 0.242477
v 0.440175 0.840118 0.235287
v 0.421240 0.815071 0.322607
v 0.453275 0.786444 0.308575
v 0.437258 0.811236 0.320727
v 0.448983 0.800758 0.315591
v 0.412965 0.778094 0.398051
v 0.444385 0.746716 0.389631
v 0.428675 0.772883 0.398977
v 0.440175 0.761398 0.395895
v 0.388458 0.742537 0.470595
v 0.418054 0.708514 0.467572
v 0.403256 0.736004 0.474219
v 0.414089 0.723550 0.473113
v 0.348660 0.709767 0.537453
v 0.375296 0.673307 0.539403
v 0.361978 0.702015 0.543563
v 0.371728 0.688670 0.544277
v 0.295101 0.681045 0.596054
v 0.317753 0.642448 0.602363
v 0.306427 0.672225 0.604344
v 0.314719 0.658097 0.606653
v 0.229840 0.657473 0.644146
v 0.247637 0.617122 0.654033
v 0.238739 0.647776 0.654225
v 0.245253 0.633007 0.657844
v 0.155383 0.639957 0.679882
v 0.167643 0.598304 0.692427
v 0.161513 0.629609 0.691291
v 0.166000 0.614363 0.695882
v 0.074593 0.629171 0.701889
v 0.080843 0.586716 0.716070
v 0.077718 0.618422 0.714115
v 0.080006 0.602882 0.719306
v -0.009425 0.625529 0.709319
v -0.009425 0.582803 0.724054
v -0.009425 0.614644 0.721822
v -0.009425 0.599005 0.727215
v -0.093444 0.629171 0.701889
v -0.099694 0.586716 0.716070
v -0.096569 0.618422 0.714115
v -0.098857 0.602882 0.719306
v -0.174234 0.639957 0.679882
v -0.186493 0.598304 0.692427
v -0.180364 0.629609 0.691291
v -0.184851 0.614363 0.695882
v -0.248690 0.657473 0.644146
v -0.266488 0.617122 0.654033
v -0.257589 0.647776 0.654225
v -0.264104 0.633007 0.657844
v -0.313952 0.681045 0.596054
v -0.336604 0.642448 0.602363
v -0.325278 0.672225 0.604344
v -0.333569 0.658097 0.606653
v -0.367511 0.709767 0.537453
v -0.394147 0.673307 0.539403
v -0.380829 0.702015 0.543563
v -0.390579 0.688670 0.544277
v -0.407309 0.742537 0.470595
v -0.436905 0.708514 0.467572
v -0.422107 0.736004 0.474219
v -0.432940 0.723550 0.473113
v -0.431816 0.778094 0.398051
v -0.463236 0.746716 0.389631
v -0.447526 0.772883 0.398977
v -0.459026 0.761398 0.395895
v -0.440091 0.815071 0.322607
v -0.472126 0.786444 0.308575
v -0.456109 0.811236 0.320727
v -0.467834 0.800758 0.315591
v -0.431816 0.852049 0.247163
v -0.463236 0.826173 0.227520
v -0.447526 0.849589 0.242477
v -0.459026 0.840118 0.235287
v -0.407309 0.887606 0.174618
v -0.436905 0.864375 0.149579
v -0.422107 0.886469 0.167234
v -0.432940 0.877965 0.158069
v -0.367511 0.920376 0.107761
v -0.394147 0.899582 0.077748
v -0.380829 0.920457 0.097890
v -0.390579 0.912846 0.086905
v -0.313952 0.949098 0.049160
v -0.336604 0.930441 0.014788
v -0.325278 0.950248 0.037109
v -0.333569 0.943419 0.024529
v -0.248690 0.972670 0.001067
v -0.266488 0.955766 -0.036882
v -0.257589 0.974696 -0.012772
v -0.264104 0.968509 -0.026662
v -0.174234 0.990186 -0.034669
v -0.186493 0.974585 -0.075276
v -0.180364 0.992863 -0.049837
v -0.184851 0.987153 -0.064700
v -0.093444 1.000972 -0.056675
v -0.099694 0.986173 -0.098920
v -0.096569 1.004051 -0.072662
v -0.098857 0.998634 -0.088124
vn -0.0000 -0.8979 -0.4401
vn 0.1934 0.5448 -0.8160
vn -0.0000 0.5532 -0.8331
vn -0.0000 0.6584 -0.7526
vn 0.1884 0.6503 -0.7360
vn 0.1376 0.9410 -0.3093
vn -0.0000 0.9469 -0.3214
vn -0.0000 0.9968 -0.0798
vn 0.0996 0.9925 -0.0710
vn -0.0000 0.9501 0.3121
vn 0.0269 0.9489 0.3145
vn 0.3794 0.5200 -0.7653
vn 0.3695 0.6261 -0.6866
vn 0.2699 0.9233 -0.2732
vn 0.1953 0.9797 -0.0449
vn 0.0528 0.9454 0.3215
vn 0.5509 0.4796 -0.6830
vn 0.5365 0.5868 -0.6065
vn 0.3919 0.8946 -0.2147
vn 0.2835 0.9590 -0.0026
vn 0.0766 0.9398 0.3330
vn 0.7011 0.4254 -0.5723
vn 0.6828 0.5340 -0.4987
vn 0.4988 0.8560 -0.1359
vn 0.3609 0.9310 0.0544
vn 0.0975 0.9323 0.3484
vn 0.8244 0.3592 -0.4374
vn 0.8029 0.4696 -0.3673
vn 0.5865 0.8090 -0.0399
vn 0.4243 0.8970 0.1239
vn 0.1147 0.9231 0.3671
vn 0.9160 0.2838 -0.2835
vn 0.8921 0.3961 -0.2174
vn 0.6517 0.7553 0.0696
vn 0.4715 0.8582 0.2031
vn 0.1274 0.9126 0.3885
vn 0.9725 0.2019 -0.1164
vn 0.9471 0.3164 -0.0547
vn 0.6918 0.6970 0.1884
vn 0.5006 0.8160 0.2891
vn 0.1352 0.9012 0.4118
vn 0.9915 0.1168 0.0572
vn 0.9656 0.2335 0.1144
vn 0.7054 0.6365 0.3120
vn 0.5104 0.7722 0.3785
vn 0.1379 0.8894 0.4359
vn 0.9725 0.0317 0.2309
vn 0.9471 0.1505 0.2836
vn 0.6918 0.5759 0.4355
vn 0.5006 0.7284 0.4679
vn 0.1352 0.8775 0.4601
vn 0.9160 -0.0502 0.3980
vn 0.8921 0.0708 0.4462
vn 0.6517 0.5177 0.5544
vn 0.4715 0.6862 0.5539
vn 0.1274 0.8661 0.4833
vn 0.8244 -0.1256 0.5519
vn 0.8029 -0.0027 0.5961
vn 0.5865 0.4640 0.6639
vn 0.4243 0.6474 0.6331
vn 0.1147 0.8556 0.5047
vn 0.7011 -0.1918 0.6868
vn 0.6828 -0.0671 0.7275
vn 0.4988 0.4169 0.7598
vn 0.3609 0.6134 0.7025
vn 0.0975 0.8465 0.5235
vn 0.5509 -0.2460 0.7975
vn 0.5365 -0.1199 0.8354
vn 0.3919 0.3783 0.8386
vn 0.2835 0.5854 0.7595
vn 0.0766 0.8389 0.5389
vn 0.3794 -0.2864 0.8798
vn 0.3695 -0.1592 0.9155
vn 0.2699 0.3496 0.8971
vn 0.1953 0.5647 0.8019
vn 0.0528 0.8333 0.5503
vn 0.1934 -0.3112 0.9305
vn 0.1884 -0.1834 0.9648
vn 0.1376 0.3320 0.9332
vn 0.0996 0.5519 0.8279
vn 0.0269 0.8298 0.5574
vn -0.0000 -0.3196 0.9476
vn -0.0000 -0.1915 0.9815
vn -0.0000 0.3260 0.9454
vn -0.0000 0.5476 0.8368
vn -0.0000 0.8287 0.5597
vn -0.1934 -0.3112 0.9305
vn -0.1884 -0.1834 0.9648
vn -0.1376 0.3320 0.9332
vn -0.0996 0.5519 0.8279
vn -0.0269 0.8298 0.5574
vn -0.3794 -0.2864 0.8798
vn -0.3695 -0.1592 0.9155
vn -0.2699 0.3496 0.8971
vn -0.1953 0.5647 0.8019
vn -0.0528 0.8333 0.5503
vn -0.5509 -0.2460 0.7975
vn -0.5365 -0.1199 0.8354
vn -0.3919 0.3783 0.8386
vn -0.2835 0.5854 0.7595
vn -0.0766 0.8389 0.5389
vn -0.7011 -0.1918 0.6868
vn -0.6828 -0.0671 0.7275
vn -0.4988 0.4169 0.7598
vn -0.3609 0.6134 0.7025
vn -0.0975 0.8465 0.5235
vn -0.8244 -0.1256 0.5519
vn -0.8029 -0.0027 0.5961
vn -0.5865 0.4640 0.6639
vn -0.4243 0.6474 0.6331
vn -0.1147 0.8556 0.5047
vn -0.9160 -0.0502 0.3980
vn -0.8921 0.0708 0.4462
vn -0.6517 0.5177 0.5544
vn -0.4715 0.6862 0.5539
vn -0.1274 0.8661 0.4833
vn -0.9725 0.0317 0.2309
vn -0.9471 0.1505 0.2836
vn -0.6918 0.5759 0.4355
vn -0.5006 0.7284 0.4679
vn -0.1352 0.8775 0.4601
vn -0.9915 0.1168 0.0572
vn -0.9656 0.2335 0.1144
vn -0.7054 0.6365 0.3120
vn -0.5104 0.7722 0.3785
vn -0.1379 0.8894 0.4359
vn -0.9725 0.2019 -0.1164
vn -0.9471 0.3164 -0.0547
vn -0.6918 0.6970 0.1884
vn -0.5006 0.8160 0.2891
vn -0.1352 0.9012 0.4118
vn -0.9160 0.2838 -0.2835
vn -0.8921 0.3961 -0.2174
vn -0.6517 0.7553 0.0696
vn -0.4715 0.8582 0.2031
vn -0.1274 0.9126 0.3885
vn -0.8244 0.3592 -0.4374
vn -0.8029 0.4696 -0.3673
vn -0.5865 0.8090 -0.0399
vn -0.4243 0.8970 0.1239
vn -0.1147 0.9231 0.3671
vn -0.7011 0.4254 -0.5723
vn -0.6828 0.5340 -0.4987
vn -0.4988 0.8560 -0.1359
vn -0.3609 0.9310 0.0544
vn -0.0975 0.9323 0.3484
vn -0.5509 0.4796 -0.6830
vn -0.5365 0.5868 -0.6065
vn -0.3919 0.8946 -0.2147
vn -0.2835 0.9590 -0.0026
vn -0.0766 0.9398 0.3330
vn -0.3794 0.5200 -0.7653
vn -0.3695 0.6261 -0.6866
vn -0.2699 0.9233 -0.2732
vn -0.1953 0.9797 -0.0449
vn -0.0528 0.9454 0.3215
vn -0.1934 0.5448 -0.8160
vn -0.1884 0.6503 -0.7360
vn -0.1376 0.9410 -0.3093
vn -0.0996 0.9925 -0.0710
vn -0.0269 0.9489 0.3145
vn -0.0000 0.4401 -0.8979
vn 0.1951 0.4317 -0.8807
vn -0.1951 0.4317 -0.8807
vn 0.3827 0.4066 -0.8296
vn 0.5556 0.3659 -0.7466
vn 0.7071 0.3112 -0.6349
vn 0.8315 0.2445 -0.4989
vn 0.9239 0.1684 -0.3436
vn 0.9808 0.0859 -0.1752
vn 1.0000 -0.0000 -0.0000
vn 0.9808 -0.0859 0.1752
vn 0.9239 -0.1684 0.3436
vn 0.8315 -0.2445 0.4989
vn 0.7071 -0.3112 0.6349
vn 0.5556 -0.3659 0.7466
vn 0.3827 -0.4066 0.8296
vn 0.1951 -0.4317 0.8807
vn -0.0000 -0.4401 0.8979
vn -0.1951 -0.4317 0.8807
vn -0.3827 -0.4066 0.8296
vn -0.5556 -0.3659 0.7466
vn -0.7071 -0.3112 0.6349
vn -0.8315 -0.2445 0.4989
vn -0.9239 -0.1684 0.3436
vn -0.9808 -0.0859 0.1752
vn -1.0000 -0.0000 -0.0000
vn -0.9808 0.0859 -0.1752
vn -0.9239 0.1684 -0.3436
vn -0.8315 0.2445 -0.4989
vn -0.7071 0.3112 -0.6349
vn -0.5556 0.3659 -0.7466
vn -0.3827 0.4066 -0.8296
vt 0.750000 0.490000
vt 0.796822 0.485388
vt 0.841844 0.471731
vt 0.883337 0.449553
vt 0.919706 0.419706
vt 0.949553 0.383337
vt 0.971731 0.341844
vt 0.985388 0.296822
vt 0.990000 0.250000
vt 0.985388 0.203178
vt 0.971731 0.158156
vt 0.949553 0.116663
vt 0.919706 0.080294
vt 0.883337 0.050447
vt 0.841844 0.028269
vt 0.796822 0.014612
vt 0.750000 0.010000
vt 0.703178 0.014612
vt 0.658156 0.028269
vt 0.616663 0.050447
vt 0.580294 0.080294
vt 0.550447 0.116663
vt 0.528269 0.158156
vt 0.514612 0.203178
vt 0.510000 0.250000
vt 0.514612 0.296822
vt 0.528269 0.341844
vt 0.550447 0.383337
vt 0.580294 0.419706
vt 0.616663 0.449553
vt 0.658156 0.471731
vt 0.703178 0.485388
vt 0.968750 0.982775
vt 1.000000 0.982775
vt 0.999855 1.000000
vt 0.968750 1.000000
vt 0.296817 0.485368
vt 0.250000 0.489979
vt 0.250000 0.481692
vt 0.295201 0.477240
vt 0.250000 0.473384
vt 0.293580 0.469091
vt 0.937500 0.982775
vt 0.937500 1.000000
vt 0.341836 0.471711
vt 0.338665 0.464055
vt 0.335485 0.456379
vt 0.906250 0.982775
vt 0.906250 1.000000
vt 0.383325 0.449535
vt 0.378721 0.442645
vt 0.374105 0.435737
vt 0.875000 0.982775
vt 0.875000 1.000000
vt 0.419691 0.419691
vt 0.413831 0.413831
vt 0.407956 0.407956
vt 0.843750 0.982775
vt 0.843750 1.000000
vt 0.449535 0.383325
vt 0.442645 0.378721
vt 0.435737 0.374105
vt 0.812500 0.982775
vt 0.812500 1.000000
vt 0.471711 0.341836
vt 0.464055 0.338665
vt 0.456380 0.335485
vt 0.781250 0.982775
vt 0.781250 1.000000
vt 0.485368 0.296818
vt 0.477240 0.295201
vt 0.469091 0.293580
vt 0.750000 0.982775
vt 0.750000 1.000000
vt 0.489979 0.250000
vt 0.481692 0.250000
vt 0.473384 0.250000
vt 0.718750 0.982775
vt 0.718750 1.000000
vt 0.485367 0.203182
vt 0.477240 0.204799
vt 0.469091 0.206420
vt 0.687500 0.982775
vt 0.687500 1.000000
vt 0.471711 0.158164
vt 0.464055 0.161335
vt 0.456380 0.164515
vt 0.656250 0.982774
vt 0.656250 1.000000
vt 0.449535 0.116675
vt 0.442645 0.121279
vt 0.435737 0.125895
vt 0.625000 0.982775
vt 0.625000 1.000000
vt 0.419691 0.080310
vt 0.413831 0.086169
vt 0.407956 0.092044
vt 0.593750 0.982775
vt 0.593750 1.000000
vt 0.383325 0.050465
vt 0.378721 0.057355
vt 0.374105 0.064263
vt 0.562500 0.982775
vt 0.562500 1.000000
vt 0.341836 0.028289
vt 0.338665 0.035945
vt 0.335485 0.043620
vt 0.531250 0.982775
vt 0.531250 1.000000
vt 0.296817 0.014633
vt 0.295201 0.022760
vt 0.293580 0.030909
vt 0.500000 0.982775
vt 0.500000 1.000000
vt 0.250000 0.010021
vt 0.250000 0.018308
vt 0.250000 0.026616
vt 0.468750 0.982775
vt 0.468750 1.000000
vt 0.203182 0.014633
vt 0.204799 0.022760
vt 0.206420 0.030909
vt 0.437500 0.982775
vt 0.437500 1.000000
vt 0.158164 0.028289
vt 0.161335 0.035945
vt 0.164515 0.043620
vt 0.406250 0.982775
vt 0.406250 1.000000
vt 0.116675 0.050465
vt 0.121279 0.057355
vt 0.125895 0.064263
vt 0.375000 0.982775
vt 0.375000 1.000000
vt 0.080310 0.080310
vt 0.086169 0.086169
vt 0.092044 0.092044
vt 0.343750 0.982775
vt 0.343750 1.000000
vt 0.050465 0.116675
vt 0.057355 0.121279
vt 0.064263 0.125895
vt 0.312500 0.982775
vt 0.312500 1.000000
vt 0.028289 0.158164
vt 0.035945 0.161335
vt 0.043620 0.164515
vt 0.281250 0.982775
vt 0.281250 1.000000
vt 0.014633 0.203182
vt 0.022760 0.204799
vt 0.030909 0.206420
vt 0.250000 0.982775
vt 0.250000 1.000000
vt 0.010021 0.250000
vt 0.018308 0.250000
vt 0.026616 0.250000
vt 0.218750 0.982775
vt 0.218750 1.000000
vt 0.014633 0.296817
vt 0.022760 0.295201
vt 0.030909 0.293580
vt 0.187500 0.982775
vt 0.187500 1.000000
vt 0.028289 0.341836
vt 0.035945 0.338665
vt 0.043620 0.335485
vt 0.156250 0.982774
vt 0.156250 1.000000
vt 0.050465 0.383325
vt 0.057355 0.378721
vt 0.064263 0.374105
vt 0.125000 0.982775
vt 0.125000 1.000000
vt 0.080310 0.419691
vt 0.086169 0.413831
vt 0.092044 0.407956
vt 0.093750 0.982775
vt 0.093750 1.000000
vt 0.116675 0.449535
vt 0.121279 0.442645
vt 0.125895 0.435737
vt 0.062500 0.982775
vt 0.062500 1.000000
vt 0.158164 0.471711
vt 0.161335 0.464055
vt 0.164515 0.456380
vt 0.031250 0.982775
vt 0.031250 1.000000
vt 0.203182 0.485368
vt 0.204799 0.477240
vt 0.206420 0.469091
vt 0.000000 0.982775
vt 0.000145 1.000000
vt 1.000000 0.500000
vt 0.968750 0.500000
vt 0.031250 0.500000
vt 0.000000 0.500000
vt 0.937500 0.500000
vt 0.906250 0.500000
vt 0.875000 0.500000
vt 0.843750 0.500000
vt 0.812500 0.500000
vt 0.781250 0.500000
vt 0.750000 0.500000
vt 0.718750 0.500000
vt 0.687500 0.500000
vt 0.656250 0.500000
vt 0.625000 0.500000
vt 0.593750 0.500000
vt 0.562500 0.500000
vt 0.531250 0.500000
vt 0.500000 0.500000
vt 0.468750 0.500000
vt 0.437500 0.500000
vt 0.406250 0.500000
vt 0.375000 0.500000
vt 0.343750 0.500000
vt 0.312500 0.500000
vt 0.281250 0.500000
vt 0.250000 0.500000
vt 0.218750 0.500000
vt 0.187500 0.500000
vt 0.156250 0.500000
vt 0.125000 0.500000
vt 0.093750 0.500000
vt 0.062500 0.500000
s 1
usemtl dodai
f 787/454/588 788/455/588 789/456/588 790/457/588 791/458/588 792/459/588 793/460/588 794/461/588 795/462/588 796/463/588 797/464/588 798/465/588 799/466/588 800/467/588 801/468/588 802/469/588 803/470/588 804/471/588 805/472/588 806/473/588 807/474/588 808/475/588 809/476/588 810/477/588 811/478/588 812/479/588 813/480/588 814/481/588 815/482/588 816/483/588 817/484/588 818/485/588
f 824/486/589 820/487/590 822/488/591 826/489/592
f 826/490/593 822/491/594 821/492/595 825/493/596
f 825/493/596 821/492/595 819/494/597 823/495/598
f 828/496/599 824/486/589 826/489/592 830/497/600
f 830/498/601 826/490/593 825/493/596 829/499/602
f 829/499/602 825/493/596 823/495/598 827/500/603
f 832/501/604 828/496/599 830/497/600 834/502/605
f 834/503/606 830/498/601 829/499/602 833/504/607
f 833/504/607 829/499/602 827/500/603 831/505/608
f 836/506/609 832/501/604 834/502/605 838/507/610
f 838/508/611 834/503/606 833/504/607 837/509/612
f 837/509/612 833/504/607 831/505/608 835/510/613
f 840/511/614 836/506/609 838/507/610 842/512/615
f 842/513/616 838/508/611 837/509/612 841/514/617
f 841/514/617 837/509/612 835/510/613 839/515/618
f 844/516/619 840/511/614 842/512/615 846/517/620
f 846/518/621 842/513/616 841/514/617 845/519/622
f 845/519/622 841/514/617 839/515/618 843/520/623
f 848/521/624 844/516/619 846/517/620 850/522/625
f 850/523/626 846/518/621 845/519/622 849/524/627
f 849/524/627 845/519/622 843/520/623 847/525/628
f 852/526/629 848/521/624 850/522/625 854/527/630
f 854/528/631 850/523/626 849/524/627 853/529/632
f 853/529/632 849/524/627 847/525/628 851/530/633
f 856/531/634 852/526/629 854/527/630 858/532/635
f 858/533/636 854/528/631 853/529/632 857/534/637
f 857/534/637 853/529/632 851/530/633 855/535/638
f 860/536/639 856/531/634 858/532/635 862/537/640
f 862/538/641 858/533/636 857/534/637 861/539/642
f 861/539/642 857/534/637 855/535/638 859/540/643
f 864/541/644 860/536/639 862/537/640 866/542/645
f 866/543/646 862/538/641 861/539/642 865/544/647
f 865/544/647 861/539/642 859/540/643 863/545/648
f 868/546/649 864/541/644 866/542/645 870/547/650
f 870/548/651 866/543/646 865/544/647 869/549/652
f 869/549/652 865/544/647 863/545/648 867/550/653
f 872/551/654 868/546/649 870/547/650 874/552/655
f 874/553/656 870/548/651 869/549/652 873/554/657
f 873/554/657 869/549/652 867/550/653 871/555/658
f 876/556/659 872/551/654 874/552/655 878/557/660
f 878/558/661 874/553/656 873/554/657 877/559/662
f 877/559/662 873/554/657 871/555/658 875/560/663
f 880/561/664 876/556/659 878/557/660 882/562/665
f 882/563/666 878/558/661 877/559/662 881/564/667
f 881/564/667 877/559/662 875/560/663 879/565/668
f 884/566/669 880/561/664 882/562/665 886/567/670
f 886/568/671 882/563/666 881/564/667 885/569/672
f 885/569/672 881/564/667 879/565/668 883/570/673
f 888/571/674 884/566/669 886/567/670 890/572/675
f 890/573/676 886/568/671 885/569/672 889/574/677
f 889/574/677 885/569/672 883/570/673 887/575/678
f 892/576/679 888/571/674 890/572/675 894/577/680
f 894/578/681 890/573/676 889/574/677 893/579/682
f 893/579/682 889/574/677 887/575/678 891/580/683
f 896/581/684 892/576/679 894/577/680 898/582/685
f 898/583/686 894/578/681 893/579/682 897/584/687
f 897/584/687 893/579/682 891/580/683 895/585/688
f 900/586/689 896/581/684 898/582/685 902/587/690
f 902/588/691 898/583/686 897/584/687 901/589/692
f 901/589/692 897/584/687 895/585/688 899/590/693
f 904/591/694 900/586/689 902/587/690 906/592/695
f 906/593/696 902/588/691 901/589/692 905/594/697
f 905/594/697 901/589/692 899/590/693 903/595/698
f 908/596/699 904/591/694 906/592/695 910/597/700
f 910/598/701 906/593/696 905/594/697 909/599/702
f 909/599/702 905/594/697 903/595/698 907/600/703
f 912/601/704 908/596/699 910/597/700 914/602/705
f 914/603/706 910/598/701 909/599/702 913/604/707
f 913/604/707 909/599/702 907/600/703 911/605/708
f 916/606/709 912/601/704 914/602/705 918/607/710
f 918/608/711 914/603/706 913/604/707 917/609/712
f 917/609/712 913/604/707 911/605/708 915/610/713
f 920/611/714 916/606/709 918/607/710 922/612/715
f 922/613/716 918/608/711 917/609/712 921/614/717
f 921/614/717 917/609/712 915/610/713 919/615/718
f 924/616/719 920/611/714 922/612/715 926/617/720
f 926/618/721 922/613/716 921/614/717 925/619/722
f 925/619/722 921/614/717 919/615/718 923/620/723
f 928/621/724 924/616/719 926/617/720 930/622/725
f 930/623/726 926/618/721 925/619/722 929/624/727
f 929/624/727 925/619/722 923/620/723 927/625/728
f 932/626/729 928/621/724 930/622/725 934/627/730
f 934/628/731 930/623/726 929/624/727 933/629/732
f 933/629/732 929/624/727 927/625/728 931/630/733
f 936/631/734 932/626/729 934/627/730 938/632/735
f 938/633/736 934/628/731 933/629/732 937/634/737
f 937/634/737 933/629/732 931/630/733 935/635/738
f 940/636/739 936/631/734 938/632/735 942/637/740
f 942/638/741 938/633/736 937/634/737 941/639/742
f 941/639/742 937/634/737 935/635/738 939/640/743
f 944/641/744 940/636/739 942/637/740 946/642/745
f 946/643/746 942/638/741 941/639/742 945/644/747
f 945/644/747 941/639/742 939/640/743 943/645/748
f 820/646/590 944/641/744 946/642/745 822/647/591
f 822/491/594 946/643/746 945/644/747 821/492/595
f 821/492/595 945/644/747 943/645/748 819/494/597
f 823/495/598 819/494/597 943/645/748 939/640/743 935/635/738 931/630/733 927/625/728 923/620/723 919/615/718 915/610/713 911/605/708 907/600/703 903/595/698 899/590/693 895/585/688 891/580/683 887/575/678 883/570/673 879/565/668 875/560/663 871/555/658 867/550/653 863/545/648 859/540/643 855/535/638 851/530/633 847/525/628 843/520/623 839/515/618 835/510/613 831/505/608 827/500/603
f 787/648/749 820/487/590 824/486/589 788/649/750
f 818/650/751 944/641/744 820/646/590 787/651/749
f 788/649/750 824/486/589 828/496/599 789/652/752
f 789/652/752 828/496/599 832/501/604 790/653/753
f 790/653/753 832/501/604 836/506/609 791/654/754
f 791/654/754 836/506/609 840/511/614 792/655/755
f 792/655/755 840/511/614 844/516/619 793/656/756
f 793/656/756 844/516/619 848/521/624 794/657/757
f 794/657/757 848/521/624 852/526/629 795/658/758
f 795/658/758 852/526/629 856/531/634 796/659/759
f 796/659/759 856/531/634 860/536/639 797/660/760
f 797/660/760 860/536/639 864/541/644 798/661/761
f 798/661/761 864/541/644 868/546/649 799/662/762
f 799/662/762 868/546/649 872/551/654 800/663/763
f 800/663/763 872/551/654 876/556/659 801/664/764
f 801/664/764 876/556/659 880/561/664 802/665/765
f 802/665/765 880/561/664 884/566/669 803/666/766
f 803/666/766 884/566/669 888/571/674 804/667/767
f 804/667/767 888/571/674 892/576/679 805/668/768
f 805/668/768 892/576/679 896/581/684 806/669/769
f 806/669/769 896/581/684 900/586/689 807/670/770
f 807/670/770 900/586/689 904/591/694 808/671/771
f 808/671/771 904/591/694 908/596/699 809/672/772
f 809/672/772 908/596/699 912/601/704 810/673/773
f 810/673/773 912/601/704 916/606/709 811/674/774
f 811/674/774 916/606/709 920/611/714 812/675/775
f 812/675/775 920/611/714 924/616/719 813/676/776
f 813/676/776 924/616/719 928/621/724 814/677/777
f 814/677/777 928/621/724 932/626/729 815/678/778
f 815/678/778 932/626/729 936/631/734 816/679/779
f 816/679/779 936/631/734 940/636/739 817/680/780
f 817/680/780 940/636/739 944/641/744 818/650/751
o 円柱.002
v 0.011630 0.646894 0.594529
v 0.029325 0.642905 0.602666
v 0.042204 0.636240 0.616265
v 0.048308 0.627913 0.633254
v 0.047454 0.620968 0.647423
v 0.043047 0.615102 0.659392
v 0.030706 0.608242 0.673388
v 0.013341 0.603983 0.682077
v -0.006406 0.602973 0.684139
v -0.025529 0.605365 0.679257
v -0.041115 0.610797 0.668176
v -0.050793 0.618439 0.652583
v -0.053088 0.627131 0.634851
v -0.047652 0.635546 0.617680
v -0.038175 0.641112 0.606325
v -0.027105 0.644912 0.598572
v -0.008185 0.647599 0.593091
v 0.002339 0.684857 0.615238
v -0.002095 0.677063 0.607646
v -0.002303 0.683617 0.612565
v 0.011951 0.682764 0.614362
v 0.007730 0.676915 0.608706
v 0.020093 0.682558 0.619928
v 0.017275 0.675483 0.611277
v 0.024907 0.679984 0.619977
v 0.025931 0.673266 0.615393
v 0.034299 0.677339 0.630578
v 0.035606 0.676038 0.628747
v 0.037065 0.670614 0.625409
v 0.042829 0.670527 0.644477
v 0.044724 0.668448 0.643613
v 0.046203 0.663030 0.641178
v 0.044917 0.664117 0.657550
v 0.046724 0.660092 0.660309
v 0.047999 0.654043 0.658702
v 0.042633 0.656837 0.672091
v 0.044250 0.646378 0.670659
v 0.034300 0.650898 0.684523
v 0.035779 0.648330 0.684618
v 0.036559 0.642786 0.683064
v 0.020092 0.645679 0.695172
v 0.020844 0.643026 0.695438
v 0.025647 0.636532 0.690872
v 0.016852 0.634569 0.695102
v 0.002339 0.643379 0.699863
v 0.002526 0.640507 0.700578
v 0.002330 0.634631 0.699145
v -0.011654 0.642957 0.699533
v -0.012335 0.633351 0.697587
v -0.024698 0.645677 0.695173
v -0.024990 0.642743 0.695705
v -0.021881 0.634506 0.694880
v -0.030586 0.636580 0.690648
v -0.038905 0.650898 0.684523
v -0.040385 0.648330 0.684617
v -0.038205 0.639363 0.684971
v -0.044414 0.642560 0.678042
v -0.047434 0.657710 0.670624
v -0.049385 0.656126 0.669039
v -0.049027 0.646703 0.670346
v -0.051887 0.650776 0.661685
v -0.049581 0.666169 0.653370
v -0.051278 0.662062 0.656543
v -0.052811 0.654925 0.652813
v -0.049385 0.668302 0.644196
v -0.050579 0.663279 0.640429
v -0.043192 0.674886 0.635307
v -0.044142 0.667443 0.627681
v -0.033024 0.680018 0.625114
v -0.033351 0.678812 0.622113
v -0.037871 0.670617 0.620798
v -0.026336 0.673001 0.611854
v -0.016093 0.684126 0.616728
v -0.016556 0.682764 0.614362
v -0.011973 0.676947 0.608642
v -0.133215 0.657922 0.572029
v -0.123134 0.653621 0.580804
v -0.115876 0.647443 0.593408
v -0.112924 0.641402 0.605733
v -0.115667 0.632737 0.623413
v -0.123306 0.626648 0.635835
v -0.133078 0.622212 0.644887
v -0.150974 0.618401 0.652661
v -0.170820 0.617895 0.653694
v -0.185879 0.620005 0.649390
v -0.197672 0.623357 0.642550
v -0.209655 0.630339 0.628306
v -0.214035 0.637021 0.614672
v -0.214253 0.643199 0.602067
v -0.207721 0.651463 0.585207
v -0.194501 0.657997 0.571875
v -0.176605 0.661808 0.564100
v -0.160858 0.662395 0.562903
v -0.147048 0.661284 0.565170
v -0.138350 0.696513 0.591459
v -0.141554 0.689732 0.582207
v -0.131087 0.693029 0.593419
v -0.133136 0.687439 0.586884
v -0.125512 0.691165 0.602365
v -0.125895 0.684467 0.592947
v -0.121564 0.687762 0.604108
v -0.120137 0.680797 0.600029
v -0.117607 0.683803 0.617392
v -0.116057 0.681933 0.616059
v -0.116051 0.677076 0.608153
v -0.113750 0.672902 0.616893
v -0.117014 0.675661 0.634000
v -0.115123 0.673497 0.633271
v -0.113932 0.667966 0.631272
v -0.121281 0.669848 0.645856
v -0.121895 0.665594 0.649394
v -0.120906 0.659448 0.647770
v -0.130417 0.663720 0.658047
v -0.130406 0.653097 0.656951
v -0.143137 0.660111 0.665727
v -0.143012 0.657259 0.666440
v -0.138440 0.650551 0.662145
v -0.147449 0.648744 0.665832
v -0.161872 0.658008 0.670019
v -0.157026 0.655494 0.669943
v -0.157020 0.647585 0.667789
v -0.171837 0.655689 0.669930
v -0.166891 0.647730 0.668250
v -0.180129 0.659339 0.667301
v -0.176751 0.648293 0.666752
v -0.185114 0.657438 0.665976
v -0.185969 0.649642 0.663592
v -0.196592 0.662799 0.658932
v -0.194329 0.652122 0.659064
v -0.201623 0.655193 0.653024
v -0.206769 0.670153 0.645238
v -0.208222 0.667746 0.645336
v -0.207469 0.658618 0.645685
v -0.211575 0.662583 0.637596
v -0.211289 0.675077 0.633774
v -0.213845 0.666824 0.628943
v -0.210565 0.682136 0.620790
v -0.212456 0.680234 0.619526
v -0.214201 0.670989 0.620038
v -0.212636 0.675468 0.611433
v -0.204727 0.689709 0.604295
v -0.209169 0.679664 0.603098
v -0.203924 0.683266 0.595398
v -0.195194 0.694416 0.595731
v -0.192865 0.694343 0.590781
v -0.197173 0.686453 0.588896
v -0.183660 0.697814 0.588803
v -0.189139 0.688999 0.583701
v -0.179886 0.697199 0.584853
v -0.180194 0.690638 0.579949
v -0.170409 0.699321 0.584537
v -0.170580 0.691936 0.578059
v -0.155602 0.699456 0.585451
v -0.160960 0.698361 0.582483
v -0.160600 0.691957 0.577665
v -0.147632 0.697306 0.584692
v -0.150828 0.691257 0.579094
v -0.247471 0.692940 0.500583
v -0.243591 0.684359 0.518091
v -0.247467 0.675777 0.535599
v -0.258510 0.668502 0.550443
v -0.271411 0.664485 0.558639
v -0.284596 0.662364 0.562966
v -0.304476 0.662363 0.562968
v -0.322844 0.665710 0.556139
v -0.336903 0.671897 0.543517
v -0.344513 0.679980 0.527026
v -0.344515 0.688729 0.509174
v -0.338859 0.695224 0.495924
v -0.330573 0.700212 0.485748
v -0.314044 0.705073 0.475828
v -0.294547 0.706781 0.472344
v -0.275048 0.705075 0.475825
v -0.258517 0.700215 0.485741
v -0.254215 0.734133 0.514706
v -0.253656 0.733143 0.511576
v -0.251771 0.727482 0.509190
v -0.247946 0.726858 0.529543
v -0.247434 0.726991 0.524072
v -0.245903 0.719859 0.520332
v -0.245353 0.720364 0.537341
v -0.244193 0.715877 0.529214
v -0.247638 0.720752 0.542000
v -0.244394 0.711211 0.537976
v -0.249763 0.715640 0.552061
v -0.246517 0.707201 0.546691
v -0.254633 0.708470 0.561914
v -0.253184 0.703070 0.559617
v -0.261006 0.708394 0.567217
v -0.267978 0.702942 0.573194
v -0.263336 0.696692 0.568356
v -0.273012 0.704653 0.574845
v -0.271758 0.694191 0.573109
v -0.286115 0.702643 0.578949
v -0.285775 0.699782 0.579644
v -0.280989 0.692615 0.576322
v -0.290675 0.691702 0.577780
v -0.304621 0.702720 0.578797
v -0.305545 0.699885 0.579122
v -0.300496 0.692005 0.577693
v -0.310165 0.692940 0.575785
v -0.321531 0.706027 0.572045
v -0.318378 0.702265 0.574519
v -0.319234 0.694688 0.572220
v -0.329862 0.706105 0.566741
v -0.327393 0.697287 0.567143
v -0.331559 0.710247 0.563432
v -0.334302 0.700323 0.560598
v -0.338597 0.715512 0.552693
v -0.338130 0.711267 0.556153
v -0.339589 0.703812 0.553072
v -0.343079 0.717639 0.543208
v -0.343164 0.708164 0.544950
v -0.341964 0.723149 0.537114
v -0.344902 0.712164 0.536031
v -0.342506 0.725838 0.526173
v -0.344681 0.716810 0.527310
v -0.339482 0.729528 0.524095
v -0.342548 0.720776 0.518461
v -0.333447 0.735029 0.512875
v -0.334681 0.733735 0.510703
v -0.338595 0.724944 0.510490
v -0.329966 0.728421 0.498892
v -0.320522 0.740546 0.500358
v -0.317401 0.733983 0.492274
v -0.302968 0.743657 0.495270
v -0.303713 0.742502 0.492816
v -0.303082 0.737705 0.488758
v -0.285295 0.743621 0.495345
v -0.283801 0.742168 0.492852
v -0.283421 0.737488 0.489229
v -0.266884 0.740048 0.501349
v -0.269803 0.733541 0.493175
v -0.261620 0.730882 0.498250
v -0.317750 0.749763 0.384652
v -0.319152 0.743615 0.397195
v -0.325651 0.737275 0.410130
v -0.334578 0.732506 0.419859
v -0.347984 0.728824 0.427372
v -0.361427 0.727041 0.431008
v -0.381274 0.727546 0.429979
v -0.399171 0.731355 0.422207
v -0.412394 0.737889 0.408878
v -0.417985 0.744394 0.395605
v -0.419334 0.750544 0.383057
v -0.414337 0.759013 0.365779
v -0.405153 0.764673 0.354231
v -0.394284 0.768583 0.346253
v -0.379503 0.771044 0.341233
v -0.365529 0.771638 0.340021
v -0.350133 0.770069 0.343221
v -0.337765 0.767146 0.349185
v -0.326943 0.762078 0.359526
v -0.320349 0.756623 0.370655
v -0.319116 0.783639 0.390614
v -0.319357 0.784514 0.406459
v -0.317973 0.779311 0.399444
v -0.321957 0.784457 0.412026
v -0.319377 0.771275 0.411532
v -0.326525 0.778306 0.424581
v -0.324196 0.776588 0.422937
v -0.325991 0.766898 0.424768
v -0.337598 0.772242 0.436950
v -0.333052 0.771100 0.434078
v -0.332137 0.763482 0.431738
v -0.344224 0.766844 0.442159
v -0.343776 0.761214 0.440730
v -0.349402 0.769030 0.443500
v -0.363565 0.767286 0.447064
v -0.362113 0.764725 0.447471
v -0.357608 0.757264 0.444550
v -0.367495 0.756839 0.445642
v -0.381170 0.767968 0.445670
v -0.381684 0.765124 0.446329
v -0.377451 0.757048 0.444864
v -0.386915 0.758066 0.442380
v -0.397044 0.771390 0.438693
v -0.399459 0.769206 0.437998
v -0.395664 0.760242 0.438474
v -0.403443 0.762937 0.432975
v -0.409842 0.777768 0.425677
v -0.411229 0.775390 0.425384
v -0.409878 0.766248 0.426219
v -0.414741 0.770160 0.418463
v -0.415471 0.785528 0.409847
v -0.416270 0.781299 0.413269
v -0.417812 0.774013 0.409843
v -0.417430 0.787636 0.400399
v -0.418957 0.778631 0.401180
v -0.414979 0.791629 0.397393
v -0.418165 0.782874 0.392173
v -0.410409 0.797785 0.384841
v -0.412740 0.795433 0.384490
v -0.415457 0.787066 0.383622
v -0.410944 0.790944 0.375709
v -0.398749 0.804107 0.371940
v -0.403884 0.800876 0.373327
v -0.404799 0.794360 0.368739
v -0.392947 0.804719 0.365233
v -0.397314 0.797008 0.362930
v -0.382478 0.807984 0.364029
v -0.388740 0.799328 0.358729
v -0.374823 0.807557 0.360084
v -0.379272 0.800770 0.356012
v -0.361655 0.808476 0.361550
v -0.369353 0.801144 0.354897
v -0.351243 0.807605 0.364807
v -0.359548 0.800640 0.355519
v -0.345520 0.805153 0.364658
v -0.350096 0.799674 0.358022
v -0.341272 0.797699 0.362052
v -0.333888 0.802404 0.374958
v -0.333492 0.795004 0.367551
v -0.325706 0.796632 0.382044
v -0.327057 0.791693 0.374306
v -0.321763 0.792782 0.394915
v -0.322195 0.787959 0.382150
v -0.321435 0.816720 0.248043
v -0.326305 0.810925 0.259866
v -0.339181 0.804258 0.273467
v -0.356874 0.800268 0.281608
v -0.372586 0.799523 0.283129
v -0.386450 0.800494 0.281147
v -0.403818 0.804752 0.272460
v -0.413956 0.810087 0.261575
v -0.419823 0.815700 0.250122
v -0.421428 0.824421 0.232330
v -0.416981 0.831095 0.218713
v -0.409636 0.836361 0.207970
v -0.394052 0.841794 0.196886
v -0.374931 0.844188 0.192001
v -0.355183 0.843179 0.194059
v -0.341178 0.839958 0.200632
v -0.330876 0.835760 0.209197
v -0.323298 0.829657 0.221648
v -0.320032 0.823647 0.233909
v -0.321722 0.846296 0.262776
v -0.324012 0.851956 0.269169
v -0.329725 0.850137 0.278026
v -0.324975 0.842181 0.271173
v -0.331069 0.845981 0.281302
v -0.329946 0.838285 0.278714
v -0.342073 0.844071 0.290404
v -0.341322 0.841423 0.290993
v -0.336468 0.835263 0.285413
v -0.344351 0.832627 0.290792
v -0.358619 0.840423 0.297847
v -0.358210 0.837711 0.298233
v -0.353303 0.830800 0.294743
v -0.362967 0.829551 0.296942
v -0.377931 0.839996 0.298717
v -0.372524 0.837032 0.299560
v -0.372850 0.829298 0.297457
v -0.385905 0.837997 0.297648
v -0.382656 0.829900 0.296230
v -0.394580 0.842605 0.293393
v -0.392006 0.831331 0.293309
v -0.399429 0.841081 0.291301
v -0.400493 0.833358 0.288766
v -0.406501 0.845893 0.285268
v -0.407838 0.836439 0.283013
v -0.413020 0.851113 0.276036
v -0.415341 0.849408 0.274367
v -0.413828 0.839908 0.275935
v -0.420059 0.844022 0.263088
v -0.417422 0.857288 0.263433
v -0.419820 0.857230 0.258410
v -0.417820 0.864332 0.248610
v -0.421277 0.852502 0.250466
v -0.419912 0.856717 0.241515
v -0.414880 0.868531 0.239082
v -0.416658 0.860833 0.233118
v -0.405848 0.874698 0.227915
v -0.408284 0.872615 0.227019
v -0.411644 0.864590 0.225454
v -0.405060 0.867844 0.218814
v -0.387509 0.880281 0.216534
v -0.392511 0.878064 0.215904
v -0.397220 0.870297 0.213403
v -0.388383 0.872395 0.209654
v -0.373492 0.880292 0.211685
v -0.378753 0.873594 0.207433
v -0.362865 0.881265 0.214113
v -0.368783 0.873716 0.206834
v -0.358977 0.873114 0.208061
v -0.351594 0.879463 0.216777
v -0.349627 0.871683 0.210982
v -0.339519 0.876268 0.224710
v -0.342204 0.876068 0.219918
v -0.341140 0.869334 0.215367
v -0.332083 0.871988 0.228629
v -0.333760 0.866744 0.221409
v -0.330664 0.871565 0.234304
v -0.327730 0.863101 0.228490
v -0.324777 0.865634 0.246408
v -0.324943 0.866123 0.240207
v -0.323435 0.859046 0.236357
v -0.321813 0.859964 0.252832
v -0.320946 0.855139 0.245087
v -0.323886 0.857867 0.262258
v -0.320355 0.850612 0.253971
v -0.264271 0.872144 0.134965
v -0.280542 0.867117 0.145221
v -0.299946 0.865212 0.149106
v -0.319528 0.866721 0.146028
v -0.333087 0.870294 0.138739
v -0.342820 0.874747 0.129654
v -0.349585 0.881032 0.116830
v -0.352057 0.887114 0.104421
v -0.349746 0.893995 0.090383
v -0.344124 0.899656 0.078832
v -0.330394 0.905984 0.065922
v -0.316112 0.908961 0.059848
v -0.302292 0.910049 0.057628
v -0.286659 0.909032 0.059703
v -0.273795 0.906558 0.064751
v -0.259418 0.900515 0.077080
v -0.251389 0.892511 0.093411
v -0.250605 0.885564 0.107583
v -0.253610 0.879529 0.119898
v -0.267994 0.911491 0.152852
v -0.273277 0.906736 0.157734
v -0.268967 0.900211 0.152904
v -0.282759 0.907214 0.161573
v -0.277233 0.897858 0.157928
v -0.290954 0.903038 0.164637
v -0.291202 0.897182 0.163241
v -0.296233 0.905753 0.164553
v -0.310361 0.905088 0.164659
v -0.305976 0.895318 0.163112
v -0.315775 0.896031 0.161306
v -0.326550 0.908809 0.158323
v -0.328521 0.906233 0.158119
v -0.329485 0.900454 0.156303
v -0.338003 0.912482 0.149637
v -0.340096 0.903309 0.146808
v -0.343853 0.916259 0.142214
v -0.345656 0.906822 0.139290
v -0.349211 0.919679 0.130690
v -0.349445 0.910847 0.131077
v -0.348085 0.924273 0.126768
v -0.351378 0.915120 0.122359
v -0.347609 0.930378 0.114316
v -0.349489 0.928505 0.112993
v -0.350683 0.923333 0.109568
v -0.343515 0.935796 0.102071
v -0.345698 0.927880 0.096676
v -0.335414 0.940839 0.092973
v -0.335963 0.939614 0.090013
v -0.336846 0.934962 0.086764
v -0.323606 0.944697 0.085097
v -0.320158 0.944311 0.080744
v -0.325005 0.937021 0.078027
v -0.309810 0.946943 0.080521
v -0.315783 0.938570 0.074515
v -0.302251 0.946028 0.077239
v -0.306073 0.939421 0.072780
v -0.289597 0.946696 0.080651
v -0.296173 0.939421 0.072780
v -0.286463 0.938571 0.074513
v -0.278637 0.944544 0.083796
v -0.277371 0.936759 0.077803
v -0.268368 0.941519 0.091587
v -0.266306 0.939743 0.090392
v -0.269195 0.934573 0.082795
v -0.262142 0.931570 0.089147
v -0.258997 0.936339 0.101835
v -0.256607 0.927646 0.096396
v -0.254834 0.930967 0.113115
v -0.252776 0.928357 0.113292
v -0.252835 0.923865 0.104643
v -0.250875 0.919594 0.113357
v -0.253851 0.921519 0.131257
v -0.250846 0.915237 0.122246
v -0.252749 0.910961 0.130971
v -0.259354 0.916727 0.142162
v -0.260373 0.912125 0.146102
v -0.259127 0.906880 0.144115
v -0.165087 0.911372 0.054930
v -0.184955 0.911676 0.054310
v -0.203046 0.915303 0.046909
v -0.214128 0.920261 0.036793
v -0.221005 0.925648 0.025803
v -0.224203 0.934284 0.008184
v -0.219649 0.942800 -0.009192
v -0.210762 0.948552 -0.020926
v -0.200100 0.952571 -0.029126
v -0.181479 0.955636 -0.035380
v -0.161611 0.955332 -0.034759
v -0.143520 0.951704 -0.027358
v -0.129960 0.945306 -0.014305
v -0.122996 0.937111 0.002415
v -0.123687 0.928367 0.020256
v -0.131929 0.920405 0.036500
v -0.146467 0.914437 0.048677
v -0.152023 0.942849 0.065379
v -0.152486 0.950726 0.067597
v -0.166486 0.951673 0.070867
v -0.166655 0.948960 0.071591
v -0.161296 0.941632 0.068394
v -0.171097 0.941018 0.069647
v -0.181260 0.950873 0.071084
v -0.180982 0.941257 0.069159
v -0.194444 0.953621 0.066897
v -0.194591 0.950769 0.067609
v -0.195225 0.945158 0.066182
v -0.209074 0.958606 0.056725
v -0.209461 0.955802 0.057628
v -0.211242 0.949869 0.055070
v -0.219552 0.967269 0.039055
v -0.219343 0.962681 0.043262
v -0.219121 0.953845 0.043352
v -0.222376 0.957960 0.034956
v -0.222480 0.971398 0.025480
v -0.223744 0.962275 0.026152
v -0.219329 0.977445 0.018291
v -0.223189 0.966436 0.017255
v -0.217389 0.979861 0.008540
v -0.220711 0.970944 0.008816
v -0.211224 0.984766 0.003351
v -0.216375 0.974765 0.000669
v -0.206308 0.986324 -0.004931
v -0.210409 0.978242 -0.006425
v -0.198242 0.990045 -0.007417
v -0.203016 0.981140 -0.012338
v -0.194080 0.989756 -0.012034
v -0.194543 0.983178 -0.016902
v -0.184779 0.992307 -0.013225
v -0.185216 0.984908 -0.019675
v -0.170799 0.993178 -0.013812
v -0.171286 0.991782 -0.016418
v -0.170415 0.987352 -0.020022
v -0.152900 0.991108 -0.009587
v -0.152076 0.989835 -0.012135
v -0.151170 0.984938 -0.015639
v -0.137980 0.986290 0.000244
v -0.140276 0.986166 -0.004708
v -0.139152 0.979606 -0.009082
v -0.130701 0.980998 0.005585
v -0.132546 0.976361 -0.002460
v -0.128649 0.979255 0.014595
v -0.127506 0.972610 0.005191
v -0.125737 0.975411 0.017234
v -0.124224 0.968499 0.013578
v -0.125840 0.971205 0.031020
v -0.124249 0.969134 0.030098
v -0.122824 0.963457 0.027985
v -0.130545 0.963328 0.047092
v -0.128817 0.960931 0.046836
v -0.127787 0.955209 0.044929
v -0.138399 0.958290 0.057364
v -0.140426 0.954205 0.060557
v -0.136101 0.948274 0.055067
v -0.149754 0.954179 0.065760
v -0.143550 0.945208 0.060973
v -0.027336 0.928807 0.019357
v -0.041505 0.931887 0.013074
v -0.052023 0.935980 0.004724
v -0.061492 0.943673 -0.010972
v -0.063551 0.952375 -0.028727
v -0.057886 0.960762 -0.045838
v -0.045361 0.967556 -0.059701
v -0.027881 0.971724 -0.068204
v -0.008107 0.972630 -0.070053
v 0.010949 0.970137 -0.064966
v 0.023481 0.965900 -0.056322
v 0.031982 0.960983 -0.046289
v 0.037054 0.954396 -0.032850
v 0.037915 0.948229 -0.020267
v 0.033817 0.941512 -0.006563
v 0.026748 0.936173 0.004329
v 0.011451 0.930585 0.015730
v -0.007541 0.927998 0.021008
v -0.018855 0.968395 0.036753
v -0.017365 0.965511 0.037488
v -0.018782 0.959547 0.035942
v -0.031408 0.969991 0.033492
v -0.035757 0.967918 0.032579
v -0.037687 0.961818 0.030248
v -0.043970 0.973360 0.026623
v -0.047860 0.971981 0.024232
v -0.049102 0.964347 0.021517
v -0.055281 0.979805 0.013474
v -0.056170 0.977072 0.014231
v -0.055238 0.968053 0.014714
v -0.059804 0.971824 0.006670
v -0.059992 0.987302 -0.001821
v -0.060963 0.983087 0.001572
v -0.062508 0.975825 -0.001901
v -0.061622 0.989437 -0.011325
v -0.063310 0.980458 -0.010595
v -0.057160 0.996985 -0.021820
v -0.062171 0.984686 -0.019572
v -0.059134 0.988833 -0.028033
v -0.050561 1.000961 -0.034795
v -0.051312 0.996389 -0.038369
v -0.043106 1.005156 -0.038247
v -0.035617 1.006261 -0.045608
v -0.035683 1.001619 -0.049547
v -0.030365 1.008388 -0.044848
v -0.017730 1.009855 -0.047836
v -0.016775 1.008564 -0.050661
v -0.016760 1.003926 -0.054329
v 0.001515 1.009030 -0.046155
v 0.002577 1.007511 -0.048509
v 0.002593 1.002981 -0.052279
v 0.018433 1.004770 -0.038731
v 0.015889 0.998396 -0.047192
v 0.023507 0.995414 -0.041460
v 0.026754 1.000433 -0.028617
v 0.030421 0.997371 -0.027513
v 0.029654 0.991998 -0.034491
v 0.032948 0.994564 -0.016637
v 0.034168 0.988121 -0.026579
v 0.036094 0.989304 -0.011054
v 0.036877 0.983930 -0.018029
v 0.033813 0.984760 0.003368
v 0.037677 0.979587 -0.009168
v 0.034173 0.980849 0.006531
v 0.035260 0.974465 0.004920
v 0.027267 0.976856 0.018072
v 0.028680 0.967305 0.015890
v 0.016781 0.972830 0.027703
v 0.017978 0.970139 0.028049
v 0.018542 0.964561 0.026618
v 0.000429 0.969016 0.035484
v 0.000873 0.966309 0.035862
v 0.005829 0.959366 0.032212
v -0.003740 0.958248 0.034719
v 0.121926 0.915476 0.046557
v 0.107237 0.921372 0.034527
v 0.098793 0.929293 0.018366
v 0.097880 0.938033 0.000534
v 0.102853 0.944635 -0.012935
v 0.110611 0.949785 -0.023442
v 0.123080 0.954058 -0.032160
v 0.136031 0.956443 -0.037026
v 0.155890 0.956845 -0.037846
v 0.174587 0.953871 -0.031780
v 0.189275 0.947975 -0.019750
v 0.197719 0.940054 -0.003589
v 0.198864 0.933117 0.010564
v 0.196175 0.927053 0.022936
v 0.188371 0.921005 0.035276
v 0.178479 0.916620 0.044221
v 0.160482 0.912904 0.051803
v 0.140622 0.912502 0.052623
v 0.118914 0.956316 0.060205
v 0.117197 0.946959 0.057752
v 0.109649 0.961401 0.051019
v 0.108430 0.958887 0.051339
v 0.109965 0.949852 0.051499
v 0.104277 0.953418 0.044223
v 0.102220 0.968460 0.036620
v 0.101812 0.964570 0.039351
v 0.100293 0.957215 0.036069
v 0.099175 0.970820 0.026659
v 0.097704 0.965634 0.023550
v 0.101152 0.974914 0.023447
v 0.104249 0.981245 0.010537
v 0.102094 0.978921 0.009818
v 0.101175 0.974045 0.006060
v 0.114360 0.988064 -0.003378
v 0.112291 0.986257 -0.004509
v 0.108402 0.978045 -0.005897
v 0.115264 0.981308 -0.012330
v 0.128900 0.992486 -0.012400
v 0.128118 0.991222 -0.014965
v 0.123431 0.983700 -0.017560
v 0.132424 0.985293 -0.021216
v 0.142205 0.993923 -0.016523
v 0.142063 0.986540 -0.023003
v 0.157001 0.993981 -0.015449
v 0.151670 0.992913 -0.018475
v 0.152048 0.986508 -0.023289
v 0.165249 0.991638 -0.016123
v 0.166530 0.987003 -0.019455
v 0.177433 0.990055 -0.007437
v 0.182088 0.987195 -0.006750
v 0.183164 0.982150 -0.010045
v 0.189251 0.983779 0.005360
v 0.193068 0.980268 0.007383
v 0.192164 0.975374 -0.000448
v 0.194664 0.977762 0.017642
v 0.196202 0.971459 0.007766
v 0.196840 0.974132 0.019843
v 0.198386 0.966899 0.016311
v 0.194940 0.969984 0.033509
v 0.196644 0.967763 0.033230
v 0.198626 0.962788 0.025232
v 0.196946 0.958493 0.033993
v 0.191033 0.963816 0.045421
v 0.193367 0.954494 0.042377
v 0.182676 0.959155 0.055601
v 0.186982 0.958216 0.052317
v 0.188067 0.950502 0.049764
v 0.176317 0.953845 0.061619
v 0.181249 0.947657 0.056328
v 0.166358 0.953783 0.066158
v 0.173082 0.944988 0.061422
v 0.164025 0.943228 0.065012
v 0.150435 0.952618 0.068940
v 0.149368 0.949620 0.069598
v 0.149366 0.944073 0.068257
v 0.132140 0.953839 0.066451
v 0.129933 0.951349 0.066384
v 0.129904 0.945547 0.065157
v 0.237653 0.876086 0.126922
v 0.230497 0.881402 0.116076
v 0.227186 0.888202 0.102201
v 0.227947 0.894372 0.089614
v 0.233778 0.900836 0.076425
v 0.242199 0.905780 0.066339
v 0.255208 0.909729 0.058282
v 0.268450 0.911781 0.054096
v 0.288329 0.911677 0.054307
v 0.306604 0.908233 0.061334
v 0.317942 0.903388 0.071218
v 0.325098 0.898072 0.082065
v 0.328409 0.891271 0.095939
v 0.327648 0.885102 0.108527
v 0.319824 0.877059 0.124937
v 0.305600 0.870945 0.137410
v 0.287145 0.867693 0.144045
v 0.267266 0.867797 0.143833
v 0.248991 0.871241 0.136807
v 0.237756 0.905912 0.141271
v 0.235672 0.915330 0.139871
v 0.233773 0.920772 0.133913
v 0.230289 0.909899 0.129349
v 0.229379 0.922906 0.124415
v 0.230312 0.929147 0.116832
v 0.227397 0.917999 0.116485
v 0.229683 0.930970 0.107961
v 0.227741 0.922354 0.107601
v 0.234603 0.937068 0.100666
v 0.230009 0.926595 0.098948
v 0.235302 0.937189 0.095216
v 0.234113 0.930560 0.090858
v 0.241041 0.941607 0.089988
v 0.239897 0.934097 0.083643
v 0.251920 0.946021 0.082402
v 0.247854 0.943531 0.082277
v 0.247081 0.936893 0.077531
v 0.260761 0.946881 0.075828
v 0.255477 0.939482 0.073006
v 0.269098 0.949048 0.076225
v 0.264827 0.940888 0.069786
v 0.278667 0.948030 0.072847
v 0.279701 0.943384 0.069111
v 0.283805 0.949142 0.076029
v 0.297195 0.947541 0.079299
v 0.297979 0.946277 0.076734
v 0.298760 0.941406 0.073182
v 0.312363 0.942875 0.088821
v 0.313995 0.941047 0.087093
v 0.314873 0.936244 0.083526
v 0.322058 0.935936 0.102975
v 0.321650 0.936072 0.097495
v 0.323074 0.929303 0.093549
v 0.326216 0.930088 0.109761
v 0.327792 0.924251 0.107216
v 0.325284 0.927917 0.119338
v 0.325912 0.922023 0.126215
v 0.327854 0.916460 0.119625
v 0.320992 0.919994 0.135503
v 0.325586 0.912219 0.128278
v 0.320293 0.915759 0.138938
v 0.321520 0.908116 0.136241
v 0.313839 0.914447 0.146145
v 0.315753 0.904887 0.143589
v 0.302265 0.910654 0.154561
v 0.307741 0.909418 0.151877
v 0.308514 0.901600 0.149537
v 0.295638 0.906507 0.158201
v 0.295354 0.900245 0.157021
v 0.285667 0.907980 0.160012
v 0.276350 0.904825 0.161306
v 0.276005 0.898948 0.159834
v 0.267996 0.908112 0.159747
v 0.256868 0.906911 0.157046
v 0.256772 0.901147 0.155836
v 0.254325 0.910497 0.154874
v 0.244768 0.913129 0.149053
v 0.244529 0.902735 0.147755
vn 0.1906 -0.3647 -0.9114
vn 0.4253 -0.4184 -0.8025
vn 0.5981 -0.5079 -0.6199
vn 0.6774 -0.6179 -0.3992
vn 0.6640 -0.7157 -0.2164
vn 0.6062 -0.7942 -0.0407
vn 0.4413 -0.8849 0.1490
vn 0.2098 -0.9413 0.2645
vn -0.0581 -0.9548 0.2915
vn -0.3153 -0.9219 0.2254
vn -0.5240 -0.8484 0.0753
vn -0.6529 -0.7454 -0.1348
vn -0.6824 -0.6300 -0.3707
vn -0.6082 -0.5200 -0.5997
vn -0.4782 -0.4528 -0.7525
vn -0.3216 -0.3912 -0.8623
vn -0.0778 -0.3544 -0.9319
vn 0.0516 0.9973 -0.0531
vn 0.0044 0.5358 -0.8444
vn -0.0241 0.7838 -0.6205
vn 0.2547 0.7932 -0.5531
vn 0.1840 0.5212 -0.8333
vn 0.2337 0.9720 -0.0226
vn 0.3922 0.4915 -0.7775
vn 0.5234 0.7110 -0.4697
vn 0.5607 0.4548 -0.6919
vn 0.3385 0.9285 0.1526
vn 0.6975 0.6470 -0.3079
vn 0.7819 0.3805 -0.4939
vn 0.4361 0.8624 0.2570
vn 0.8739 0.4830 -0.0555
vn 0.9523 0.2353 -0.1942
vn 0.4495 0.8143 0.3673
vn 0.8881 0.3729 0.2687
vn 0.9857 0.0701 0.1533
vn 0.5466 0.6359 0.5448
vn 0.9127 -0.0609 0.4041
vn 0.3329 0.6784 0.6549
vn 0.6928 0.1406 0.7073
vn 0.7622 -0.1425 0.6315
vn 0.2153 0.6209 0.7537
vn 0.4272 0.0252 0.9038
vn 0.5699 -0.2664 0.7774
vn 0.3591 -0.3158 0.8782
vn 0.0583 0.6180 0.7840
vn 0.1000 -0.0050 0.9950
vn 0.0908 -0.3058 0.9477
vn -0.1145 0.4647 0.8780
vn -0.1858 -0.3177 0.9298
vn -0.2320 0.6286 0.7423
vn -0.4265 0.0067 0.9045
vn -0.3647 -0.3115 0.8775
vn -0.5680 -0.2606 0.7807
vn -0.3549 0.6680 0.6541
vn -0.7033 0.1173 0.7012
vn -0.6898 -0.2194 0.6900
vn -0.8382 -0.1411 0.5269
vn -0.4159 0.7363 0.5338
vn -0.8603 0.2920 0.4178
vn -0.9116 -0.0718 0.4048
vn -0.9784 0.0075 0.2065
vn -0.4972 0.8001 0.3356
vn -0.9000 0.3803 0.2130
vn -0.9947 0.0959 0.0362
vn -0.8285 0.5599 -0.0092
vn -0.9446 0.2516 -0.2106
vn -0.4952 0.8651 0.0803
vn -0.8298 0.3569 -0.4290
vn -0.2983 0.9513 0.0776
vn -0.5661 0.6784 -0.4684
vn -0.7115 0.4033 -0.5754
vn -0.4653 0.4638 -0.7539
vn -0.1332 0.9910 0.0164
vn -0.2679 0.7659 -0.5845
vn -0.1985 0.5200 -0.8308
vn 0.4042 -0.4249 -0.8100
vn 0.5470 -0.4804 -0.6856
vn 0.6361 -0.5637 -0.5269
vn 0.6812 -0.6434 -0.3494
vn 0.6475 -0.7514 -0.1266
vn 0.5452 -0.8377 0.0324
vn 0.4072 -0.8974 0.1700
vn 0.1689 -0.9464 0.2754
vn -0.0930 -0.9537 0.2862
vn -0.2907 -0.9307 0.2219
vn -0.4624 -0.8773 0.1283
vn -0.6144 -0.7872 -0.0533
vn -0.6678 -0.7052 -0.2382
vn -0.6738 -0.6101 -0.4170
vn -0.5889 -0.5002 -0.6348
vn -0.4101 -0.4128 -0.8133
vn -0.1730 -0.3650 -0.9148
vn 0.0357 -0.3661 -0.9299
vn 0.2305 -0.3766 -0.8972
vn 0.2710 0.9621 -0.0316
vn 0.4450 0.4912 -0.7488
vn 0.5898 0.7100 -0.3848
vn 0.5874 0.4471 -0.6746
vn 0.3939 0.9114 0.1194
vn 0.7509 0.3799 -0.5402
vn 0.7895 0.5790 -0.2034
vn 0.8564 0.3230 -0.4029
vn 0.4314 0.8491 0.3048
vn 0.8791 0.4766 0.0065
vn 0.9371 0.2352 -0.2578
vn 0.9886 0.1419 -0.0496
vn 0.4587 0.7642 0.4533
vn 0.9002 0.3082 0.3076
vn 0.9758 0.0443 0.2142
vn 0.4203 0.7246 0.5461
vn 0.7565 0.2111 0.6189
vn 0.8417 -0.1122 0.5281
vn 0.3993 0.5426 0.7390
vn 0.6608 -0.2069 0.7215
vn 0.1905 0.6328 0.7505
vn 0.3775 0.0246 0.9257
vn 0.5142 -0.2725 0.8133
vn 0.3217 -0.3274 0.8884
vn 0.0141 0.5504 0.8348
vn 0.1495 0.0007 0.9888
vn 0.1317 -0.3351 0.9329
vn -0.1430 0.0527 0.9883
vn -0.0474 -0.3449 0.9374
vn -0.1605 0.5939 0.7884
vn -0.2581 -0.3335 0.9068
vn -0.4086 0.0500 0.9113
vn -0.4364 -0.2920 0.8510
vn -0.4170 0.5178 0.7470
vn -0.6007 -0.2405 0.7624
vn -0.7476 -0.1730 0.6412
vn -0.3772 0.7368 0.5611
vn -0.8099 0.2140 0.5461
vn -0.8463 -0.1280 0.5170
vn -0.9433 -0.0393 0.3296
vn -0.5951 0.6782 0.4312
vn -0.9825 0.0518 0.1790
vn -0.4167 0.8459 0.3329
vn -0.8918 0.4491 0.0553
vn -0.9933 0.1155 0.0058
vn -0.9552 0.2234 -0.1940
vn -0.5174 0.8535 0.0622
vn -0.8967 0.3026 -0.3229
vn -0.7845 0.3792 -0.4908
vn -0.3239 0.9413 0.0955
vn -0.5299 0.7201 -0.4479
vn -0.6757 0.4222 -0.6043
vn -0.2085 0.9780 0.0034
vn -0.4924 0.4675 -0.7341
vn -0.2902 0.7576 -0.5847
vn -0.3277 0.5132 -0.7932
vn -0.0828 0.9823 -0.1677
vn -0.1372 0.5411 -0.8297
vn 0.0839 0.9958 -0.0375
vn 0.0413 0.7807 -0.6236
vn 0.0539 0.5350 -0.8431
vn 0.3035 0.7871 -0.5369
vn 0.2479 0.5106 -0.8233
vn 0.6334 -0.5408 -0.5535
vn 0.6849 -0.6558 -0.3177
vn 0.6324 -0.7700 -0.0851
vn 0.4839 -0.8681 0.1107
vn 0.3106 -0.9263 0.2131
vn 0.1214 -0.9521 0.2808
vn -0.1368 -0.9496 0.2819
vn -0.3832 -0.9041 0.1891
vn -0.5713 -0.8205 0.0185
vn -0.6724 -0.7116 -0.2038
vn -0.6702 -0.5978 -0.4399
vn -0.5904 -0.5184 -0.6187
vn -0.4742 -0.4401 -0.7625
vn -0.2638 -0.3759 -0.8883
vn 0.0001 -0.3532 -0.9355
vn 0.2646 -0.3769 -0.8877
vn 0.4843 -0.4415 -0.7553
vn 0.3742 0.9033 0.2096
vn 0.7290 0.6316 -0.2638
vn 0.8355 0.3559 -0.4187
vn 0.4861 0.8186 0.3058
vn 0.8642 0.4997 -0.0593
vn 0.9546 0.2183 -0.2026
vn 0.9005 0.3779 0.2150
vn 0.9907 0.1308 -0.0381
vn 0.4529 0.7688 0.4515
vn 0.9845 0.0386 0.1711
vn 0.5509 0.6411 0.5344
vn 0.9411 -0.0229 0.3375
vn 0.7120 0.2174 0.6676
vn 0.8120 -0.1212 0.5709
vn 0.3627 0.6022 0.7112
vn 0.4857 0.0759 0.8708
vn 0.6359 -0.2429 0.7325
vn 0.1817 0.6154 0.7670
vn 0.4419 -0.2955 0.8470
vn 0.0810 0.5909 0.8026
vn 0.1608 -0.0371 0.9863
vn 0.2825 -0.3218 0.9037
vn 0.0598 -0.3429 0.9375
vn -0.0824 0.6106 0.7876
vn -0.1981 -0.0021 0.9802
vn -0.0963 -0.3363 0.9368
vn -0.3164 -0.3306 0.8892
vn -0.2808 0.6081 0.7426
vn -0.4197 0.0392 0.9068
vn -0.4813 -0.2833 0.8295
vn -0.6405 0.1321 0.7565
vn -0.6426 -0.2439 0.7264
vn -0.3548 0.6991 0.6208
vn -0.7829 -0.1811 0.5952
vn -0.4617 0.7040 0.5396
vn -0.8031 0.1748 0.5697
vn -0.8869 -0.0982 0.4515
vn -0.8718 0.3565 0.3359
vn -0.9537 -0.0328 0.2990
vn -0.5251 0.7693 0.3639
vn -0.9927 0.0658 0.1006
vn -0.8748 0.4841 0.0186
vn -0.9891 0.1420 -0.0398
vn -0.4227 0.8736 0.2411
vn -0.9418 0.2356 -0.2398
vn -0.3737 0.9116 0.1712
vn -0.7410 0.6052 -0.2909
vn -0.8722 0.3059 -0.3818
vn -0.6854 0.4034 -0.6062
vn -0.3278 0.9375 -0.1168
vn -0.4468 0.4975 -0.7436
vn -0.0641 0.9979 0.0030
vn -0.1704 0.7833 -0.5979
vn -0.1582 0.5553 -0.8165
vn 0.0695 0.9976 -0.0034
vn 0.2030 0.7786 -0.5938
vn 0.2104 0.5536 -0.8057
vn 0.3500 0.9312 -0.1013
vn 0.4714 0.4924 -0.7316
vn 0.6570 0.4307 -0.6188
vn 0.6749 -0.6553 -0.3393
vn 0.6573 -0.7360 -0.1622
vn 0.5730 -0.8195 -0.0039
vn 0.4514 -0.8822 0.1341
vn 0.2833 -0.9322 0.2254
vn 0.0901 -0.9541 0.2857
vn -0.1753 -0.9457 0.2739
vn -0.4154 -0.8939 0.1683
vn -0.5881 -0.8087 -0.0094
vn -0.6578 -0.7288 -0.1900
vn -0.6801 -0.6341 -0.3680
vn -0.6154 -0.5254 -0.5876
vn -0.4902 -0.4586 -0.7412
vn -0.3384 -0.3986 -0.8524
vn -0.1501 -0.3731 -0.9156
vn 0.0462 -0.3596 -0.9320
vn 0.2405 -0.3853 -0.8909
vn 0.4153 -0.4212 -0.8063
vn 0.5503 -0.4908 -0.6755
vn 0.6447 -0.5628 -0.5173
vn 0.9680 0.2096 -0.1383
vn 0.8878 0.3880 0.2474
vn 0.9942 0.1054 0.0199
vn 0.4423 0.7540 0.4857
vn 0.9604 -0.0387 0.2758
vn 0.3916 0.7047 0.5916
vn 0.8344 0.1906 0.5172
vn 0.8403 -0.1479 0.5215
vn 0.3180 0.6211 0.7163
vn 0.6735 0.1115 0.7308
vn 0.7093 -0.2094 0.6730
vn 0.4366 0.0578 0.8978
vn 0.4734 -0.2691 0.8387
vn 0.1564 0.6139 0.7737
vn 0.0320 0.5917 0.8055
vn 0.1324 -0.0341 0.9906
vn 0.2335 -0.3318 0.9140
vn 0.0058 -0.3353 0.9421
vn -0.1244 0.6017 0.7890
vn -0.2456 -0.0163 0.9692
vn -0.1531 -0.3362 0.9293
vn -0.3789 -0.3097 0.8721
vn -0.2610 0.6318 0.7298
vn -0.5828 0.0763 0.8090
vn -0.5175 -0.2727 0.8111
vn -0.6997 -0.2158 0.6811
vn -0.3807 0.7106 0.5917
vn -0.7802 0.1966 0.5938
vn -0.8044 -0.1597 0.5722
vn -0.9130 -0.0812 0.3999
vn -0.4861 0.7585 0.4340
vn -0.8753 0.2900 0.3869
vn -0.9702 0.0011 0.2422
vn -0.8897 0.4355 0.1372
vn -0.9942 0.0820 0.0693
vn -0.4366 0.8494 0.2964
vn -0.9762 0.1796 -0.1217
vn -0.3861 0.9017 0.1945
vn -0.8289 0.5364 -0.1592
vn -0.9331 0.2457 -0.2626
vn -0.8348 0.3296 -0.4410
vn -0.3176 0.9473 0.0425
vn -0.6737 0.6493 -0.3530
vn -0.7205 0.3989 -0.5672
vn -0.4310 0.7573 -0.4906
vn -0.5762 0.4405 -0.6885
vn -0.1606 0.9844 -0.0724
vn -0.3882 0.5004 -0.7739
vn -0.1024 0.8288 -0.5501
vn -0.2293 0.5230 -0.8209
vn 0.0931 0.9776 -0.1885
vn -0.0087 0.5352 -0.8447
vn 0.1750 0.9811 -0.0829
vn 0.1726 0.5432 -0.8217
vn 0.4352 0.7484 -0.5005
vn 0.3445 0.5098 -0.7883
vn 0.5501 0.4674 -0.6921
vn 0.4154 0.9096 -0.0096
vn 0.6845 0.4356 -0.5845
vn 0.7485 0.6454 -0.1527
vn 0.8058 0.3528 -0.4756
vn 0.5707 0.7864 0.2365
vn 0.9153 0.2723 -0.2968
vn 0.6575 -0.7294 -0.1887
vn 0.5899 -0.8073 -0.0145
vn 0.4226 -0.8915 0.1633
vn 0.1881 -0.9448 0.2682
vn -0.0204 -0.9595 0.2808
vn -0.2206 -0.9407 0.2576
vn -0.4413 -0.8853 0.1467
vn -0.5733 -0.8193 -0.0046
vn -0.6598 -0.7333 -0.1642
vn -0.6792 -0.6224 -0.3890
vn -0.6153 -0.5408 -0.5735
vn -0.5118 -0.4583 -0.7266
vn -0.3093 -0.3853 -0.8694
vn -0.0519 -0.3536 -0.9339
vn 0.2084 -0.3695 -0.9056
vn 0.3915 -0.4209 -0.8183
vn 0.5376 -0.4749 -0.6968
vn 0.6308 -0.5574 -0.5398
vn 0.6785 -0.6373 -0.3653
vn 0.9713 -0.0020 0.2378
vn 0.8389 0.3063 0.4500
vn 0.4429 0.6631 0.6034
vn 0.8999 -0.0937 0.4259
vn 0.7173 0.1475 0.6810
vn 0.8045 -0.1575 0.5727
vn 0.2635 0.6572 0.7062
vn 0.5305 0.0735 0.8445
vn 0.6876 -0.2279 0.6894
vn 0.5077 -0.2796 0.8149
vn 0.1149 0.6205 0.7757
vn 0.2356 0.0114 0.9718
vn 0.3627 -0.3074 0.8797
vn 0.1520 -0.3422 0.9273
vn -0.0700 0.5692 0.8192
vn -0.0030 -0.0061 1.0000
vn -0.0328 -0.3410 0.9395
vn -0.2811 0.0502 0.9584
vn -0.2257 -0.3403 0.9128
vn -0.2312 0.6026 0.7638
vn -0.4245 -0.3061 0.8521
vn -0.5337 0.0617 0.8434
vn -0.5780 -0.2545 0.7754
vn -0.4480 0.5435 0.7099
vn -0.7304 -0.1840 0.6578
vn -0.4116 0.7044 0.5783
vn -0.8443 0.1819 0.5041
vn -0.8417 -0.1362 0.5224
vn -0.9640 -0.0344 0.2636
vn -0.4373 0.7586 0.4829
vn -0.8898 0.3849 0.2452
vn -0.5652 0.7835 0.2581
vn -0.9931 0.1162 0.0170
vn -0.9651 0.2182 -0.1450
vn -0.5504 0.8238 0.1358
vn -0.9048 0.2930 -0.3090
vn -0.2882 0.9496 0.1234
vn -0.6843 0.6526 -0.3254
vn -0.8123 0.3493 -0.4670
vn -0.6637 0.4257 -0.6150
vn -0.1657 0.9819 -0.0918
vn -0.4345 0.7303 -0.5272
vn -0.5403 0.4620 -0.7033
vn -0.3294 0.5101 -0.7945
vn -0.0581 0.8429 -0.5350
vn -0.1754 0.5323 -0.8282
vn 0.1051 0.9829 -0.1514
vn 0.0511 0.5313 -0.8456
vn 0.2241 0.5406 -0.8109
vn 0.2343 0.9617 -0.1422
vn 0.4026 0.5119 -0.7588
vn 0.3163 0.9458 0.0731
vn 0.5209 0.7082 -0.4766
vn 0.5785 0.4531 -0.6783
vn 0.6990 0.6570 -0.2824
vn 0.7254 0.3917 -0.5660
vn 0.3789 0.9004 0.2137
vn 0.8500 0.3197 -0.4187
vn 0.4873 0.8296 0.2725
vn 0.8457 0.5185 -0.1261
vn 0.9306 0.2514 -0.2661
vn 0.8838 0.4393 0.1609
vn 0.9811 0.1653 -0.1007
vn 0.5104 0.7422 0.4344
vn 0.9928 0.0776 0.0909
vn 0.4930 -0.8636 0.1055
vn 0.2762 -0.9302 0.2418
vn 0.0127 -0.9558 0.2936
vn -0.2400 -0.9373 0.2529
vn -0.4165 -0.8963 0.1521
vn -0.5573 -0.8298 0.0283
vn -0.6437 -0.7518 -0.1431
vn -0.6800 -0.6646 -0.3098
vn -0.6500 -0.5827 -0.4878
vn -0.5747 -0.4947 -0.6519
vn -0.3936 -0.4107 -0.8224
vn -0.2026 -0.3794 -0.9028
vn -0.0082 -0.3589 -0.9333
vn 0.1892 -0.3777 -0.9064
vn 0.3757 -0.4062 -0.8330
vn 0.5624 -0.4822 -0.6716
vn 0.6664 -0.5898 -0.4562
vn 0.6722 -0.6886 -0.2721
vn 0.6325 -0.7689 -0.0933
vn 0.3677 0.6028 0.7081
vn 0.4936 0.1068 0.8631
vn 0.6508 -0.2410 0.7200
vn 0.2070 0.5550 0.8057
vn 0.4537 -0.2963 0.8405
vn 0.1846 0.0284 0.9824
vn 0.1899 -0.2935 0.9369
vn 0.0223 0.5837 0.8117
vn -0.1182 0.4458 0.8873
vn -0.0767 -0.3259 0.9423
vn -0.3011 -0.3106 0.9016
vn -0.2225 0.6350 0.7398
vn -0.5004 0.0496 0.8644
vn -0.5564 -0.2306 0.7983
vn -0.4511 0.5582 0.6964
vn -0.7609 -0.1664 0.6271
vn -0.5260 0.6010 0.6018
vn -0.8716 -0.0978 0.4803
vn -0.8717 0.3244 0.3674
vn -0.9476 -0.0463 0.3162
vn -0.4583 0.7898 0.4076
vn -0.9921 0.0623 0.1088
vn -0.4432 0.8332 0.3307
vn -0.8955 0.4432 0.0395
vn -0.9690 0.2144 -0.1224
vn -0.5272 0.8435 0.1026
vn -0.8733 0.3165 -0.3705
vn -0.3307 0.9381 0.1034
vn -0.6351 0.6514 -0.4153
vn -0.7009 0.4369 -0.5638
vn -0.2427 0.9689 0.0477
vn -0.3434 0.7685 -0.5399
vn -0.4945 0.4739 -0.7286
vn -0.1045 0.9911 -0.0829
vn -0.2825 0.5147 -0.8095
vn -0.0105 0.8158 -0.5782
vn -0.1122 0.5316 -0.8395
vn 0.1422 0.9800 -0.1392
vn 0.1063 0.5362 -0.8374
vn 0.2798 0.5353 -0.7969
vn 0.2816 0.9502 -0.1333
vn 0.4631 0.5032 -0.7296
vn 0.2942 0.9501 0.1042
vn 0.6506 0.6505 -0.3919
vn 0.6197 0.4410 -0.6492
vn 0.7714 0.3763 -0.5131
vn 0.5175 0.8490 0.1068
vn 0.8751 0.3197 -0.3633
vn 0.4351 0.8478 0.3031
vn 0.8936 0.4455 0.0549
vn 0.9435 0.2387 -0.2300
vn 0.9896 0.1413 -0.0249
vn 0.5982 0.6541 0.4629
vn 0.9888 0.0738 0.1297
vn 0.9444 -0.0289 0.3276
vn 0.4257 0.7009 0.5723
vn 0.7374 0.1878 0.6488
vn 0.8248 -0.1073 0.5551
vn 0.1069 -0.9520 0.2868
vn -0.1572 -0.9477 0.2777
vn -0.3926 -0.9018 0.1804
vn -0.5367 -0.8427 0.0425
vn -0.6410 -0.7594 -0.1114
vn -0.6844 -0.6422 -0.3452
vn -0.6220 -0.5316 -0.5748
vn -0.5006 -0.4636 -0.7311
vn -0.3487 -0.3987 -0.8482
vn -0.1095 -0.3570 -0.9277
vn 0.1569 -0.3612 -0.9192
vn 0.4021 -0.4110 -0.8182
vn 0.5840 -0.4968 -0.6420
vn 0.6758 -0.6061 -0.4194
vn 0.6663 -0.7237 -0.1799
vn 0.5538 -0.8317 0.0403
vn 0.3577 -0.9113 0.2038
vn 0.4181 -0.2984 0.8580
vn 0.3622 0.0202 0.9319
vn 0.0732 0.6357 0.7685
vn 0.1206 0.0031 0.9927
vn 0.2506 -0.3351 0.9082
vn 0.0274 -0.3406 0.9398
vn -0.0983 0.4571 0.8840
vn -0.1572 -0.3234 0.9331
vn -0.2134 0.6429 0.7356
vn -0.3972 0.0288 0.9173
vn -0.4401 -0.2706 0.8562
vn -0.3365 0.6921 0.6386
vn -0.6456 0.1330 0.7520
vn -0.7420 -0.1729 0.6477
vn -0.5446 0.6970 0.4665
vn -0.8313 0.2337 0.5043
vn -0.8932 -0.0990 0.4386
vn -0.9691 0.0031 0.2466
vn -0.8630 0.4685 0.1889
vn -0.9921 0.0682 0.1055
vn -0.5291 0.8122 0.2457
vn -0.9799 0.1691 -0.1059
vn -0.7872 0.6024 -0.1317
vn -0.9397 0.2440 -0.2396
vn -0.4137 0.9049 0.1001
vn -0.8436 0.3300 -0.4236
vn -0.5967 0.7092 -0.3754
vn -0.7439 0.3839 -0.5470
vn -0.2608 0.9653 0.0156
vn -0.5797 0.4456 -0.6822
vn -0.3761 0.7450 -0.5510
vn -0.4158 0.4972 -0.7615
vn -0.1358 0.9772 -0.1630
vn -0.2236 0.5313 -0.8171
vn 0.0444 0.9989 -0.0126
vn 0.0407 0.7711 -0.6354
vn 0.0694 0.5575 -0.8273
vn 0.1829 0.9825 0.0357
vn 0.3739 0.7528 -0.5418
vn 0.4199 0.5077 -0.7523
vn 0.3815 0.9211 0.0782
vn 0.5893 0.6889 -0.4221
vn 0.6661 0.4202 -0.6163
vn 0.7667 0.6107 -0.1981
vn 0.7938 0.3530 -0.4953
vn 0.4561 0.8573 0.2387
vn 0.9061 0.2663 -0.3287
vn 0.8841 0.4669 0.0188
vn 0.9680 0.1940 -0.1590
vn 0.4431 0.7924 0.4193
vn 0.8983 0.3672 0.2412
vn 0.9893 0.0781 0.1232
vn 0.4206 0.7072 0.5683
vn 0.8235 0.2000 0.5309
vn 0.8956 -0.0649 0.4400
vn 0.3562 0.6734 0.6478
vn 0.5982 0.1135 0.7933
vn 0.7484 -0.1950 0.6339
vn 0.2491 0.5956 0.7637
vn 0.5865 -0.2646 0.7655
vn -0.1871 -0.9450 0.2681
vn -0.3724 -0.9104 0.1803
vn -0.5284 -0.8464 0.0660
vn -0.6553 -0.7419 -0.1418
vn -0.6817 -0.6248 -0.3807
vn -0.6054 -0.5136 -0.6081
vn -0.4373 -0.4225 -0.7939
vn -0.2023 -0.3667 -0.9081
vn 0.0634 -0.3545 -0.9329
vn 0.3169 -0.3901 -0.8645
vn 0.4805 -0.4542 -0.7502
vn 0.6015 -0.5185 -0.6077
vn 0.6628 -0.6069 -0.4387
vn 0.6771 -0.6865 -0.2650
vn 0.6246 -0.7751 -0.0954
vn 0.5283 -0.8465 0.0658
vn 0.3235 -0.9201 0.2208
vn 0.0706 -0.9542 0.2908
vn -0.0750 0.5819 0.8098
vn -0.0640 -0.0257 0.9976
vn -0.1308 -0.3158 0.9398
vn -0.1533 0.6038 0.7823
vn -0.4113 0.0573 0.9097
vn -0.4829 -0.2730 0.8320
vn -0.3166 0.6163 0.7211
vn -0.6587 0.1186 0.7430
vn -0.7083 -0.2088 0.6743
vn -0.3889 0.7337 0.5572
vn -0.7841 0.2160 0.5818
vn -0.8326 -0.1505 0.5331
vn -0.9252 -0.0703 0.3729
vn -0.4871 0.7673 0.4171
vn -0.8840 0.3001 0.3586
vn -0.9777 0.0205 0.2090
vn -0.8629 0.4900 0.1242
vn -0.9949 0.0916 0.0431
vn -0.5410 0.8271 0.1528
vn -0.9687 0.1962 -0.1521
vn -0.9087 0.2846 -0.3054
vn -0.6670 0.6962 -0.2654
vn -0.7475 0.4089 -0.5234
vn -0.3342 0.9425 0.0081
vn -0.4160 0.7586 -0.5015
vn -0.4471 0.5041 -0.7389
vn -0.1434 0.9896 -0.0088
vn -0.0574 0.9975 -0.0411
vn -0.0599 0.7645 -0.6418
vn -0.0776 0.5502 -0.8314
vn 0.1254 0.9921 -0.0011
vn 0.2887 0.7590 -0.5837
vn 0.2946 0.5434 -0.7861
vn 0.3941 0.9164 -0.0702
vn 0.5457 0.4752 -0.6902
vn 0.7140 0.4125 -0.5657
vn 0.3672 0.9170 0.1561
vn 0.7892 0.5867 -0.1819
vn 0.8255 0.3455 -0.4462
vn 0.5073 0.8271 0.2418
vn 0.9276 0.2571 -0.2710
vn 0.8688 0.4724 0.1481
vn 0.9748 0.1806 -0.1308
vn 0.5186 0.7336 0.4391
vn 0.9935 0.0750 0.0861
vn 0.8488 0.2838 0.4460
vn 0.9395 -0.0157 0.3423
vn 0.4998 0.5705 0.6517
vn 0.8134 -0.1453 0.5632
vn 0.2612 0.6548 0.7092
vn 0.5564 0.0787 0.8272
vn 0.6140 -0.2113 0.7605
vn 0.1275 0.6097 0.7823
vn 0.2523 -0.0012 0.9677
vn 0.3890 -0.3105 0.8673
vn 0.1598 -0.3414 0.9262
vn -0.3562 -0.9119 0.2039
vn -0.5534 -0.8319 0.0418
vn -0.6648 -0.7266 -0.1736
vn -0.6763 -0.6143 -0.4066
vn -0.6090 -0.5346 -0.5859
vn -0.5026 -0.4560 -0.7345
vn -0.3379 -0.4056 -0.8493
vn -0.1520 -0.3641 -0.9189
vn 0.1030 -0.3565 -0.9286
vn 0.3539 -0.3966 -0.8470
vn 0.5528 -0.4770 -0.6833
vn 0.6628 -0.5831 -0.4699
vn 0.6734 -0.6819 -0.2858
vn 0.6373 -0.7628 -0.1093
vn 0.5357 -0.8433 0.0436
vn 0.3948 -0.9014 0.1775
vn 0.1637 -0.9470 0.2763
vn -0.1026 -0.9524 0.2871
vn -0.3631 0.5155 0.7761
vn -0.6021 -0.2366 0.7626
vn -0.3483 0.7151 0.6061
vn -0.7284 0.1623 0.6657
vn -0.7391 -0.1966 0.6443
vn -0.8705 -0.1241 0.4763
vn -0.4786 0.7327 0.4838
vn -0.8513 0.2462 0.4632
vn -0.9464 -0.0416 0.3204
vn -0.8902 0.3982 0.2212
vn -0.9924 0.1087 0.0572
vn -0.4497 0.8272 0.3368
vn -0.4233 0.8774 0.2259
vn -0.8595 0.5028 -0.0925
vn -0.9231 0.2766 -0.2672
vn -0.3164 0.9439 0.0942
vn -0.6742 0.6468 -0.3565
vn -0.7966 0.3571 -0.4877
vn -0.6420 0.4373 -0.6298
vn -0.1931 0.9802 0.0436
vn -0.3807 0.7383 -0.5567
vn -0.5075 0.4707 -0.7217
vn -0.2970 0.5143 -0.8045
vn -0.0799 0.9821 -0.1704
vn -0.1274 0.5451 -0.8286
vn 0.0960 0.9946 -0.0402
vn 0.0546 0.7789 -0.6248
vn 0.0758 0.5313 -0.8438
vn 0.3195 0.7940 -0.5172
vn 0.3757 0.5169 -0.7692
vn 0.3106 0.9501 -0.0302
vn 0.6500 0.6512 -0.3917
vn 0.6776 0.4401 -0.5892
vn 0.3566 0.9171 0.1785
vn 0.8100 0.5725 -0.1266
vn 0.8527 0.3175 -0.4149
vn 0.4796 0.8292 0.2871
vn 0.9446 0.2284 -0.2356
vn 0.8989 0.4247 0.1076
vn 0.9858 0.1553 -0.0635
vn 0.4153 0.7910 0.4493
vn 0.8848 0.3242 0.3347
vn 0.9935 0.0603 0.0965
vn 0.9535 -0.0214 0.3005
vn 0.5233 0.6168 0.5880
vn 0.8902 -0.0766 0.4491
vn 0.3406 0.6390 0.6897
vn 0.7214 0.1350 0.6793
vn 0.7873 -0.1666 0.5936
vn 0.4993 0.1258 0.8573
vn 0.6548 -0.2344 0.7185
vn 0.2050 0.4843 0.8505
vn 0.4792 -0.2893 0.8287
vn 0.3026 -0.3050 0.9030
vn 0.0227 0.5918 0.8058
vn 0.0052 -0.0276 0.9996
vn 0.0156 -0.3063 0.9518
vn -0.1199 0.6181 0.7769
vn -0.3374 0.0263 0.9410
vn -0.3478 -0.2846 0.8933
vn -0.5334 -0.8446 0.0469
vn -0.6348 -0.7661 -0.1008
vn -0.6732 -0.6853 -0.2776
vn -0.6639 -0.5932 -0.4554
vn -0.5871 -0.5163 -0.6236
vn -0.4699 -0.4419 -0.7642
vn -0.3034 -0.3974 -0.8660
vn -0.1163 -0.3612 -0.9252
vn 0.1416 -0.3598 -0.9222
vn 0.3797 -0.4061 -0.8312
vn 0.5269 -0.4770 -0.7034
vn 0.6294 -0.5442 -0.5547
vn 0.6723 -0.6375 -0.3763
vn 0.6666 -0.7207 -0.1905
vn 0.5631 -0.8259 0.0294
vn 0.3734 -0.9071 0.1946
vn 0.1254 -0.9508 0.2834
vn -0.1417 -0.9493 0.2807
vn -0.3843 -0.9045 0.1849
vn -0.7821 -0.1730 0.5986
vn -0.7483 0.2222 0.6250
vn -0.4878 0.6853 0.5408
vn -0.9305 -0.0759 0.3583
vn -0.8711 0.3547 0.3397
vn -0.5364 0.7626 0.3616
vn -0.9923 0.0656 0.1049
vn -0.8619 0.5054 0.0411
vn -0.9872 0.1485 -0.0577
vn -0.4433 0.8686 0.2216
vn -0.9402 0.2345 -0.2470
vn -0.7889 0.5725 -0.2234
vn -0.8623 0.3175 -0.3944
vn -0.4531 0.8915 0.0038
vn -0.7457 0.3937 -0.5374
vn -0.2505 0.9680 0.0149
vn -0.5641 0.6836 -0.4631
vn -0.6079 0.4482 -0.6554
vn -0.3054 0.7927 -0.5275
vn -0.4496 0.4811 -0.7526
vn -0.0919 0.9920 -0.0864
vn -0.2306 0.5169 -0.8244
vn 0.0133 0.8001 -0.5997
vn 0.0504 0.5543 -0.8308
vn 0.0877 0.9960 -0.0166
vn 0.1942 0.9810 0.0027
vn 0.3747 0.7303 -0.5712
vn 0.4123 0.5130 -0.7529
vn 0.3163 0.9423 0.1101
vn 0.6577 0.6616 -0.3602
vn 0.7200 0.4104 -0.5596
vn 0.4581 0.8583 0.2313
vn 0.7998 0.5699 -0.1884
vn 0.8953 0.2830 -0.3440
vn 0.8675 0.4911 0.0788
vn 0.9813 0.1773 -0.0748
vn 0.5359 0.7532 0.3815
vn 0.8628 0.3411 0.3732
vn 0.9886 0.0436 0.1443
vn 0.4452 0.7046 0.5525
vn 0.9390 -0.0549 0.3396
vn 0.7844 0.1766 0.5945
vn 0.8628 -0.1139 0.4925
vn 0.4369 0.5633 0.7013
vn 0.7458 -0.1793 0.6416
vn 0.2471 0.6003 0.7607
vn 0.5603 0.0621 0.8260
vn 0.6026 -0.2531 0.7569
vn 0.3085 0.0704 0.9486
vn 0.3291 -0.2995 0.8955
vn 0.0907 0.5373 0.8385
vn -0.0221 0.0466 0.9987
vn -0.0368 -0.3180 0.9474
vn -0.1210 0.5302 0.8392
vn -0.3734 0.0543 0.9261
vn -0.4017 -0.2698 0.8751
vn -0.2352 0.6362 0.7348
vn -0.3989 0.5390 0.7419
vn -0.6430 -0.2178 0.7343
vt 0.250000 0.481692
vt 0.271790 0.471237
vt 0.316933 0.470647
vt 0.296817 0.485368
vt 0.341836 0.471711
vt 0.479733 0.230114
vt 0.473384 0.250000
vt 0.462339 0.175533
vt 0.428238 0.103724
vt 0.421847 0.108970
vt 0.205965 0.028621
vt 0.145205 0.053942
vt 0.143712 0.045365
vt 0.158164 0.028289
vt 0.116675 0.050465
vt 0.080310 0.080310
vt 0.071762 0.103724
vt 0.050465 0.116675
vt 0.028289 0.158164
vt 0.028762 0.185013
vt 0.014633 0.203182
vt 0.028762 0.314986
vt 0.028763 0.271790
vt 0.055311 0.364394
vt 0.105928 0.419350
vt 0.104780 0.429104
vt 0.313028 0.471832
vt 0.275705 0.470852
vt 0.354796 0.446058
vt 0.479466 0.227400
vt 0.463267 0.175741
vt 0.424343 0.112011
vt 0.428685 0.104269
vt 0.449535 0.116675
vt 0.419691 0.080310
vt 0.378721 0.057355
vt 0.354795 0.053942
vt 0.314988 0.028762
vt 0.341836 0.028289
vt 0.296817 0.014633
vt 0.271789 0.028762
vt 0.250000 0.018308
vt 0.105301 0.070468
vt 0.029352 0.183068
vt 0.061956 0.124353
vt 0.037264 0.185468
vt 0.010021 0.250000
vt 0.025308 0.270584
vt 0.014633 0.296817
vt 0.028289 0.341836
vt 0.046318 0.358072
vt 0.050465 0.383325
vt 0.043620 0.335485
vt 0.078153 0.391030
vt 0.086169 0.413831
vt 0.161335 0.464055
vt 0.124599 0.437676
vt 0.189233 0.463878
vt 0.203182 0.485368
vt 0.223339 0.479066
vt 0.250000 0.489979
vt 0.338665 0.464055
vt 0.354795 0.446058
vt 0.398383 0.426508
vt 0.383325 0.449535
vt 0.419691 0.419691
vt 0.471832 0.313028
vt 0.470852 0.275706
vt 0.479466 0.227399
vt 0.489979 0.250000
vt 0.485367 0.203182
vt 0.471711 0.158164
vt 0.453350 0.141307
vt 0.338665 0.035945
vt 0.314533 0.037265
vt 0.272599 0.020534
vt 0.250000 0.010021
vt 0.204799 0.022760
vt 0.185468 0.037264
vt 0.137710 0.048573
vt 0.112011 0.075657
vt 0.070032 0.105832
vt 0.158164 0.471711
vt 0.184729 0.465169
vt 0.314323 0.471439
vt 0.360763 0.461595
vt 0.246315 0.475143
vt 0.335485 0.456379
vt 0.393122 0.430826
vt 0.442645 0.378721
vt 0.446058 0.354795
vt 0.470647 0.316933
vt 0.453350 0.141308
vt 0.228210 0.028763
vt 0.183066 0.029353
vt 0.203182 0.014633
vt 0.106877 0.069174
vt 0.029749 0.181759
vt 0.052087 0.148675
vt 0.028377 0.232125
vt 0.020335 0.270576
vt 0.034859 0.328947
vt 0.066576 0.372423
vt 0.074350 0.399429
vt 0.268539 0.479866
vt 0.449535 0.383325
vt 0.453350 0.358693
vt 0.471711 0.341836
vt 0.479866 0.231461
vt 0.471623 0.267874
vt 0.462735 0.185467
vt 0.438044 0.124353
vt 0.394072 0.080650
vt 0.393123 0.069174
vt 0.316934 0.029353
vt 0.335485 0.043620
vt 0.262311 0.025243
vt 0.144905 0.044727
vt 0.205879 0.028187
vt 0.141735 0.055797
vt 0.071763 0.103724
vt 0.066577 0.127576
vt 0.028762 0.185012
vt 0.035945 0.338665
vt 0.028187 0.294121
vt 0.053942 0.354794
vt 0.070472 0.394704
vt 0.080310 0.419691
vt 0.121279 0.442645
vt 0.148674 0.447913
vt 0.183067 0.470648
vt 0.228210 0.471237
vt 0.314987 0.471238
vt 0.275705 0.470852
vt 0.354795 0.446058
vt 0.448724 0.356219
vt 0.429967 0.105831
vt 0.294035 0.028621
vt 0.232125 0.028377
vt 0.226040 0.020668
vt 0.141308 0.046650
vt 0.164515 0.043620
vt 0.105929 0.080649
vt 0.074351 0.100570
vt 0.046642 0.151747
vt 0.027798 0.205801
vt 0.028377 0.267875
vt 0.020733 0.274624
vt 0.042412 0.335986
vt 0.075658 0.387990
vt 0.074351 0.399430
vt 0.230113 0.479733
vt 0.206420 0.469091
vt 0.428685 0.395731
vt 0.375647 0.438044
vt 0.424342 0.387989
vt 0.479866 0.231460
vt 0.453350 0.141307
vt 0.421846 0.108969
vt 0.394704 0.070472
vt 0.383325 0.050465
vt 0.354795 0.053942
vt 0.317609 0.029557
vt 0.275704 0.029148
vt 0.205965 0.028621
vt 0.145205 0.053942
vt 0.143713 0.045364
vt 0.035945 0.161335
vt 0.037265 0.185467
vt 0.020267 0.230114
vt 0.028763 0.271790
vt 0.183066 0.470647
vt 0.164515 0.456380
vt 0.232126 0.471623
vt 0.355095 0.455273
vt 0.394072 0.419351
vt 0.452392 0.360486
vt 0.477240 0.295201
vt 0.471237 0.271790
vt 0.479466 0.227400
vt 0.394071 0.080649
vt 0.359314 0.046982
vt 0.105705 0.077065
vt 0.048574 0.137708
vt 0.064263 0.125895
vt 0.036123 0.189232
vt 0.020934 0.223340
vt 0.033734 0.293133
vt 0.103724 0.428238
vt 0.061956 0.375647
vt 0.108968 0.421845
vt 0.356894 0.454311
vt 0.294035 0.471379
vt 0.354796 0.446058
vt 0.413831 0.413831
vt 0.419350 0.394072
vt 0.453350 0.358693
vt 0.428238 0.103724
vt 0.375401 0.062324
vt 0.310767 0.036122
vt 0.275314 0.020801
vt 0.206867 0.033734
vt 0.103724 0.071762
vt 0.125895 0.064263
vt 0.075658 0.112011
vt 0.022760 0.295201
vt 0.025055 0.250000
vt 0.037265 0.314533
vt 0.047608 0.360485
vt 0.079511 0.397461
vt 0.141736 0.444204
vt 0.142513 0.453994
vt 0.276662 0.479066
vt 0.310767 0.463878
vt 0.358693 0.453350
vt 0.317434 0.479114
vt 0.425649 0.399430
vt 0.391031 0.421846
vt 0.446059 0.354794
vt 0.471813 0.294121
vt 0.471623 0.232128
vt 0.481692 0.250000
vt 0.470057 0.181121
vt 0.447913 0.148675
vt 0.429968 0.105833
vt 0.185466 0.037265
vt 0.141307 0.046650
vt 0.074351 0.100570
vt 0.108970 0.078153
vt 0.053941 0.145207
vt 0.018308 0.250000
vt 0.029377 0.206115
vt 0.029148 0.275706
vt 0.028762 0.314986
vt 0.053942 0.354795
vt 0.071762 0.396276
vt 0.105928 0.419351
vt 0.144905 0.455273
vt 0.354795 0.446058
vt 0.378721 0.442645
vt 0.358693 0.046650
vt 0.272601 0.020534
vt 0.271790 0.028763
vt 0.136829 0.460307
vt 0.183067 0.470647
vt 0.031250 0.997035
vt 0.000114 0.996363
vt 0.018433 0.500000
vt 0.968750 0.997035
vt 0.937500 0.996724
vt 0.955933 0.500000
vt 0.906250 0.996362
vt 0.858790 0.996874
vt 0.893433 0.500000
vt 0.796252 0.996724
vt 0.830932 0.500000
vt 0.733622 0.996724
vt 0.768432 0.500000
vt 0.687500 0.996724
vt 0.639917 0.996610
vt 0.674683 0.500000
vt 0.593750 0.996835
vt 0.612183 0.500000
vt 0.562500 0.997035
vt 0.515535 0.996542
vt 0.549684 0.500000
vt 0.468750 0.997035
vt 0.487183 0.500000
vt 0.437500 0.996723
vt 0.406250 0.996724
vt 0.424684 0.500000
vt 0.375000 0.996723
vt 0.343750 0.996363
vt 0.362183 0.500000
vt 0.312500 0.997035
vt 0.281250 0.996724
vt 0.299683 0.500000
vt 0.250000 0.996363
vt 0.202886 0.996877
vt 0.237183 0.500000
vt 0.156250 0.996724
vt 0.174684 0.500000
vt 0.428238 0.396276
vt 0.184720 0.034799
vt 0.108970 0.078153
vt 0.031250 0.996724
vt 0.000117 0.996724
vt 0.018433 0.500000
vt 0.937500 0.996724
vt 0.906250 0.996362
vt 0.924682 0.500000
vt 0.843750 0.997035
vt 0.795763 0.996616
vt 0.830933 0.500000
vt 0.733083 0.996943
vt 0.768434 0.500000
vt 0.687500 0.996724
vt 0.656250 0.996724
vt 0.674682 0.500000
vt 0.625000 0.996724
vt 0.593750 0.996363
vt 0.612183 0.500000
vt 0.562500 0.997035
vt 0.531250 0.996724
vt 0.549684 0.500000
vt 0.468750 0.996835
vt 0.437500 0.997035
vt 0.455933 0.500000
vt 0.406250 0.996724
vt 0.375000 0.996724
vt 0.393433 0.500000
vt 0.312500 0.996362
vt 0.281250 0.996834
vt 0.299683 0.500000
vt 0.250000 0.997035
vt 0.218750 0.996724
vt 0.237183 0.500000
vt 0.187500 0.996723
vt 0.156250 0.996723
vt 0.174683 0.500000
vt 0.125000 0.996363
vt 0.093750 0.997035
vt 0.112183 0.500000
vt 0.407956 0.407956
vt 0.444674 0.364499
vt 0.469091 0.206420
vt 0.394168 0.070032
vt 0.250000 0.026616
vt 0.012402 0.225825
vt 0.028760 0.185020
vt 0.026269 0.272036
vt 0.037265 0.185467
vt 0.104780 0.429104
vt 0.105928 0.419351
vt 0.031250 0.996724
vt 0.000117 0.996724
vt 0.018432 0.500000
vt 0.983760 0.996724
vt 0.937500 0.996363
vt 0.955933 0.500000
vt 0.906250 0.997035
vt 0.875000 0.996363
vt 0.893433 0.500000
vt 0.843750 0.996835
vt 0.796353 0.996835
vt 0.830932 0.500000
vt 0.750000 0.997035
vt 0.768433 0.500000
vt 0.656250 0.996363
vt 0.674684 0.500000
vt 0.625000 0.996835
vt 0.593750 0.996835
vt 0.612183 0.500000
vt 0.562500 0.996835
vt 0.531250 0.997035
vt 0.549683 0.500000
vt 0.500000 0.996724
vt 0.468750 0.996363
vt 0.487184 0.500000
vt 0.437500 0.997034
vt 0.406250 0.996362
vt 0.424684 0.500000
vt 0.375000 0.997035
vt 0.343750 0.996363
vt 0.362183 0.500000
vt 0.218750 0.997034
vt 0.171278 0.996724
vt 0.205933 0.500000
vt 0.108401 0.996613
vt 0.143433 0.500000
vt 0.062500 0.997034
vt 0.080932 0.500000
vt 0.469091 0.293580
vt 0.479665 0.229423
vt 0.393123 0.069175
vt 0.316932 0.029352
vt 0.057355 0.121279
vt 0.135368 0.443718
vt 0.183068 0.470648
vt 0.031250 0.997034
vt 0.000117 0.996724
vt 0.018433 0.500000
vt 0.843750 0.996724
vt 0.797177 0.996547
vt 0.750000 0.996835
vt 0.718750 0.997034
vt 0.737182 0.500000
vt 0.656250 0.996362
vt 0.674682 0.500000
vt 0.625000 0.996835
vt 0.593750 0.996835
vt 0.612183 0.500000
vt 0.562500 0.996835
vt 0.531250 0.997035
vt 0.549683 0.500000
vt 0.468750 0.997034
vt 0.437500 0.996724
vt 0.455932 0.500000
vt 0.406250 0.996724
vt 0.375000 0.996724
vt 0.393432 0.500000
vt 0.312500 0.996363
vt 0.281250 0.996836
vt 0.299683 0.500000
vt 0.218750 0.996724
vt 0.187500 0.996363
vt 0.205933 0.500000
vt 0.125000 0.996835
vt 0.093750 0.996835
vt 0.112183 0.500000
vt 0.314532 0.462735
vt 0.397853 0.426943
vt 0.464055 0.161335
vt 0.363286 0.039754
vt 0.025176 0.233715
vt 0.092044 0.407956
vt 0.968750 0.996724
vt 0.937500 0.996363
vt 0.955932 0.500000
vt 0.906250 0.996835
vt 0.875000 0.996835
vt 0.893432 0.500000
vt 0.843750 0.997035
vt 0.812500 0.996724
vt 0.830933 0.500000
vt 0.750000 0.996724
vt 0.718750 0.996724
vt 0.737182 0.500000
vt 0.687500 0.996362
vt 0.656250 0.996835
vt 0.531250 0.997034
vt 0.500000 0.996723
vt 0.518433 0.500000
vt 0.437500 0.996724
vt 0.406250 0.996723
vt 0.424682 0.500000
vt 0.375000 0.996363
vt 0.343750 0.996835
vt 0.281250 0.996723
vt 0.299683 0.500000
vt 0.250000 0.996723
vt 0.218750 0.996723
vt 0.237183 0.500000
vt 0.156250 0.997035
vt 0.125000 0.996724
vt 0.143432 0.500000
vt 0.062500 0.997035
vt 0.031250 0.996724
vt 0.049683 0.500000
vt 0.395220 0.429104
vt 0.479600 0.271240
vt 0.470852 0.275707
vt 0.471379 0.205965
vt 0.457354 0.156079
vt 0.407956 0.092044
vt 0.358693 0.046650
vt 0.354795 0.053942
vt 0.143243 0.449468
vt 0.116675 0.449535
vt 0.999882 0.996835
vt 0.968750 0.996835
vt 0.987183 0.500000
vt 0.937500 0.997034
vt 0.890850 0.996546
vt 0.924683 0.500000
vt 0.843750 0.997035
vt 0.862182 0.500000
vt 0.812500 0.996724
vt 0.764087 0.996622
vt 0.799683 0.500000
vt 0.718750 0.997035
vt 0.687500 0.996724
vt 0.705933 0.500000
vt 0.576693 0.996621
vt 0.612184 0.500000
vt 0.531250 0.997035
vt 0.483764 0.996608
vt 0.518433 0.500000
vt 0.437500 0.997035
vt 0.455932 0.500000
vt 0.375000 0.996724
vt 0.343750 0.996724
vt 0.362183 0.500000
vt 0.281250 0.996362
vt 0.250000 0.996835
vt 0.268432 0.500000
vt 0.218750 0.997034
vt 0.187500 0.996362
vt 0.205933 0.500000
vt 0.156250 0.996835
vt 0.125000 0.996835
vt 0.143433 0.500000
vt 0.062500 0.996835
vt 0.015065 0.996835
vt 0.049682 0.500000
vt 0.318884 0.470056
vt 0.314532 0.462736
vt 0.466267 0.206868
vt 0.031250 0.996724
vt 0.000114 0.996362
vt 0.018432 0.500000
vt 0.968750 0.996835
vt 0.937500 0.996835
vt 0.955933 0.500000
vt 0.906250 0.996834
vt 0.859122 0.996835
vt 0.893433 0.500000
vt 0.795645 0.996943
vt 0.830934 0.500000
vt 0.750000 0.996724
vt 0.718750 0.996724
vt 0.737182 0.500000
vt 0.687500 0.996724
vt 0.656250 0.996363
vt 0.674683 0.500000
vt 0.625000 0.997035
vt 0.593750 0.996724
vt 0.612183 0.500000
vt 0.531250 0.996724
vt 0.500000 0.996362
vt 0.518433 0.500000
vt 0.468750 0.997035
vt 0.422025 0.996723
vt 0.455931 0.500000
vt 0.359062 0.996539
vt 0.393431 0.500000
vt 0.312500 0.996835
vt 0.330931 0.500000
vt 0.281250 0.996835
vt 0.250000 0.996835
vt 0.268432 0.500000
vt 0.218750 0.996835
vt 0.170640 0.996943
vt 0.205933 0.500000
vt 0.109399 0.996543
vt 0.143433 0.500000
vt 0.062500 0.997035
vt 0.080933 0.500000
vt 0.274062 0.487609
vt 0.268541 0.479866
vt 0.363713 0.460018
vt 0.459866 0.168132
vt 0.185468 0.037264
vt 0.180458 0.030144
vt 0.028760 0.314980
vt 0.183067 0.470647
vt 0.031250 0.997035
vt 0.000117 0.996724
vt 0.018433 0.500000
vt 0.983882 0.996724
vt 0.921022 0.996724
vt 0.955932 0.500000
vt 0.875000 0.996363
vt 0.862182 0.500000
vt 0.781250 0.996363
vt 0.799683 0.500000
vt 0.750000 0.997035
vt 0.718750 0.996724
vt 0.737183 0.500000
vt 0.687500 0.996724
vt 0.640591 0.996724
vt 0.674683 0.500000
vt 0.577470 0.996724
vt 0.612184 0.500000
vt 0.514634 0.996614
vt 0.549684 0.500000
vt 0.452991 0.996835
vt 0.487183 0.500000
vt 0.406250 0.997035
vt 0.424683 0.500000
vt 0.343750 0.996724
vt 0.312500 0.996724
vt 0.330932 0.500000
vt 0.250000 0.996724
vt 0.202282 0.996724
vt 0.237182 0.500000
vt 0.108737 0.996608
vt 0.143433 0.500000
vt 0.062500 0.996834
vt 0.080933 0.500000
vt 0.231459 0.479866
vt 0.224296 0.470852
vt 0.456380 0.335485
vt 0.471238 0.185014
vt 0.421847 0.108970
vt 0.183067 0.029353
vt 0.028760 0.185021
vt 0.037265 0.185467
vt 0.999882 0.996835
vt 0.968750 0.997036
vt 0.987183 0.500000
vt 0.937500 0.996724
vt 0.906250 0.996724
vt 0.924682 0.500000
vt 0.875000 0.996362
vt 0.826812 0.996943
vt 0.862182 0.500000
vt 0.764280 0.996619
vt 0.799683 0.500000
vt 0.718750 0.996835
vt 0.687500 0.997035
vt 0.705933 0.500000
vt 0.625000 0.996363
vt 0.593750 0.997035
vt 0.562500 0.996724
vt 0.515033 0.996711
vt 0.549684 0.500000
vt 0.453178 0.996543
vt 0.487183 0.500000
vt 0.406250 0.996835
vt 0.424683 0.500000
vt 0.375000 0.997035
vt 0.343750 0.996363
vt 0.362184 0.500000
vt 0.281250 0.996835
vt 0.250000 0.997034
vt 0.268433 0.500000
vt 0.187500 0.997035
vt 0.156250 0.996724
vt 0.174682 0.500000
vt 0.125000 0.996724
vt 0.077384 0.996610
vt 0.112184 0.500000
vt 0.014921 0.996835
vt 0.049683 0.500000
vt 0.218227 0.472840
vt 0.464055 0.338665
vt 0.875000 0.996724
vt 0.843750 0.996724
vt 0.862183 0.500000
vt 0.781250 0.996724
vt 0.750000 0.996363
vt 0.768433 0.500000
vt 0.640166 0.996723
vt 0.674682 0.500000
vt 0.578156 0.996543
vt 0.612184 0.500000
vt 0.514814 0.996835
vt 0.468750 0.996835
vt 0.420994 0.996871
vt 0.455932 0.500000
vt 0.375000 0.996724
vt 0.343750 0.996724
vt 0.362183 0.500000
vt 0.312500 0.996363
vt 0.281250 0.997035
vt 0.299684 0.500000
vt 0.250000 0.996363
vt 0.202164 0.996941
vt 0.237182 0.500000
vt 0.140580 0.996543
vt 0.174683 0.500000
vt 0.077409 0.996835
vt 0.112182 0.500000
vt 0.031250 0.996835
vt 0.049683 0.500000
vt 0.904789 0.068053
vt 0.823380 0.022668
vt 0.730797 0.011891
vt 0.641139 0.037365
vt 0.568053 0.095211
vt 0.522668 0.176621
vt 0.511891 0.269204
vt 0.537365 0.358861
vt 0.580294 0.419706
vt 0.633681 0.458649
vt 0.722383 0.487280
vt 0.815287 0.479787
vt 0.898253 0.437311
vt 0.958650 0.366317
vt 0.987280 0.277617
vt 0.985388 0.203178
vt 0.962635 0.141138
vt 0.435172 0.400827
vt 0.428238 0.396276
vt 0.421846 0.391031
vt 0.470443 0.317607
vt 0.478811 0.318430
vt 0.461593 0.318298
vt 0.487562 0.225463
vt 0.433937 0.097669
vt 0.354795 0.053942
vt 0.273273 0.012314
vt 0.078154 0.108969
vt 0.038407 0.181702
vt 0.021565 0.319671
vt 0.185467 0.462735
vt 0.999886 0.996363
vt 1.000000 0.500000
vt 0.718750 0.500000
vt 0.125000 0.996363
vt 0.125000 0.500000
vt 0.078570 0.996835
vt 0.080933 0.500000
vt 0.550447 0.116663
vt 0.522667 0.176622
vt 0.511891 0.269204
vt 0.537365 0.358862
vt 0.595211 0.431947
vt 0.658156 0.471731
vt 0.796822 0.485388
vt 0.858863 0.462634
vt 0.919706 0.419706
vt 0.958649 0.366319
vt 0.987280 0.277619
vt 0.962634 0.141137
vt 0.904790 0.068053
vt 0.823380 0.022668
vt 0.750000 0.010000
vt 0.684712 0.020213
vt 0.601746 0.062689
vt 0.421846 0.391031
vt 0.470648 0.316933
vt 0.479025 0.317725
vt 0.462735 0.314532
vt 0.487482 0.224655
vt 0.999883 0.996724
vt 0.968750 0.996724
vt 0.968750 0.500000
vt 0.875000 0.996835
vt 0.875000 0.500000
vt 0.500000 0.996363
vt 0.500000 0.500000
vt 0.343750 0.996724
vt 0.343750 0.500000
vt 0.062500 0.996723
vt 0.062500 0.500000
vt 0.274245 0.487591
vt 0.268540 0.479866
vt 0.520213 0.315288
vt 0.562689 0.398253
vt 0.633682 0.458649
vt 0.722383 0.487280
vt 0.815288 0.479787
vt 0.898254 0.437311
vt 0.958649 0.366318
vt 0.987280 0.277618
vt 0.962635 0.141139
vt 0.904790 0.068053
vt 0.823379 0.022668
vt 0.730798 0.011891
vt 0.641139 0.037365
vt 0.568053 0.095211
vt 0.528269 0.158156
vt 0.512720 0.222382
vt 0.275706 0.470852
vt 0.478767 0.318575
vt 0.446058 0.145205
vt 0.391030 0.078153
vt 0.045688 0.356893
vt 0.039801 0.363373
vt 0.099626 0.435543
vt 0.053941 0.354794
vt 0.312500 0.996835
vt 0.312500 0.500000
vt 0.266136 0.996835
vt 0.268433 0.500000
vt 0.722382 0.487280
vt 0.858863 0.462634
vt 0.958649 0.366319
vt 0.985388 0.296822
vt 0.988108 0.230795
vt 0.962634 0.141137
vt 0.904789 0.068053
vt 0.823378 0.022667
vt 0.684711 0.020213
vt 0.601745 0.062690
vt 0.522667 0.176622
vt 0.510000 0.250000
vt 0.520213 0.315288
vt 0.550447 0.383337
vt 0.595211 0.431948
vt 0.394072 0.419351
vt 0.478407 0.319762
vt 0.470852 0.224295
vt 0.446059 0.145206
vt 0.394072 0.080650
vt 0.314533 0.037265
vt 0.105928 0.080650
vt 0.999883 0.996724
vt 0.968750 0.996724
vt 0.923244 0.996724
vt 0.924682 0.500000
vt 0.875000 0.996724
vt 0.781250 0.500000
vt 0.500000 0.996361
vt 0.343750 0.996723
vt 0.250000 0.997035
vt 0.250000 0.500000
vt 0.156250 0.996835
vt 0.156250 0.500000
vt 0.062500 0.996835
vt 0.962634 0.141137
vt 0.919706 0.080294
vt 0.866318 0.041350
vt 0.777619 0.012720
vt 0.703178 0.014612
vt 0.641136 0.037366
vt 0.568053 0.095211
vt 0.522668 0.176621
vt 0.528269 0.341844
vt 0.562690 0.398255
vt 0.616663 0.449553
vt 0.676622 0.477333
vt 0.750000 0.490000
vt 0.815289 0.479786
vt 0.898254 0.437311
vt 0.958649 0.366319
vt 0.988109 0.230795
vt 0.391030 0.421847
vt 0.446058 0.354796
vt 0.485368 0.296818
vt 0.999883 0.996724
vt 0.000117 0.996724
vt 0.000000 0.500000
vt 0.781250 0.996724
vt 0.625000 0.996835
vt 0.625000 0.500000
vt 0.578656 0.996835
vt 0.580932 0.500000
vt 0.468750 0.996724
vt 0.468750 0.500000
vt 0.187500 0.996362
vt 0.187500 0.500000
vt 0.093750 0.996362
vt 0.093750 0.500000
vt 0.227523 0.487765
vt 0.769204 0.488109
vt 0.858862 0.462635
vt 0.931948 0.404788
vt 0.977333 0.323378
vt 0.990000 0.250000
vt 0.979787 0.184713
vt 0.949553 0.116663
vt 0.904790 0.068053
vt 0.841844 0.028269
vt 0.777618 0.012720
vt 0.684712 0.020213
vt 0.616663 0.050447
vt 0.568053 0.095211
vt 0.512720 0.222383
vt 0.520213 0.315287
vt 0.562689 0.398253
vt 0.676623 0.477333
vt 0.401246 0.434828
vt 0.487900 0.271104
vt 0.360679 0.038361
vt 0.225676 0.012417
vt 0.750000 0.500000
vt 0.656250 0.996724
vt 0.656250 0.500000
vt 0.562500 0.500000
vt 0.406250 0.996723
vt 0.406250 0.500000
vt 0.312500 0.996723
vt 0.093750 0.996835
vt 0.684710 0.020214
vt 0.601745 0.062691
vt 0.541350 0.133684
vt 0.512720 0.222383
vt 0.520213 0.315288
vt 0.562689 0.398254
vt 0.633681 0.458649
vt 0.722383 0.487280
vt 0.815287 0.479787
vt 0.898253 0.437312
vt 0.958648 0.366320
vt 0.988109 0.230796
vt 0.962635 0.141138
vt 0.904789 0.068053
vt 0.777617 0.012720
vt 0.434854 0.401213
vt 0.470057 0.318878
vt 0.479077 0.317554
vt 0.463878 0.310767
vt 0.137619 0.039270
vt 0.071762 0.103724
vt 0.065088 0.098857
vt 0.078154 0.108969
vt 0.040254 0.364221
vt 0.046650 0.358692
vt 0.053941 0.354794
vt 0.103724 0.428238
vt 0.098464 0.434590
vt 0.108969 0.421846
vt 0.999886 0.996362
vt 0.562500 0.996724
vt 0.977333 0.323378
vt 0.988109 0.230796
vt 0.962635 0.141138
vt 0.904791 0.068054
vt 0.823380 0.022668
vt 0.730796 0.011891
vt 0.641138 0.037365
vt 0.580294 0.080294
vt 0.541350 0.133682
vt 0.514612 0.203178
vt 0.511891 0.269204
vt 0.562689 0.398254
vt 0.633682 0.458649
vt 0.722383 0.487280
vt 0.815288 0.479787
vt 0.883337 0.449553
vt 0.931948 0.404788
vt 0.275705 0.470852
vt 0.447913 0.351325
vt 0.434580 0.098452
vt 0.361710 0.038912
vt 0.271241 0.020400
vt 0.271923 0.012181
vt 0.275707 0.029148
vt 0.180480 0.021519
vt 0.021829 0.320542
vt 0.099235 0.435222
vt 0.185467 0.462735
vt 0.906250 0.500000
vt 0.375000 0.996724
vt 0.375000 0.500000
vt 0.281250 0.996724
vt 0.281250 0.500000
vt 0.227739 0.487786
vt 0.595210 0.431946
vt 0.676622 0.477333
vt 0.769203 0.488109
vt 0.858863 0.462634
vt 0.931948 0.404788
vt 0.977333 0.323378
vt 0.979787 0.184712
vt 0.823379 0.022668
vt 0.730797 0.011891
vt 0.641138 0.037365
vt 0.568053 0.095210
vt 0.512720 0.222382
vt 0.514612 0.296822
vt 0.537366 0.358863
vt 0.461555 0.360838
vt 0.479332 0.273960
vt 0.487871 0.271394
vt 0.471623 0.267874
vt 0.461594 0.181703
vt 0.272521 0.012240
vt 0.180749 0.021438
vt 0.138403 0.461149
vt 0.656250 0.996724
vt 0.312500 0.996835
vt 0.218750 0.996362
vt 0.218750 0.500000
vt 0.962634 0.141137
vt 0.904790 0.068054
vt 0.823378 0.022667
vt 0.684711 0.020213
vt 0.568053 0.095211
vt 0.522668 0.176621
vt 0.511891 0.269205
vt 0.537365 0.358862
vt 0.595212 0.431948
vt 0.676622 0.477333
vt 0.815290 0.479786
vt 0.931948 0.404789
vt 0.971731 0.341844
vt 0.987280 0.277618
vt 0.434174 0.097958
vt 0.358693 0.046650
vt 0.362622 0.039399
vt 0.354795 0.053942
vt 0.272193 0.012207
vt 0.269886 0.020267
vt 0.271790 0.028763
vt 0.136250 0.040002
vt 0.021881 0.320711
vt 0.065430 0.401560
vt 0.138370 0.461131
vt 0.954439 0.996927
vt 0.955931 0.500000
vt 0.999882 0.996835
vt 0.000118 0.996835
vt 0.906250 0.996723
vt 0.812500 0.996724
vt 0.812500 0.500000
vt 0.718750 0.997035
s 1
usemtl マテリアル
f 966/681/800 964/682/798 967/683/801
f 968/684/802 967/683/801 970/685/804
f 980/686/814 979/687/813 982/688/816
f 985/689/819 982/688/816 984/690/818
f 994/691/828 996/692/830 997/693/831
f 998/694/832 997/693/831 999/695/833
f 1002/696/836 1001/697/835 1003/698/837
f 1006/699/840 1005/700/839 1007/701/841
f 1011/702/845 1008/703/842 1013/704/847
f 1013/704/847 1015/705/849 1016/706/850
f 1044/684/878 1043/707/877 1046/685/880
f 1043/707/877 1041/708/875 1045/709/879
f 1057/710/891 1056/687/890 1059/711/893
f 1059/711/893 1061/712/895 1062/713/896
f 1063/714/897 1062/713/896 1064/715/898
f 1066/716/900 1065/717/899 1068/718/902
f 1069/719/903 1068/718/902 1071/720/905
f 1068/718/902 1065/717/899 1070/721/904
f 1068/718/902 1070/721/904 1072/722/906
f 1079/695/913 1078/723/912 1080/696/914
f 1084/724/918 1081/725/915 1083/726/917
f 1088/727/922 1087/728/921 1089/729/923
f 1092/730/926 1091/731/925 1094/732/928
f 1091/731/925 1090/733/924 1093/734/927
f 1091/731/925 1093/734/927 1095/735/929
f 1100/736/934 1097/737/931 1099/738/933
f 1103/739/937 1102/740/936 1042/741/876
f 1102/740/936 1099/738/933 1041/708/875
f 1125/742/959 1124/743/958 1127/744/961
f 1128/745/962 1127/744/961 1130/746/964
f 1133/747/967 1135/748/969 1136/749/970
f 1137/750/971 1136/749/970 1139/751/973
f 1142/752/976 1141/753/975 1143/714/977
f 1149/754/983 1148/755/982 1151/756/985
f 1152/720/986 1151/756/985 1154/757/988
f 1156/758/990 1155/759/989 1158/760/992
f 1159/694/993 1158/760/992 1161/695/995
f 1158/760/992 1160/761/994 1162/762/996
f 1163/696/997 1162/762/996 1165/698/999
f 1179/763/1013 1178/764/1012 1180/739/1014
f 1203/684/1037 1202/765/1036 1205/766/1039
f 1202/765/1036 1262/767/1096 1204/768/1038
f 1205/766/1039 1207/769/1041 1208/746/1042
f 1210/770/1044 1209/771/1043 1212/772/1046
f 1221/752/1055 1220/773/1054 1222/714/1056
f 1232/722/1066 1231/774/1065 1234/775/1068
f 1235/776/1069 1234/775/1068 1237/694/1071
f 1240/695/1074 1239/777/1073 1241/696/1075
f 1245/778/1079 1242/779/1076 1247/780/1081
f 1250/727/1084 1249/781/1083 1252/729/1086
f 1249/781/1083 1247/780/1081 1251/782/1085
f 1251/782/1085 1253/783/1087 1255/784/1089
f 1283/741/1117 1284/785/1118 1286/684/1120
f 1295/786/1129 1294/787/1128 1296/788/1130
f 1301/750/1135 1300/789/1134 1303/751/1137
f 1300/789/1134 1297/790/1131 1302/791/1136
f 1306/792/1140 1308/793/1142 1309/794/1143
f 1313/795/1147 1312/796/1146 1314/797/1148
f 1320/798/1154 1317/799/1151 1319/800/1153
f 1321/694/1155 1320/798/1154 1322/695/1156
f 1324/801/1158 1323/802/1157 1327/803/1161
f 1328/699/1162 1327/803/1161 1330/701/1164
f 1335/804/1169 1332/805/1166 1334/806/1168
f 1338/732/1172 1337/807/1171 1340/808/1174
f 1342/809/1176 1341/810/1175 1344/811/1178
f 1345/763/1179 1344/811/1178 1347/739/1181
f 1344/811/1178 1341/810/1175 1346/812/1180
f 1368/813/1202 1367/814/1201 1370/815/1204
f 1376/786/1210 1375/816/1209 1377/788/1211
f 1386/714/1220 1385/817/1219 1388/715/1222
f 1392/818/1226 1394/819/1228 1395/820/1229
f 1399/694/1233 1398/821/1232 1401/695/1235
f 1398/821/1232 1397/822/1231 1400/823/1234
f 1403/696/1237 1402/824/1236 1405/698/1239
f 1402/824/1236 1400/823/1234 1404/825/1238
f 1407/826/1241 1409/827/1243 1410/828/1244
f 1413/829/1247 1415/830/1249 1416/831/1250
f 1423/832/1257 1422/833/1256 1367/814/1201
f 1451/834/1285 1448/835/1282 1450/836/1284
f 1458/750/1292 1457/837/1291 1459/751/1293
f 1461/752/1295 1460/838/1294 1463/714/1297
f 1460/838/1294 1462/839/1296 1464/840/1298
f 1465/715/1299 1464/840/1298 1467/841/1301
f 1464/840/1298 1462/839/1296 1466/842/1300
f 1464/840/1298 1466/842/1300 1468/843/1302
f 1469/719/1303 1468/843/1302 1471/720/1305
f 1468/843/1302 1470/844/1304 1472/722/1306
f 1474/845/1308 1476/846/1310 1477/847/1311
f 1483/848/1317 1482/849/1316 1485/850/1319
f 1485/850/1319 1482/849/1316 1487/851/1321
f 1499/763/1333 1498/852/1332 1501/739/1335
f 1498/852/1332 1497/853/1331 1500/854/1334
f 1524/855/1358 1523/768/1357 1526/856/1360
f 1531/786/1365 1530/857/1364 1532/788/1366
f 1534/858/1368 1533/859/1367 1536/860/1370
f 1537/750/1371 1536/860/1370 1539/751/1373
f 1541/713/1375 1543/861/1377 1544/862/1378
f 1554/695/1388 1553/863/1387 1555/696/1389
f 1558/698/1392 1557/864/1391 1560/699/1394
f 1557/864/1391 1556/865/1390 1559/866/1393
f 1562/701/1396 1561/867/1395 1564/727/1398
f 1561/867/1395 1559/866/1393 1563/868/1397
f 1570/869/1404 1567/870/1401 1569/871/1403
f 1597/872/1431 1594/873/1428 1596/874/1430
f 1598/685/1432 1597/872/1431 1599/745/1433
f 1601/875/1435 1600/876/1434 1603/877/1437
f 1615/714/1449 1614/878/1448 1616/715/1450
f 1620/754/1454 1617/879/1451 1619/880/1453
f 1620/754/1454 1619/880/1453 1622/881/1456
f 1622/881/1456 1619/880/1453 1624/882/1458
f 1628/883/1462 1627/884/1461 1630/885/1464
f 1641/886/1475 1638/887/1472 1640/888/1474
f 1641/886/1475 1640/888/1474 1643/889/1477
f 1644/730/1478 1643/889/1477 1646/732/1480
f 1645/890/1479 1648/891/1482 1649/892/1483
f 1674/893/1508 1675/894/1509 1677/895/1511
f 1676/896/1510 1677/895/1511 1679/745/1513
f 1681/746/1515 1680/897/1514 1683/786/1517
f 1680/897/1514 1678/898/1512 1682/899/1516
f 1686/900/1520 1688/901/1522 1689/902/1523
f 1689/902/1523 1688/901/1522 1691/903/1525
f 1692/751/1526 1691/903/1525 1694/752/1528
f 1691/903/1525 1693/904/1527 1695/905/1529
f 1705/758/1539 1704/906/1538 1707/907/1541
f 1711/696/1545 1710/908/1544 1713/698/1547
f 1710/908/1544 1709/909/1543 1712/910/1546
f 1719/911/1553 1716/912/1550 1718/913/1552
f 1721/914/1555 1718/913/1552 1723/915/1557
f 1724/916/1558 1726/917/1560 1727/918/1561
f 967/683/801 964/682/798 969/919/803
f 971/920/805 967/683/801 969/919/803
f 990/719/824 989/841/823 988/921/822
f 992/922/826 991/923/825 994/691/828
f 1011/702/845 1009/911/843 1008/703/842
f 1018/924/852 1017/808/851 1016/706/850
f 1021/739/855 1018/924/852 1020/925/854
f 1021/926/855 965/927/799 963/928/797
f 968/929/802 970/930/804 947/931/781
f 972/932/806 975/933/809 948/934/782
f 975/933/809 978/935/812 949/936/783
f 978/935/812 981/937/815 950/938/784
f 983/939/817 986/940/820 952/941/786
f 986/940/820 989/942/823 953/943/787
f 990/944/824 993/945/827 954/946/788
f 993/945/827 995/947/829 955/948/789
f 998/949/832 999/950/833 956/951/790
f 1002/952/836 1003/953/837 957/954/791
f 1006/955/840 1007/956/841 958/957/792
f 1010/958/844 1012/959/846 959/960/793
f 1012/959/846 1014/961/848 960/962/794
f 1043/707/877 1102/740/936 1041/708/875
f 1047/920/881 1043/707/877 1045/709/879
f 1052/786/886 1051/746/885 1050/963/884
f 1074/964/908 1072/722/906 1070/721/904
f 1076/694/910 1075/776/909 1074/964/908
f 1078/723/912 1077/965/911 1081/725/915
f 1086/701/920 1085/699/919 1084/724/918
f 1087/728/921 1084/724/918 1083/726/917
f 1095/735/929 1093/734/927 1097/737/931
f 1102/740/936 1100/736/934 1099/738/933
f 1103/966/937 1042/967/876 1040/968/874
f 1046/969/880 1048/970/882 1023/971/857
f 1052/972/886 1055/973/889 1025/974/859
f 1055/973/889 1058/975/892 1026/976/860
f 1060/977/894 1063/978/897 1028/979/862
f 1064/980/898 1067/981/901 1029/982/863
f 1069/983/903 1071/984/905 1030/985/864
f 1075/986/909 1076/987/910 1032/988/866
f 1079/989/913 1080/990/914 1033/991/867
f 1085/992/919 1086/993/920 1035/994/869
f 1088/995/922 1089/996/923 1036/997/870
f 1092/998/926 1094/999/928 1037/1000/871
f 1096/1001/930 1098/1002/932 1038/1003/872
f 1127/744/961 1124/743/958 1129/1004/963
f 1131/1005/965 1127/744/961 1129/1004/963
f 1133/747/967 1131/1005/965 1135/748/969
f 1136/749/970 1135/748/969 1138/1006/972
f 1147/841/981 1146/715/980 1145/1007/979
f 1151/756/985 1148/755/982 1153/1008/987
f 1158/760/992 1155/759/989 1160/761/994
f 1162/762/996 1160/761/994 1164/865/998
f 1169/1009/1003 1168/699/1002 1167/1010/1001
f 1170/1011/1004 1167/1010/1001 1166/1012/1000
f 1171/729/1005 1169/1009/1003 1170/1011/1004
f 1178/764/1012 1176/1013/1010 1175/1014/1009
f 1180/1015/1014 1123/1016/957 1120/1017/954
f 1123/1018/957 1126/1019/960 1104/1020/938
f 1128/1021/962 1130/1022/964 1105/1023/939
f 1132/1024/966 1134/1025/968 1106/1026/940
f 1134/1025/968 1137/1027/971 1107/1028/941
f 1142/939/976 1143/1029/977 1109/1030/943
f 1146/1031/980 1147/1032/981 1110/1033/944
f 1150/1034/984 1152/1035/986 1111/1036/945
f 1154/1037/988 1157/1038/991 1112/1039/946
f 1159/1040/993 1161/1041/995 1113/1042/947
f 1163/1043/997 1165/1044/999 1114/1045/948
f 1171/1046/1005 1174/1047/1008 1117/1048/951
f 1174/1047/1008 1177/1049/1011 1118/1050/952
f 1177/1049/1011 1179/1051/1013 1119/1052/953
f 1207/769/1041 1205/766/1039 1202/765/1036
f 1212/772/1046 1209/771/1043 1214/1053/1048
f 1218/751/1052 1217/750/1051 1216/1054/1050
f 1226/841/1060 1225/715/1059 1224/1055/1058
f 1230/720/1064 1229/719/1063 1228/1056/1062
f 1234/775/1068 1231/774/1065 1236/822/1070
f 1245/778/1079 1243/1057/1077 1242/779/1076
f 1248/701/1082 1246/699/1080 1245/778/1079
f 1249/781/1083 1245/778/1079 1247/780/1081
f 1257/808/1091 1256/732/1090 1255/784/1089
f 1255/784/1089 1253/783/1087 1258/1058/1092
f 1263/739/1097 1261/763/1095 1260/1059/1094
f 1260/1059/1094 1258/1058/1092 1262/767/1096
f 1263/1060/1097 1201/1061/1035 1200/1062/1034
f 1211/1063/1045 1213/1064/1047 1184/974/1018
f 1217/1065/1051 1218/1066/1052 1186/1067/1020
f 1221/939/1055 1222/1068/1056 1187/1069/1021
f 1225/1070/1059 1226/1071/1060 1188/1072/1022
f 1229/1073/1063 1230/1074/1064 1189/1075/1023
f 1235/1076/1069 1237/1077/1071 1191/1078/1025
f 1240/1079/1074 1241/1080/1075 1192/1081/1026
f 1246/1082/1080 1248/1083/1082 1194/1084/1028
f 1252/1085/1086 1254/1086/1088 1196/1087/1030
f 1257/1088/1091 1259/1089/1093 1198/1090/1032
f 1284/785/1118 1346/812/1180 1285/1091/1119
f 1287/742/1121 1284/785/1118 1285/1091/1119
f 1292/746/1126 1291/745/1125 1290/1092/1124
f 1300/789/1134 1298/858/1132 1297/790/1131
f 1304/1093/1138 1300/789/1134 1302/791/1136
f 1304/1093/1138 1302/791/1136 1306/792/1140
f 1311/1094/1145 1310/715/1144 1309/794/1143
f 1315/720/1149 1311/1094/1145 1313/795/1147
f 1326/698/1160 1325/696/1159 1324/801/1158
f 1327/803/1161 1323/802/1157 1329/1095/1163
f 1337/807/1171 1335/804/1169 1334/806/1168
f 1337/807/1171 1334/806/1168 1339/1096/1173
f 1284/785/1118 1344/811/1178 1346/812/1180
f 1286/1097/1120 1288/1098/1122 1265/1099/1099
f 1291/1100/1125 1292/1101/1126 1266/1102/1100
f 1295/1103/1129 1296/1104/1130 1267/1105/1101
f 1301/1106/1135 1303/1107/1137 1269/1108/1103
f 1305/1109/1139 1307/1110/1141 1270/1069/1104
f 1315/1111/1149 1316/1112/1150 1273/1113/1107
f 1321/1114/1155 1322/1115/1156 1275/1116/1109
f 1325/1117/1159 1326/1118/1160 1276/1045/1110
f 1328/955/1162 1330/1119/1164 1277/1120/1111
f 1331/1121/1165 1333/1122/1167 1278/1123/1112
f 1338/1124/1172 1340/1125/1174 1280/1126/1114
f 1345/1127/1179 1347/1128/1181 1282/1129/1116
f 1368/813/1202 1423/832/1257 1367/814/1201
f 1371/685/1205 1369/684/1203 1368/813/1202
f 1372/1130/1206 1368/813/1202 1370/815/1204
f 1372/1130/1206 1370/815/1204 1374/1004/1208
f 1374/1004/1208 1375/816/1209 1372/1130/1206
f 1379/1131/1213 1378/1132/1212 1381/1133/1215
f 1385/817/1219 1383/1134/1217 1387/1135/1221
f 1390/1136/1224 1389/1137/1223 1392/818/1226
f 1402/824/1236 1398/821/1232 1400/823/1234
f 1412/729/1246 1411/727/1245 1410/828/1244
f 1410/828/1244 1409/827/1243 1413/829/1247
f 1418/808/1252 1417/732/1251 1416/831/1250
f 1419/1138/1253 1416/831/1250 1415/830/1249
f 1421/763/1255 1420/1139/1254 1419/1138/1253
f 1424/1140/1258 1369/1141/1203 1348/1142/1182
f 1371/1143/1205 1373/1144/1207 1349/1145/1183
f 1373/1144/1207 1376/1146/1210 1350/1147/1184
f 1377/1148/1211 1380/1149/1214 1351/1150/1185
f 1382/1151/1216 1384/1152/1218 1353/1153/1187
f 1388/980/1222 1391/1154/1225 1355/1155/1189
f 1393/1156/1227 1396/1157/1230 1357/1158/1191
f 1396/1157/1230 1399/1159/1233 1358/1160/1192
f 1403/1161/1237 1405/1162/1239 1360/1163/1194
f 1408/1164/1242 1411/1165/1245 1362/1166/1196
f 1412/1167/1246 1414/1168/1248 1363/1169/1197
f 1417/1170/1251 1418/1171/1252 1364/1172/1198
f 1421/1173/1255 1424/1174/1258 1366/1175/1200
f 1447/685/1281 1446/684/1280 1445/1176/1279
f 1445/1176/1279 1444/1177/1278 1448/835/1282
f 1460/838/1294 1457/837/1291 1456/1178/1290
f 1460/838/1294 1456/1178/1290 1462/839/1296
f 1468/843/1302 1466/842/1300 1470/844/1304
f 1472/722/1306 1470/844/1304 1474/845/1308
f 1488/727/1322 1486/701/1320 1485/850/1319
f 1489/886/1323 1485/850/1319 1487/851/1321
f 1443/681/1277 1498/852/1332 1500/854/1334
f 1501/1179/1335 1442/1180/1276 1441/1181/1275
f 1446/1182/1280 1447/1183/1281 1425/1184/1259
f 1449/1185/1283 1452/1186/1286 1426/1187/1260
f 1452/1186/1286 1455/1188/1289 1427/1189/1261
f 1458/1190/1292 1459/1191/1293 1429/1192/1263
f 1461/1193/1295 1463/1194/1297 1430/1195/1264
f 1465/1196/1299 1467/1197/1301 1431/1198/1265
f 1471/1199/1305 1473/1200/1307 1433/1201/1267
f 1475/1202/1309 1478/1203/1312 1434/1204/1268
f 1478/1203/1312 1481/1205/1315 1435/1206/1269
f 1481/1205/1315 1484/1207/1318 1436/1208/1270
f 1486/1209/1320 1488/1210/1322 1437/1211/1271
f 1490/1212/1324 1493/1213/1327 1438/1214/1272
f 1493/1213/1327 1496/1215/1330 1439/1216/1273
f 1496/1215/1330 1499/1217/1333 1440/1218/1274
f 1522/1219/1356 1521/1220/1355 1524/855/1358 1525/1221/1359
f 1527/875/1361 1524/855/1358 1526/856/1360
f 1536/860/1370 1533/859/1367 1538/1222/1372
f 1541/713/1375 1538/1222/1372 1543/861/1377
f 1544/862/1378 1543/861/1377 1546/796/1380
f 1550/1223/1384 1553/863/1387 1551/1224/1385
f 1561/867/1395 1557/864/1391 1559/866/1393
f 1565/1225/1399 1561/867/1395 1563/868/1397
f 1565/1225/1399 1563/868/1397 1567/870/1401
f 1575/739/1409 1574/763/1408 1573/1226/1407
f 1575/1227/1409 1522/1228/1356 1519/1229/1353
f 1522/1230/1356 1525/1231/1359 1502/1232/1336
f 1528/1233/1362 1531/1146/1365 1504/1234/1338
f 1532/1148/1366 1535/1235/1369 1505/1236/1339
f 1537/1237/1371 1539/1238/1373 1506/1239/1340
f 1540/1240/1374 1542/1241/1376 1507/1242/1341
f 1542/1241/1376 1545/1243/1379 1508/1244/1342
f 1545/1243/1379 1549/1245/1383 1509/1246/1343
f 1549/1245/1383 1552/1247/1386 1510/1248/1344
f 1552/1247/1386 1554/1249/1388 1511/1250/1345
f 1558/1251/1392 1560/1252/1394 1513/1253/1347
f 1564/1254/1398 1566/1255/1400 1515/1256/1349
f 1568/961/1402 1571/1257/1405 1517/1258/1351
f 1571/1257/1405 1574/1259/1408 1518/1260/1352
f 1652/1261/1486 1651/1262/1485 1594/873/1428
f 1603/877/1437 1600/876/1434 1605/1263/1439
f 1612/752/1446 1611/751/1445 1610/1264/1444
f 1614/878/1448 1613/1265/1447 1617/879/1451
f 1625/1266/1459 1622/881/1456 1624/882/1458
f 1631/696/1465 1629/695/1463 1628/883/1462
f 1632/1057/1466 1628/883/1462 1630/885/1464
f 1637/701/1471 1636/699/1470 1635/1267/1469
f 1635/1267/1469 1634/1268/1468 1638/887/1472
f 1643/889/1477 1640/888/1474 1645/890/1479
f 1653/1269/1487 1595/1270/1429 1576/1271/1410
f 1598/1272/1432 1599/1273/1433 1577/1274/1411
f 1602/1275/1436 1604/1276/1438 1578/1277/1412
f 1604/1276/1438 1608/1278/1442 1579/1279/1413
f 1611/1280/1445 1612/1281/1446 1581/1282/1415
f 1616/1283/1450 1618/1284/1452 1583/943/1417
f 1621/1285/1455 1623/1286/1457 1584/1287/1418
f 1623/1286/1457 1626/1288/1460 1585/1289/1419
f 1626/1288/1460 1629/1290/1463 1586/1291/1420
f 1631/1292/1465 1633/1293/1467 1587/1294/1421
f 1637/1295/1471 1639/1296/1473 1589/1297/1423
f 1644/1298/1478 1646/1299/1480 1591/1300/1425
f 1647/1301/1481 1650/1302/1484 1592/1303/1426
f 1650/1302/1484 1653/1304/1487 1593/1305/1427
f 1676/896/1510 1673/741/1507 1674/893/1508
f 1674/893/1508 1730/1306/1564 1675/894/1509
f 1677/895/1511 1675/894/1509 1678/898/1512
f 1680/897/1514 1677/895/1511 1678/898/1512
f 1684/1307/1518 1680/897/1514 1682/899/1516
f 1684/1307/1518 1682/899/1516 1686/900/1520
f 1691/903/1525 1688/901/1522 1693/904/1527
f 1695/905/1529 1693/904/1527 1697/1135/1531
f 1707/907/1541 1704/906/1538 1709/909/1543
f 1710/908/1544 1707/907/1541 1709/909/1543
f 1714/848/1548 1710/908/1544 1712/910/1546
f 1714/848/1548 1712/910/1546 1716/912/1550
f 1721/914/1555 1719/911/1553 1718/913/1552
f 1724/916/1558 1721/914/1555 1723/915/1557
f 1724/916/1558 1723/915/1557 1726/917/1560
f 1727/918/1561 1726/917/1560 1729/853/1563
f 1727/918/1561 1729/853/1563 1730/1306/1564
f 1681/1308/1515 1683/1309/1517 1657/1310/1491
f 1687/1311/1521 1690/1312/1524 1659/1313/1493
f 1694/1152/1528 1696/1314/1530 1661/1315/1495
f 1696/1314/1530 1700/1316/1534 1662/1317/1496
f 1700/1316/1534 1703/1318/1537 1663/1075/1497
f 1706/1319/1540 1708/1320/1542 1665/1321/1499
f 1711/1322/1545 1713/1323/1547 1667/1324/1501
f 1715/1325/1549 1717/1326/1551 1668/1327/1502
f 1720/1328/1554 1722/1329/1556 1669/1330/1503
f 1722/1329/1556 1725/1331/1559 1670/1332/1504
f 1725/1331/1559 1728/1333/1562 1671/1334/1505
f 1728/1333/1562 1731/1335/1565 1672/1336/1506
f 968/684/802 965/741/799 966/681/800 967/683/801
f 953/1337/787 954/1338/788 955/1339/789 956/1340/790 957/1341/791 958/1342/792 959/1343/793 960/1344/794 961/1345/795 962/1346/796 963/1347/797 947/1348/781 948/1349/782 949/1350/783 950/1351/784 951/1352/785 952/1353/786
f 970/685/804 967/683/801 971/920/805 972/745/806
f 975/1354/809 972/745/806 971/920/805 974/1355/808
f 971/920/805 969/919/803 973/1356/807 974/1355/808
f 975/1354/809 974/1355/808 977/1357/811 978/1358/812
f 974/1355/808 973/1356/807 976/1359/810 977/1357/811
f 978/1358/812 977/1357/811 980/686/814 981/1360/815
f 977/1357/811 976/1359/810 979/687/813 980/686/814
f 981/1360/815 980/686/814 982/688/816 983/752/817
f 982/688/816 985/689/819 986/1361/820 983/752/817
f 986/1361/820 985/689/819 988/921/822 989/841/823
f 984/690/818 987/1362/821 988/921/822 985/689/819
f 990/719/824 988/921/822 992/922/826 993/1363/827
f 988/921/822 987/1362/821 991/923/825 992/922/826
f 993/1363/827 992/922/826 994/691/828 995/776/829
f 994/691/828 997/693/831 998/694/832 995/776/829
f 999/695/833 997/693/831 1001/697/835 1002/696/836
f 1001/697/835 997/693/831 996/692/830 1000/1364/834
f 1006/699/840 1003/698/837 1001/697/835 1005/700/839
f 1001/697/835 1000/1364/834 1004/1365/838 1005/700/839
f 1007/701/841 1005/700/839 1009/911/843 1010/727/844
f 1004/1365/838 1008/703/842 1009/911/843 1005/700/839
f 1012/1366/846 1010/727/844 1009/911/843 1011/702/845
f 1012/1366/846 1011/702/845 1013/704/847 1014/732/848
f 1013/704/847 1016/706/850 1017/808/851 1014/732/848
f 1016/706/850 1015/705/849 1019/1367/853 1020/925/854
f 1016/706/850 1020/925/854 1018/924/852
f 1021/739/855 1020/925/854 966/681/800 965/741/799
f 966/681/800 1020/925/854 1019/1367/853 964/682/798
f 1015/705/849 1013/704/847 1008/703/842 1004/1365/838 1000/1364/834 996/692/830 994/691/828 991/923/825 987/1362/821 984/690/818 982/688/816 979/687/813 976/1359/810 973/1356/807 969/919/803 964/682/798 1019/1367/853
f 965/1368/799 968/929/802 947/931/781 963/1369/797
f 970/930/804 972/932/806 948/934/782 947/931/781
f 983/939/817 952/941/786 951/1370/785 981/937/815
f 949/936/783 948/934/782 975/933/809
f 950/938/784 949/936/783 978/935/812
f 951/1370/785 950/938/784 981/937/815
f 989/942/823 990/944/824 954/946/788 953/943/787
f 953/943/787 952/941/786 986/940/820
f 995/947/829 998/949/832 956/951/790 955/948/789
f 955/948/789 954/946/788 993/945/827
f 999/950/833 1002/952/836 957/954/791 956/951/790
f 1003/953/837 1006/955/840 958/957/792 957/954/791
f 1007/956/841 1010/958/844 959/960/793 958/957/792
f 1014/961/848 1017/1371/851 961/1372/795 960/962/794
f 960/962/794 959/960/793 1012/959/846
f 1018/1373/852 962/1374/796 961/1372/795 1017/1371/851
f 1018/1373/852 1021/926/855 963/928/797 962/1374/796
f 1034/1375/868 1035/1376/869 1036/1377/870 1037/1378/871 1038/1379/872 1039/1380/873 1040/1347/874 1022/1381/856 1023/1382/857 1024/1383/858 1025/1384/859 1026/1385/860 1027/1352/861 1028/1386/862 1029/1387/863 1030/1388/864 1031/1389/865 1032/1390/866 1033/1391/867
f 1042/741/876 1102/740/936 1043/707/877 1044/684/878
f 1046/685/880 1043/707/877 1047/920/881 1048/745/882
f 1051/746/885 1048/745/882 1047/920/881 1050/963/884
f 1047/920/881 1045/709/879 1049/1392/883 1050/963/884
f 1052/786/886 1050/963/884 1054/1393/888 1055/1394/889
f 1050/963/884 1049/1392/883 1053/1395/887 1054/1393/888
f 1055/1394/889 1054/1393/888 1057/710/891 1058/1396/892
f 1054/1393/888 1053/1395/887 1056/687/890 1057/710/891
f 1058/1396/892 1057/710/891 1059/711/893 1060/752/894
f 1059/711/893 1062/713/896 1063/714/897 1060/752/894
f 1064/715/898 1062/713/896 1066/716/900 1067/841/901
f 1061/712/895 1065/717/899 1066/716/900 1062/713/896
f 1069/719/903 1067/841/901 1066/716/900 1068/718/902
f 1071/720/905 1068/718/902 1072/722/906 1073/757/907
f 1075/776/909 1073/757/907 1072/722/906 1074/964/908
f 1076/694/910 1074/964/908 1078/723/912 1079/695/913
f 1080/696/914 1078/723/912 1081/725/915 1082/698/916
f 1074/964/908 1077/965/911 1078/723/912
f 1081/725/915 1084/724/918 1085/699/919 1082/698/916
f 1088/727/922 1086/701/920 1084/724/918 1087/728/921
f 1089/729/923 1087/728/921 1091/731/925 1092/730/926
f 1094/732/928 1091/731/925 1095/735/929 1096/808/930
f 1090/733/924 1091/731/925 1087/728/921
f 1098/1139/932 1096/808/930 1095/735/929 1097/737/931
f 1098/1139/932 1097/737/931 1100/736/934 1101/763/935
f 1100/736/934 1102/740/936 1103/739/937 1101/763/935
f 1090/733/924 1087/728/921 1083/726/917 1081/725/915 1077/965/911 1074/964/908 1070/721/904 1065/717/899 1061/712/895 1059/711/893 1056/687/890 1053/1395/887 1049/1392/883 1045/709/879 1041/708/875 1099/738/933 1097/737/931 1093/734/927
f 1042/1397/876 1044/1398/878 1022/1399/856 1040/1369/874
f 1046/969/880 1023/971/857 1022/1399/856 1044/1398/878
f 1048/970/882 1051/1400/885 1024/1401/858 1023/971/857
f 1052/972/886 1025/974/859 1024/1401/858 1051/1400/885
f 1060/977/894 1028/979/862 1027/1370/861 1058/975/892
f 1026/976/860 1025/974/859 1055/973/889
f 1027/1370/861 1026/976/860 1058/975/892
f 1063/978/897 1064/980/898 1029/982/863 1028/979/862
f 1067/981/901 1069/983/903 1030/985/864 1029/982/863
f 1071/984/905 1073/1402/907 1031/1403/865 1030/985/864
f 1075/986/909 1032/988/866 1031/1403/865 1073/1402/907
f 1076/987/910 1079/989/913 1033/991/867 1032/988/866
f 1080/990/914 1082/1404/916 1034/1405/868 1033/991/867
f 1085/992/919 1035/994/869 1034/1405/868 1082/1404/916
f 1086/993/920 1088/995/922 1036/997/870 1035/994/869
f 1089/996/923 1092/998/926 1037/1000/871 1036/997/870
f 1094/999/928 1096/1001/930 1038/1003/872 1037/1000/871
f 1098/1002/932 1101/1406/935 1039/1407/873 1038/1003/872
f 1103/966/937 1040/968/874 1039/1407/873 1101/1406/935
f 1123/1408/957 1122/1409/956 1125/742/959 1126/685/960
f 1117/1410/951 1118/1411/952 1119/1412/953 1120/1413/954 1104/1414/938 1105/1415/939 1106/1416/940 1107/1417/941 1108/1352/942 1109/1418/943 1110/1419/944 1111/1420/945 1112/1421/946 1113/1422/947 1114/1423/948 1115/1424/949 1116/1425/950
f 1125/742/959 1122/1409/956 1121/1426/955 1124/743/958
f 1128/745/962 1126/685/960 1125/742/959 1127/744/961
f 1130/746/964 1127/744/961 1131/1005/965 1132/786/966
f 1134/1427/968 1132/786/966 1131/1005/965 1133/747/967
f 1137/750/971 1134/1427/968 1133/747/967 1136/749/970
f 1139/751/973 1136/749/970 1141/753/975 1142/752/976
f 1141/753/975 1136/749/970 1138/1006/972 1140/1428/974
f 1146/715/980 1143/714/977 1141/753/975 1145/1007/979
f 1141/753/975 1140/1428/974 1144/1429/978 1145/1007/979
f 1147/841/981 1145/1007/979 1149/754/983 1150/719/984
f 1149/754/983 1145/1007/979 1144/1429/978 1148/755/982
f 1152/720/986 1150/719/984 1149/754/983 1151/756/985
f 1154/757/988 1151/756/985 1156/758/990 1157/776/991
f 1156/758/990 1151/756/985 1153/1008/987 1155/759/989
f 1159/694/993 1157/776/991 1156/758/990 1158/760/992
f 1163/696/997 1161/695/995 1158/760/992 1162/762/996
f 1168/699/1002 1165/698/999 1162/762/996 1167/1010/1001
f 1167/1010/1001 1162/762/996 1164/865/998 1166/1012/1000
f 1171/729/1005 1170/1011/1004 1173/1430/1007 1174/1431/1008
f 1167/1010/1001 1170/1011/1004 1169/1009/1003
f 1174/1431/1008 1173/1430/1007 1176/1013/1010 1177/1432/1011
f 1170/1011/1004 1172/1433/1006 1173/1430/1007
f 1173/1430/1007 1172/1433/1006 1175/1014/1009 1176/1013/1010
f 1179/763/1013 1177/1432/1011 1176/1013/1010 1178/764/1012
f 1180/739/1014 1178/764/1012 1122/1409/956 1123/1408/957
f 1178/764/1012 1121/1426/955 1122/1409/956
f 1104/1020/938 1120/1369/954 1123/1018/957
f 1126/1019/960 1128/1021/962 1105/1023/939 1104/1020/938
f 1166/1012/1000 1164/865/998 1160/761/994 1155/759/989 1153/1008/987 1148/755/982 1144/1429/978 1140/1428/974 1138/1006/972 1135/748/969 1131/1005/965 1129/1004/963 1124/743/958 1121/1426/955 1178/764/1012 1175/1014/1009 1172/1433/1006 1170/1011/1004
f 1130/1022/964 1132/1024/966 1106/1026/940 1105/1023/939
f 1137/1027/971 1139/1191/973 1108/1370/942 1107/1028/941
f 1107/1028/941 1106/1026/940 1134/1025/968
f 1142/939/976 1109/1030/943 1108/1370/942 1139/1191/973
f 1143/1029/977 1146/1031/980 1110/1033/944 1109/1030/943
f 1147/1032/981 1150/1034/984 1111/1036/945 1110/1033/944
f 1152/1035/986 1154/1037/988 1112/1039/946 1111/1036/945
f 1157/1038/991 1159/1040/993 1113/1042/947 1112/1039/946
f 1161/1041/995 1163/1043/997 1114/1045/948 1113/1042/947
f 1165/1044/999 1168/1434/1002 1115/1435/949 1114/1045/948
f 1169/1436/1003 1116/1437/950 1115/1435/949 1168/1434/1002
f 1169/1436/1003 1171/1046/1005 1117/1048/951 1116/1437/950
f 1179/1051/1013 1180/1015/1014 1120/1017/954 1119/1052/953
f 1118/1050/952 1117/1048/951 1174/1047/1008
f 1119/1052/953 1118/1050/952 1177/1049/1011
f 1199/1380/1033 1200/1438/1034 1181/1381/1015 1182/1439/1016 1183/1383/1017 1184/1440/1018 1185/1441/1019 1186/1442/1020 1187/1443/1021 1188/1444/1022 1189/1445/1023 1190/1389/1024 1191/1446/1025 1192/1447/1026 1193/1375/1027 1194/1448/1028 1195/1449/1029 1196/1450/1030 1197/1451/1031 1198/1452/1032
f 1201/741/1035 1262/767/1096 1202/765/1036 1203/684/1037
f 1207/769/1041 1202/765/1036 1204/768/1038 1206/1453/1040
f 1208/746/1042 1207/769/1041 1210/770/1044 1211/786/1045
f 1210/770/1044 1207/769/1041 1206/1453/1040 1209/771/1043
f 1210/770/1044 1212/772/1046 1213/1454/1047 1211/786/1045
f 1213/1454/1047 1212/772/1046 1216/1054/1050 1217/750/1051
f 1216/1054/1050 1212/772/1046 1214/1053/1048 1215/1455/1049
f 1218/751/1052 1216/1054/1050 1220/773/1054 1221/752/1055
f 1220/773/1054 1216/1054/1050 1215/1455/1049 1219/1456/1053
f 1225/715/1059 1222/714/1056 1220/773/1054 1224/1055/1058
f 1220/773/1054 1219/1456/1053 1223/1457/1057 1224/1055/1058
f 1229/719/1063 1226/841/1060 1224/1055/1058 1228/1056/1062
f 1224/1055/1058 1223/1457/1057 1227/1458/1061 1228/1056/1062
f 1230/720/1064 1228/1056/1062 1232/722/1066 1233/757/1067
f 1232/722/1066 1228/1056/1062 1227/1458/1061 1231/774/1065
f 1235/776/1069 1233/757/1067 1232/722/1066 1234/775/1068
f 1237/694/1071 1234/775/1068 1239/777/1073 1240/695/1074
f 1239/777/1073 1234/775/1068 1236/822/1070 1238/1459/1072
f 1241/696/1075 1239/777/1073 1243/1057/1077 1244/698/1078
f 1243/1057/1077 1239/777/1073 1238/1459/1072 1242/779/1076
f 1243/1057/1077 1245/778/1079 1246/699/1080 1244/698/1078
f 1248/701/1082 1245/778/1079 1249/781/1083 1250/727/1084
f 1252/729/1086 1249/781/1083 1251/782/1085 1254/730/1088
f 1256/732/1090 1254/730/1088 1251/782/1085 1255/784/1089
f 1257/808/1091 1255/784/1089 1258/1058/1092 1259/1139/1093
f 1261/763/1095 1259/1139/1093 1258/1058/1092 1260/1059/1094
f 1263/739/1097 1260/1059/1094 1262/767/1096 1201/741/1035
f 1201/1460/1035 1203/1461/1037 1181/1399/1015 1200/1369/1034
f 1223/1457/1057 1219/1456/1053 1215/1455/1049 1214/1053/1048 1209/771/1043 1206/1453/1040 1204/768/1038 1262/767/1096 1258/1058/1092 1253/783/1087 1251/782/1085 1247/780/1081 1242/779/1076 1238/1459/1072 1236/822/1070 1231/774/1065 1227/1458/1061
f 1205/1462/1039 1182/1463/1016 1181/1399/1015 1203/1461/1037
f 1205/1462/1039 1208/1464/1042 1183/1401/1017 1182/1463/1016
f 1211/1063/1045 1184/974/1018 1183/1401/1017 1208/1464/1042
f 1217/1065/1051 1186/1067/1020 1185/1465/1019 1213/1064/1047
f 1185/1465/1019 1184/974/1018 1213/1064/1047
f 1218/1066/1052 1221/939/1055 1187/1069/1021 1186/1067/1020
f 1222/1068/1056 1225/1070/1059 1188/1072/1022 1187/1069/1021
f 1226/1071/1060 1229/1073/1063 1189/1075/1023 1188/1072/1022
f 1230/1074/1064 1233/1466/1067 1190/1403/1024 1189/1075/1023
f 1235/1076/1069 1191/1078/1025 1190/1403/1024 1233/1466/1067
f 1237/1077/1071 1240/1079/1074 1192/1081/1026 1191/1078/1025
f 1241/1080/1075 1244/1467/1078 1193/1405/1027 1192/1081/1026
f 1246/1082/1080 1194/1084/1028 1193/1405/1027 1244/1467/1078
f 1248/1083/1082 1250/1468/1084 1195/1469/1029 1194/1084/1028
f 1252/1085/1086 1196/1087/1030 1195/1469/1029 1250/1468/1084
f 1254/1086/1088 1256/1470/1090 1197/1471/1031 1196/1087/1030
f 1257/1088/1091 1198/1090/1032 1197/1471/1031 1256/1470/1090
f 1259/1089/1093 1261/1472/1095 1199/1407/1033 1198/1090/1032
f 1263/1060/1097 1200/1062/1034 1199/1407/1033 1261/1472/1095
f 1270/1473/1104 1271/1474/1105 1272/1475/1106 1273/1476/1107 1274/1477/1108 1275/1478/1109 1276/1479/1110 1277/1480/1111 1278/1377/1112 1279/1481/1113 1280/1482/1114 1281/1483/1115 1282/1484/1116 1264/1485/1098 1265/1486/1099 1266/1487/1100 1267/1488/1101 1268/1441/1102 1269/1489/1103
f 1286/684/1120 1284/785/1118 1287/742/1121 1288/685/1122
f 1291/745/1125 1288/685/1122 1287/742/1121 1290/1092/1124
f 1287/742/1121 1285/1091/1119 1289/1490/1123 1290/1092/1124
f 1295/786/1129 1292/746/1126 1290/1092/1124 1294/787/1128
f 1290/1092/1124 1289/1490/1123 1293/1491/1127 1294/787/1128
f 1296/788/1130 1294/787/1128 1298/858/1132 1299/1492/1133
f 1298/858/1132 1294/787/1128 1293/1491/1127 1297/790/1131
f 1298/858/1132 1300/789/1134 1301/750/1135 1299/1492/1133
f 1303/751/1137 1300/789/1134 1304/1093/1138 1305/752/1139
f 1307/714/1141 1305/752/1139 1304/1093/1138 1306/792/1140
f 1310/715/1144 1307/714/1141 1306/792/1140 1309/794/1143
f 1309/794/1143 1308/793/1142 1312/796/1146 1313/795/1147
f 1309/794/1143 1313/795/1147 1311/1094/1145
f 1315/720/1149 1313/795/1147 1314/797/1148 1316/757/1150
f 1316/757/1150 1314/797/1148 1317/799/1151 1318/776/1152
f 1317/799/1151 1320/798/1154 1321/694/1155 1318/776/1152
f 1322/695/1156 1320/798/1154 1324/801/1158 1325/696/1159
f 1324/801/1158 1320/798/1154 1319/800/1153 1323/802/1157
f 1328/699/1162 1326/698/1160 1324/801/1158 1327/803/1161
f 1330/701/1164 1327/803/1161 1329/1095/1163 1331/727/1165
f 1331/727/1165 1329/1095/1163 1332/805/1166 1333/729/1167
f 1333/729/1167 1332/805/1166 1335/804/1169 1336/730/1170
f 1338/732/1172 1336/730/1170 1335/804/1169 1337/807/1171
f 1340/808/1174 1337/807/1171 1342/809/1176 1343/1139/1177
f 1342/809/1176 1337/807/1171 1339/1096/1173 1341/810/1175
f 1345/763/1179 1343/1139/1177 1342/809/1176 1344/811/1178
f 1347/739/1181 1344/811/1178 1284/785/1118 1283/741/1117
f 1286/1097/1120 1265/1099/1099 1264/1369/1098 1283/1493/1117
f 1319/800/1153 1317/799/1151 1314/797/1148 1312/796/1146 1308/793/1142 1306/792/1140 1302/791/1136 1297/790/1131 1293/1491/1127 1289/1490/1123 1285/1091/1119 1346/812/1180 1341/810/1175 1339/1096/1173 1334/806/1168 1332/805/1166 1329/1095/1163 1323/802/1157
f 1347/1128/1181 1283/1494/1117 1264/1495/1098 1282/1129/1116
f 1288/1098/1122 1291/1100/1125 1266/1102/1100 1265/1099/1099
f 1292/1101/1126 1295/1103/1129 1267/1105/1101 1266/1102/1100
f 1296/1104/1130 1299/1496/1133 1268/1465/1102 1267/1105/1101
f 1301/1106/1135 1269/1108/1103 1268/1465/1102 1299/1496/1133
f 1303/1107/1137 1305/1109/1139 1270/1069/1104 1269/1108/1103
f 1307/1110/1141 1310/1497/1144 1271/1498/1105 1270/1069/1104
f 1311/1499/1145 1272/1500/1106 1271/1498/1105 1310/1497/1144
f 1311/1499/1145 1315/1111/1149 1273/1113/1107 1272/1500/1106
f 1316/1112/1150 1318/1501/1152 1274/1502/1108 1273/1113/1107
f 1321/1114/1155 1275/1116/1109 1274/1502/1108 1318/1501/1152
f 1322/1115/1156 1325/1117/1159 1276/1045/1110 1275/1116/1109
f 1326/1118/1160 1328/955/1162 1277/1120/1111 1276/1045/1110
f 1330/1119/1164 1331/1121/1165 1278/1123/1112 1277/1120/1111
f 1333/1122/1167 1336/1503/1170 1279/1504/1113 1278/1123/1112
f 1338/1124/1172 1280/1126/1114 1279/1504/1113 1336/1503/1170
f 1340/1125/1174 1343/1505/1177 1281/1506/1115 1280/1126/1114
f 1345/1127/1179 1282/1129/1116 1281/1506/1115 1343/1505/1177
f 1424/1507/1258 1423/832/1257 1368/813/1202 1369/684/1203
f 1348/1508/1182 1349/1509/1183 1350/1510/1184 1351/1511/1185 1352/1512/1186 1353/1513/1187 1354/1514/1188 1355/1515/1189 1356/1516/1190 1357/1517/1191 1358/1518/1192 1359/1519/1193 1360/1520/1194 1361/1424/1195 1362/1521/1196 1363/1522/1197 1364/1523/1198 1365/1483/1199 1366/1524/1200
f 1371/685/1205 1368/813/1202 1372/1130/1206 1373/1525/1207
f 1376/786/1210 1373/1525/1207 1372/1130/1206 1375/816/1209
f 1377/788/1211 1375/816/1209 1379/1131/1213 1380/1526/1214
f 1380/1526/1214 1379/1131/1213 1381/1133/1215 1382/751/1216
f 1378/1132/1212 1379/1131/1213 1375/816/1209
f 1382/751/1216 1381/1133/1215 1383/1134/1217 1384/752/1218
f 1383/1134/1217 1385/817/1219 1386/714/1220 1384/752/1218
f 1388/715/1222 1385/817/1219 1390/1136/1224 1391/1527/1225
f 1390/1136/1224 1385/817/1219 1387/1135/1221 1389/1137/1223
f 1391/1527/1225 1390/1136/1224 1392/818/1226 1393/720/1227
f 1392/818/1226 1395/820/1229 1396/1528/1230 1393/720/1227
f 1399/694/1233 1396/1528/1230 1395/820/1229 1398/821/1232
f 1395/820/1229 1394/819/1228 1397/822/1231 1398/821/1232
f 1401/695/1235 1398/821/1232 1402/824/1236 1403/696/1237
f 1405/698/1239 1402/824/1236 1404/825/1238 1406/699/1240
f 1406/699/1240 1404/825/1238 1407/826/1241 1408/701/1242
f 1411/727/1245 1408/701/1242 1407/826/1241 1410/828/1244
f 1412/729/1246 1410/828/1244 1413/829/1247 1414/730/1248
f 1417/732/1251 1414/730/1248 1413/829/1247 1416/831/1250
f 1420/1139/1254 1418/808/1252 1416/831/1250 1419/1138/1253
f 1424/1507/1258 1421/763/1255 1419/1138/1253 1423/832/1257
f 1422/833/1256 1423/832/1257 1419/1138/1253
f 1348/1495/1182 1366/1175/1200 1424/1174/1258
f 1422/833/1256 1419/1138/1253 1415/830/1249 1413/829/1247 1409/827/1243 1407/826/1241 1404/825/1238 1400/823/1234 1397/822/1231 1394/819/1228 1392/818/1226 1389/1137/1223 1387/1135/1221 1383/1134/1217 1381/1133/1215 1378/1132/1212 1375/816/1209 1374/1004/1208 1370/815/1204 1367/814/1201
f 1369/1141/1203 1371/1143/1205 1349/1145/1183 1348/1142/1182
f 1376/1146/1210 1377/1148/1211 1351/1150/1185 1350/1147/1184
f 1350/1147/1184 1349/1145/1183 1373/1144/1207
f 1382/1151/1216 1353/1153/1187 1352/1529/1186 1380/1149/1214
f 1352/1529/1186 1351/1150/1185 1380/1149/1214
f 1384/1152/1218 1386/1530/1220 1354/1531/1188 1353/1153/1187
f 1388/980/1222 1355/1155/1189 1354/1531/1188 1386/1530/1220
f 1393/1156/1227 1357/1158/1191 1356/1532/1190 1391/1154/1225
f 1356/1532/1190 1355/1155/1189 1391/1154/1225
f 1399/1159/1233 1401/1533/1235 1359/1534/1193 1358/1160/1192
f 1358/1160/1192 1357/1158/1191 1396/1157/1230
f 1403/1161/1237 1360/1163/1194 1359/1534/1193 1401/1533/1235
f 1405/1162/1239 1406/1535/1240 1361/1435/1195 1360/1163/1194
f 1408/1164/1242 1362/1166/1196 1361/1435/1195 1406/1535/1240
f 1411/1165/1245 1412/1167/1246 1363/1169/1197 1362/1166/1196
f 1414/1168/1248 1417/1170/1251 1364/1172/1198 1363/1169/1197
f 1418/1171/1252 1420/1536/1254 1365/1506/1199 1364/1172/1198
f 1421/1173/1255 1366/1175/1200 1365/1506/1199 1420/1536/1254
f 1446/684/1280 1442/741/1276 1443/681/1277 1445/1176/1279
f 1434/1537/1268 1435/1538/1269 1436/1539/1270 1437/1540/1271 1438/1541/1272 1439/1542/1273 1440/1543/1274 1441/1544/1275 1425/1545/1259 1426/1546/1260 1427/1547/1261 1428/1441/1262 1429/1548/1263 1430/1549/1264 1431/1550/1265 1432/1516/1266 1433/1551/1267
f 1443/681/1277 1500/854/1334 1444/1177/1278 1445/1176/1279
f 1447/685/1281 1445/1176/1279 1448/835/1282 1449/745/1283
f 1452/1552/1286 1449/745/1283 1448/835/1282 1451/834/1285
f 1452/1552/1286 1451/834/1285 1454/1553/1288 1455/1554/1289
f 1454/1553/1288 1451/834/1285 1450/836/1284 1453/1555/1287
f 1455/1554/1289 1454/1553/1288 1457/837/1291 1458/750/1292
f 1457/837/1291 1454/1553/1288 1453/1555/1287 1456/1178/1290
f 1459/751/1293 1457/837/1291 1460/838/1294 1461/752/1295
f 1465/715/1299 1463/714/1297 1460/838/1294 1464/840/1298
f 1467/841/1301 1464/840/1298 1468/843/1302 1469/719/1303
f 1471/720/1305 1468/843/1302 1472/722/1306 1473/757/1307
f 1475/776/1309 1473/757/1307 1472/722/1306 1474/845/1308
f 1474/845/1308 1477/847/1311 1478/1556/1312 1475/776/1309
f 1478/1556/1312 1477/847/1311 1480/1557/1314 1481/1558/1315
f 1480/1557/1314 1477/847/1311 1476/846/1310 1479/1559/1313
f 1481/1558/1315 1480/1557/1314 1483/848/1317 1484/699/1318
f 1479/1559/1313 1482/849/1316 1483/848/1317 1480/1557/1314
f 1486/701/1320 1484/699/1318 1483/848/1317 1485/850/1319
f 1488/727/1322 1485/850/1319 1489/886/1323 1490/729/1324
f 1493/1560/1327 1490/729/1324 1489/886/1323 1492/1561/1326
f 1489/886/1323 1487/851/1321 1491/1562/1325 1492/1561/1326
f 1493/1560/1327 1492/1561/1326 1495/1563/1329 1496/1564/1330
f 1492/1561/1326 1491/1562/1325 1494/1565/1328 1495/1563/1329
f 1499/763/1333 1496/1564/1330 1495/1563/1329 1498/852/1332
f 1495/1563/1329 1494/1565/1328 1497/853/1331 1498/852/1332
f 1501/739/1335 1498/852/1332 1443/681/1277 1442/741/1276
f 1442/1566/1276 1446/1182/1280 1425/1184/1259 1441/1369/1275
f 1479/1559/1313 1476/846/1310 1474/845/1308 1470/844/1304 1466/842/1300 1462/839/1296 1456/1178/1290 1453/1555/1287 1450/836/1284 1448/835/1282 1444/1177/1278 1500/854/1334 1497/853/1331 1494/1565/1328 1491/1562/1325 1487/851/1321 1482/849/1316
f 1447/1183/1281 1449/1185/1283 1426/1187/1260 1425/1184/1259
f 1458/1190/1292 1429/1192/1263 1428/1465/1262 1455/1188/1289
f 1427/1189/1261 1426/1187/1260 1452/1186/1286
f 1428/1465/1262 1427/1189/1261 1455/1188/1289
f 1459/1191/1293 1461/1193/1295 1430/1195/1264 1429/1192/1263
f 1463/1194/1297 1465/1196/1299 1431/1198/1265 1430/1195/1264
f 1467/1197/1301 1469/1567/1303 1432/1532/1266 1431/1198/1265
f 1471/1199/1305 1433/1201/1267 1432/1532/1266 1469/1567/1303
f 1473/1200/1307 1475/1202/1309 1434/1204/1268 1433/1201/1267
f 1484/1207/1318 1486/1209/1320 1437/1211/1271 1436/1208/1270
f 1435/1206/1269 1434/1204/1268 1478/1203/1312
f 1436/1208/1270 1435/1206/1269 1481/1205/1315
f 1488/1210/1322 1490/1212/1324 1438/1214/1272 1437/1211/1271
f 1499/1217/1333 1501/1179/1335 1441/1181/1275 1440/1218/1274
f 1439/1216/1273 1438/1214/1272 1493/1213/1327
f 1440/1218/1274 1439/1216/1273 1496/1215/1330
f 1505/1568/1339 1506/1569/1340 1507/1570/1341 1508/1571/1342 1509/1572/1343 1510/1573/1344 1511/1574/1345 1512/1575/1346 1513/1576/1347 1514/1577/1348 1515/1578/1349 1516/1481/1350 1517/1579/1351 1518/1580/1352 1519/1581/1353 1502/1582/1336 1503/1583/1337 1504/1584/1338
f 1521/1220/1355 1520/1585/1354 1523/768/1357 1524/855/1358
f 1525/1221/1359 1524/855/1358 1527/875/1361 1528/746/1362
f 1531/786/1365 1528/746/1362 1527/875/1361 1530/857/1364
f 1527/875/1361 1526/856/1360 1529/1586/1363 1530/857/1364
f 1532/788/1366 1530/857/1364 1534/858/1368 1535/1492/1369
f 1534/858/1368 1530/857/1364 1529/1586/1363 1533/859/1367
f 1537/750/1371 1535/1492/1369 1534/858/1368 1536/860/1370
f 1539/751/1373 1536/860/1370 1538/1222/1372 1540/752/1374
f 1538/1222/1372 1541/713/1375 1542/1587/1376 1540/752/1374
f 1542/1587/1376 1541/713/1375 1544/862/1378 1545/1588/1379
f 1545/1588/1379 1544/862/1378 1548/1589/1382 1549/1590/1383
f 1546/796/1380 1547/1591/1381 1548/1589/1382 1544/862/1378
f 1552/1592/1386 1549/1590/1383 1548/1589/1382 1551/1224/1385
f 1548/1589/1382 1547/1591/1381 1550/1223/1384 1551/1224/1385
f 1554/695/1388 1552/1592/1386 1551/1224/1385 1553/863/1387
f 1555/696/1389 1553/863/1387 1557/864/1391 1558/698/1392
f 1560/699/1394 1557/864/1391 1561/867/1395 1562/701/1396
f 1556/865/1390 1557/864/1391 1553/863/1387
f 1564/727/1398 1561/867/1395 1565/1225/1399 1566/1593/1400
f 1566/1593/1400 1565/1225/1399 1567/870/1401 1568/732/1402
f 1567/870/1401 1570/869/1404 1571/1594/1405 1568/732/1402
f 1571/1594/1405 1570/869/1404 1573/1226/1407 1574/763/1408
f 1569/871/1403 1572/1595/1406 1573/1226/1407 1570/869/1404
f 1575/739/1409 1573/1226/1407 1521/1220/1355 1522/1219/1356
f 1521/1220/1355 1573/1226/1407 1572/1595/1406 1520/1585/1354
f 1528/1233/1362 1504/1234/1338 1503/1596/1337 1525/1231/1359
f 1533/859/1367 1529/1586/1363 1526/856/1360 1523/768/1357 1520/1585/1354 1572/1595/1406 1569/871/1403 1567/870/1401 1563/868/1397 1559/866/1393 1556/865/1390 1553/863/1387 1550/1223/1384 1547/1591/1381 1546/796/1380 1543/861/1377 1538/1222/1372
f 1502/1232/1336 1519/1369/1353 1522/1230/1356
f 1503/1596/1337 1502/1232/1336 1525/1231/1359
f 1531/1146/1365 1532/1148/1366 1505/1236/1339 1504/1234/1338
f 1535/1235/1369 1537/1237/1371 1506/1239/1340 1505/1236/1339
f 1539/1238/1373 1540/1240/1374 1507/1242/1341 1506/1239/1340
f 1554/1249/1388 1555/1597/1389 1512/1598/1346 1511/1250/1345
f 1508/1244/1342 1507/1242/1341 1542/1241/1376
f 1509/1246/1343 1508/1244/1342 1545/1243/1379
f 1510/1248/1344 1509/1246/1343 1549/1245/1383
f 1511/1250/1345 1510/1248/1344 1552/1247/1386
f 1558/1251/1392 1513/1253/1347 1512/1598/1346 1555/1597/1389
f 1560/1252/1394 1562/1599/1396 1514/1600/1348 1513/1253/1347
f 1564/1254/1398 1515/1256/1349 1514/1600/1348 1562/1599/1396
f 1568/961/1402 1517/1258/1351 1516/1504/1350 1566/1255/1400
f 1516/1504/1350 1515/1256/1349 1566/1255/1400
f 1574/1259/1408 1575/1227/1409 1519/1229/1353 1518/1260/1352
f 1518/1260/1352 1517/1258/1351 1571/1257/1405
f 1653/1601/1487 1652/1261/1486 1594/873/1428 1595/684/1429
f 1592/1602/1426 1593/1603/1427 1576/1604/1410 1577/1605/1411 1578/1606/1412 1579/1607/1413 1580/1512/1414 1581/1608/1415 1582/1514/1416 1583/1337/1417 1584/1609/1418 1585/1610/1419 1586/1611/1420 1587/1612/1421 1588/1424/1422 1589/1613/1423 1590/1614/1424 1591/1615/1425
f 1594/873/1428 1597/872/1431 1598/685/1432 1595/684/1429
f 1599/745/1433 1597/872/1431 1601/875/1435 1602/746/1436
f 1596/874/1430 1600/876/1434 1601/875/1435 1597/872/1431
f 1604/1616/1438 1602/746/1436 1601/875/1435 1603/877/1437
f 1604/1616/1438 1603/877/1437 1607/1617/1441 1608/1618/1442
f 1607/1617/1441 1603/877/1437 1605/1263/1439 1606/1619/1440
f 1608/1618/1442 1607/1617/1441 1610/1264/1444 1611/751/1445
f 1610/1264/1444 1607/1617/1441 1606/1619/1440 1609/1620/1443
f 1612/752/1446 1610/1264/1444 1614/878/1448 1615/714/1449
f 1614/878/1448 1610/1264/1444 1609/1620/1443 1613/1265/1447
f 1616/715/1450 1614/878/1448 1617/879/1451 1618/841/1452
f 1618/841/1452 1617/879/1451 1620/754/1454 1621/719/1455
f 1620/754/1454 1622/881/1456 1623/1621/1457 1621/719/1455
f 1623/1621/1457 1622/881/1456 1625/1266/1459 1626/1622/1460
f 1629/695/1463 1626/1622/1460 1625/1266/1459 1628/883/1462
f 1625/1266/1459 1624/882/1458 1627/884/1461 1628/883/1462
f 1631/696/1465 1628/883/1462 1632/1057/1466 1633/698/1467
f 1636/699/1470 1633/698/1467 1632/1057/1466 1635/1267/1469
f 1632/1057/1466 1630/885/1464 1634/1268/1468 1635/1267/1469
f 1637/701/1471 1635/1267/1469 1638/887/1472 1639/727/1473
f 1639/727/1473 1638/887/1472 1641/886/1475 1642/729/1476
f 1644/730/1478 1642/729/1476 1641/886/1475 1643/889/1477
f 1646/732/1480 1643/889/1477 1645/890/1479 1647/808/1481
f 1645/890/1479 1649/892/1483 1650/1623/1484 1647/808/1481
f 1653/1601/1487 1650/1623/1484 1649/892/1483 1652/1261/1486
f 1649/892/1483 1648/891/1482 1651/1262/1485 1652/1261/1486
f 1576/1495/1410 1593/1305/1427 1653/1304/1487
f 1605/1263/1439 1600/876/1434 1596/874/1430 1594/873/1428 1651/1262/1485 1648/891/1482 1645/890/1479 1640/888/1474 1638/887/1472 1634/1268/1468 1630/885/1464 1627/884/1461 1624/882/1458 1619/880/1453 1617/879/1451 1613/1265/1447 1609/1620/1443 1606/1619/1440
f 1595/1270/1429 1598/1272/1432 1577/1274/1411 1576/1271/1410
f 1599/1273/1433 1602/1275/1436 1578/1277/1412 1577/1274/1411
f 1611/1280/1445 1581/1282/1415 1580/1529/1414 1608/1278/1442
f 1579/1279/1413 1578/1277/1412 1604/1276/1438
f 1580/1529/1414 1579/1279/1413 1608/1278/1442
f 1612/1281/1446 1615/1624/1449 1582/1531/1416 1581/1282/1415
f 1616/1283/1450 1583/943/1417 1582/1531/1416 1615/1624/1449
f 1618/1284/1452 1621/1285/1455 1584/1287/1418 1583/943/1417
f 1629/1290/1463 1631/1292/1465 1587/1294/1421 1586/1291/1420
f 1585/1289/1419 1584/1287/1418 1623/1286/1457
f 1586/1291/1420 1585/1289/1419 1626/1288/1460
f 1633/1293/1467 1636/1625/1470 1588/1435/1422 1587/1294/1421
f 1637/1295/1471 1589/1297/1423 1588/1435/1422 1636/1625/1470
f 1639/1296/1473 1642/1626/1476 1590/1627/1424 1589/1297/1423
f 1644/1298/1478 1591/1300/1425 1590/1627/1424 1642/1626/1476
f 1646/1299/1480 1647/1301/1481 1592/1303/1426 1591/1300/1425
f 1593/1305/1427 1592/1303/1426 1650/1302/1484
f 1660/1352/1494 1661/1628/1495 1662/1629/1496 1663/1630/1497 1664/1389/1498 1665/1631/1499 1666/1519/1500 1667/1632/1501 1668/1633/1502 1669/1634/1503 1670/1635/1504 1671/1636/1505 1672/1637/1506 1654/1485/1488 1655/1638/1489 1656/1583/1490 1657/1639/1491 1658/1640/1492 1659/1641/1493
f 1679/745/1513 1677/895/1511 1680/897/1514 1681/746/1515
f 1674/893/1508 1677/895/1511 1676/896/1510
f 1683/786/1517 1680/897/1514 1684/1307/1518 1685/788/1519
f 1684/1307/1518 1686/900/1520 1687/1492/1521 1685/788/1519
f 1687/1492/1521 1686/900/1520 1689/902/1523 1690/750/1524
f 1692/751/1526 1690/750/1524 1689/902/1523 1691/903/1525
f 1694/752/1528 1691/903/1525 1695/905/1529 1696/1642/1530
f 1696/1642/1530 1695/905/1529 1699/1643/1533 1700/1644/1534
f 1699/1643/1533 1695/905/1529 1697/1135/1531 1698/1645/1532
f 1703/1646/1537 1700/1644/1534 1699/1643/1533 1702/1647/1536
f 1699/1643/1533 1698/1645/1532 1701/1648/1535 1702/1647/1536
f 1703/1646/1537 1702/1647/1536 1705/758/1539 1706/776/1540
f 1705/758/1539 1702/1647/1536 1701/1648/1535 1704/906/1538
f 1708/1649/1542 1706/776/1540 1705/758/1539 1707/907/1541
f 1708/1649/1542 1707/907/1541 1710/908/1544 1711/696/1545
f 1713/698/1547 1710/908/1544 1714/848/1548 1715/699/1549
f 1717/701/1551 1715/699/1549 1714/848/1548 1716/912/1550
f 1717/701/1551 1716/912/1550 1719/911/1553 1720/727/1554
f 1722/1650/1556 1720/727/1554 1719/911/1553 1721/914/1555
f 1722/1650/1556 1721/914/1555 1724/916/1558 1725/1651/1559
f 1728/1652/1562 1725/1651/1559 1724/916/1558 1727/918/1561
f 1728/1652/1562 1727/918/1561 1730/1306/1564 1731/739/1565
f 1673/741/1507 1731/739/1565 1730/1306/1564 1674/893/1508
f 1676/1653/1510 1655/1654/1489 1654/1369/1488 1673/1655/1507
f 1729/853/1563 1726/917/1560 1723/915/1557 1718/913/1552 1716/912/1550 1712/910/1546 1709/909/1543 1704/906/1538 1701/1648/1535 1698/1645/1532 1697/1135/1531 1693/904/1527 1688/901/1522 1686/900/1520 1682/899/1516 1678/898/1512 1675/894/1509 1730/1306/1564
f 1731/1335/1565 1673/1656/1507 1654/1495/1488 1672/1336/1506
f 1676/1653/1510 1679/1657/1513 1656/1596/1490 1655/1654/1489
f 1681/1308/1515 1657/1310/1491 1656/1596/1490 1679/1657/1513
f 1683/1309/1517 1685/1658/1519 1658/1659/1492 1657/1310/1491
f 1687/1311/1521 1659/1313/1493 1658/1659/1492 1685/1658/1519
f 1690/1312/1524 1692/1660/1526 1660/1370/1494 1659/1313/1493
f 1694/1152/1528 1661/1315/1495 1660/1370/1494 1692/1660/1526
f 1706/1319/1540 1665/1321/1499 1664/1403/1498 1703/1318/1537
f 1662/1317/1496 1661/1315/1495 1696/1314/1530
f 1663/1075/1497 1662/1317/1496 1700/1316/1534
f 1664/1403/1498 1663/1075/1497 1703/1318/1537
f 1711/1322/1545 1667/1324/1501 1666/1534/1500 1708/1320/1542
f 1666/1534/1500 1665/1321/1499 1708/1320/1542
f 1713/1323/1547 1715/1325/1549 1668/1327/1502 1667/1324/1501
f 1717/1326/1551 1720/1328/1554 1669/1330/1503 1668/1327/1502
f 1670/1332/1504 1669/1330/1503 1722/1329/1556
f 1671/1334/1505 1670/1332/1504 1725/1331/1559
f 1672/1336/1506 1671/1334/1505 1728/1333/1562
o 円柱.003
v -0.009425 0.875237 0.027863
v 0.047374 0.872775 0.032886
v 0.101990 0.865484 0.047763
v 0.152325 0.853642 0.071922
v 0.196443 0.837707 0.104434
v 0.232651 0.818290 0.144050
v 0.259555 0.796137 0.189247
v 0.276123 0.772099 0.238290
v 0.281717 0.747101 0.289292
v 0.276123 0.722103 0.340294
v 0.259555 0.698065 0.389336
v 0.232651 0.675912 0.434534
v 0.196443 0.656495 0.474150
v 0.152325 0.640560 0.506662
v 0.101990 0.628719 0.530821
v 0.047374 0.621427 0.545697
v -0.009425 0.618965 0.550721
v -0.066225 0.621427 0.545697
v -0.120841 0.628719 0.530821
v -0.171176 0.640560 0.506662
v -0.215294 0.656495 0.474150
v -0.251502 0.675912 0.434534
v -0.278406 0.698065 0.389336
v -0.294974 0.722103 0.340294
v -0.300568 0.747101 0.289292
v -0.294974 0.772099 0.238290
v -0.278406 0.796137 0.189247
v -0.251502 0.818290 0.144050
v -0.215294 0.837707 0.104434
v -0.171176 0.853642 0.071922
v -0.120841 0.865484 0.047763
v -0.066225 0.872775 0.032886
v -0.009425 0.970300 0.096905
v -0.009425 0.938078 0.058663
v -0.009425 0.969230 0.085156
v -0.009425 0.957436 0.071159
v 0.043441 0.968008 0.101580
v 0.047374 0.935616 0.063687
v 0.045407 0.966853 0.090006
v 0.046847 0.954997 0.076136
v 0.094276 0.961221 0.115427
v 0.101990 0.928324 0.078564
v 0.098133 0.959814 0.104368
v 0.100957 0.947773 0.090875
v 0.141126 0.950200 0.137913
v 0.152325 0.916483 0.102722
v 0.146725 0.948383 0.127690
v 0.150824 0.936041 0.114809
v 0.182190 0.935368 0.168174
v 0.196443 0.900548 0.135234
v 0.189317 0.932999 0.159076
v 0.194534 0.920254 0.147020
v 0.215891 0.917295 0.205047
v 0.232651 0.881130 0.174850
v 0.224271 0.914254 0.197321
v 0.230405 0.901017 0.186268
v 0.240932 0.896675 0.247116
v 0.259555 0.858977 0.220048
v 0.250244 0.892868 0.240954
v 0.257060 0.879069 0.231047
v 0.256353 0.874302 0.292763
v 0.276123 0.834940 0.269090
v 0.266238 0.869662 0.288299
v 0.273474 0.855255 0.279634
v 0.261560 0.851035 0.340234
v 0.281717 0.809942 0.320092
v 0.271638 0.845529 0.337535
v 0.279016 0.830488 0.330163
v 0.256353 0.827767 0.387705
v 0.276123 0.784944 0.371095
v 0.266238 0.821397 0.386772
v 0.273474 0.805722 0.380692
v 0.240932 0.805394 0.433352
v 0.259555 0.760906 0.420137
v 0.250244 0.798191 0.434116
v 0.257060 0.781908 0.429280
v 0.215891 0.784775 0.475420
v 0.232651 0.738753 0.465334
v 0.224271 0.776805 0.477749
v 0.230405 0.759960 0.474058
v 0.182190 0.766702 0.512293
v 0.196443 0.719336 0.504951
v 0.189317 0.758060 0.515994
v 0.194534 0.740723 0.513306
v 0.141126 0.751870 0.542554
v 0.152325 0.703400 0.537463
v 0.146725 0.742676 0.547381
v 0.150824 0.724935 0.545517
v 0.094276 0.740849 0.565040
v 0.101990 0.691559 0.561621
v 0.098133 0.731245 0.570703
v 0.100957 0.713204 0.569451
v 0.043441 0.734062 0.578887
v 0.047374 0.684268 0.576498
v 0.045407 0.724206 0.585065
v 0.046847 0.705980 0.584190
v -0.009425 0.731770 0.583562
v -0.009425 0.681805 0.581521
v -0.009425 0.721829 0.589914
v -0.009425 0.703541 0.589167
v -0.062292 0.734062 0.578887
v -0.066225 0.684268 0.576498
v -0.064258 0.724206 0.585065
v -0.065698 0.705980 0.584190
v -0.113127 0.740849 0.565040
v -0.120841 0.691559 0.561621
v -0.116984 0.731245 0.570703
v -0.119807 0.713204 0.569451
v -0.159977 0.751870 0.542554
v -0.171176 0.703400 0.537463
v -0.165576 0.742676 0.547381
v -0.169675 0.724935 0.545517
v -0.201041 0.766702 0.512293
v -0.215294 0.719336 0.504951
v -0.208168 0.758060 0.515994
v -0.213385 0.740723 0.513306
v -0.234741 0.784775 0.475420
v -0.251502 0.738753 0.465334
v -0.243121 0.776805 0.477749
v -0.249256 0.759960 0.474058
v -0.259783 0.805394 0.433352
v -0.278406 0.760906 0.420137
v -0.269095 0.798191 0.434116
v -0.275911 0.781908 0.429280
v -0.275204 0.827767 0.387705
v -0.294974 0.784944 0.371095
v -0.285089 0.821397 0.386772
v -0.292325 0.805722 0.380692
v -0.280411 0.851035 0.340234
v -0.300568 0.809942 0.320092
v -0.290489 0.845529 0.337535
v -0.297867 0.830488 0.330163
v -0.275204 0.874302 0.292763
v -0.294974 0.834940 0.269090
v -0.285089 0.869662 0.288299
v -0.292325 0.855255 0.279634
v -0.259783 0.896675 0.247116
v -0.278406 0.858977 0.220048
v -0.269095 0.892868 0.240954
v -0.275911 0.879069 0.231047
v -0.234741 0.917295 0.205047
v -0.251502 0.881130 0.174850
v -0.243121 0.914254 0.197321
v -0.249256 0.901017 0.186268
v -0.201041 0.935368 0.168174
v -0.215294 0.900548 0.135234
v -0.208168 0.932999 0.159076
v -0.213385 0.920254 0.147020
v -0.159977 0.950200 0.137913
v -0.171176 0.916483 0.102722
v -0.165576 0.948383 0.127690
v -0.169675 0.936041 0.114809
v -0.113127 0.961221 0.115427
v -0.120841 0.928324 0.078564
v -0.116984 0.959814 0.104368
v -0.119807 0.947773 0.090875
v -0.062292 0.968008 0.101580
v -0.066225 0.935616 0.063687
v -0.064258 0.966853 0.090006
v -0.065698 0.954997 0.076136
vn -0.0000 -0.8979 -0.4401
vn 0.1948 0.4825 -0.8540
vn -0.0000 0.4909 -0.8712
vn -0.0000 0.5423 -0.8402
vn 0.1937 0.5339 -0.8230
vn 0.1785 0.7570 -0.6286
vn -0.0000 0.7647 -0.6444
vn -0.0000 0.8875 -0.4608
vn 0.1569 0.8807 -0.4469
vn -0.0000 0.9890 0.1476
vn 0.0591 0.9865 0.1529
vn 0.3821 0.4575 -0.8030
vn 0.3800 0.5091 -0.7723
vn 0.3502 0.7341 -0.5818
vn 0.3078 0.8606 -0.4058
vn 0.1158 0.9789 0.1683
vn 0.5547 0.4169 -0.7201
vn 0.5517 0.4687 -0.6899
vn 0.5084 0.6969 -0.5059
vn 0.4469 0.8278 -0.3391
vn 0.1682 0.9666 0.1935
vn 0.7059 0.3622 -0.6086
vn 0.7022 0.4143 -0.5790
vn 0.6471 0.6468 -0.4037
vn 0.5688 0.7838 -0.2492
vn 0.2140 0.9500 0.2273
vn 0.8301 0.2957 -0.4728
vn 0.8257 0.3481 -0.4438
vn 0.7609 0.5857 -0.2791
vn 0.6688 0.7302 -0.1398
vn 0.2517 0.9298 0.2685
vn 0.9224 0.2197 -0.3178
vn 0.9175 0.2725 -0.2897
vn 0.8455 0.5161 -0.1371
vn 0.7431 0.6690 -0.0149
vn 0.2797 0.9068 0.3154
vn 0.9792 0.1373 -0.1496
vn 0.9740 0.1905 -0.1224
vn 0.8976 0.4405 0.0171
vn 0.7889 0.6026 0.1206
vn 0.2969 0.8818 0.3664
vn 0.9984 0.0516 0.0253
vn 0.9931 0.1052 0.0516
vn 0.9152 0.3620 0.1774
vn 0.8044 0.5335 0.2615
vn 0.3027 0.8558 0.4195
vn 0.9792 -0.0342 0.2002
vn 0.9740 0.0200 0.2256
vn 0.8976 0.2834 0.3377
vn 0.7889 0.4644 0.4024
vn 0.2969 0.8298 0.4725
vn 0.9224 -0.1166 0.3683
vn 0.9175 -0.0620 0.3928
vn 0.8455 0.2078 0.4919
vn 0.7431 0.3980 0.5379
vn 0.2797 0.8048 0.5235
vn 0.8301 -0.1926 0.5233
vn 0.8257 -0.1376 0.5470
vn 0.7609 0.1382 0.6340
vn 0.6688 0.3368 0.6628
vn 0.2517 0.7818 0.5705
vn 0.7059 -0.2591 0.6592
vn 0.7022 -0.2038 0.6821
vn 0.6471 0.0772 0.7585
vn 0.5688 0.2832 0.7722
vn 0.2140 0.7616 0.6117
vn 0.5547 -0.3138 0.7706
vn 0.5517 -0.2582 0.7930
vn 0.5084 0.0271 0.8607
vn 0.4469 0.2391 0.8620
vn 0.1682 0.7450 0.6455
vn 0.3821 -0.3544 0.8535
vn 0.3800 -0.2986 0.8755
vn 0.3502 -0.0102 0.9366
vn 0.3078 0.2064 0.9288
vn 0.1158 0.7327 0.6706
vn 0.1948 -0.3794 0.9045
vn 0.1937 -0.3234 0.9262
vn 0.1785 -0.0331 0.9834
vn 0.1569 0.1863 0.9699
vn 0.0591 0.7251 0.6861
vn -0.0000 -0.3878 0.9217
vn -0.0000 -0.3318 0.9433
vn -0.0000 -0.0408 0.9992
vn -0.0000 0.1795 0.9838
vn -0.0000 0.7226 0.6913
vn -0.1948 -0.3794 0.9045
vn -0.1937 -0.3234 0.9262
vn -0.1785 -0.0331 0.9834
vn -0.1569 0.1863 0.9699
vn -0.0591 0.7251 0.6861
vn -0.3821 -0.3544 0.8535
vn -0.3800 -0.2986 0.8755
vn -0.3502 -0.0102 0.9366
vn -0.3078 0.2064 0.9288
vn -0.1158 0.7327 0.6706
vn -0.5547 -0.3138 0.7706
vn -0.5517 -0.2582 0.7931
vn -0.5084 0.0271 0.8607
vn -0.4469 0.2391 0.8620
vn -0.1682 0.7450 0.6455
vn -0.7059 -0.2591 0.6592
vn -0.7022 -0.2038 0.6821
vn -0.6471 0.0772 0.7585
vn -0.5688 0.2832 0.7722
vn -0.2140 0.7616 0.6117
vn -0.8301 -0.1926 0.5233
vn -0.8257 -0.1376 0.5470
vn -0.7609 0.1382 0.6340
vn -0.6688 0.3368 0.6628
vn -0.2517 0.7818 0.5705
vn -0.9224 -0.1166 0.3683
vn -0.9175 -0.0620 0.3928
vn -0.8455 0.2078 0.4919
vn -0.7431 0.3980 0.5379
vn -0.2797 0.8048 0.5235
vn -0.9792 -0.0342 0.2002
vn -0.9740 0.0200 0.2256
vn -0.8976 0.2834 0.3377
vn -0.7889 0.4644 0.4024
vn -0.2969 0.8298 0.4725
vn -0.9984 0.0516 0.0253
vn -0.9931 0.1052 0.0516
vn -0.9152 0.3620 0.1774
vn -0.8044 0.5335 0.2615
vn -0.3027 0.8558 0.4195
vn -0.9792 0.1373 -0.1496
vn -0.9740 0.1905 -0.1224
vn -0.8976 0.4405 0.0171
vn -0.7889 0.6026 0.1206
vn -0.2969 0.8818 0.3664
vn -0.9224 0.2197 -0.3178
vn -0.9175 0.2725 -0.2897
vn -0.8455 0.5161 -0.1371
vn -0.7431 0.6690 -0.0149
vn -0.2797 0.9068 0.3154
vn -0.8301 0.2957 -0.4728
vn -0.8257 0.3481 -0.4438
vn -0.7609 0.5857 -0.2791
vn -0.6688 0.7302 -0.1398
vn -0.2517 0.9298 0.2685
vn -0.7059 0.3622 -0.6086
vn -0.7022 0.4143 -0.5790
vn -0.6471 0.6468 -0.4037
vn -0.5688 0.7838 -0.2492
vn -0.2140 0.9500 0.2273
vn -0.5547 0.4169 -0.7201
vn -0.5517 0.4687 -0.6899
vn -0.5084 0.6969 -0.5059
vn -0.4469 0.8278 -0.3391
vn -0.1682 0.9666 0.1935
vn -0.3821 0.4575 -0.8030
vn -0.3800 0.5091 -0.7723
vn -0.3502 0.7341 -0.5818
vn -0.3078 0.8606 -0.4058
vn -0.1158 0.9789 0.1683
vn -0.1948 0.4825 -0.8540
vn -0.1937 0.5339 -0.8230
vn -0.1785 0.7570 -0.6286
vn -0.1569 0.8807 -0.4469
vn -0.0591 0.9865 0.1529
vn -0.0000 0.4401 -0.8979
vn 0.1951 0.4317 -0.8807
vn -0.1951 0.4317 -0.8807
vn 0.3827 0.4066 -0.8296
vn 0.5556 0.3659 -0.7466
vn 0.7071 0.3112 -0.6349
vn 0.8315 0.2445 -0.4989
vn 0.9239 0.1684 -0.3436
vn 0.9808 0.0859 -0.1752
vn 1.0000 -0.0000 -0.0000
vn 0.9808 -0.0859 0.1752
vn 0.9239 -0.1684 0.3436
vn 0.8315 -0.2445 0.4989
vn 0.7071 -0.3112 0.6349
vn 0.5556 -0.3659 0.7466
vn 0.3827 -0.4066 0.8296
vn 0.1951 -0.4317 0.8807
vn -0.0000 -0.4401 0.8979
vn -0.1951 -0.4317 0.8807
vn -0.3827 -0.4066 0.8296
vn -0.5556 -0.3659 0.7466
vn -0.7071 -0.3112 0.6349
vn -0.8315 -0.2445 0.4989
vn -0.9239 -0.1684 0.3436
vn -0.9808 -0.0859 0.1752
vn -1.0000 -0.0000 -0.0000
vn -0.9808 0.0859 -0.1752
vn -0.9239 0.1684 -0.3436
vn -0.8315 0.2445 -0.4989
vn -0.7071 0.3112 -0.6349
vn -0.5556 0.3659 -0.7466
vn -0.3827 0.4066 -0.8296
vt 0.750000 0.490000
vt 0.796822 0.485388
vt 0.841844 0.471731
vt 0.883337 0.449553
vt 0.919706 0.419706
vt 0.949553 0.383337
vt 0.971731 0.341844
vt 0.985388 0.296822
vt 0.990000 0.250000
vt 0.985388 0.203178
vt 0.971731 0.158156
vt 0.949553 0.116663
vt 0.919706 0.080294
vt 0.883337 0.050447
vt 0.841844 0.028269
vt 0.796822 0.014612
vt 0.750000 0.010000
vt 0.703178 0.014612
vt 0.658156 0.028269
vt 0.616663 0.050447
vt 0.580294 0.080294
vt 0.550447 0.116663
vt 0.528269 0.158156
vt 0.514612 0.203178
vt 0.510000 0.250000
vt 0.514612 0.296822
vt 0.528269 0.341844
vt 0.550447 0.383337
vt 0.580294 0.419706
vt 0.616663 0.449553
vt 0.658156 0.471731
vt 0.703178 0.485388
vt 0.968750 0.982775
vt 1.000000 0.982775
vt 0.999855 1.000000
vt 0.968750 1.000000
vt 0.296817 0.485368
vt 0.250000 0.489979
vt 0.250000 0.481692
vt 0.295201 0.477240
vt 0.250000 0.473384
vt 0.293580 0.469091
vt 0.937500 0.982775
vt 0.937500 1.000000
vt 0.341836 0.471711
vt 0.338665 0.464055
vt 0.335485 0.456379
vt 0.906250 0.982775
vt 0.906250 1.000000
vt 0.383325 0.449535
vt 0.378721 0.442645
vt 0.374105 0.435737
vt 0.875000 0.982775
vt 0.875000 1.000000
vt 0.419691 0.419691
vt 0.413831 0.413831
vt 0.407956 0.407956
vt 0.843750 0.982775
vt 0.843750 1.000000
vt 0.449535 0.383325
vt 0.442645 0.378721
vt 0.435737 0.374105
vt 0.812500 0.982775
vt 0.812500 1.000000
vt 0.471711 0.341836
vt 0.464055 0.338665
vt 0.456380 0.335485
vt 0.781250 0.982775
vt 0.781250 1.000000
vt 0.485368 0.296818
vt 0.477240 0.295201
vt 0.469091 0.293580
vt 0.750000 0.982775
vt 0.750000 1.000000
vt 0.489979 0.250000
vt 0.481692 0.250000
vt 0.473384 0.250000
vt 0.718750 0.982775
vt 0.718750 1.000000
vt 0.485367 0.203182
vt 0.477240 0.204799
vt 0.469091 0.206420
vt 0.687500 0.982775
vt 0.687500 1.000000
vt 0.471711 0.158164
vt 0.464055 0.161335
vt 0.456380 0.164515
vt 0.656250 0.982774
vt 0.656250 1.000000
vt 0.449535 0.116675
vt 0.442645 0.121279
vt 0.435737 0.125895
vt 0.625000 0.982775
vt 0.625000 1.000000
vt 0.419691 0.080310
vt 0.413831 0.086169
vt 0.407956 0.092044
vt 0.593750 0.982775
vt 0.593750 1.000000
vt 0.383325 0.050465
vt 0.378721 0.057355
vt 0.374105 0.064263
vt 0.562500 0.982775
vt 0.562500 1.000000
vt 0.341836 0.028289
vt 0.338665 0.035945
vt 0.335485 0.043620
vt 0.531250 0.982775
vt 0.531250 1.000000
vt 0.296817 0.014633
vt 0.295201 0.022760
vt 0.293580 0.030909
vt 0.500000 0.982775
vt 0.500000 1.000000
vt 0.250000 0.010021
vt 0.250000 0.018308
vt 0.250000 0.026616
vt 0.468750 0.982775
vt 0.468750 1.000000
vt 0.203182 0.014633
vt 0.204799 0.022760
vt 0.206420 0.030909
vt 0.437500 0.982775
vt 0.437500 1.000000
vt 0.158164 0.028289
vt 0.161335 0.035945
vt 0.164515 0.043620
vt 0.406250 0.982775
vt 0.406250 1.000000
vt 0.116675 0.050465
vt 0.121279 0.057355
vt 0.125895 0.064263
vt 0.375000 0.982775
vt 0.375000 1.000000
vt 0.080310 0.080310
vt 0.086169 0.086169
vt 0.092044 0.092044
vt 0.343750 0.982775
vt 0.343750 1.000000
vt 0.050465 0.116675
vt 0.057355 0.121279
vt 0.064263 0.125895
vt 0.312500 0.982775
vt 0.312500 1.000000
vt 0.028289 0.158164
vt 0.035945 0.161335
vt 0.043620 0.164515
vt 0.281250 0.982775
vt 0.281250 1.000000
vt 0.014633 0.203182
vt 0.022760 0.204799
vt 0.030909 0.206420
vt 0.250000 0.982775
vt 0.250000 1.000000
vt 0.010021 0.250000
vt 0.018308 0.250000
vt 0.026616 0.250000
vt 0.218750 0.982775
vt 0.218750 1.000000
vt 0.014633 0.296817
vt 0.022760 0.295201
vt 0.030909 0.293580
vt 0.187500 0.982775
vt 0.187500 1.000000
vt 0.028289 0.341836
vt 0.035945 0.338665
vt 0.043620 0.335485
vt 0.156250 0.982774
vt 0.156250 1.000000
vt 0.050465 0.383325
vt 0.057355 0.378721
vt 0.064263 0.374105
vt 0.125000 0.982775
vt 0.125000 1.000000
vt 0.080310 0.419691
vt 0.086169 0.413831
vt 0.092044 0.407956
vt 0.093750 0.982775
vt 0.093750 1.000000
vt 0.116675 0.449535
vt 0.121279 0.442645
vt 0.125895 0.435737
vt 0.062500 0.982775
vt 0.062500 1.000000
vt 0.158164 0.471711
vt 0.161335 0.464055
vt 0.164515 0.456380
vt 0.031250 0.982775
vt 0.031250 1.000000
vt 0.203182 0.485368
vt 0.204799 0.477240
vt 0.206420 0.469091
vt 0.000000 0.982775
vt 0.000145 1.000000
vt 1.000000 0.500000
vt 0.968750 0.500000
vt 0.031250 0.500000
vt 0.000000 0.500000
vt 0.937500 0.500000
vt 0.906250 0.500000
vt 0.875000 0.500000
vt 0.843750 0.500000
vt 0.812500 0.500000
vt 0.781250 0.500000
vt 0.750000 0.500000
vt 0.718750 0.500000
vt 0.687500 0.500000
vt 0.656250 0.500000
vt 0.625000 0.500000
vt 0.593750 0.500000
vt 0.562500 0.500000
vt 0.531250 0.500000
vt 0.500000 0.500000
vt 0.468750 0.500000
vt 0.437500 0.500000
vt 0.406250 0.500000
vt 0.375000 0.500000
vt 0.343750 0.500000
vt 0.312500 0.500000
vt 0.281250 0.500000
vt 0.250000 0.500000
vt 0.218750 0.500000
vt 0.187500 0.500000
vt 0.156250 0.500000
vt 0.125000 0.500000
vt 0.093750 0.500000
vt 0.062500 0.500000
s 1
usemtl マテリアル
f 1732/1661/1566 1733/1662/1566 1734/1663/1566 1735/1664/1566 1736/1665/1566 1737/1666/1566 1738/1667/1566 1739/1668/1566 1740/1669/1566 1741/1670/1566 1742/1671/1566 1743/1672/1566 1744/1673/1566 1745/1674/1566 1746/1675/1566 1747/1676/1566 1748/1677/1566 1749/1678/1566 1750/1679/1566 1751/1680/1566 1752/1681/1566 1753/1682/1566 1754/1683/1566 1755/1684/1566 1756/1685/1566 1757/1686/1566 1758/1687/1566 1759/1688/1566 1760/1689/1566 1761/1690/1566 1762/1691/1566 1763/1692/1566
f 1769/1693/1567 1765/1694/1568 1767/1695/1569 1771/1696/1570
f 1771/1697/1571 1767/1698/1572 1766/1699/1573 1770/1700/1574
f 1770/1700/1574 1766/1699/1573 1764/1701/1575 1768/1702/1576
f 1773/1703/1577 1769/1693/1567 1771/1696/1570 1775/1704/1578
f 1775/1705/1579 1771/1697/1571 1770/1700/1574 1774/1706/1580
f 1774/1706/1580 1770/1700/1574 1768/1702/1576 1772/1707/1581
f 1777/1708/1582 1773/1703/1577 1775/1704/1578 1779/1709/1583
f 1779/1710/1584 1775/1705/1579 1774/1706/1580 1778/1711/1585
f 1778/1711/1585 1774/1706/1580 1772/1707/1581 1776/1712/1586
f 1781/1713/1587 1777/1708/1582 1779/1709/1583 1783/1714/1588
f 1783/1715/1589 1779/1710/1584 1778/1711/1585 1782/1716/1590
f 1782/1716/1590 1778/1711/1585 1776/1712/1586 1780/1717/1591
f 1785/1718/1592 1781/1713/1587 1783/1714/1588 1787/1719/1593
f 1787/1720/1594 1783/1715/1589 1782/1716/1590 1786/1721/1595
f 1786/1721/1595 1782/1716/1590 1780/1717/1591 1784/1722/1596
f 1789/1723/1597 1785/1718/1592 1787/1719/1593 1791/1724/1598
f 1791/1725/1599 1787/1720/1594 1786/1721/1595 1790/1726/1600
f 1790/1726/1600 1786/1721/1595 1784/1722/1596 1788/1727/1601
f 1793/1728/1602 1789/1723/1597 1791/1724/1598 1795/1729/1603
f 1795/1730/1604 1791/1725/1599 1790/1726/1600 1794/1731/1605
f 1794/1731/1605 1790/1726/1600 1788/1727/1601 1792/1732/1606
f 1797/1733/1607 1793/1728/1602 1795/1729/1603 1799/1734/1608
f 1799/1735/1609 1795/1730/1604 1794/1731/1605 1798/1736/1610
f 1798/1736/1610 1794/1731/1605 1792/1732/1606 1796/1737/1611
f 1801/1738/1612 1797/1733/1607 1799/1734/1608 1803/1739/1613
f 1803/1740/1614 1799/1735/1609 1798/1736/1610 1802/1741/1615
f 1802/1741/1615 1798/1736/1610 1796/1737/1611 1800/1742/1616
f 1805/1743/1617 1801/1738/1612 1803/1739/1613 1807/1744/1618
f 1807/1745/1619 1803/1740/1614 1802/1741/1615 1806/1746/1620
f 1806/1746/1620 1802/1741/1615 1800/1742/1616 1804/1747/1621
f 1809/1748/1622 1805/1743/1617 1807/1744/1618 1811/1749/1623
f 1811/1750/1624 1807/1745/1619 1806/1746/1620 1810/1751/1625
f 1810/1751/1625 1806/1746/1620 1804/1747/1621 1808/1752/1626
f 1813/1753/1627 1809/1748/1622 1811/1749/1623 1815/1754/1628
f 1815/1755/1629 1811/1750/1624 1810/1751/1625 1814/1756/1630
f 1814/1756/1630 1810/1751/1625 1808/1752/1626 1812/1757/1631
f 1817/1758/1632 1813/1753/1627 1815/1754/1628 1819/1759/1633
f 1819/1760/1634 1815/1755/1629 1814/1756/1630 1818/1761/1635
f 1818/1761/1635 1814/1756/1630 1812/1757/1631 1816/1762/1636
f 1821/1763/1637 1817/1758/1632 1819/1759/1633 1823/1764/1638
f 1823/1765/1639 1819/1760/1634 1818/1761/1635 1822/1766/1640
f 1822/1766/1640 1818/1761/1635 1816/1762/1636 1820/1767/1641
f 1825/1768/1642 1821/1763/1637 1823/1764/1638 1827/1769/1643
f 1827/1770/1644 1823/1765/1639 1822/1766/1640 1826/1771/1645
f 1826/1771/1645 1822/1766/1640 1820/1767/1641 1824/1772/1646
f 1829/1773/1647 1825/1768/1642 1827/1769/1643 1831/1774/1648
f 1831/1775/1649 1827/1770/1644 1826/1771/1645 1830/1776/1650
f 1830/1776/1650 1826/1771/1645 1824/1772/1646 1828/1777/1651
f 1833/1778/1652 1829/1773/1647 1831/1774/1648 1835/1779/1653
f 1835/1780/1654 1831/1775/1649 1830/1776/1650 1834/1781/1655
f 1834/1781/1655 1830/1776/1650 1828/1777/1651 1832/1782/1656
f 1837/1783/1657 1833/1778/1652 1835/1779/1653 1839/1784/1658
f 1839/1785/1659 1835/1780/1654 1834/1781/1655 1838/1786/1660
f 1838/1786/1660 1834/1781/1655 1832/1782/1656 1836/1787/1661
f 1841/1788/1662 1837/1783/1657 1839/1784/1658 1843/1789/1663
f 1843/1790/1664 1839/1785/1659 1838/1786/1660 1842/1791/1665
f 1842/1791/1665 1838/1786/1660 1836/1787/1661 1840/1792/1666
f 1845/1793/1667 1841/1788/1662 1843/1789/1663 1847/1794/1668
f 1847/1795/1669 1843/1790/1664 1842/1791/1665 1846/1796/1670
f 1846/1796/1670 1842/1791/1665 1840/1792/1666 1844/1797/1671
f 1849/1798/1672 1845/1793/1667 1847/1794/1668 1851/1799/1673
f 1851/1800/1674 1847/1795/1669 1846/1796/1670 1850/1801/1675
f 1850/1801/1675 1846/1796/1670 1844/1797/1671 1848/1802/1676
f 1853/1803/1677 1849/1798/1672 1851/1799/1673 1855/1804/1678
f 1855/1805/1679 1851/1800/1674 1850/1801/1675 1854/1806/1680
f 1854/1806/1680 1850/1801/1675 1848/1802/1676 1852/1807/1681
f 1857/1808/1682 1853/1803/1677 1855/1804/1678 1859/1809/1683
f 1859/1810/1684 1855/1805/1679 1854/1806/1680 1858/1811/1685
f 1858/1811/1685 1854/1806/1680 1852/1807/1681 1856/1812/1686
f 1861/1813/1687 1857/1808/1682 1859/1809/1683 1863/1814/1688
f 1863/1815/1689 1859/1810/1684 1858/1811/1685 1862/1816/1690
f 1862/1816/1690 1858/1811/1685 1856/1812/1686 1860/1817/1691
f 1865/1818/1692 1861/1813/1687 1863/1814/1688 1867/1819/1693
f 1867/1820/1694 1863/1815/1689 1862/1816/1690 1866/1821/1695
f 1866/1821/1695 1862/1816/1690 1860/1817/1691 1864/1822/1696
f 1869/1823/1697 1865/1818/1692 1867/1819/1693 1871/1824/1698
f 1871/1825/1699 1867/1820/1694 1866/1821/1695 1870/1826/1700
f 1870/1826/1700 1866/1821/1695 1864/1822/1696 1868/1827/1701
f 1873/1828/1702 1869/1823/1697 1871/1824/1698 1875/1829/1703
f 1875/1830/1704 1871/1825/1699 1870/1826/1700 1874/1831/1705
f 1874/1831/1705 1870/1826/1700 1868/1827/1701 1872/1832/1706
f 1877/1833/1707 1873/1828/1702 1875/1829/1703 1879/1834/1708
f 1879/1835/1709 1875/1830/1704 1874/1831/1705 1878/1836/1710
f 1878/1836/1710 1874/1831/1705 1872/1832/1706 1876/1837/1711
f 1881/1838/1712 1877/1833/1707 1879/1834/1708 1883/1839/1713
f 1883/1840/1714 1879/1835/1709 1878/1836/1710 1882/1841/1715
f 1882/1841/1715 1878/1836/1710 1876/1837/1711 1880/1842/1716
f 1885/1843/1717 1881/1838/1712 1883/1839/1713 1887/1844/1718
f 1887/1845/1719 1883/1840/1714 1882/1841/1715 1886/1846/1720
f 1886/1846/1720 1882/1841/1715 1880/1842/1716 1884/1847/1721
f 1889/1848/1722 1885/1843/1717 1887/1844/1718 1891/1849/1723
f 1891/1850/1724 1887/1845/1719 1886/1846/1720 1890/1851/1725
f 1890/1851/1725 1886/1846/1720 1884/1847/1721 1888/1852/1726
f 1765/1853/1568 1889/1848/1722 1891/1849/1723 1767/1854/1569
f 1767/1698/1572 1891/1850/1724 1890/1851/1725 1766/1699/1573
f 1766/1699/1573 1890/1851/1725 1888/1852/1726 1764/1701/1575
f 1768/1702/1576 1764/1701/1575 1888/1852/1726 1884/1847/1721 1880/1842/1716 1876/1837/1711 1872/1832/1706 1868/1827/1701 1864/1822/1696 1860/1817/1691 1856/1812/1686 1852/1807/1681 1848/1802/1676 1844/1797/1671 1840/1792/1666 1836/1787/1661 1832/1782/1656 1828/1777/1651 1824/1772/1646 1820/1767/1641 1816/1762/1636 1812/1757/1631 1808/1752/1626 1804/1747/1621 1800/1742/1616 1796/1737/1611 1792/1732/1606 1788/1727/1601 1784/1722/1596 1780/1717/1591 1776/1712/1586 1772/1707/1581
f 1732/1855/1727 1765/1694/1568 1769/1693/1567 1733/1856/1728
f 1763/1857/1729 1889/1848/1722 1765/1853/1568 1732/1858/1727
f 1733/1856/1728 1769/1693/1567 1773/1703/1577 1734/1859/1730
f 1734/1859/1730 1773/1703/1577 1777/1708/1582 1735/1860/1731
f 1735/1860/1731 1777/1708/1582 1781/1713/1587 1736/1861/1732
f 1736/1861/1732 1781/1713/1587 1785/1718/1592 1737/1862/1733
f 1737/1862/1733 1785/1718/1592 1789/1723/1597 1738/1863/1734
f 1738/1863/1734 1789/1723/1597 1793/1728/1602 1739/1864/1735
f 1739/1864/1735 1793/1728/1602 1797/1733/1607 1740/1865/1736
f 1740/1865/1736 1797/1733/1607 1801/1738/1612 1741/1866/1737
f 1741/1866/1737 1801/1738/1612 1805/1743/1617 1742/1867/1738
f 1742/1867/1738 1805/1743/1617 1809/1748/1622 1743/1868/1739
f 1743/1868/1739 1809/1748/1622 1813/1753/1627 1744/1869/1740
f 1744/1869/1740 1813/1753/1627 1817/1758/1632 1745/1870/1741
f 1745/1870/1741 1817/1758/1632 1821/1763/1637 1746/1871/1742
f 1746/1871/1742 1821/1763/1637 1825/1768/1642 1747/1872/1743
f 1747/1872/1743 1825/1768/1642 1829/1773/1647 1748/1873/1744
f 1748/1873/1744 1829/1773/1647 1833/1778/1652 1749/1874/1745
f 1749/1874/1745 1833/1778/1652 1837/1783/1657 1750/1875/1746
f 1750/1875/1746 1837/1783/1657 1841/1788/1662 1751/1876/1747
f 1751/1876/1747 1841/1788/1662 1845/1793/1667 1752/1877/1748
f 1752/1877/1748 1845/1793/1667 1849/1798/1672 1753/1878/1749
f 1753/1878/1749 1849/1798/1672 1853/1803/1677 1754/1879/1750
f 1754/1879/1750 1853/1803/1677 1857/1808/1682 1755/1880/1751
f 1755/1880/1751 1857/1808/1682 1861/1813/1687 1756/1881/1752
f 1756/1881/1752 1861/1813/1687 1865/1818/1692 1757/1882/1753
f 1757/1882/1753 1865/1818/1692 1869/1823/1697 1758/1883/1754
f 1758/1883/1754 1869/1823/1697 1873/1828/1702 1759/1884/1755
f 1759/1884/1755 1873/1828/1702 1877/1833/1707 1760/1885/1756
f 1760/1885/1756 1877/1833/1707 1881/1838/1712 1761/1886/1757
f 1761/1886/1757 1881/1838/1712 1885/1843/1717 1762/1887/1758
f 1762/1887/1758 1885/1843/1717 1889/1848/1722 1763/1857/1729
o 立方体
v 0.107689 0.711327 0.567511
v 0.107689 0.596910 0.511431
v 0.202106 0.651863 0.688831
v 0.202106 0.537447 0.632751
v 0.095177 0.708950 0.572361
v 0.095177 0.594533 0.516281
v 0.142971 0.640628 0.711754
v 0.142971 0.526211 0.655674
v 0.144771 0.679671 0.632096
v 0.144771 0.565255 0.576017
v 0.119074 0.674789 0.642058
v 0.119074 0.560372 0.585978
v 0.207203 0.532250 0.643353
v 0.148068 0.521015 0.666276
v 0.207203 0.637495 0.694938
v 0.202106 0.651863 0.688831
v 0.206520 0.642777 0.695765
v 0.204655 0.648036 0.693530
v 0.142971 0.640628 0.711754
v 0.148068 0.626260 0.717861
v 0.145520 0.636801 0.716453
v 0.147385 0.631542 0.718688
vn 0.7405 0.2958 -0.6034
vn -0.9557 -0.1295 0.2642
vn -0.3963 0.4041 -0.8244
vn -0.0000 0.8979 0.4401
vn -0.0000 -0.8979 -0.4401
vn 0.8888 0.2017 -0.4115
vn 0.0825 0.7942 0.6021
vn 0.2465 0.4519 0.8574
vn 0.3755 -0.0958 0.9218
vn 0.9181 0.1744 -0.3559
vn 0.3963 -0.4041 0.8244
vn -0.9181 -0.1744 0.3559
vt 0.375000 0.125000
vt 0.625000 0.125000
vt 0.625000 0.250000
vt 0.375000 0.250000
vt 0.375000 0.625000
vt 0.625000 0.625000
vt 0.625000 0.750000
vt 0.375000 0.750000
vt 0.625000 1.000000
vt 0.375000 1.000000
vt 0.125000 0.625000
vt 0.125000 0.750000
vt 0.875000 0.625000
vt 0.875000 0.750000
vt 0.625000 0.500000
vt 0.875000 0.500000
vt 0.125000 0.500000
vt 0.375000 0.500000
vt 0.375000 0.000000
vt 0.625000 0.000000
vt 0.376749 0.500000
vt 0.381521 0.500000
vt 0.382898 0.250000
vt 0.395039 0.250000
vt 0.395039 0.500000
vt 0.377685 0.250000
s 0
usemtl senn
f 1900/1888/1759 1894/1891/1759 1895/1890/1759 1901/1889/1759
f 1902/1892/1760 1896/1895/1760 1897/1894/1760 1903/1893/1760
f 1896/1895/1761 1892/1897/1761 1893/1896/1761 1897/1894/1761
f 1900/1898/1762 1892/1899/1762 1896/1895/1762 1902/1892/1762
f 1903/1893/1763 1897/1894/1763 1893/1901/1763 1901/1900/1763
f 1899/1902/1763 1903/1893/1763 1901/1900/1763 1895/1903/1763
f 1894/1904/1762 1900/1898/1762 1902/1892/1762 1898/1905/1762
f 1898/1905/1760 1902/1892/1760 1903/1893/1760 1899/1902/1760
f 1892/1906/1764 1900/1888/1764 1901/1889/1764 1893/1907/1764
f 1895/1903/1763 1904/1903/1763 1905/1902/1763 1899/1902/1763
f 1910/1905/1765 1912/1908/1765 1909/1904/1765 1907/1904/1765
f 1912/1908/1766 1913/1909/1766 1908/1904/1766 1909/1904/1766
f 1913/1909/1767 1911/1912/1767 1906/1911/1767 1908/1910/1767
f 1894/1891/1768 1907/1891/1768 1909/1913/1768 1908/1910/1768 1906/1911/1768 1904/1890/1768 1895/1890/1768
f 1906/1911/1769 1911/1912/1769 1905/1902/1769 1904/1890/1769
f 1898/1905/1763 1910/1905/1763 1907/1904/1763 1894/1904/1763
f 1899/1902/1770 1905/1902/1770 1911/1912/1770 1913/1909/1770 1912/1908/1770 1910/1905/1770 1898/1905/1770
o 立方体.001
v -0.729720 1.310187 -0.917547
v -0.859424 0.823532 -0.918714
v -0.729720 1.310187 -0.586381
v -0.859424 0.823532 -0.585215
v -1.165917 1.143016 -0.904105
v -1.081247 0.759522 -0.918714
v -1.165917 1.143016 -0.599823
v -1.081247 0.759522 -0.585215
v -0.683751 1.155903 -0.917547
v -0.683751 1.155903 -0.586381
v -1.219473 0.935715 -0.513554
v -1.219473 0.935715 -0.990374
v -0.775865 0.879163 -0.993452
v -0.775865 0.879163 -0.510476
v -1.173614 0.760313 -0.499254
v -1.173614 0.760313 -1.004674
v -0.743927 1.347026 -0.751964
v -0.675931 0.907149 -0.751964
v -1.213776 1.148675 -0.751964
v -1.273006 0.730443 -0.751964
v -1.327303 0.899232 -0.751964
v -0.669543 1.106908 -0.751964
v -0.831019 0.833079 -0.751964
v -1.110371 0.752469 -0.751964
v 0.000000 1.423181 -0.751964
v 0.000000 1.377250 -0.923741
v 0.000000 1.191215 -0.580188
v 0.000000 1.377250 -0.580188
v 0.000000 1.191215 -0.923741
v 0.000000 1.141231 -0.751964
v 0.729720 1.310187 -0.917547
v 0.859424 0.823532 -0.918714
v 0.729720 1.310187 -0.586381
v 0.859424 0.823532 -0.585215
v 1.165917 1.143016 -0.904105
v 1.081247 0.759522 -0.918714
v 1.165917 1.143016 -0.599823
v 1.081247 0.759522 -0.585215
v 0.683751 1.155903 -0.917547
v 0.683751 1.155903 -0.586381
v 1.219473 0.935715 -0.513554
v 1.219473 0.935715 -0.990374
v 0.775866 0.879163 -0.993452
v 0.775866 0.879163 -0.510476
v 1.173614 0.760313 -0.499254
v 1.173614 0.760313 -1.004674
v 0.743928 1.347026 -0.751964
v 0.675931 0.907150 -0.751964
v 1.213776 1.148676 -0.751964
v 1.273006 0.730443 -0.751964
v 1.327303 0.899232 -0.751964
v 0.669544 1.106908 -0.751964
v 0.831019 0.833079 -0.751964
v 1.110371 0.752469 -0.751964
v -0.743400 1.346531 -0.801122
v -0.741337 1.342637 -0.847174
v -0.737017 1.331727 -0.887018
v -0.746552 1.043584 -0.955002
v -0.763341 0.971550 -0.978380
v -0.769660 0.917673 -0.991758
v -0.677543 0.906889 -0.681325
v -0.688558 0.904122 -0.614792
v -0.718243 0.895872 -0.556474
v -0.694319 1.192243 -0.567753
v -0.706735 1.234565 -0.561544
v -0.719152 1.276127 -0.567753
v -1.103371 1.173911 -0.596025
v -1.000432 1.216311 -0.592519
v -0.871652 1.262476 -0.589383
v -0.866044 0.852456 -0.480398
v -0.974808 0.819973 -0.467801
v -1.083537 0.787372 -0.473735
v -1.219418 0.996390 -0.534491
v -1.210376 1.055586 -0.558400
v -1.189953 1.107596 -0.581897
v -1.212711 1.148563 -0.705722
v -1.205525 1.147706 -0.662202
v -1.187921 1.145574 -0.624613
v -1.271453 0.730910 -0.828039
v -1.260582 0.734177 -0.898956
v -1.231075 0.743045 -0.959553
v -1.219418 0.996390 -0.969437
v -1.210376 1.055586 -0.945528
v -1.189953 1.107596 -0.922032
v -0.871652 1.262476 -0.914546
v -1.000432 1.216311 -0.911409
v -1.103371 1.173911 -0.907904
v -1.083537 0.787372 -1.030193
v -0.974808 0.819973 -1.036128
v -0.866044 0.852456 -1.023530
v -0.719152 1.276127 -0.936175
v -0.706735 1.234565 -0.942385
v -0.694319 1.192243 -0.936175
v -0.769660 0.917673 -0.512171
v -0.763341 0.971550 -0.525549
v -0.746552 1.043584 -0.548927
v -1.190480 0.788006 -0.490624
v -1.204134 0.828406 -0.490639
v -1.213993 0.878610 -0.498537
v -1.190480 0.788006 -1.013305
v -1.204134 0.828406 -1.013289
v -1.213993 0.878610 -1.005391
v -1.120386 0.969645 -1.006366
v -0.992885 1.015618 -1.000391
v -0.848191 1.072960 -0.973749
v -1.325618 0.899803 -0.826548
v -1.313824 0.903793 -0.895139
v -1.281812 0.914624 -0.951745
v -0.848191 1.072960 -0.530179
v -0.992885 1.015618 -0.503538
v -1.120386 0.969645 -0.497563
v -0.670071 1.108732 -0.702807
v -0.672134 1.115856 -0.656754
v -0.676454 1.130754 -0.616911
v -0.831606 0.832881 -0.701180
v -0.835714 0.831493 -0.653568
v -0.846012 0.828022 -0.612623
v -0.905319 0.810879 -0.581262
v -0.970572 0.792347 -0.579407
v -1.035667 0.773266 -0.581261
v -1.109769 0.752614 -0.802748
v -1.105553 0.753628 -0.850360
v -1.094989 0.756177 -0.891306
v -1.035667 0.773266 -0.922667
v -0.970572 0.792347 -0.924521
v -0.905319 0.810879 -0.922667
v -0.788865 0.854150 -0.982613
v -0.809292 0.838893 -0.962729
v -0.835418 0.829429 -0.938703
v -0.835418 0.829429 -0.565226
v -0.809292 0.838893 -0.541199
v -0.788865 0.854150 -0.521315
v -1.104580 0.751696 -0.565050
v -1.130858 0.745592 -0.539796
v -1.153903 0.747095 -0.516581
v -1.104580 0.751696 -0.938878
v -1.130858 0.745592 -0.964132
v -1.153903 0.747095 -0.987347
v -0.737017 1.331727 -0.616911
v -0.741337 1.342637 -0.656754
v -0.743400 1.346531 -0.702807
v -0.718243 0.895872 -0.947455
v -0.688558 0.904122 -0.889136
v -0.677543 0.906889 -0.822604
v -1.187921 1.145574 -0.879315
v -1.205525 1.147706 -0.841726
v -1.212711 1.148563 -0.798206
v -1.231075 0.743045 -0.544375
v -1.260582 0.734177 -0.604973
v -1.271453 0.730910 -0.675889
v -1.281812 0.914624 -0.552183
v -1.313824 0.903793 -0.608790
v -1.325618 0.899803 -0.677381
v -0.676454 1.130754 -0.887018
v -0.672134 1.115856 -0.847174
v -0.670071 1.108732 -0.801122
v -0.846012 0.828022 -0.891306
v -0.835714 0.831493 -0.850360
v -0.831606 0.832881 -0.802748
v -1.094989 0.756177 -0.612623
v -1.105553 0.753628 -0.653568
v -1.109769 0.752614 -0.701180
v -1.165437 0.734689 -0.751964
v -1.209695 0.722869 -0.751964
v -1.244950 0.720343 -0.751964
v -0.774857 0.847464 -0.751964
v -0.730480 0.861703 -0.751964
v -0.697600 0.880148 -0.751964
v -0.512813 1.168869 -0.919822
v -0.341876 1.180180 -0.921806
v -0.170938 1.188180 -0.923209
v -1.324425 0.960931 -0.751964
v -1.308772 1.024929 -0.751964
v -1.274002 1.088439 -0.751964
v -0.898177 0.815219 -0.751964
v -0.971235 0.794644 -0.751964
v -1.044023 0.773134 -0.751964
v -1.124136 1.203567 -0.751964
v -1.010648 1.253912 -0.751964
v -0.881262 1.301227 -0.751964
v -1.295323 0.755496 -0.751964
v -1.311985 0.793791 -0.751964
v -1.322732 0.842609 -0.751964
v -0.664776 0.945795 -0.751964
v -0.661814 0.994121 -0.751964
v -0.664313 1.048901 -0.751964
v 0.000000 1.422491 -0.802961
v 0.000000 1.417512 -0.850736
v 0.000000 1.403885 -0.892070
v 0.000000 1.233825 -0.560863
v 0.000000 1.284739 -0.554421
v 0.000000 1.335400 -0.560863
v 0.000000 1.335400 -0.943066
v 0.000000 1.284739 -0.949508
v 0.000000 1.233824 -0.943066
v 0.000000 1.142365 -0.700968
v 0.000000 1.148420 -0.653193
v 0.000000 1.163377 -0.611859
v 0.000000 1.403885 -0.611859
v 0.000000 1.417512 -0.653193
v 0.000000 1.422491 -0.700968
v 0.000000 1.163377 -0.892070
v 0.000000 1.148420 -0.850736
v 0.000000 1.142365 -0.802961
v -0.182430 1.371487 -0.923209
v -0.364860 1.356293 -0.921806
v -0.547290 1.334812 -0.919822
v -0.512813 1.168869 -0.584107
v -0.341876 1.180180 -0.582123
v -0.170938 1.188180 -0.580720
v -0.167386 1.138281 -0.751964
v -0.334772 1.130505 -0.751964
v -0.502157 1.119511 -0.751964
v -0.557945 1.374989 -0.751964
v -0.371964 1.399383 -0.751964
v -0.185982 1.416637 -0.751964
v -0.182430 1.371487 -0.580720
v -0.364860 1.356293 -0.582123
v -0.547290 1.334812 -0.584107
v 0.743400 1.346531 -0.801122
v 0.741337 1.342637 -0.847174
v 0.737017 1.331727 -0.887018
v 0.746552 1.043584 -0.955002
v 0.763341 0.971550 -0.978380
v 0.769660 0.917673 -0.991758
v 0.677543 0.906889 -0.681325
v 0.688558 0.904122 -0.614792
v 0.718243 0.895872 -0.556474
v 0.694319 1.192243 -0.567753
v 0.706736 1.234565 -0.561544
v 0.719152 1.276127 -0.567753
v 1.103371 1.173911 -0.596025
v 1.000433 1.216311 -0.592519
v 0.871652 1.262476 -0.589383
v 0.866044 0.852456 -0.480398
v 0.974808 0.819973 -0.467801
v 1.083537 0.787372 -0.473735
v 1.219419 0.996390 -0.534491
v 1.210376 1.055586 -0.558400
v 1.189954 1.107596 -0.581897
v 1.212711 1.148563 -0.705722
v 1.205525 1.147707 -0.662202
v 1.187921 1.145574 -0.624614
v 1.271453 0.730910 -0.828040
v 1.260582 0.734177 -0.898956
v 1.231075 0.743045 -0.959554
v 1.219419 0.996390 -0.969438
v 1.210376 1.055586 -0.945528
v 1.189953 1.107596 -0.922032
v 0.871652 1.262476 -0.914546
v 1.000433 1.216311 -0.911409
v 1.103371 1.173911 -0.907904
v 1.083537 0.787372 -1.030193
v 0.974808 0.819973 -1.036128
v 0.866044 0.852456 -1.023530
v 0.719152 1.276127 -0.936175
v 0.706736 1.234565 -0.942385
v 0.694319 1.192243 -0.936175
v 0.769660 0.917673 -0.512171
v 0.763341 0.971550 -0.525549
v 0.746552 1.043584 -0.548927
v 1.190481 0.788007 -0.490624
v 1.204135 0.828406 -0.490639
v 1.213993 0.878610 -0.498537
v 1.190481 0.788007 -1.013305
v 1.204134 0.828406 -1.013290
v 1.213993 0.878610 -1.005391
v 1.120386 0.969645 -1.006366
v 0.992885 1.015618 -1.000391
v 0.848192 1.072960 -0.973749
v 1.325618 0.899803 -0.826548
v 1.313825 0.903793 -0.895139
v 1.281813 0.914624 -0.951745
v 0.848192 1.072960 -0.530179
v 0.992885 1.015618 -0.503538
v 1.120386 0.969645 -0.497563
v 0.670071 1.108732 -0.702807
v 0.672134 1.115856 -0.656754
v 0.676454 1.130754 -0.616911
v 0.831607 0.832881 -0.701180
v 0.835714 0.831493 -0.653568
v 0.846012 0.828022 -0.612623
v 0.905319 0.810879 -0.581262
v 0.970572 0.792347 -0.579407
v 1.035667 0.773266 -0.581262
v 1.109769 0.752614 -0.802748
v 1.105554 0.753628 -0.850360
v 1.094989 0.756177 -0.891306
v 1.035667 0.773266 -0.922667
v 0.970572 0.792347 -0.924522
v 0.905319 0.810879 -0.922667
v 0.788865 0.854150 -0.982613
v 0.809292 0.838893 -0.962730
v 0.835418 0.829429 -0.938703
v 0.835418 0.829429 -0.565226
v 0.809292 0.838893 -0.541199
v 0.788865 0.854150 -0.521315
v 1.104580 0.751696 -0.565050
v 1.130858 0.745592 -0.539796
v 1.153903 0.747095 -0.516581
v 1.104580 0.751696 -0.938878
v 1.130858 0.745592 -0.964132
v 1.153903 0.747095 -0.987348
v 0.737017 1.331727 -0.616911
v 0.741337 1.342637 -0.656754
v 0.743400 1.346531 -0.702807
v 0.718243 0.895872 -0.947455
v 0.688558 0.904122 -0.889136
v 0.677543 0.906889 -0.822604
v 1.187921 1.145574 -0.879315
v 1.205525 1.147706 -0.841726
v 1.212711 1.148563 -0.798206
v 1.231075 0.743045 -0.544375
v 1.260582 0.734177 -0.604973
v 1.271453 0.730910 -0.675889
v 1.281813 0.914624 -0.552183
v 1.313824 0.903793 -0.608790
v 1.325619 0.899803 -0.677381
v 0.676454 1.130754 -0.887018
v 0.672134 1.115856 -0.847174
v 0.670071 1.108732 -0.801122
v 0.846012 0.828022 -0.891306
v 0.835714 0.831493 -0.850360
v 0.831606 0.832881 -0.802748
v 1.094989 0.756177 -0.612623
v 1.105554 0.753628 -0.653568
v 1.109769 0.752614 -0.701180
v 1.165437 0.734689 -0.751964
v 1.209695 0.722869 -0.751964
v 1.244950 0.720343 -0.751964
v 0.774858 0.847464 -0.751964
v 0.730480 0.861703 -0.751964
v 0.697600 0.880148 -0.751964
v 0.512813 1.168869 -0.919822
v 0.341876 1.180180 -0.921806
v 0.170938 1.188180 -0.923209
v 1.324425 0.960931 -0.751964
v 1.308772 1.024929 -0.751964
v 1.274002 1.088439 -0.751964
v 0.898177 0.815219 -0.751964
v 0.971235 0.794644 -0.751964
v 1.044024 0.773134 -0.751964
v 1.124136 1.203567 -0.751964
v 1.010648 1.253912 -0.751964
v 0.881262 1.301227 -0.751964
v 1.295323 0.755496 -0.751964
v 1.311985 0.793791 -0.751964
v 1.322732 0.842609 -0.751964
v 0.664776 0.945795 -0.751964
v 0.661814 0.994121 -0.751964
v 0.664313 1.048901 -0.751964
v 0.182430 1.371487 -0.923209
v 0.364860 1.356293 -0.921806
v 0.547290 1.334812 -0.919822
v 0.512813 1.168869 -0.584107
v 0.341876 1.180180 -0.582123
v 0.170938 1.188180 -0.580720
v 0.167386 1.138281 -0.751964
v 0.334772 1.130505 -0.751964
v 0.502158 1.119511 -0.751964
v 0.557946 1.374989 -0.751964
v 0.371964 1.399383 -0.751964
v 0.185982 1.416637 -0.751964
v 0.182430 1.371487 -0.580720
v 0.364860 1.356293 -0.582123
v 0.547290 1.334812 -0.584107
v -0.665486 1.049877 -0.694583
v -0.663430 0.994419 -0.687511
v -0.666497 0.945707 -0.682732
v -0.672469 1.052454 -0.640332
v -0.673893 0.993561 -0.626376
v -0.678018 0.943283 -0.617236
v -0.692662 1.054432 -0.591871
v -0.702662 0.988131 -0.571654
v -0.709010 0.935183 -0.559183
v -0.857208 1.003713 -0.510092
v -0.863969 0.939398 -0.490456
v -0.865195 0.888668 -0.479535
v -0.989903 0.955080 -0.485226
v -0.986190 0.899033 -0.470420
v -0.980481 0.853082 -0.463676
v -1.114622 0.911795 -0.480501
v -1.106114 0.859951 -0.469561
v -1.095428 0.817476 -0.466720
v -1.321033 0.843172 -0.830894
v -1.310300 0.794332 -0.832519
v -1.293685 0.756004 -0.831532
v -1.309139 0.847109 -0.903594
v -1.298504 0.798118 -0.906985
v -1.282218 0.759560 -0.905407
v -1.276858 0.857797 -0.963836
v -1.266486 0.808394 -0.969272
v -1.251093 0.769211 -0.967896
v -1.114622 0.911795 -1.023428
v -1.106114 0.859951 -1.034367
v -1.095428 0.817476 -1.037209
v -0.989903 0.955080 -1.018702
v -0.986190 0.899033 -1.033508
v -0.980481 0.853082 -1.040253
v -0.857208 1.003713 -0.993836
v -0.863969 0.939398 -1.013473
v -0.865195 0.888668 -1.024394
v -0.880870 1.300686 -0.798199
v -1.010233 1.253397 -0.796136
v -1.123444 1.203202 -0.795815
v -0.879351 1.296576 -0.842189
v -1.008176 1.249567 -0.838513
v -1.119125 1.200513 -0.837633
v -0.876289 1.285133 -0.881701
v -1.004031 1.238752 -0.877390
v -1.109776 1.192636 -0.875443
v -1.043725 0.773183 -0.799323
v -0.971224 0.794608 -0.798225
v -0.898455 0.815102 -0.799323
v -1.041638 0.773529 -0.844577
v -0.971152 0.794356 -0.842997
v -0.900406 0.814283 -0.844577
v -1.037163 0.774136 -0.885861
v -0.970954 0.793671 -0.885093
v -0.904516 0.812412 -0.885861
v -1.110036 1.137509 -0.935708
v -1.119330 1.087469 -0.961199
v -1.122633 1.029790 -0.985113
v -0.999619 1.179031 -0.939684
v -0.999175 1.130382 -0.962864
v -0.996494 1.075014 -0.982271
v -0.865547 1.226286 -0.938982
v -0.858258 1.180638 -0.955017
v -0.850730 1.130162 -0.964119
v -1.272646 1.088628 -0.803858
v -1.307230 1.025365 -0.811559
v -1.322784 0.961480 -0.819661
v -1.263266 1.089916 -0.852205
v -1.296471 1.028407 -0.866719
v -1.311299 0.965319 -0.882033
v -1.238191 1.094199 -0.893207
v -1.267280 1.037015 -0.912951
v -1.280128 0.975784 -0.933746
v -0.865547 1.226286 -0.564947
v -0.858258 1.180638 -0.548911
v -0.850730 1.130162 -0.539809
v -0.999619 1.179031 -0.564244
v -0.999175 1.130382 -0.541064
v -0.996494 1.075014 -0.521657
v -1.110036 1.137509 -0.568221
v -1.119330 1.087469 -0.542729
v -1.122633 1.029790 -0.518816
v -0.502553 1.121082 -0.702132
v -0.504100 1.127813 -0.655446
v -0.507340 1.142733 -0.615056
v -0.335035 1.131855 -0.701543
v -0.336067 1.138244 -0.654306
v -0.338227 1.153182 -0.613438
v -0.167518 1.139475 -0.701126
v -0.168033 1.145622 -0.653499
v -0.169113 1.160573 -0.612293
v -0.775775 0.847185 -0.695563
v -0.782198 0.845222 -0.642933
v -0.799754 0.839902 -0.597979
v -0.731701 0.861371 -0.689210
v -0.740210 0.858929 -0.630468
v -0.763418 0.852189 -0.579765
v -0.699046 0.879817 -0.683895
v -0.709048 0.877099 -0.619987
v -0.736126 0.869409 -0.564403
v -0.895447 0.812260 -0.547883
v -0.970082 0.790850 -0.542702
v -1.044639 0.769173 -0.547778
v -0.882017 0.817865 -0.518047
v -0.970107 0.792353 -0.510238
v -1.058169 0.766744 -0.517214
v -0.871578 0.829999 -0.494255
v -0.971415 0.800732 -0.484178
v -1.071235 0.771405 -0.491444
v -1.164511 0.734940 -0.808451
v -1.158029 0.736696 -0.861149
v -1.140337 0.741548 -0.906139
v -1.208479 0.723217 -0.815398
v -1.199967 0.725651 -0.874688
v -1.176737 0.732316 -0.925676
v -1.243529 0.720760 -0.822327
v -1.233585 0.723680 -0.888084
v -1.206577 0.731611 -0.944630
v -1.044639 0.769173 -0.956150
v -0.970082 0.790850 -0.961226
v -0.895447 0.812260 -0.956046
v -1.058169 0.766744 -0.986715
v -0.970107 0.792353 -0.993690
v -0.882017 0.817865 -0.985882
v -1.071235 0.771405 -1.012485
v -0.971415 0.800732 -1.019750
v -0.871578 0.829999 -1.009674
v -1.140337 0.741548 -0.597790
v -1.158029 0.736696 -0.642779
v -1.164511 0.734940 -0.695478
v -1.176737 0.732316 -0.578253
v -1.199967 0.725651 -0.629240
v -1.208479 0.723217 -0.688531
v -1.206577 0.731612 -0.559299
v -1.233585 0.723680 -0.615844
v -1.243529 0.720760 -0.681602
v -0.799754 0.839902 -0.905949
v -0.782198 0.845222 -0.860996
v -0.775775 0.847185 -0.808366
v -0.763418 0.852189 -0.924163
v -0.740210 0.858929 -0.873461
v -0.731701 0.861371 -0.814718
v -0.736126 0.869409 -0.939526
v -0.709048 0.877099 -0.883942
v -0.699046 0.879817 -0.820034
v -0.539364 1.297891 -0.938705
v -0.530051 1.252988 -0.945000
v -0.520739 1.207511 -0.938705
v -0.359576 1.316877 -0.940913
v -0.353368 1.269059 -0.947282
v -0.347159 1.220830 -0.940913
v -0.179788 1.330306 -0.942474
v -0.176684 1.280427 -0.948895
v -0.173580 1.230251 -0.942474
v -1.238191 1.094199 -0.610721
v -1.267279 1.037015 -0.590977
v -1.280128 0.975784 -0.570183
v -1.263266 1.089916 -0.651723
v -1.296471 1.028407 -0.637209
v -1.311299 0.965319 -0.621896
v -1.272646 1.088628 -0.700070
v -1.307230 1.025365 -0.692370
v -1.322784 0.961480 -0.684267
v -1.037163 0.774136 -0.618068
v -0.970954 0.793671 -0.618835
v -0.904516 0.812412 -0.618068
v -1.041638 0.773529 -0.659351
v -0.971152 0.794356 -0.660931
v -0.900406 0.814283 -0.659351
v -1.043725 0.773183 -0.704605
v -0.971224 0.794608 -0.705704
v -0.898455 0.815102 -0.704605
v -0.876289 1.285133 -0.622228
v -1.004031 1.238752 -0.626538
v -1.109776 1.192636 -0.628485
v -0.879351 1.296576 -0.661740
v -1.008176 1.249567 -0.665415
v -1.119125 1.200513 -0.666296
v -0.880870 1.300686 -0.705730
v -1.010233 1.253397 -0.707793
v -1.123444 1.203202 -0.708113
v -1.276858 0.857797 -0.540092
v -1.266486 0.808394 -0.534657
v -1.251093 0.769211 -0.536032
v -1.309139 0.847109 -0.600335
v -1.298504 0.798118 -0.596943
v -1.282218 0.759560 -0.598521
v -1.321033 0.843172 -0.673035
v -1.310300 0.794332 -0.671409
v -1.293685 0.756004 -0.672396
v -0.692662 1.054432 -0.912057
v -0.702662 0.988131 -0.932275
v -0.709010 0.935183 -0.944745
v -0.672469 1.052454 -0.863596
v -0.673893 0.993561 -0.877552
v -0.678018 0.943283 -0.886693
v -0.665486 1.049877 -0.809346
v -0.663430 0.994419 -0.816417
v -0.666497 0.945707 -0.821196
v -0.552763 1.358223 -0.615056
v -0.556003 1.370130 -0.655446
v -0.557550 1.374422 -0.702132
v -0.368508 1.381336 -0.613438
v -0.370668 1.394113 -0.654306
v -0.371700 1.398753 -0.701543
v -0.184254 1.397684 -0.612293
v -0.185334 1.411077 -0.653499
v -0.185850 1.415963 -0.701126
v -0.507340 1.142733 -0.888873
v -0.504100 1.127813 -0.848482
v -0.502553 1.121082 -0.801797
v -0.338227 1.153182 -0.890491
v -0.336067 1.138244 -0.849623
v -0.335035 1.131855 -0.802386
v -0.169113 1.160573 -0.891636
v -0.168033 1.145622 -0.850430
v -0.167518 1.139475 -0.802803
v -0.557550 1.374422 -0.801797
v -0.556002 1.370130 -0.848482
v -0.552763 1.358223 -0.888873
v -0.371700 1.398753 -0.802386
v -0.370668 1.394113 -0.849623
v -0.368508 1.381336 -0.890491
v -0.185850 1.415963 -0.802803
v -0.185334 1.411077 -0.850430
v -0.184254 1.397684 -0.891636
v -0.520739 1.207511 -0.565223
v -0.530051 1.252988 -0.558929
v -0.539364 1.297891 -0.565223
v -0.347159 1.220830 -0.563016
v -0.353368 1.269059 -0.556647
v -0.359576 1.316877 -0.563016
v -0.173579 1.230251 -0.561455
v -0.176684 1.280427 -0.555033
v -0.179788 1.330306 -0.561455
v 0.665486 1.049877 -0.694583
v 0.672469 1.052454 -0.640332
v 0.692663 1.054432 -0.591871
v 0.663430 0.994419 -0.687512
v 0.673893 0.993561 -0.626376
v 0.702662 0.988131 -0.571654
v 0.666497 0.945707 -0.682732
v 0.678018 0.943283 -0.617236
v 0.709010 0.935183 -0.559183
v 0.857208 1.003713 -0.510092
v 0.989904 0.955080 -0.485226
v 1.114622 0.911795 -0.480501
v 0.863969 0.939398 -0.490456
v 0.986190 0.899033 -0.470420
v 1.106115 0.859951 -0.469561
v 0.865195 0.888668 -0.479535
v 0.980481 0.853082 -0.463676
v 1.095428 0.817476 -0.466720
v 1.321033 0.843172 -0.830894
v 1.309140 0.847109 -0.903594
v 1.276858 0.857797 -0.963836
v 1.310300 0.794332 -0.832520
v 1.298504 0.798118 -0.906985
v 1.266486 0.808394 -0.969272
v 1.293685 0.756004 -0.831533
v 1.282218 0.759560 -0.905408
v 1.251093 0.769211 -0.967896
v 1.114622 0.911795 -1.023428
v 0.989903 0.955080 -1.018702
v 0.857208 1.003713 -0.993836
v 1.106115 0.859951 -1.034367
v 0.986190 0.899033 -1.033508
v 0.863969 0.939398 -1.013473
v 1.095428 0.817476 -1.037209
v 0.980481 0.853082 -1.040253
v 0.865195 0.888668 -1.024394
v 0.880870 1.300686 -0.798199
v 0.879352 1.296576 -0.842189
v 0.876290 1.285133 -0.881701
v 1.010233 1.253397 -0.796136
v 1.008177 1.249567 -0.838513
v 1.004032 1.238752 -0.877390
v 1.123444 1.203202 -0.795816
v 1.119125 1.200513 -0.837633
v 1.109777 1.192636 -0.875443
v 1.043726 0.773183 -0.799323
v 1.041638 0.773529 -0.844577
v 1.037163 0.774136 -0.885861
v 0.971225 0.794608 -0.798225
v 0.971152 0.794356 -0.842997
v 0.970955 0.793672 -0.885093
v 0.898455 0.815102 -0.799323
v 0.900406 0.814283 -0.844577
v 0.904517 0.812412 -0.885861
v 1.110036 1.137509 -0.935708
v 0.999620 1.179031 -0.939684
v 0.865547 1.226286 -0.938982
v 1.119331 1.087469 -0.961199
v 0.999175 1.130382 -0.962864
v 0.858258 1.180638 -0.955017
v 1.122633 1.029790 -0.985113
v 0.996494 1.075014 -0.982271
v 0.850731 1.130162 -0.964119
v 1.272646 1.088628 -0.803858
v 1.263266 1.089916 -0.852205
v 1.238191 1.094199 -0.893207
v 1.307230 1.025365 -0.811559
v 1.296471 1.028407 -0.866719
v 1.267280 1.037015 -0.912951
v 1.322785 0.961480 -0.819661
v 1.311299 0.965319 -0.882033
v 1.280128 0.975784 -0.933746
v 0.865547 1.226286 -0.564947
v 0.999620 1.179031 -0.564244
v 1.110036 1.137509 -0.568221
v 0.858259 1.180638 -0.548912
v 0.999175 1.130382 -0.541064
v 1.119331 1.087469 -0.542729
v 0.850730 1.130162 -0.539809
v 0.996495 1.075014 -0.521657
v 1.122633 1.029790 -0.518816
v 0.502553 1.121082 -0.702132
v 0.335035 1.131855 -0.701543
v 0.167518 1.139475 -0.701126
v 0.504100 1.127813 -0.655446
v 0.336067 1.138244 -0.654306
v 0.168034 1.145622 -0.653499
v 0.507340 1.142733 -0.615056
v 0.338227 1.153182 -0.613438
v 0.169114 1.160573 -0.612293
v 0.775776 0.847185 -0.695563
v 0.731701 0.861371 -0.689210
v 0.699046 0.879817 -0.683895
v 0.782198 0.845222 -0.642933
v 0.740210 0.858929 -0.630468
v 0.709048 0.877099 -0.619987
v 0.799754 0.839902 -0.597979
v 0.763418 0.852189 -0.579765
v 0.736126 0.869409 -0.564403
v 0.895447 0.812260 -0.547883
v 0.882017 0.817865 -0.518047
v 0.871578 0.829999 -0.494255
v 0.970082 0.790850 -0.542702
v 0.970107 0.792353 -0.510238
v 0.971415 0.800732 -0.484178
v 1.044639 0.769173 -0.547778
v 1.058169 0.766744 -0.517214
v 1.071235 0.771405 -0.491444
v 1.164511 0.734940 -0.808451
v 1.208479 0.723217 -0.815398
v 1.243529 0.720760 -0.822327
v 1.158029 0.736696 -0.861149
v 1.199968 0.725651 -0.874688
v 1.233585 0.723680 -0.888084
v 1.140337 0.741548 -0.906139
v 1.176738 0.732316 -0.925676
v 1.206577 0.731612 -0.944630
v 1.044639 0.769173 -0.956150
v 1.058169 0.766744 -0.986715
v 1.071235 0.771405 -1.012485
v 0.970082 0.790850 -0.961226
v 0.970107 0.792352 -0.993690
v 0.971415 0.800732 -1.019750
v 0.895447 0.812260 -0.956046
v 0.882017 0.817865 -0.985882
v 0.871578 0.829999 -1.009674
v 1.140337 0.741548 -0.597790
v 1.176737 0.732316 -0.578253
v 1.206577 0.731612 -0.559299
v 1.158029 0.736696 -0.642779
v 1.199968 0.725651 -0.629240
v 1.233585 0.723679 -0.615844
v 1.164511 0.734940 -0.695478
v 1.208479 0.723217 -0.688531
v 1.243529 0.720760 -0.681602
v 0.799754 0.839902 -0.905950
v 0.763419 0.852189 -0.924164
v 0.736126 0.869409 -0.939526
v 0.782198 0.845223 -0.860996
v 0.740210 0.858929 -0.873461
v 0.709048 0.877099 -0.883942
v 0.775776 0.847185 -0.808366
v 0.731701 0.861371 -0.814718
v 0.699046 0.879817 -0.820034
v 0.539364 1.297891 -0.938706
v 0.359576 1.316877 -0.940913
v 0.179788 1.330306 -0.942474
v 0.530052 1.252988 -0.945000
v 0.353368 1.269059 -0.947282
v 0.176684 1.280427 -0.948895
v 0.520739 1.207511 -0.938705
v 0.347160 1.220830 -0.940913
v 0.173580 1.230251 -0.942474
v 1.238192 1.094199 -0.610721
v 1.263266 1.089916 -0.651723
v 1.272646 1.088628 -0.700070
v 1.267280 1.037015 -0.590977
v 1.296471 1.028407 -0.637210
v 1.307230 1.025365 -0.692370
v 1.280128 0.975784 -0.570183
v 1.311299 0.965319 -0.621896
v 1.322785 0.961480 -0.684267
v 1.037163 0.774136 -0.618068
v 1.041638 0.773529 -0.659352
v 1.043725 0.773183 -0.704605
v 0.970955 0.793672 -0.618835
v 0.971152 0.794356 -0.660931
v 0.971225 0.794608 -0.705704
v 0.904516 0.812412 -0.618068
v 0.900406 0.814283 -0.659352
v 0.898456 0.815102 -0.704605
v 0.876290 1.285133 -0.622228
v 0.879352 1.296576 -0.661740
v 0.880870 1.300686 -0.705730
v 1.004032 1.238752 -0.626538
v 1.008177 1.249567 -0.665415
v 1.010233 1.253397 -0.707793
v 1.109777 1.192636 -0.628485
v 1.119125 1.200513 -0.666296
v 1.123444 1.203202 -0.708113
v 1.276858 0.857797 -0.540092
v 1.309140 0.847109 -0.600335
v 1.321033 0.843172 -0.673035
v 1.266486 0.808394 -0.534657
v 1.298504 0.798118 -0.596943
v 1.310300 0.794332 -0.671409
v 1.251093 0.769211 -0.536032
v 1.282218 0.759560 -0.598521
v 1.293685 0.756004 -0.672396
v 0.692663 1.054432 -0.912057
v 0.672469 1.052454 -0.863596
v 0.665486 1.049877 -0.809346
v 0.702662 0.988131 -0.932275
v 0.673893 0.993561 -0.877552
v 0.663430 0.994419 -0.816417
v 0.709010 0.935183 -0.944745
v 0.678018 0.943283 -0.886693
v 0.666497 0.945707 -0.821196
v 0.552763 1.358222 -0.615056
v 0.368509 1.381336 -0.613438
v 0.184254 1.397684 -0.612293
v 0.556003 1.370130 -0.655446
v 0.370668 1.394113 -0.654306
v 0.185334 1.411077 -0.653499
v 0.557550 1.374423 -0.702132
v 0.371700 1.398753 -0.701543
v 0.185850 1.415963 -0.701126
v 0.507340 1.142733 -0.888873
v 0.338227 1.153182 -0.890491
v 0.169114 1.160573 -0.891636
v 0.504100 1.127813 -0.848482
v 0.336067 1.138244 -0.849623
v 0.168034 1.145622 -0.850430
v 0.502553 1.121082 -0.801797
v 0.335035 1.131855 -0.802386
v 0.167518 1.139475 -0.802803
v 0.557550 1.374422 -0.801797
v 0.371700 1.398753 -0.802386
v 0.185850 1.415963 -0.802803
v 0.556003 1.370130 -0.848482
v 0.370669 1.394113 -0.849623
v 0.185334 1.411077 -0.850430
v 0.552763 1.358223 -0.888873
v 0.368509 1.381336 -0.890491
v 0.184254 1.397684 -0.891636
v 0.520739 1.207511 -0.565223
v 0.347159 1.220830 -0.563016
v 0.173580 1.230251 -0.561455
v 0.530052 1.252988 -0.558929
v 0.353368 1.269059 -0.556647
v 0.176684 1.280427 -0.555033
v 0.539364 1.297891 -0.565223
v 0.359576 1.316877 -0.563016
v 0.179788 1.330306 -0.561455
vn -0.1613 0.6466 -0.7456
vn 0.2617 -0.9646 0.0330
vn -0.1613 0.6466 0.7456
vn 0.2617 -0.9646 -0.0330
vn -0.4213 0.6782 -0.6022
vn 0.2929 -0.9555 0.0337
vn -0.4213 0.6782 0.6022
vn 0.2929 -0.9555 -0.0337
vn 0.2812 -0.3280 -0.9019
vn 0.2812 -0.3280 0.9019
vn -0.4159 0.2406 0.8770
vn -0.4159 0.2406 -0.8770
vn 0.5144 -0.3052 -0.8014
vn 0.5144 -0.3052 0.8014
vn -0.1833 -0.6355 0.7500
vn -0.1833 -0.6355 -0.7500
vn -0.2338 0.9723 -0.0000
vn 0.8894 -0.4572 -0.0000
vn -0.6196 0.7849 -0.0000
vn -0.5620 -0.8272 -0.0000
vn -0.9999 -0.0164 -0.0000
vn 0.7673 -0.6412 -0.0000
vn 0.2526 -0.9676 -0.0000
vn 0.3023 -0.9532 -0.0000
vn -0.0000 1.0000 -0.0000
vn -0.0000 0.6113 -0.7914
vn -0.0000 -0.5948 0.8039
vn -0.0000 0.6113 0.7914
vn -0.0000 -0.5948 -0.8039
vn -0.0000 -1.0000 -0.0000
vn 0.1613 0.6466 -0.7456
vn -0.2617 -0.9646 0.0330
vn 0.1613 0.6466 0.7456
vn -0.2617 -0.9646 -0.0330
vn 0.4213 0.6781 -0.6022
vn -0.2929 -0.9555 0.0337
vn 0.4213 0.6782 0.6022
vn -0.2929 -0.9555 -0.0337
vn -0.2812 -0.3280 -0.9019
vn -0.2812 -0.3280 0.9019
vn 0.4159 0.2406 0.8770
vn 0.4159 0.2406 -0.8770
vn -0.5144 -0.3052 -0.8014
vn -0.5144 -0.3052 0.8014
vn 0.1833 -0.6355 0.7500
vn 0.1833 -0.6355 -0.7500
vn 0.2338 0.9723 -0.0000
vn -0.8894 -0.4572 -0.0000
vn 0.6196 0.7849 -0.0000
vn 0.5620 -0.8272 -0.0000
vn 0.9999 -0.0164 -0.0000
vn -0.7673 -0.6412 -0.0000
vn -0.2526 -0.9676 -0.0000
vn -0.3023 -0.9532 -0.0000
vn -0.2340 0.9707 -0.0540
vn -0.2322 0.9538 -0.1906
vn -0.2156 0.8699 -0.4437
vn 0.4357 0.1555 -0.8865
vn 0.4171 0.1882 -0.8892
vn 0.4578 0.0601 -0.8870
vn 0.8909 -0.4478 0.0761
vn 0.8707 -0.4170 0.2609
vn 0.7510 -0.3579 0.5548
vn 0.1033 -0.1389 0.9849
vn 0.0097 0.0829 0.9965
vn -0.0773 0.3430 0.9361
vn -0.3417 0.6933 0.6345
vn -0.2790 0.6849 0.6731
vn -0.2390 0.6571 0.7149
vn 0.2929 -0.3076 0.9053
vn 0.1432 -0.3774 0.9149
vn 0.0064 -0.4921 0.8705
vn -0.4234 0.3381 0.8405
vn -0.4336 0.4446 0.7838
vn -0.4384 0.5661 0.6981
vn -0.6174 0.7840 0.0643
vn -0.5946 0.7765 0.2085
vn -0.5279 0.7423 0.4127
vn -0.5596 -0.8258 -0.0700
vn -0.5247 -0.8165 -0.2409
vn -0.3983 -0.7614 -0.5115
vn -0.4234 0.3381 -0.8405
vn -0.4336 0.4446 -0.7838
vn -0.4384 0.5661 -0.6981
vn -0.2390 0.6571 -0.7149
vn -0.2790 0.6849 -0.6731
vn -0.3417 0.6933 -0.6345
vn 0.0064 -0.4921 -0.8705
vn 0.1432 -0.3774 -0.9149
vn 0.2929 -0.3076 -0.9053
vn -0.0773 0.3430 -0.9361
vn 0.0097 0.0829 -0.9965
vn 0.1033 -0.1389 -0.9849
vn 0.4578 0.0601 0.8870
vn 0.4171 0.1882 0.8892
vn 0.4357 0.1555 0.8865
vn -0.3438 -0.2796 0.8964
vn -0.3992 -0.0299 0.9164
vn -0.4123 0.1280 0.9020
vn -0.3438 -0.2796 -0.8964
vn -0.3992 -0.0299 -0.9164
vn -0.4123 0.1280 -0.9020
vn -0.1606 0.2883 -0.9440
vn -0.0018 0.2806 -0.9598
vn 0.1632 0.1832 -0.9694
vn -0.9953 -0.0067 -0.0971
vn -0.9430 0.0413 -0.3301
vn -0.7407 0.1408 -0.6569
vn 0.1632 0.1832 0.9694
vn -0.0018 0.2806 0.9598
vn -0.1606 0.2883 0.9440
vn 0.7623 -0.6396 0.0992
vn 0.7224 -0.6267 0.2922
vn 0.5749 -0.5466 0.6089
vn 0.2529 -0.9675 -0.0035
vn 0.2543 -0.9671 -0.0115
vn 0.2577 -0.9659 -0.0234
vn 0.2680 -0.9627 -0.0366
vn 0.2771 -0.9601 -0.0384
vn 0.2863 -0.9574 -0.0370
vn 0.3021 -0.9533 0.0035
vn 0.3006 -0.9537 0.0117
vn 0.2972 -0.9545 0.0238
vn 0.2863 -0.9574 0.0370
vn 0.2771 -0.9601 0.0384
vn 0.2680 -0.9627 0.0366
vn 0.4667 -0.7298 -0.4996
vn 0.3520 -0.9203 -0.1709
vn 0.2821 -0.9593 -0.0127
vn 0.2821 -0.9593 0.0127
vn 0.3520 -0.9203 0.1709
vn 0.4667 -0.7298 0.4996
vn 0.2762 -0.9611 0.0067
vn 0.2100 -0.9670 0.1440
vn 0.0501 -0.9013 0.4303
vn 0.2762 -0.9611 -0.0067
vn 0.2100 -0.9670 -0.1440
vn 0.0501 -0.9013 -0.4303
vn -0.2156 0.8699 0.4437
vn -0.2322 0.9538 0.1906
vn -0.2340 0.9707 0.0540
vn 0.7510 -0.3579 -0.5548
vn 0.8707 -0.4170 -0.2609
vn 0.8909 -0.4478 -0.0761
vn -0.5279 0.7423 -0.4127
vn -0.5946 0.7765 -0.2085
vn -0.6174 0.7840 -0.0643
vn -0.3983 -0.7614 0.5115
vn -0.5247 -0.8165 0.2409
vn -0.5596 -0.8258 0.0700
vn -0.7407 0.1408 0.6569
vn -0.9430 0.0413 0.3301
vn -0.9953 -0.0067 0.0971
vn 0.5749 -0.5466 -0.6089
vn 0.7224 -0.6267 -0.2922
vn 0.7623 -0.6396 -0.0992
vn 0.2577 -0.9659 0.0234
vn 0.2543 -0.9671 0.0115
vn 0.2529 -0.9675 0.0035
vn 0.2972 -0.9545 -0.0238
vn 0.3006 -0.9537 -0.0117
vn 0.3021 -0.9533 -0.0035
vn 0.2824 -0.9593 -0.0000
vn 0.1641 -0.9865 -0.0000
vn -0.1394 -0.9902 -0.0000
vn 0.2775 -0.9607 -0.0000
vn 0.4012 -0.9160 -0.0000
vn 0.6494 -0.7605 -0.0000
vn 0.0340 -0.6102 -0.7916
vn 0.0265 -0.6021 -0.7980
vn 0.0150 -0.5967 -0.8023
vn -0.9897 0.1429 -0.0000
vn -0.9324 0.3615 -0.0000
vn -0.8008 0.5989 -0.0000
vn 0.2640 -0.9645 -0.0000
vn 0.2772 -0.9608 -0.0000
vn 0.2904 -0.9569 -0.0000
vn -0.4651 0.8853 -0.0000
vn -0.3748 0.9271 -0.0000
vn -0.3301 0.9440 -0.0000
vn -0.8429 -0.5380 -0.0000
vn -0.9514 -0.3080 -0.0000
vn -0.9890 -0.1476 -0.0000
vn 0.9857 -0.1686 -0.0000
vn 1.0000 -0.0092 -0.0000
vn 0.9980 0.0635 -0.0000
vn -0.0000 0.9983 -0.0583
vn -0.0000 0.9781 -0.2081
vn -0.0000 0.8752 -0.4838
vn -0.0000 -0.2716 0.9624
vn -0.0000 0.0022 1.0000
vn -0.0000 0.2796 0.9601
vn -0.0000 0.2796 -0.9601
vn -0.0000 0.0022 -1.0000
vn -0.0000 -0.2716 -0.9624
vn -0.0000 -0.9972 0.0751
vn -0.0000 -0.9718 0.2357
vn -0.0000 -0.8602 0.5100
vn -0.0000 0.8752 0.4838
vn -0.0000 0.9781 0.2081
vn -0.0000 0.9983 0.0583
vn -0.0000 -0.8602 -0.5100
vn -0.0000 -0.9718 -0.2357
vn -0.0000 -0.9972 -0.0751
vn -0.0395 0.6130 -0.7891
vn -0.0697 0.6193 -0.7821
vn -0.0889 0.6305 -0.7711
vn 0.0340 -0.6102 0.7916
vn 0.0265 -0.6021 0.7980
vn 0.0150 -0.5967 0.8023
vn 0.0316 -0.9995 -0.0000
vn 0.0553 -0.9985 -0.0000
vn 0.0695 -0.9976 -0.0000
vn -0.1393 0.9902 -0.0000
vn -0.1112 0.9938 -0.0000
vn -0.0638 0.9980 -0.0000
vn -0.0395 0.6130 0.7891
vn -0.0697 0.6193 0.7821
vn -0.0889 0.6305 0.7711
vn 0.2340 0.9707 -0.0540
vn 0.2322 0.9538 -0.1906
vn 0.2156 0.8699 -0.4437
vn -0.4357 0.1555 -0.8865
vn -0.4171 0.1882 -0.8892
vn -0.4578 0.0601 -0.8870
vn -0.8909 -0.4478 0.0761
vn -0.8707 -0.4170 0.2609
vn -0.7510 -0.3579 0.5548
vn -0.1033 -0.1389 0.9849
vn -0.0097 0.0829 0.9965
vn 0.0773 0.3430 0.9361
vn 0.3417 0.6933 0.6345
vn 0.2790 0.6849 0.6731
vn 0.2390 0.6571 0.7149
vn -0.2929 -0.3076 0.9053
vn -0.1432 -0.3774 0.9149
vn -0.0064 -0.4921 0.8705
vn 0.4234 0.3381 0.8405
vn 0.4336 0.4446 0.7838
vn 0.4384 0.5661 0.6981
vn 0.6174 0.7840 0.0643
vn 0.5946 0.7765 0.2085
vn 0.5279 0.7423 0.4127
vn 0.5596 -0.8258 -0.0700
vn 0.5247 -0.8165 -0.2409
vn 0.3983 -0.7614 -0.5115
vn 0.4234 0.3381 -0.8405
vn 0.4336 0.4446 -0.7838
vn 0.4384 0.5661 -0.6981
vn 0.2390 0.6571 -0.7149
vn 0.2790 0.6849 -0.6731
vn 0.3417 0.6933 -0.6345
vn -0.0064 -0.4921 -0.8705
vn -0.1432 -0.3774 -0.9149
vn -0.2929 -0.3076 -0.9053
vn 0.0773 0.3430 -0.9361
vn -0.0097 0.0829 -0.9965
vn -0.1033 -0.1389 -0.9849
vn -0.4578 0.0601 0.8870
vn -0.4171 0.1882 0.8892
vn -0.4357 0.1555 0.8865
vn 0.3438 -0.2796 0.8964
vn 0.3992 -0.0299 0.9164
vn 0.4123 0.1280 0.9020
vn 0.3438 -0.2796 -0.8964
vn 0.3992 -0.0299 -0.9164
vn 0.4123 0.1280 -0.9020
vn 0.1606 0.2883 -0.9440
vn 0.0018 0.2806 -0.9598
vn -0.1632 0.1832 -0.9694
vn 0.9953 -0.0067 -0.0971
vn 0.9430 0.0413 -0.3301
vn 0.7407 0.1408 -0.6569
vn -0.1632 0.1832 0.9694
vn 0.0018 0.2806 0.9598
vn 0.1606 0.2883 0.9440
vn -0.7623 -0.6396 0.0992
vn -0.7224 -0.6267 0.2922
vn -0.5749 -0.5466 0.6089
vn -0.2529 -0.9675 -0.0035
vn -0.2543 -0.9671 -0.0115
vn -0.2577 -0.9659 -0.0234
vn -0.2680 -0.9627 -0.0366
vn -0.2771 -0.9601 -0.0384
vn -0.2863 -0.9574 -0.0370
vn -0.3021 -0.9533 0.0035
vn -0.3006 -0.9537 0.0117
vn -0.2972 -0.9545 0.0238
vn -0.2863 -0.9574 0.0370
vn -0.2771 -0.9601 0.0384
vn -0.2680 -0.9627 0.0366
vn -0.4667 -0.7298 -0.4996
vn -0.3520 -0.9203 -0.1709
vn -0.2821 -0.9593 -0.0127
vn -0.2821 -0.9593 0.0127
vn -0.3520 -0.9203 0.1709
vn -0.4667 -0.7298 0.4996
vn -0.2762 -0.9611 0.0067
vn -0.2100 -0.9670 0.1439
vn -0.0501 -0.9013 0.4303
vn -0.2762 -0.9611 -0.0067
vn -0.2100 -0.9670 -0.1440
vn -0.0501 -0.9013 -0.4303
vn 0.2156 0.8699 0.4437
vn 0.2322 0.9538 0.1906
vn 0.2340 0.9707 0.0540
vn -0.7510 -0.3579 -0.5548
vn -0.8707 -0.4170 -0.2609
vn -0.8909 -0.4478 -0.0761
vn 0.5279 0.7423 -0.4127
vn 0.5946 0.7765 -0.2085
vn 0.6174 0.7840 -0.0643
vn 0.3983 -0.7614 0.5115
vn 0.5247 -0.8165 0.2409
vn 0.5596 -0.8258 0.0700
vn 0.7407 0.1408 0.6569
vn 0.9430 0.0413 0.3301
vn 0.9953 -0.0067 0.0971
vn -0.5749 -0.5466 -0.6089
vn -0.7224 -0.6267 -0.2922
vn -0.7623 -0.6396 -0.0992
vn -0.2577 -0.9659 0.0234
vn -0.2543 -0.9671 0.0115
vn -0.2529 -0.9675 0.0035
vn -0.2972 -0.9545 -0.0238
vn -0.3006 -0.9537 -0.0117
vn -0.3021 -0.9533 -0.0035
vn -0.2824 -0.9593 -0.0000
vn -0.1641 -0.9865 -0.0000
vn 0.1394 -0.9902 -0.0000
vn -0.2775 -0.9607 -0.0000
vn -0.4012 -0.9160 -0.0000
vn -0.6494 -0.7605 -0.0000
vn -0.0340 -0.6102 -0.7916
vn -0.0265 -0.6021 -0.7980
vn -0.0150 -0.5967 -0.8023
vn 0.9897 0.1429 -0.0000
vn 0.9324 0.3615 -0.0000
vn 0.8008 0.5989 -0.0000
vn -0.2640 -0.9645 -0.0000
vn -0.2772 -0.9608 -0.0000
vn -0.2904 -0.9569 -0.0000
vn 0.4651 0.8853 -0.0000
vn 0.3748 0.9271 -0.0000
vn 0.3301 0.9440 -0.0000
vn 0.8429 -0.5380 -0.0000
vn 0.9514 -0.3080 -0.0000
vn 0.9890 -0.1476 -0.0000
vn -0.9857 -0.1686 -0.0000
vn -1.0000 -0.0092 -0.0000
vn -0.9980 0.0635 -0.0000
vn 0.0395 0.6130 -0.7891
vn 0.0697 0.6193 -0.7821
vn 0.0889 0.6305 -0.7711
vn -0.0340 -0.6102 0.7916
vn -0.0265 -0.6021 0.7980
vn -0.0150 -0.5967 0.8023
vn -0.0316 -0.9995 -0.0000
vn -0.0553 -0.9985 -0.0000
vn -0.0695 -0.9976 -0.0000
vn 0.1393 0.9902 -0.0000
vn 0.1112 0.9938 -0.0000
vn 0.0638 0.9980 -0.0000
vn 0.0395 0.6130 0.7891
vn 0.0697 0.6193 0.7821
vn 0.0889 0.6305 0.7711
vn 0.9964 0.0525 0.0671
vn 0.9957 -0.0084 0.0919
vn 0.9827 -0.1593 0.0944
vn 0.9721 0.0191 0.2340
vn 0.9513 0.0057 0.3083
vn 0.9413 -0.1201 0.3155
vn 0.8336 -0.0053 0.5524
vn 0.7564 0.0794 0.6492
vn 0.7641 -0.0312 0.6443
vn 0.1555 0.2591 0.9532
vn 0.1658 0.2307 0.9588
vn 0.2070 0.0774 0.9753
vn 0.0075 0.2677 0.9635
vn 0.0161 0.1964 0.9804
vn 0.0505 0.0129 0.9986
vn -0.1498 0.2216 0.9635
vn -0.1400 0.1073 0.9843
vn -0.1033 -0.1101 0.9885
vn -0.9854 -0.1406 -0.0960
vn -0.9479 -0.3042 -0.0944
vn -0.8390 -0.5368 -0.0891
vn -0.9383 -0.1012 -0.3306
vn -0.9039 -0.2765 -0.3265
vn -0.7961 -0.5212 -0.3075
vn -0.7421 -0.0009 -0.6703
vn -0.7185 -0.1828 -0.6710
vn -0.6295 -0.4418 -0.6392
vn -0.1498 0.2216 -0.9635
vn -0.1400 0.1073 -0.9843
vn -0.1033 -0.1101 -0.9885
vn 0.0075 0.2677 -0.9635
vn 0.0161 0.1964 -0.9804
vn 0.0505 0.0129 -0.9986
vn 0.1555 0.2591 -0.9532
vn 0.1658 0.2307 -0.9588
vn 0.2070 0.0774 -0.9753
vn -0.3305 0.9421 -0.0560
vn -0.3745 0.9255 -0.0572
vn -0.4640 0.8839 -0.0584
vn -0.3289 0.9246 -0.1922
vn -0.3694 0.9092 -0.1922
vn -0.4527 0.8708 -0.1921
vn -0.3084 0.8468 -0.4334
vn -0.3438 0.8409 -0.4179
vn -0.4121 0.8198 -0.3977
vn 0.2903 -0.9569 0.0034
vn 0.2772 -0.9608 0.0033
vn 0.2641 -0.9645 0.0034
vn 0.2898 -0.9570 0.0114
vn 0.2772 -0.9607 0.0112
vn 0.2646 -0.9643 0.0114
vn 0.2882 -0.9573 0.0251
vn 0.2772 -0.9605 0.0256
vn 0.2661 -0.9636 0.0251
vn -0.2742 0.5335 -0.8001
vn -0.2273 0.4209 -0.8782
vn -0.1862 0.3443 -0.9202
vn -0.1891 0.4966 -0.8471
vn -0.1041 0.3603 -0.9270
vn -0.0363 0.2916 -0.9559
vn -0.1277 0.4180 -0.8994
vn -0.0071 0.2322 -0.9726
vn 0.1189 0.1174 -0.9859
vn -0.7962 0.6003 -0.0762
vn -0.9259 0.3672 -0.0886
vn -0.9837 0.1524 -0.0958
vn -0.7560 0.6054 -0.2491
vn -0.8716 0.3935 -0.2925
vn -0.9268 0.1968 -0.3199
vn -0.6321 0.5977 -0.4932
vn -0.6960 0.4319 -0.5737
vn -0.7278 0.2767 -0.6275
vn -0.1277 0.4180 0.8994
vn -0.0071 0.2322 0.9726
vn 0.1189 0.1174 0.9859
vn -0.1891 0.4966 0.8471
vn -0.1041 0.3603 0.9270
vn -0.0363 0.2916 0.9559
vn -0.2742 0.5335 0.8001
vn -0.2273 0.4209 0.8782
vn -0.1862 0.3443 0.9202
vn 0.0679 -0.9937 0.0887
vn 0.0629 -0.9664 0.2491
vn 0.0527 -0.8599 0.5077
vn 0.0541 -0.9952 0.0817
vn 0.0502 -0.9689 0.2422
vn 0.0419 -0.8598 0.5088
vn 0.0310 -0.9966 0.0768
vn 0.0287 -0.9710 0.2374
vn 0.0239 -0.8601 0.5096
vn 0.2789 -0.9603 -0.0007
vn 0.2825 -0.9593 -0.0009
vn 0.2861 -0.9582 0.0049
vn 0.4043 -0.9145 0.0120
vn 0.4073 -0.9122 0.0438
vn 0.3946 -0.9126 0.1068
vn 0.6534 -0.7559 0.0410
vn 0.6496 -0.7465 0.1442
vn 0.5954 -0.7342 0.3262
vn 0.2772 -0.9608 0.0090
vn 0.2779 -0.9606 0.0044
vn 0.2791 -0.9602 0.0051
vn 0.3065 -0.9323 0.1920
vn 0.2760 -0.9430 0.1861
vn 0.2481 -0.9531 0.1735
vn 0.3359 -0.7493 0.5708
vn 0.2423 -0.7884 0.5655
vn 0.1578 -0.8388 0.5211
vn 0.2812 -0.9596 0.0013
vn 0.2780 -0.9606 0.0028
vn 0.2742 -0.9617 -0.0005
vn 0.1617 -0.9868 -0.0094
vn 0.1607 -0.9864 -0.0356
vn 0.1738 -0.9809 -0.0875
vn -0.1411 -0.9894 -0.0356
vn -0.1272 -0.9840 -0.1251
vn -0.0643 -0.9585 -0.2778
vn 0.2791 -0.9602 -0.0051
vn 0.2779 -0.9606 -0.0044
vn 0.2772 -0.9608 -0.0090
vn 0.2481 -0.9531 -0.1735
vn 0.2760 -0.9430 -0.1861
vn 0.3065 -0.9323 -0.1920
vn 0.1578 -0.8388 -0.5211
vn 0.2423 -0.7884 -0.5655
vn 0.3359 -0.7493 -0.5708
vn 0.2742 -0.9617 0.0005
vn 0.2780 -0.9606 -0.0028
vn 0.2812 -0.9596 -0.0013
vn 0.1738 -0.9809 0.0875
vn 0.1607 -0.9864 0.0356
vn 0.1617 -0.9868 0.0094
vn -0.0643 -0.9585 0.2778
vn -0.1272 -0.9840 0.1251
vn -0.1411 -0.9894 0.0356
vn 0.2861 -0.9582 -0.0049
vn 0.2825 -0.9593 0.0009
vn 0.2789 -0.9603 0.0007
vn 0.3946 -0.9126 -0.1068
vn 0.4073 -0.9122 -0.0438
vn 0.4043 -0.9145 -0.0120
vn 0.5954 -0.7342 -0.3262
vn 0.6496 -0.7465 -0.1442
vn 0.6534 -0.7559 -0.0410
vn -0.0466 0.2933 -0.9549
vn -0.0145 -0.0018 -0.9999
vn 0.0104 -0.2900 -0.9570
vn -0.0363 0.2854 -0.9577
vn -0.0116 -0.0000 -0.9999
vn 0.0077 -0.2804 -0.9599
vn -0.0206 0.2809 -0.9595
vn -0.0067 0.0015 -1.0000
vn 0.0041 -0.2740 -0.9617
vn -0.6321 0.5977 0.4932
vn -0.6960 0.4319 0.5737
vn -0.7278 0.2767 0.6275
vn -0.7560 0.6054 0.2491
vn -0.8716 0.3935 0.2925
vn -0.9268 0.1968 0.3199
vn -0.7962 0.6003 0.0762
vn -0.9259 0.3672 0.0886
vn -0.9837 0.1524 0.0958
vn 0.2882 -0.9573 -0.0251
vn 0.2772 -0.9605 -0.0256
vn 0.2661 -0.9636 -0.0251
vn 0.2898 -0.9570 -0.0114
vn 0.2772 -0.9607 -0.0112
vn 0.2646 -0.9643 -0.0114
vn 0.2903 -0.9569 -0.0034
vn 0.2772 -0.9608 -0.0033
vn 0.2641 -0.9645 -0.0034
vn -0.3084 0.8468 0.4334
vn -0.3438 0.8409 0.4179
vn -0.4121 0.8198 0.3977
vn -0.3289 0.9246 0.1922
vn -0.3694 0.9092 0.1922
vn -0.4527 0.8708 0.1921
vn -0.3305 0.9421 0.0560
vn -0.3745 0.9255 0.0572
vn -0.4640 0.8839 0.0584
vn -0.7421 -0.0009 0.6703
vn -0.7185 -0.1828 0.6710
vn -0.6295 -0.4418 0.6392
vn -0.9383 -0.1012 0.3306
vn -0.9039 -0.2765 0.3265
vn -0.7961 -0.5212 0.3075
vn -0.9854 -0.1406 0.0960
vn -0.9479 -0.3042 0.0944
vn -0.8390 -0.5368 0.0891
vn 0.8336 -0.0053 -0.5524
vn 0.7564 0.0794 -0.6492
vn 0.7641 -0.0312 -0.6443
vn 0.9721 0.0191 -0.2340
vn 0.9513 0.0057 -0.3083
vn 0.9413 -0.1201 -0.3155
vn 0.9964 0.0525 -0.0671
vn 0.9957 -0.0084 -0.0919
vn 0.9827 -0.1593 -0.0944
vn -0.1225 0.8808 0.4574
vn -0.1358 0.9717 0.1931
vn -0.1389 0.9889 0.0537
vn -0.0971 0.8766 0.4713
vn -0.1082 0.9736 0.2009
vn -0.1108 0.9923 0.0561
vn -0.0554 0.8752 0.4805
vn -0.0620 0.9765 0.2062
vn -0.0636 0.9963 0.0577
vn 0.0527 -0.8599 -0.5077
vn 0.0629 -0.9664 -0.2491
vn 0.0679 -0.9937 -0.0887
vn 0.0419 -0.8598 -0.5088
vn 0.0502 -0.9689 -0.2422
vn 0.0541 -0.9952 -0.0817
vn 0.0239 -0.8601 -0.5096
vn 0.0287 -0.9710 -0.2374
vn 0.0310 -0.9966 -0.0768
vn -0.1389 0.9889 -0.0537
vn -0.1358 0.9717 -0.1931
vn -0.1225 0.8808 -0.4574
vn -0.1108 0.9923 -0.0561
vn -0.1082 0.9736 -0.2009
vn -0.0971 0.8766 -0.4713
vn -0.0636 0.9963 -0.0577
vn -0.0620 0.9765 -0.2062
vn -0.0554 0.8752 -0.4805
vn 0.0104 -0.2900 0.9570
vn -0.0145 -0.0018 0.9999
vn -0.0466 0.2933 0.9549
vn 0.0077 -0.2804 0.9599
vn -0.0116 -0.0000 0.9999
vn -0.0363 0.2854 0.9577
vn 0.0041 -0.2740 0.9617
vn -0.0067 0.0015 1.0000
vn -0.0206 0.2809 0.9595
vn -0.9964 0.0525 0.0671
vn -0.9721 0.0191 0.2340
vn -0.8336 -0.0053 0.5524
vn -0.9957 -0.0084 0.0919
vn -0.9513 0.0057 0.3083
vn -0.7564 0.0794 0.6492
vn -0.9827 -0.1593 0.0944
vn -0.9413 -0.1201 0.3155
vn -0.7641 -0.0312 0.6443
vn -0.1555 0.2591 0.9532
vn -0.0075 0.2677 0.9635
vn 0.1498 0.2216 0.9635
vn -0.1658 0.2307 0.9588
vn -0.0161 0.1964 0.9804
vn 0.1400 0.1073 0.9843
vn -0.2070 0.0774 0.9753
vn -0.0505 0.0129 0.9986
vn 0.1033 -0.1101 0.9885
vn 0.9854 -0.1406 -0.0960
vn 0.9383 -0.1012 -0.3306
vn 0.7421 -0.0009 -0.6703
vn 0.9479 -0.3042 -0.0944
vn 0.9039 -0.2765 -0.3265
vn 0.7185 -0.1828 -0.6710
vn 0.8390 -0.5368 -0.0891
vn 0.7961 -0.5212 -0.3075
vn 0.6295 -0.4418 -0.6392
vn 0.1498 0.2216 -0.9635
vn -0.0075 0.2677 -0.9635
vn -0.1555 0.2591 -0.9532
vn 0.1400 0.1073 -0.9843
vn -0.0161 0.1964 -0.9804
vn -0.1658 0.2307 -0.9588
vn 0.1033 -0.1101 -0.9885
vn -0.0505 0.0129 -0.9986
vn -0.2070 0.0774 -0.9753
vn 0.3305 0.9421 -0.0560
vn 0.3289 0.9246 -0.1922
vn 0.3084 0.8468 -0.4334
vn 0.3745 0.9255 -0.0572
vn 0.3694 0.9092 -0.1922
vn 0.3438 0.8409 -0.4179
vn 0.4640 0.8839 -0.0584
vn 0.4527 0.8708 -0.1921
vn 0.4121 0.8198 -0.3977
vn -0.2903 -0.9569 0.0034
vn -0.2898 -0.9570 0.0114
vn -0.2882 -0.9573 0.0251
vn -0.2772 -0.9608 0.0033
vn -0.2772 -0.9607 0.0112
vn -0.2772 -0.9605 0.0256
vn -0.2641 -0.9645 0.0034
vn -0.2646 -0.9643 0.0114
vn -0.2661 -0.9636 0.0251
vn 0.2742 0.5335 -0.8001
vn 0.1891 0.4966 -0.8471
vn 0.1277 0.4180 -0.8994
vn 0.2273 0.4209 -0.8782
vn 0.1041 0.3603 -0.9270
vn 0.0071 0.2322 -0.9726
vn 0.1862 0.3443 -0.9202
vn 0.0363 0.2916 -0.9559
vn -0.1189 0.1174 -0.9859
vn 0.7962 0.6003 -0.0762
vn 0.7560 0.6054 -0.2491
vn 0.6321 0.5977 -0.4932
vn 0.9259 0.3672 -0.0886
vn 0.8716 0.3935 -0.2925
vn 0.6960 0.4319 -0.5737
vn 0.9837 0.1524 -0.0958
vn 0.9268 0.1968 -0.3199
vn 0.7278 0.2767 -0.6275
vn 0.1277 0.4180 0.8994
vn 0.1891 0.4966 0.8471
vn 0.2742 0.5335 0.8001
vn 0.0071 0.2322 0.9726
vn 0.1041 0.3603 0.9270
vn 0.2273 0.4209 0.8782
vn -0.1189 0.1174 0.9859
vn 0.0363 0.2916 0.9559
vn 0.1862 0.3443 0.9202
vn -0.0679 -0.9937 0.0887
vn -0.0541 -0.9952 0.0817
vn -0.0310 -0.9966 0.0768
vn -0.0629 -0.9664 0.2491
vn -0.0502 -0.9689 0.2422
vn -0.0287 -0.9710 0.2374
vn -0.0527 -0.8599 0.5077
vn -0.0419 -0.8598 0.5088
vn -0.0239 -0.8601 0.5096
vn -0.2789 -0.9603 -0.0007
vn -0.4043 -0.9145 0.0120
vn -0.6534 -0.7559 0.0410
vn -0.2825 -0.9593 -0.0009
vn -0.4073 -0.9122 0.0438
vn -0.6496 -0.7465 0.1442
vn -0.2861 -0.9582 0.0049
vn -0.3946 -0.9126 0.1068
vn -0.5954 -0.7342 0.3262
vn -0.2772 -0.9608 0.0090
vn -0.3065 -0.9323 0.1920
vn -0.3359 -0.7493 0.5708
vn -0.2779 -0.9606 0.0044
vn -0.2760 -0.9430 0.1861
vn -0.2423 -0.7884 0.5655
vn -0.2791 -0.9602 0.0051
vn -0.2481 -0.9531 0.1735
vn -0.1578 -0.8388 0.5211
vn -0.2812 -0.9596 0.0013
vn -0.1617 -0.9868 -0.0094
vn 0.1411 -0.9894 -0.0356
vn -0.2780 -0.9606 0.0028
vn -0.1607 -0.9864 -0.0356
vn 0.1272 -0.9840 -0.1251
vn -0.2742 -0.9617 -0.0005
vn -0.1738 -0.9809 -0.0875
vn 0.0643 -0.9585 -0.2778
vn -0.2791 -0.9602 -0.0051
vn -0.2481 -0.9531 -0.1735
vn -0.1578 -0.8388 -0.5211
vn -0.2779 -0.9606 -0.0044
vn -0.2760 -0.9430 -0.1861
vn -0.2423 -0.7884 -0.5655
vn -0.2772 -0.9608 -0.0090
vn -0.3065 -0.9323 -0.1920
vn -0.3359 -0.7493 -0.5708
vn -0.2742 -0.9617 0.0005
vn -0.1738 -0.9809 0.0875
vn 0.0643 -0.9585 0.2778
vn -0.2780 -0.9606 -0.0028
vn -0.1607 -0.9864 0.0356
vn 0.1272 -0.9840 0.1251
vn -0.2812 -0.9596 -0.0013
vn -0.1617 -0.9868 0.0094
vn 0.1411 -0.9894 0.0356
vn -0.2861 -0.9582 -0.0049
vn -0.3946 -0.9126 -0.1068
vn -0.5954 -0.7342 -0.3262
vn -0.2825 -0.9593 0.0009
vn -0.4073 -0.9122 -0.0438
vn -0.6496 -0.7465 -0.1442
vn -0.2789 -0.9603 0.0007
vn -0.4043 -0.9145 -0.0120
vn -0.6534 -0.7559 -0.0410
vn 0.0466 0.2933 -0.9549
vn 0.0363 0.2854 -0.9577
vn 0.0206 0.2809 -0.9595
vn 0.0145 -0.0018 -0.9999
vn 0.0116 -0.0000 -0.9999
vn 0.0067 0.0015 -1.0000
vn -0.0104 -0.2900 -0.9570
vn -0.0077 -0.2804 -0.9599
vn -0.0041 -0.2740 -0.9617
vn 0.6321 0.5977 0.4932
vn 0.7560 0.6054 0.2491
vn 0.7962 0.6003 0.0762
vn 0.6960 0.4319 0.5737
vn 0.8716 0.3935 0.2925
vn 0.9259 0.3672 0.0886
vn 0.7278 0.2767 0.6275
vn 0.9268 0.1968 0.3199
vn 0.9837 0.1524 0.0958
vn -0.2882 -0.9572 -0.0251
vn -0.2898 -0.9570 -0.0114
vn -0.2903 -0.9569 -0.0034
vn -0.2772 -0.9605 -0.0256
vn -0.2772 -0.9607 -0.0112
vn -0.2772 -0.9608 -0.0033
vn -0.2661 -0.9636 -0.0251
vn -0.2646 -0.9643 -0.0114
vn -0.2641 -0.9645 -0.0034
vn 0.3084 0.8468 0.4334
vn 0.3289 0.9246 0.1922
vn 0.3305 0.9421 0.0560
vn 0.3438 0.8409 0.4179
vn 0.3694 0.9092 0.1922
vn 0.3745 0.9255 0.0572
vn 0.4121 0.8198 0.3977
vn 0.4527 0.8708 0.1921
vn 0.4640 0.8839 0.0584
vn 0.7421 -0.0009 0.6703
vn 0.9383 -0.1012 0.3306
vn 0.9854 -0.1406 0.0960
vn 0.7185 -0.1828 0.6710
vn 0.9039 -0.2765 0.3265
vn 0.9479 -0.3042 0.0944
vn 0.6295 -0.4418 0.6392
vn 0.7961 -0.5212 0.3075
vn 0.8390 -0.5368 0.0891
vn -0.8336 -0.0053 -0.5524
vn -0.9721 0.0191 -0.2340
vn -0.9964 0.0525 -0.0671
vn -0.7564 0.0794 -0.6492
vn -0.9513 0.0057 -0.3083
vn -0.9957 -0.0084 -0.0919
vn -0.7641 -0.0312 -0.6443
vn -0.9413 -0.1201 -0.3155
vn -0.9827 -0.1593 -0.0944
vn 0.1225 0.8808 0.4574
vn 0.0971 0.8766 0.4713
vn 0.0554 0.8752 0.4805
vn 0.1358 0.9717 0.1931
vn 0.1082 0.9736 0.2009
vn 0.0620 0.9765 0.2062
vn 0.1389 0.9889 0.0537
vn 0.1108 0.9923 0.0561
vn 0.0636 0.9963 0.0577
vn -0.0527 -0.8599 -0.5077
vn -0.0419 -0.8598 -0.5088
vn -0.0239 -0.8601 -0.5096
vn -0.0629 -0.9664 -0.2491
vn -0.0502 -0.9689 -0.2422
vn -0.0287 -0.9710 -0.2374
vn -0.0679 -0.9937 -0.0887
vn -0.0541 -0.9952 -0.0817
vn -0.0310 -0.9966 -0.0768
vn 0.1389 0.9889 -0.0537
vn 0.1108 0.9923 -0.0561
vn 0.0636 0.9963 -0.0577
vn 0.1358 0.9717 -0.1931
vn 0.1082 0.9736 -0.2009
vn 0.0620 0.9765 -0.2062
vn 0.1225 0.8808 -0.4574
vn 0.0971 0.8766 -0.4713
vn 0.0554 0.8752 -0.4805
vn -0.0104 -0.2900 0.9570
vn -0.0077 -0.2804 0.9599
vn -0.0041 -0.2740 0.9617
vn 0.0145 -0.0018 0.9999
vn 0.0116 -0.0000 0.9999
vn 0.0067 0.0015 1.0000
vn 0.0466 0.2933 0.9549
vn 0.0363 0.2854 0.9577
vn 0.0206 0.2809 0.9595
vt 0.531080 0.156230
vt 0.562446 0.156413
vt 0.562066 0.188802
vt 0.529894 0.187337
vt 0.593743 0.156392
vt 0.593696 0.188639
vt 0.561252 0.223796
vt 0.527134 0.219150
vt 0.593594 0.223111
vt 0.500000 0.125000
vt 0.531250 0.125000
vt 0.499675 0.155924
vt 0.562500 0.125000
vt 0.593750 0.125000
vt 0.625000 0.125000
vt 0.625000 0.156250
vt 0.625000 0.187500
vt 0.625000 0.218750
vt 0.625000 0.250000
vt 0.593533 0.264106
vt 0.560764 0.265625
vt 0.525011 0.258111
vt 0.491211 0.209961
vt 0.479167 0.229167
vt 0.497396 0.184896
vt 0.527364 0.312927
vt 0.561252 0.317274
vt 0.562066 0.374132
vt 0.530002 0.372450
vt 0.593594 0.316705
vt 0.593696 0.374892
vt 0.562416 0.430134
vt 0.531090 0.428869
vt 0.593681 0.432996
vt 0.493761 0.307237
vt 0.625000 0.312500
vt 0.625000 0.375000
vt 0.625000 0.437500
vt 0.625000 0.500000
vt 0.593090 0.485779
vt 0.562266 0.481003
vt 0.531221 0.479396
vt 0.499783 0.428548
vt 0.500000 0.479167
vt 0.498264 0.371094
vt 0.531078 0.656534
vt 0.561126 0.656246
vt 0.561331 0.689270
vt 0.531104 0.690000
vt 0.589109 0.655466
vt 0.589770 0.687309
vt 0.561798 0.726004
vt 0.531162 0.727347
vt 0.591348 0.722281
vt 0.500000 0.625000
vt 0.531075 0.625000
vt 0.500000 0.656576
vt 0.561097 0.625000
vt 0.589014 0.625000
vt 0.613774 0.625000
vt 0.613975 0.653961
vt 0.615378 0.683597
vt 0.619190 0.714709
vt 0.625000 0.750000
vt 0.593090 0.764221
vt 0.562266 0.768997
vt 0.531221 0.770604
vt 0.500000 0.727539
vt 0.500000 0.770833
vt 0.500000 0.690104
vt 0.531246 0.821132
vt 0.562471 0.820029
vt 0.562500 0.877170
vt 0.531250 0.877550
vt 0.593688 0.817146
vt 0.593750 0.876248
vt 0.562500 0.937771
vt 0.531250 0.937819
vt 0.593750 0.937656
vt 0.500000 0.821289
vt 0.625000 0.812500
vt 0.625000 0.875000
vt 0.625000 0.937500
vt 0.625000 1.000000
vt 0.593750 1.000000
vt 0.562500 1.000000
vt 0.531250 1.000000
vt 0.500000 0.937826
vt 0.500000 1.000000
vt 0.500000 0.877604
vt 0.187181 0.656250
vt 0.247450 0.656250
vt 0.247830 0.687500
vt 0.187229 0.687500
vt 0.303867 0.656257
vt 0.304959 0.687554
vt 0.248752 0.718750
vt 0.187344 0.718750
vt 0.307827 0.718865
vt 0.125000 0.625000
vt 0.187174 0.625000
vt 0.125000 0.656250
vt 0.247396 0.625000
vt 0.303711 0.625000
vt 0.354167 0.625000
vt 0.354384 0.656304
vt 0.355903 0.687934
vt 0.360433 0.720052
vt 0.375000 0.750000
vt 0.312500 0.750000
vt 0.250000 0.750000
vt 0.187500 0.750000
vt 0.125000 0.718750
vt 0.125000 0.750000
vt 0.125000 0.687500
vt 0.721653 0.642758
vt 0.750000 0.642346
vt 0.750000 0.659134
vt 0.722441 0.659727
vt 0.778347 0.642758
vt 0.777559 0.659727
vt 0.750000 0.674919
vt 0.724116 0.675207
vt 0.775884 0.675207
vt 0.695489 0.625000
vt 0.721540 0.625000
vt 0.695721 0.644042
vt 0.750000 0.625000
vt 0.778460 0.625000
vt 0.804511 0.625000
vt 0.804279 0.644042
vt 0.802655 0.661895
vt 0.798584 0.677249
vt 0.793285 0.687526
vt 0.775435 0.689008
vt 0.750000 0.689703
vt 0.724565 0.689008
vt 0.701416 0.677249
vt 0.706715 0.687526
vt 0.697345 0.661895
vt 0.406135 0.817173
vt 0.437446 0.820041
vt 0.437500 0.877170
vt 0.406250 0.876248
vt 0.468743 0.821133
vt 0.468750 0.877550
vt 0.437500 0.937771
vt 0.406250 0.937656
vt 0.468750 0.937819
vt 0.404948 0.764567
vt 0.375000 0.812500
vt 0.437066 0.769097
vt 0.468696 0.770616
vt 0.468750 1.000000
vt 0.437500 1.000000
vt 0.406250 1.000000
vt 0.375000 0.937500
vt 0.375000 1.000000
vt 0.375000 0.875000
vt 0.397617 0.656413
vt 0.434950 0.656521
vt 0.435330 0.689670
vt 0.398709 0.688802
vt 0.468431 0.656569
vt 0.468479 0.690050
vt 0.436198 0.726291
vt 0.401462 0.723538
vt 0.468587 0.727383
vt 0.397461 0.625000
vt 0.434896 0.625000
vt 0.468425 0.625000
vt 0.406080 0.312174
vt 0.436144 0.310872
vt 0.437066 0.372396
vt 0.406196 0.373698
vt 0.464634 0.308180
vt 0.467502 0.371257
vt 0.437392 0.429905
vt 0.406128 0.432821
vt 0.468587 0.428718
vt 0.375000 0.250000
vt 0.405925 0.249674
vt 0.375000 0.312500
vt 0.434896 0.247396
vt 0.459961 0.241211
vt 0.468696 0.479384
vt 0.437066 0.480903
vt 0.404948 0.485433
vt 0.375000 0.437500
vt 0.375000 0.500000
vt 0.375000 0.375000
vt 0.499675 0.155924
vt 0.497396 0.184896
vt 0.491211 0.209961
vt 0.499675 0.155924
vt 0.491211 0.209961
vt 0.479167 0.229167
vt 0.500000 0.125000
vt 0.826001 0.603775
vt 0.823573 0.583930
vt 0.841603 0.577951
vt 0.844201 0.600860
vt 0.816886 0.566923
vt 0.834067 0.557726
vt 0.858514 0.570587
vt 0.860154 0.597435
vt 0.853135 0.545636
vt 0.804279 0.605958
vt 0.826348 0.625000
vt 0.802655 0.588105
vt 0.798584 0.572752
vt 0.793285 0.562474
vt 0.803046 0.554549
vt 0.816935 0.542532
vt 0.836231 0.526476
vt 0.875000 0.500000
vt 0.875000 0.531250
vt 0.875000 0.562500
vt 0.875000 0.593750
vt 0.860388 0.625000
vt 0.875000 0.625000
vt 0.844572 0.625000
vt 0.779460 0.548094
vt 0.750000 0.546218
vt 0.750000 0.531838
vt 0.787152 0.534229
vt 0.720537 0.548095
vt 0.712819 0.534242
vt 0.750000 0.516291
vt 0.798175 0.518151
vt 0.701763 0.518178
vt 0.775435 0.560992
vt 0.750000 0.560297
vt 0.724565 0.560992
vt 0.706715 0.562474
vt 0.696925 0.554562
vt 0.682831 0.542632
vt 0.663109 0.526795
vt 0.687500 0.500000
vt 0.750000 0.500000
vt 0.812500 0.500000
vt 0.673827 0.646190
vt 0.676281 0.666020
vt 0.657227 0.671649
vt 0.654425 0.648864
vt 0.683027 0.683042
vt 0.665232 0.691986
vt 0.637506 0.677974
vt 0.635205 0.651625
vt 0.644463 0.703223
vt 0.673477 0.625000
vt 0.696925 0.695438
vt 0.682831 0.707368
vt 0.663110 0.723205
vt 0.634876 0.625000
vt 0.654025 0.625000
vt 0.720537 0.701905
vt 0.750000 0.703782
vt 0.750000 0.718162
vt 0.712819 0.715758
vt 0.779460 0.701906
vt 0.787152 0.715771
vt 0.750000 0.733709
vt 0.701763 0.731822
vt 0.798175 0.731849
vt 0.803046 0.695451
vt 0.816935 0.707468
vt 0.836231 0.723524
vt 0.875000 0.750000
vt 0.812500 0.750000
vt 0.750000 0.750000
vt 0.687500 0.750000
vt 0.683026 0.566958
vt 0.676281 0.583980
vt 0.657227 0.578351
vt 0.665232 0.558014
vt 0.673827 0.603810
vt 0.654425 0.601136
vt 0.637506 0.572026
vt 0.644463 0.546777
vt 0.635205 0.598375
vt 0.701416 0.572752
vt 0.697345 0.588105
vt 0.695721 0.605958
vt 0.613975 0.596039
vt 0.615378 0.566403
vt 0.619190 0.535291
vt 0.816886 0.683078
vt 0.823573 0.666070
vt 0.841603 0.672049
vt 0.834067 0.692274
vt 0.826001 0.646225
vt 0.844201 0.649140
vt 0.858514 0.679413
vt 0.853135 0.704364
vt 0.860154 0.652565
vt 0.875000 0.656250
vt 0.875000 0.687500
vt 0.875000 0.718750
vt 0.406250 1.000000
vt 0.437500 1.000000
vt 0.406250 1.000000
vt 0.468750 1.000000
vt 0.468750 1.000000
vt 0.375000 1.000000
vt 0.500000 1.000000
vt 0.375000 1.000000
vt 0.401462 0.526462
vt 0.436198 0.523709
vt 0.435330 0.560330
vt 0.398709 0.561198
vt 0.468587 0.522617
vt 0.468479 0.559950
vt 0.434950 0.593479
vt 0.397617 0.593587
vt 0.468431 0.593431
vt 0.360433 0.529948
vt 0.500000 0.522461
vt 0.500000 0.559896
vt 0.500000 0.593424
vt 0.354384 0.593696
vt 0.355903 0.562066
vt 0.724116 0.574793
vt 0.750000 0.575081
vt 0.750000 0.590866
vt 0.722441 0.590273
vt 0.775884 0.574793
vt 0.777559 0.590273
vt 0.750000 0.607654
vt 0.721653 0.607242
vt 0.778347 0.607242
vt 0.187344 0.531250
vt 0.248752 0.531250
vt 0.247830 0.562500
vt 0.187229 0.562500
vt 0.307827 0.531135
vt 0.304959 0.562446
vt 0.247450 0.593750
vt 0.187181 0.593750
vt 0.303867 0.593743
vt 0.125000 0.500000
vt 0.187500 0.500000
vt 0.125000 0.531250
vt 0.250000 0.500000
vt 0.312500 0.500000
vt 0.125000 0.593750
vt 0.125000 0.562500
vt 0.531162 0.522653
vt 0.561798 0.523997
vt 0.561331 0.560730
vt 0.531104 0.560000
vt 0.591348 0.527719
vt 0.589770 0.562691
vt 0.561126 0.593754
vt 0.531078 0.593466
vt 0.589109 0.594534
vt 0.531250 0.031250
vt 0.562500 0.031250
vt 0.562500 0.062500
vt 0.531250 0.062500
vt 0.593750 0.031250
vt 0.593750 0.062500
vt 0.562500 0.093750
vt 0.531250 0.093750
vt 0.593750 0.093750
vt 0.500000 0.000000
vt 0.531250 0.000000
vt 0.500000 0.031250
vt 0.562500 0.000000
vt 0.593750 0.000000
vt 0.625000 0.000000
vt 0.625000 0.031250
vt 0.625000 0.062500
vt 0.625000 0.093750
vt 0.500000 0.093750
vt 0.500000 0.062500
vt 0.125000 0.531250
vt 0.125000 0.562500
vt 0.125000 0.562500
vt 0.125000 0.531250
vt 0.125000 0.593750
vt 0.125000 0.593750
vt 0.125000 0.562500
vt 0.125000 0.593750
vt 0.125000 0.625000
vt 0.125000 0.500000
vt 0.500000 0.031250
vt 0.500000 0.062500
vt 0.500000 0.000000
vt 0.125000 0.656250
vt 0.125000 0.687500
vt 0.125000 0.656250
vt 0.125000 0.718750
vt 0.125000 0.656250
vt 0.125000 0.718750
vt 0.125000 0.750000
vt 0.125000 0.750000
vt 0.125000 0.656250
vt 0.459961 0.241211
vt 0.434896 0.247396
vt 0.459961 0.241211
vt 0.405924 0.249674
vt 0.405924 0.249674
vt 0.405925 0.249674
vt 0.375000 0.250000
vt 0.375000 0.250000
vt 0.531250 0.156399
vt 0.531250 0.188694
vt 0.562500 0.189236
vt 0.562500 0.156467
vt 0.531250 0.223267
vt 0.562500 0.225043
vt 0.593750 0.188694
vt 0.593750 0.156399
vt 0.593750 0.223267
vt 0.500000 0.125000
vt 0.500000 0.156250
vt 0.531250 0.125000
vt 0.500000 0.187500
vt 0.500000 0.218750
vt 0.500000 0.250000
vt 0.531250 0.264350
vt 0.562500 0.267361
vt 0.593750 0.264323
vt 0.593750 0.125000
vt 0.562500 0.125000
vt 0.531250 0.316813
vt 0.531250 0.373698
vt 0.562500 0.374566
vt 0.562500 0.318522
vt 0.531246 0.429024
vt 0.562471 0.430188
vt 0.593750 0.374946
vt 0.593750 0.316861
vt 0.593688 0.433003
vt 0.500000 0.313477
vt 0.500000 0.372830
vt 0.500000 0.428765
vt 0.531221 0.479396
vt 0.562266 0.481003
vt 0.593090 0.485779
vt 0.531078 0.656534
vt 0.531104 0.690000
vt 0.561331 0.689270
vt 0.561126 0.656246
vt 0.531162 0.727347
vt 0.561798 0.726004
vt 0.589770 0.687309
vt 0.589109 0.655466
vt 0.500000 0.656576
vt 0.531075 0.625000
vt 0.500000 0.727539
vt 0.531221 0.770604
vt 0.562266 0.768997
vt 0.615378 0.683597
vt 0.589014 0.625000
vt 0.613774 0.625000
vt 0.561097 0.625000
vt 0.562500 0.877170
vt 0.531250 0.937819
vt 0.562500 0.937771
vt 0.593750 0.876248
vt 0.593688 0.817146
vt 0.593750 0.937656
vt 0.500000 0.821289
vt 0.500000 0.877604
vt 0.500000 0.937826
vt 0.187181 0.656250
vt 0.187229 0.687500
vt 0.247830 0.687500
vt 0.247450 0.656250
vt 0.187344 0.718750
vt 0.248752 0.718750
vt 0.304959 0.687554
vt 0.303867 0.656257
vt 0.307827 0.718865
vt 0.125000 0.625000
vt 0.187174 0.625000
vt 0.360433 0.720052
vt 0.354384 0.656304
vt 0.303711 0.625000
vt 0.247396 0.625000
vt 0.721653 0.642758
vt 0.722441 0.659727
vt 0.750000 0.659134
vt 0.750000 0.642346
vt 0.724116 0.675207
vt 0.750000 0.674919
vt 0.778347 0.642758
vt 0.775884 0.675207
vt 0.695721 0.644042
vt 0.721540 0.625000
vt 0.697345 0.661895
vt 0.701416 0.677249
vt 0.706715 0.687526
vt 0.724565 0.689008
vt 0.750000 0.625000
vt 0.406250 0.876248
vt 0.437446 0.820041
vt 0.406250 0.937656
vt 0.468750 0.877550
vt 0.468743 0.821133
vt 0.468696 0.770616
vt 0.437066 0.769097
vt 0.398709 0.688802
vt 0.434950 0.656521
vt 0.401462 0.723538
vt 0.436198 0.726291
vt 0.468479 0.690050
vt 0.468587 0.727383
vt 0.397461 0.625000
vt 0.468425 0.625000
vt 0.434896 0.625000
vt 0.406250 0.312344
vt 0.406250 0.373752
vt 0.437500 0.372830
vt 0.437500 0.312229
vt 0.406135 0.432827
vt 0.437446 0.429959
vt 0.468750 0.372504
vt 0.468750 0.312297
vt 0.468743 0.428874
vt 0.406250 0.250000
vt 0.404948 0.485433
vt 0.437066 0.480903
vt 0.468750 0.250000
vt 0.437500 0.250000
vt 0.499844 0.156094
vt 0.499729 0.155979
vt 0.497830 0.185330
vt 0.498752 0.186252
vt 0.499681 0.155931
vt 0.497450 0.184950
vt 0.492459 0.211209
vt 0.495328 0.214077
vt 0.491367 0.210117
vt 0.479384 0.229384
vt 0.480903 0.230903
vt 0.485460 0.235460
vt 0.826001 0.603775
vt 0.841603 0.577951
vt 0.823573 0.583930
vt 0.860154 0.597435
vt 0.858514 0.570587
vt 0.816886 0.566923
vt 0.853135 0.545636
vt 0.844572 0.625000
vt 0.860388 0.625000
vt 0.836231 0.526476
vt 0.816935 0.542532
vt 0.803046 0.554550
vt 0.798584 0.572752
vt 0.802655 0.588105
vt 0.779460 0.548094
vt 0.787152 0.534229
vt 0.750000 0.531838
vt 0.750000 0.546218
vt 0.798175 0.518151
vt 0.750000 0.516291
vt 0.712819 0.534242
vt 0.720537 0.548095
vt 0.775435 0.560992
vt 0.663109 0.526795
vt 0.682831 0.542632
vt 0.750000 0.560297
vt 0.673827 0.646191
vt 0.657227 0.671649
vt 0.676281 0.666020
vt 0.665232 0.691986
vt 0.644463 0.703223
vt 0.673477 0.625000
vt 0.654025 0.625000
vt 0.634876 0.625000
vt 0.663109 0.723205
vt 0.682831 0.707368
vt 0.696925 0.695438
vt 0.720537 0.701905
vt 0.712819 0.715758
vt 0.750000 0.718162
vt 0.701763 0.731822
vt 0.750000 0.733709
vt 0.787152 0.715771
vt 0.779460 0.701906
vt 0.798175 0.731849
vt 0.836231 0.723524
vt 0.816935 0.707468
vt 0.803046 0.695451
vt 0.683027 0.566959
vt 0.657227 0.578351
vt 0.676281 0.583980
vt 0.637506 0.572026
vt 0.673827 0.603810
vt 0.635205 0.598375
vt 0.619190 0.535291
vt 0.613975 0.596039
vt 0.695721 0.605958
vt 0.697345 0.588105
vt 0.834067 0.692274
vt 0.823573 0.666070
vt 0.853135 0.704364
vt 0.858514 0.679413
vt 0.844201 0.649140
vt 0.826001 0.646225
vt 0.406250 1.000000
vt 0.398709 0.561198
vt 0.435330 0.560330
vt 0.436198 0.523709
vt 0.434950 0.593479
vt 0.468479 0.559950
vt 0.468587 0.522617
vt 0.468431 0.593431
vt 0.360433 0.529948
vt 0.354384 0.593696
vt 0.500000 0.593425
vt 0.724116 0.574793
vt 0.722441 0.590273
vt 0.750000 0.575081
vt 0.721653 0.607242
vt 0.750000 0.607654
vt 0.777559 0.590273
vt 0.775884 0.574793
vt 0.778347 0.607242
vt 0.187344 0.531250
vt 0.187229 0.562500
vt 0.248752 0.531250
vt 0.187181 0.593750
vt 0.247450 0.593750
vt 0.304959 0.562446
vt 0.307827 0.531135
vt 0.303867 0.593743
vt 0.531104 0.560000
vt 0.561331 0.560730
vt 0.561798 0.523997
vt 0.531078 0.593466
vt 0.561126 0.593754
vt 0.589770 0.562691
vt 0.591348 0.527719
vt 0.589109 0.594534
vt 0.531250 0.031250
vt 0.531250 0.062500
vt 0.562500 0.062500
vt 0.562500 0.031250
vt 0.531250 0.093750
vt 0.562500 0.093750
vt 0.593750 0.062500
vt 0.593750 0.031250
vt 0.593750 0.093750
vt 0.500000 0.093750
vt 0.125000 0.562500
vt 0.125000 0.625000
vt 0.125000 0.625000
vt 0.500000 0.031250
vt 0.500000 0.062500
vt 0.500000 0.062500
vt 0.500000 0.093750
vt 0.500000 0.093750
vt 0.125000 0.687500
vt 0.464078 0.245327
vt 0.461209 0.242459
vt 0.435330 0.247830
vt 0.436252 0.248752
vt 0.460117 0.241367
vt 0.434950 0.247450
vt 0.405979 0.249729
vt 0.406094 0.249844
vt 0.405931 0.249681
s 1
usemtl denwa
f 2280/1914/2137 2283/1917/2140 2284/1916/2141 2281/1915/2138
f 2281/1915/2138 2284/1916/2141 2285/1919/2142 2282/1918/2139
f 2283/1917/2140 2286/1921/2143 2287/1920/2144 2284/1916/2141
f 2284/1916/2141 2287/1920/2144 2288/1922/2145 2285/1919/2142
f 1935/1923/1792 2025/1925/1882 2280/1914/2137 2099/1924/1956
f 2099/1924/1956 2280/1914/2137 2281/1915/2138 2098/1926/1955
f 2098/1926/1955 2281/1915/2138 2282/1918/2139 2097/1927/1954
f 2097/1927/1954 2282/1918/2139 1974/1929/1831 1931/1928/1788
f 2282/1918/2139 2285/1919/2142 1975/1930/1832 1974/1929/1831
f 2285/1919/2142 2288/1922/2145 1976/1931/1833 1975/1930/1832
f 2288/1922/2145 2007/1933/1864 1927/1932/1784 1976/1931/1833
f 2287/1920/2144 2008/1934/1865 2007/1933/1864 2288/1922/2145
f 2286/1921/2143 2009/1935/1866 2008/1934/1865 2287/1920/2144
f 2027/1936/1884 1923/1937/1780 2009/1935/1866 2286/1921/2143
f 2026/1938/1883 2027/1936/1884 2286/1921/2143 2283/1917/2140
f 2025/1925/1882 2026/1938/1883 2283/1917/2140 2280/1914/2137
f 2289/1939/2146 2292/1942/2149 2293/1941/2150 2290/1940/2147
f 2290/1940/2147 2293/1941/2150 2294/1944/2151 2291/1943/2148
f 2292/1942/2149 2295/1946/2152 2296/1945/2153 2293/1941/2150
f 2293/1941/2150 2296/1945/2153 2297/1947/2154 2294/1944/2151
f 1923/1937/1780 2022/1948/1879 2289/1939/2146 2009/1935/1866
f 2009/1935/1866 2289/1939/2146 2290/1940/2147 2008/1934/1865
f 2008/1934/1865 2290/1940/2147 2291/1943/2148 2007/1933/1864
f 2007/1933/1864 2291/1943/2148 1983/1949/1840 1927/1932/1784
f 2291/1943/2148 2294/1944/2151 1984/1950/1841 1983/1949/1840
f 2294/1944/2151 2297/1947/2154 1985/1951/1842 1984/1950/1841
f 2297/1947/2154 2010/1953/1867 1928/1952/1785 1985/1951/1842
f 2296/1945/2153 2011/1954/1868 2010/1953/1867 2297/1947/2154
f 2295/1946/2152 2012/1955/1869 2011/1954/1868 2296/1945/2153
f 2024/1956/1881 1924/1957/1781 2012/1955/1869 2295/1946/2152
f 2023/1958/1880 2024/1956/1881 2295/1946/2152 2292/1942/2149
f 2022/1948/1879 2023/1958/1880 2292/1942/2149 2289/1939/2146
f 2298/1959/2155 2301/1962/2158 2302/1961/2159 2299/1960/2156
f 2299/1960/2156 2302/1961/2159 2303/1964/2160 2300/1963/2157
f 2301/1962/2158 2304/1966/2161 2305/1965/2162 2302/1961/2159
f 2302/1961/2159 2305/1965/2162 2306/1967/2163 2303/1964/2160
f 1934/1968/1791 2019/1970/1876 2298/1959/2155 2096/1969/1953
f 2096/1969/1953 2298/1959/2155 2299/1960/2156 2095/1971/1952
f 2095/1971/1952 2299/1960/2156 2300/1963/2157 2094/1972/1951
f 2094/1972/1951 2300/1963/2157 1992/1974/1849 1933/1973/1790
f 2300/1963/2157 2303/1964/2160 1993/1975/1850 1992/1974/1849
f 2303/1964/2160 2306/1967/2163 1994/1976/1851 1993/1975/1850
f 2306/1967/2163 2013/1978/1870 1929/1977/1786 1994/1976/1851
f 2305/1965/2162 2014/1979/1871 2013/1978/1870 2306/1967/2163
f 2304/1966/2161 2015/1980/1872 2014/1979/1871 2305/1965/2162
f 2021/1981/1878 1925/1982/1782 2015/1980/1872 2304/1966/2161
f 2020/1983/1877 2021/1981/1878 2304/1966/2161 2301/1962/2158
f 2019/1970/1876 2020/1983/1877 2301/1962/2158 2298/1959/2155
f 2307/1984/2164 2310/1987/2167 2311/1986/2168 2308/1985/2165
f 2308/1985/2165 2311/1986/2168 2312/1989/2169 2309/1988/2166
f 2310/1987/2167 2313/1991/2170 2314/1990/2171 2311/1986/2168
f 2311/1986/2168 2314/1990/2171 2315/1992/2172 2312/1989/2169
f 1925/1982/1782 2016/1993/1873 2307/1984/2164 2015/1980/1872
f 2015/1980/1872 2307/1984/2164 2308/1985/2165 2014/1979/1871
f 2014/1979/1871 2308/1985/2165 2309/1988/2166 2013/1978/1870
f 2013/1978/1870 2309/1988/2166 2001/1994/1858 1929/1977/1786
f 2309/1988/2166 2312/1989/2169 2002/1995/1859 2001/1994/1858
f 2312/1989/2169 2315/1992/2172 2003/1996/1860 2002/1995/1859
f 2315/1992/2172 1973/1998/1830 1926/1997/1783 2003/1996/1860
f 2314/1990/2171 1972/1999/1829 1973/1998/1830 2315/1992/2172
f 2313/1991/2170 1971/2000/1828 1972/1999/1829 2314/1990/2171
f 2018/2001/1875 1922/2002/1779 1971/2000/1828 2313/1991/2170
f 2017/2003/1874 2018/2001/1875 2313/1991/2170 2310/1987/2167
f 2016/1993/1873 2017/2003/1874 2310/1987/2167 2307/1984/2164
f 2316/2004/2173 2319/2007/2176 2320/2006/2177 2317/2005/2174
f 2317/2005/2174 2320/2006/2177 2321/2009/2178 2318/2008/2175
f 2319/2007/2176 2322/2011/2179 2323/2010/2180 2320/2006/2177
f 2320/2006/2177 2323/2010/2180 2324/2012/2181 2321/2009/2178
f 1930/2013/1787 1968/2015/1825 2316/2004/2173 2093/2014/1950
f 2093/2014/1950 2316/2004/2173 2317/2005/2174 2092/2016/1949
f 2092/2016/1949 2317/2005/2174 2318/2008/2175 2091/2017/1948
f 2091/2017/1948 2318/2008/2175 2060/2019/1917 1932/2018/1789
f 2318/2008/2175 2321/2009/2178 2059/2020/1916 2060/2019/1917
f 2321/2009/2178 2324/2012/2181 2058/2021/1915 2059/2020/1916
f 2324/2012/2181 2000/2023/1857 1918/2022/1775 2058/2021/1915
f 2323/2010/2180 1999/2024/1856 2000/2023/1857 2324/2012/2181
f 2322/2011/2179 1998/2025/1855 1999/2024/1856 2323/2010/2180
f 1970/2026/1827 1914/2027/1771 1998/2025/1855 2322/2011/2179
f 1969/2028/1826 1970/2026/1827 2322/2011/2179 2319/2007/2176
f 1968/2015/1825 1969/2028/1826 2319/2007/2176 2316/2004/2173
f 2325/2029/2182 2328/2032/2185 2329/2031/2186 2326/2030/2183
f 2326/2030/2183 2329/2031/2186 2330/2034/2187 2327/2033/2184
f 2328/2032/2185 2331/2036/2188 2332/2035/2189 2329/2031/2186
f 2329/2031/2186 2332/2035/2189 2333/2037/2190 2330/2034/2187
f 1937/2038/1794 2034/2040/1891 2325/2029/2182 2090/2039/1947
f 2090/2039/1947 2325/2029/2182 2326/2030/2183 2089/2041/1946
f 2089/2041/1946 2326/2030/2183 2327/2033/2184 2088/2042/1945
f 2088/2042/1945 2327/2033/2184 2072/2044/1929 1936/2043/1793
f 2327/2033/2184 2330/2034/2187 2071/2045/1928 2072/2044/1929
f 2330/2034/2187 2333/2037/2190 2070/2046/1927 2071/2045/1928
f 2333/2037/2190 2039/2048/1896 1915/2047/1772 2070/2046/1927
f 2332/2035/2189 2038/2049/1895 2039/2048/1896 2333/2037/2190
f 2331/2036/2188 2037/2050/1894 2038/2049/1895 2332/2035/2189
f 2036/2051/1893 1919/2052/1776 2037/2050/1894 2331/2036/2188
f 2035/2053/1892 2036/2051/1893 2331/2036/2188 2328/2032/2185
f 2034/2040/1891 2035/2053/1892 2328/2032/2185 2325/2029/2182
f 2334/2054/2191 2337/2057/2194 2338/2056/2195 2335/2055/2192
f 2335/2055/2192 2338/2056/2195 2339/2059/2196 2336/2058/2193
f 2337/2057/2194 2340/2061/2197 2341/2060/2198 2338/2056/2195
f 2338/2056/2195 2341/2060/2198 2342/2062/2199 2339/2059/2196
f 1918/2022/1775 2000/2064/1857 2334/2054/2191 1997/2063/1854
f 1997/2063/1854 2334/2054/2191 2335/2055/2192 1996/2065/1853
f 1996/2065/1853 2335/2055/2192 2336/2058/2193 1995/2066/1852
f 1995/2066/1852 2336/2058/2193 2016/1993/1873 1925/1982/1782
f 2336/2058/2193 2339/2059/2196 2017/2003/1874 2016/1993/1873
f 2339/2059/2196 2342/2062/2199 2018/2001/1875 2017/2003/1874
f 2342/2062/2199 2006/2067/1863 1922/2002/1779 2018/2001/1875
f 2341/2060/2198 2005/2068/1862 2006/2067/1863 2342/2062/2199
f 2340/2061/2197 2004/2069/1861 2005/2068/1862 2341/2060/2198
f 1998/2070/1855 1914/2071/1771 2004/2069/1861 2340/2061/2197
f 1999/2072/1856 1998/2070/1855 2340/2061/2197 2337/2057/2194
f 2000/2064/1857 1999/2072/1856 2337/2057/2194 2334/2054/2191
f 2343/2073/2200 2346/2076/2203 2347/2075/2204 2344/2074/2201
f 2344/2074/2201 2347/2075/2204 2348/2078/2205 2345/2077/2202
f 2346/2076/2203 2349/2080/2206 2350/2079/2207 2347/2075/2204
f 2347/2075/2204 2350/2079/2207 2351/2081/2208 2348/2078/2205
f 1932/2018/1789 2060/2019/1917 2343/2073/2200 2087/2082/1944
f 2087/2082/1944 2343/2073/2200 2344/2074/2201 2086/2083/1943
f 2086/2083/1943 2344/2074/2201 2345/2077/2202 2085/2084/1942
f 2085/2084/1942 2345/2077/2202 2019/1970/1876 1934/1968/1791
f 2345/2077/2202 2348/2078/2205 2020/1983/1877 2019/1970/1876
f 2348/2078/2205 2351/2081/2208 2021/1981/1878 2020/1983/1877
f 2351/2081/2208 1995/2066/1852 1925/1982/1782 2021/1981/1878
f 2350/2079/2207 1996/2065/1853 1995/2066/1852 2351/2081/2208
f 2349/2080/2206 1997/2063/1854 1996/2065/1853 2350/2079/2207
f 2058/2021/1915 1918/2022/1775 1997/2063/1854 2349/2080/2206
f 2059/2020/1916 2058/2021/1915 2349/2080/2206 2346/2076/2203
f 2060/2019/1917 2059/2020/1916 2346/2076/2203 2343/2073/2200
f 2352/2085/2209 2355/2088/2212 2356/2087/2213 2353/2086/2210
f 2353/2086/2210 2356/2087/2213 2357/2090/2214 2354/2089/2211
f 2355/2088/2212 2358/2092/2215 2359/2091/2216 2356/2087/2213
f 2356/2087/2213 2359/2091/2216 2360/2093/2217 2357/2090/2214
f 1916/2094/1773 1982/2096/1839 2352/2085/2209 1979/2095/1836
f 1979/2095/1836 2352/2085/2209 2353/2086/2210 1978/2097/1835
f 1978/2097/1835 2353/2086/2210 2354/2089/2211 1977/2098/1834
f 1977/2098/1834 2354/2089/2211 2022/1948/1879 1923/1937/1780
f 2354/2089/2211 2357/2090/2214 2023/1958/1880 2022/1948/1879
f 2357/2090/2214 2360/2093/2217 2024/1956/1881 2023/1958/1880
f 2360/2093/2217 1986/2099/1843 1924/1957/1781 2024/1956/1881
f 2359/2091/2216 1987/2100/1844 1986/2099/1843 2360/2093/2217
f 2358/2092/2215 1988/2101/1845 1987/2100/1844 2359/2091/2216
f 1980/2102/1837 1920/2103/1777 1988/2101/1845 2358/2092/2215
f 1981/2104/1838 1980/2102/1837 2358/2092/2215 2355/2088/2212
f 1982/2096/1839 1981/2104/1838 2355/2088/2212 2352/2085/2209
f 2361/2105/2218 2364/1925/2221 2365/2106/2222 2362/1938/2219
f 2362/1938/2219 2365/2106/2222 2366/1936/2223 2363/2107/2220
f 2364/1925/2221 2367/2108/2224 2368/1938/2225 2365/2106/2222
f 2365/2106/2222 2368/1938/2225 2369/2109/2226 2366/1936/2223
f 1935/1923/1792 2126/1923/1983 2361/2105/2218 2025/1925/1882
f 2025/1925/1882 2361/2105/2218 2362/1938/2219 2026/1938/1883
f 2026/1938/1883 2362/1938/2219 2363/2107/2220 2027/1936/1884
f 2027/1936/1884 2363/2107/2220 2121/2110/1978 1923/1937/1780
f 2363/2107/2220 2366/1936/2223 2122/2110/1979 2121/2110/1978
f 2366/1936/2223 2369/2109/2226 2123/1937/1980 2122/2110/1979
f 2369/2109/2226 2111/1936/1968 1940/2110/1797 2123/1937/1980
f 2368/1938/2225 2110/2106/1967 2111/1936/1968 2369/2109/2226
f 2367/2108/2224 2109/1925/1966 2110/2106/1967 2368/1938/2225
f 2124/1923/1981 1943/2111/1800 2109/1925/1966 2367/2108/2224
f 2125/2111/1982 2124/1923/1981 2367/2108/2224 2364/1925/2221
f 2126/1923/1983 2125/2111/1982 2364/1925/2221 2361/2105/2218
f 2370/2112/2227 2373/2115/2230 2374/2114/2231 2371/2113/2228
f 2371/2113/2228 2374/2114/2231 2375/2117/2232 2372/2116/2229
f 2373/2115/2230 2376/2119/2233 2377/2118/2234 2374/2114/2231
f 2374/2114/2231 2377/2118/2234 2378/2120/2235 2375/2117/2232
f 1936/2043/1793 2079/2122/1936 2370/2112/2227 2028/2121/1885
f 2028/2121/1885 2370/2112/2227 2371/2113/2228 2029/2123/1886
f 2029/2123/1886 2371/2113/2228 2372/2116/2229 2030/2124/1887
f 2030/2124/1887 2372/2116/2229 2043/2126/1900 1917/2125/1774
f 2372/2116/2229 2375/2117/2232 2044/2127/1901 2043/2126/1900
f 2375/2117/2232 2378/2120/2235 2045/2128/1902 2044/2127/1901
f 2378/2120/2235 1976/2130/1833 1927/2129/1784 2045/2128/1902
f 2377/2118/2234 1975/2131/1832 1976/2130/1833 2378/2120/2235
f 2376/2119/2233 1974/2132/1831 1975/2131/1832 2377/2118/2234
f 2081/2133/1938 1931/2134/1788 1974/2132/1831 2376/2119/2233
f 2080/2135/1937 2081/2133/1938 2376/2119/2233 2373/2115/2230
f 2079/2122/1936 2080/2135/1937 2373/2115/2230 2370/2112/2227
f 2379/2136/2236 2382/2139/2239 2383/2138/2240 2380/2137/2237
f 2380/2137/2237 2383/2138/2240 2384/2141/2241 2381/2140/2238
f 2382/2139/2239 2385/2143/2242 2386/2142/2243 2383/2138/2240
f 2383/2138/2240 2386/2142/2243 2387/2144/2244 2384/2141/2241
f 1917/2125/1774 2043/2126/1900 2379/2136/2236 2031/2145/1888
f 2031/2145/1888 2379/2136/2236 2380/2137/2237 2032/2146/1889
f 2032/2146/1889 2380/2137/2237 2381/2140/2238 2033/2147/1890
f 2033/2147/1890 2381/2140/2238 2046/2149/1903 1921/2148/1778
f 2381/2140/2238 2384/2141/2241 2047/2150/1904 2046/2149/1903
f 2384/2141/2241 2387/2144/2244 2048/2151/1905 2047/2150/1904
f 2387/2144/2244 1985/2152/1842 1928/1952/1785 2048/2151/1905
f 2386/2142/2243 1984/2153/1841 1985/2152/1842 2387/2144/2244
f 2385/2143/2242 1983/2154/1840 1984/2153/1841 2386/2142/2243
f 2045/2128/1902 1927/2129/1784 1983/2154/1840 2385/2143/2242
f 2044/2127/1901 2045/2128/1902 2385/2143/2242 2382/2139/2239
f 2043/2126/1900 2044/2127/1901 2382/2139/2239 2379/2136/2236
f 2388/2155/2245 2391/2158/2248 2392/2157/2249 2389/2156/2246
f 2389/2156/2246 2392/2157/2249 2393/2160/2250 2390/2159/2247
f 2391/2158/2248 2394/2162/2251 2395/2161/2252 2392/2157/2249
f 2392/2157/2249 2395/2161/2252 2396/2163/2253 2393/2160/2250
f 1937/2038/1794 2076/2164/1933 2388/2155/2245 2034/2040/1891
f 2034/2040/1891 2388/2155/2245 2389/2156/2246 2035/2053/1892
f 2035/2053/1892 2389/2156/2246 2390/2159/2247 2036/2051/1893
f 2036/2051/1893 2390/2159/2247 2049/2165/1906 1919/2052/1776
f 2390/2159/2247 2393/2160/2250 2050/2166/1907 2049/2165/1906
f 2393/2160/2250 2396/2163/2253 2051/2167/1908 2050/2166/1907
f 2396/2163/2253 1994/1976/1851 1929/1977/1786 2051/2167/1908
f 2395/2161/2252 1993/1975/1850 1994/1976/1851 2396/2163/2253
f 2394/2162/2251 1992/1974/1849 1993/1975/1850 2395/2161/2252
f 2078/2168/1935 1933/1973/1790 1992/1974/1849 2394/2162/2251
f 2077/2169/1934 2078/2168/1935 2394/2162/2251 2391/2158/2248
f 2076/2164/1933 2077/2169/1934 2391/2158/2248 2388/2155/2245
f 2397/2170/2254 2400/2173/2257 2401/2172/2258 2398/2171/2255
f 2398/2171/2255 2401/2172/2258 2402/2175/2259 2399/2174/2256
f 2400/2173/2257 2403/2177/2260 2404/2176/2261 2401/2172/2258
f 2401/2172/2258 2404/2176/2261 2405/2178/2262 2402/2175/2259
f 1919/2052/1776 2049/2165/1906 2397/2170/2254 2037/2050/1894
f 2037/2050/1894 2397/2170/2254 2398/2171/2255 2038/2049/1895
f 2038/2049/1895 2398/2171/2255 2399/2174/2256 2039/2048/1896
f 2039/2048/1896 2399/2174/2256 2042/2179/1899 1915/2047/1772
f 2399/2174/2256 2402/2175/2259 2041/2180/1898 2042/2179/1899
f 2402/2175/2259 2405/2178/2262 2040/2181/1897 2041/2180/1898
f 2405/2178/2262 2003/2183/1860 1926/2182/1783 2040/2181/1897
f 2404/2176/2261 2002/2184/1859 2003/2183/1860 2405/2178/2262
f 2403/2177/2260 2001/2185/1858 2002/2184/1859 2404/2176/2261
f 2051/2167/1908 1929/1977/1786 2001/2185/1858 2403/2177/2260
f 2050/2166/1907 2051/2167/1908 2403/2177/2260 2400/2173/2257
f 2049/2165/1906 2050/2166/1907 2400/2173/2257 2397/2170/2254
f 2406/2186/2263 2409/2189/2266 2410/2188/2267 2407/2187/2264
f 2407/2187/2264 2410/2188/2267 2411/2191/2268 2408/2190/2265
f 2409/2189/2266 2412/2193/2269 2413/2192/2270 2410/2188/2267
f 2410/2188/2267 2413/2192/2270 2414/2194/2271 2411/2191/2268
f 1921/2148/1778 2046/2149/1903 2406/2186/2263 2073/2195/1930
f 2073/2195/1930 2406/2186/2263 2407/2187/2264 2074/2196/1931
f 2074/2196/1931 2407/2187/2264 2408/2190/2265 2075/2197/1932
f 2075/2197/1932 2408/2190/2265 2076/2164/1933 1937/2038/1794
f 2408/2190/2265 2411/2191/2268 2077/2169/1934 2076/2164/1933
f 2411/2191/2268 2414/2194/2271 2078/2168/1935 2077/2169/1934
f 2414/2194/2271 2063/2198/1920 1933/1973/1790 2078/2168/1935
f 2413/2192/2270 2062/2199/1919 2063/2198/1920 2414/2194/2271
f 2412/2193/2269 2061/2200/1918 2062/2199/1919 2413/2192/2270
f 2048/2151/1905 1928/1952/1785 2061/2200/1918 2412/2193/2269
f 2047/2150/1904 2048/2151/1905 2412/2193/2269 2409/2189/2266
f 2046/2149/1903 2047/2150/1904 2409/2189/2266 2406/2186/2263
f 2415/2201/2272 2418/2204/2275 2419/2203/2276 2416/2202/2273
f 2416/2202/2273 2419/2203/2276 2420/2206/2277 2417/2205/2274
f 2418/2204/2275 2421/2208/2278 2422/2207/2279 2419/2203/2276
f 2419/2203/2276 2422/2207/2279 2423/2209/2280 2420/2206/2277
f 1915/2047/1772 2042/2179/1899 2415/2201/2272 2070/2046/1927
f 2070/2046/1927 2415/2201/2272 2416/2202/2273 2071/2045/1928
f 2071/2045/1928 2416/2202/2273 2417/2205/2274 2072/2044/1929
f 2072/2044/1929 2417/2205/2274 2079/2122/1936 1936/2043/1793
f 2417/2205/2274 2420/2206/2277 2080/2135/1937 2079/2122/1936
f 2420/2206/2277 2423/2209/2280 2081/2133/1938 2080/2135/1937
f 2423/2209/2280 2057/2210/1914 1931/2134/1788 2081/2133/1938
f 2422/2207/2279 2056/2211/1913 2057/2210/1914 2423/2209/2280
f 2421/2208/2278 2055/2212/1912 2056/2211/1913 2422/2207/2279
f 2040/2181/1897 1926/2182/1783 2055/2212/1912 2421/2208/2278
f 2041/2180/1898 2040/2181/1897 2421/2208/2278 2418/2204/2275
f 2042/2179/1899 2041/2180/1898 2418/2204/2275 2415/2201/2272
f 2424/2213/2281 2427/2215/2284 2428/2214/2285 2425/2214/2282
f 2425/2214/2282 2428/2214/2285 2429/2216/2286 2426/2216/2283
f 2427/2215/2284 2430/2215/2287 2431/2214/2288 2428/2214/2285
f 2428/2214/2285 2431/2214/2288 2432/2217/2289 2429/2216/2286
f 1914/2071/1771 2120/2218/1977 2424/2213/2281 2004/2069/1861
f 2004/2069/1861 2424/2213/2281 2425/2214/2282 2005/2068/1862
f 2005/2068/1862 2425/2214/2282 2426/2216/2283 2006/2067/1863
f 2006/2067/1863 2426/2216/2283 2082/2219/1939 1922/2002/1779
f 2426/2216/2283 2429/2216/2286 2083/2219/1940 2082/2219/1939
f 2429/2216/2286 2432/2217/2289 2084/2219/1941 2083/2219/1940
f 2432/2217/2289 2108/2217/1965 1942/2002/1799 2084/2219/1941
f 2431/2214/2288 2107/2214/1964 2108/2217/1965 2432/2217/2289
f 2430/2215/2287 2106/2215/1963 2107/2214/1964 2431/2214/2288
f 2118/2218/1975 1939/2220/1796 2106/2215/1963 2430/2215/2287
f 2119/2218/1976 2118/2218/1975 2430/2215/2287 2427/2215/2284
f 2120/2218/1977 2119/2218/1976 2427/2215/2284 2424/2213/2281
f 2433/2221/2290 2436/2224/2293 2437/2223/2294 2434/2222/2291
f 2434/2222/2291 2437/2223/2294 2438/2226/2295 2435/2225/2292
f 2436/2224/2293 2439/2228/2296 2440/2227/2297 2437/2223/2294
f 2437/2223/2294 2440/2227/2297 2441/2229/2298 2438/2226/2295
f 1920/2103/1777 1991/2230/1848 2433/2221/2290 1988/2101/1845
f 1988/2101/1845 2433/2221/2290 2434/2222/2291 1987/2100/1844
f 1987/2100/1844 2434/2222/2291 2435/2225/2292 1986/2099/1843
f 1986/2099/1843 2435/2225/2292 2064/2231/1921 1924/1957/1781
f 2435/2225/2292 2438/2226/2295 2065/2232/1922 2064/2231/1921
f 2438/2226/2295 2441/2229/2298 2066/2233/1923 2065/2232/1922
f 2441/2229/2298 2085/2084/1942 1934/1968/1791 2066/2233/1923
f 2440/2227/2297 2086/2083/1943 2085/2084/1942 2441/2229/2298
f 2439/2228/2296 2087/2082/1944 2086/2083/1943 2440/2227/2297
f 1989/2234/1846 1932/2018/1789 2087/2082/1944 2439/2228/2296
f 1990/2235/1847 1989/2234/1846 2439/2228/2296 2436/2224/2293
f 1991/2230/1848 1990/2235/1847 2436/2224/2293 2433/2221/2290
f 2442/2236/2299 2445/2239/2302 2446/2238/2303 2443/2237/2300
f 2443/2237/2300 2446/2238/2303 2447/2241/2304 2444/2240/2301
f 2445/2239/2302 2448/2243/2305 2449/2242/2306 2446/2238/2303
f 2446/2238/2303 2449/2242/2306 2450/2244/2307 2447/2241/2304
f 1921/2148/1778 2073/2195/1930 2442/2236/2299 2033/2147/1890
f 2033/2147/1890 2442/2236/2299 2443/2237/2300 2032/2146/1889
f 2032/2146/1889 2443/2237/2300 2444/2240/2301 2031/2145/1888
f 2031/2145/1888 2444/2240/2301 2030/2124/1887 1917/2125/1774
f 2444/2240/2301 2447/2241/2304 2029/2123/1886 2030/2124/1887
f 2447/2241/2304 2450/2244/2307 2028/2121/1885 2029/2123/1886
f 2450/2244/2307 2088/2042/1945 1936/2043/1793 2028/2121/1885
f 2449/2242/2306 2089/2041/1946 2088/2042/1945 2450/2244/2307
f 2448/2243/2305 2090/2039/1947 2089/2041/1946 2449/2242/2306
f 2075/2197/1932 1937/2038/1794 2090/2039/1947 2448/2243/2305
f 2074/2196/1931 2075/2197/1932 2448/2243/2305 2445/2239/2302
f 2073/2195/1930 2074/2196/1931 2445/2239/2302 2442/2236/2299
f 2451/2245/2308 2454/2248/2311 2455/2247/2312 2452/2246/2309
f 2452/2246/2309 2455/2247/2312 2456/2250/2313 2453/2249/2310
f 2454/2248/2311 2457/2252/2314 2458/2251/2315 2455/2247/2312
f 2455/2247/2312 2458/2251/2315 2459/2253/2316 2456/2250/2313
f 1916/2254/1773 2052/2256/1909 2451/2245/2308 1982/2255/1839
f 1982/2255/1839 2451/2245/2308 2452/2246/2309 1981/2257/1838
f 1981/2257/1838 2452/2246/2309 2453/2249/2310 1980/2258/1837
f 1980/2258/1837 2453/2249/2310 1991/2230/1848 1920/2103/1777
f 2453/2249/2310 2456/2250/2313 1990/2235/1847 1991/2230/1848
f 2456/2250/2313 2459/2253/2316 1989/2234/1846 1990/2235/1847
f 2459/2253/2316 2091/2017/1948 1932/2018/1789 1989/2234/1846
f 2458/2251/2315 2092/2016/1949 2091/2017/1948 2459/2253/2316
f 2457/2252/2314 2093/2014/1950 2092/2016/1949 2458/2251/2315
f 2054/2259/1911 1930/2013/1787 2093/2014/1950 2457/2252/2314
f 2053/2260/1910 2054/2259/1911 2457/2252/2314 2454/2248/2311
f 2052/2256/1909 2053/2260/1910 2454/2248/2311 2451/2245/2308
f 2460/2261/2317 2463/2264/2320 2464/2263/2321 2461/2262/2318
f 2461/2262/2318 2464/2263/2321 2465/2266/2322 2462/2265/2319
f 2463/2264/2320 2466/2268/2323 2467/2267/2324 2464/2263/2321
f 2464/2263/2321 2467/2267/2324 2468/2269/2325 2465/2266/2322
f 1924/1957/1781 2064/2231/1921 2460/2261/2317 2012/1955/1869
f 2012/1955/1869 2460/2261/2317 2461/2262/2318 2011/1954/1868
f 2011/1954/1868 2461/2262/2318 2462/2265/2319 2010/1953/1867
f 2010/1953/1867 2462/2265/2319 2061/2200/1918 1928/1952/1785
f 2462/2265/2319 2465/2266/2322 2062/2199/1919 2061/2200/1918
f 2465/2266/2322 2468/2269/2325 2063/2198/1920 2062/2199/1919
f 2468/2269/2325 2094/1972/1951 1933/1973/1790 2063/2198/1920
f 2467/2267/2324 2095/1971/1952 2094/1972/1951 2468/2269/2325
f 2466/2268/2323 2096/1969/1953 2095/1971/1952 2467/2267/2324
f 2066/2233/1923 1934/1968/1791 2096/1969/1953 2466/2268/2323
f 2065/2232/1922 2066/2233/1923 2466/2268/2323 2463/2264/2320
f 2064/2231/1921 2065/2232/1922 2463/2264/2320 2460/2261/2317
f 2469/2270/2326 2472/2273/2329 2473/2272/2330 2470/2271/2327
f 2470/2271/2327 2473/2272/2330 2474/2275/2331 2471/2274/2328
f 2472/2273/2329 2475/2277/2332 2476/2276/2333 2473/2272/2330
f 2473/2272/2330 2476/2276/2333 2477/2278/2334 2474/2275/2331
f 1922/2279/1779 2067/2281/1924 2469/2270/2326 1971/2280/1828
f 1971/2280/1828 2469/2270/2326 2470/2271/2327 1972/2282/1829
f 1972/2282/1829 2470/2271/2327 2471/2274/2328 1973/2283/1830
f 1973/2283/1830 2471/2274/2328 2055/2285/1912 1926/2284/1783
f 2471/2274/2328 2474/2275/2331 2056/2286/1913 2055/2285/1912
f 2474/2275/2331 2477/2278/2334 2057/2287/1914 2056/2286/1913
f 2477/2278/2334 2097/1927/1954 1931/1928/1788 2057/2287/1914
f 2476/2276/2333 2098/1926/1955 2097/1927/1954 2477/2278/2334
f 2475/2277/2332 2099/1924/1956 2098/1926/1955 2476/2276/2333
f 2069/2288/1926 1935/1923/1792 2099/1924/1956 2475/2277/2332
f 2068/2289/1925 2069/2288/1926 2475/2277/2332 2472/2273/2329
f 2067/2281/1924 2068/2289/1925 2472/2273/2329 2469/2270/2326
f 2478/2290/2335 2481/2293/2338 2482/2292/2339 2479/2291/2336
f 2479/2291/2336 2482/2292/2339 2483/2295/2340 2480/2294/2337
f 2481/2293/2338 2484/2293/2341 2485/2296/2342 2482/2292/2339
f 2482/2292/2339 2485/2296/2342 2486/2297/2343 2483/2295/2340
f 1916/2254/1773 2132/2254/1989 2478/2290/2335 2052/2256/1909
f 2052/2256/1909 2478/2290/2335 2479/2291/2336 2053/2260/1910
f 2053/2260/1910 2479/2291/2336 2480/2294/2337 2054/2259/1911
f 2054/2259/1911 2480/2294/2337 2127/2298/1984 1930/2013/1787
f 2480/2294/2337 2483/2295/2340 2128/2013/1985 2127/2298/1984
f 2483/2295/2340 2486/2297/2343 2129/2298/1986 2128/2013/1985
f 2486/2297/2343 2114/2295/1971 1938/2013/1795 2129/2298/1986
f 2485/2296/2342 2113/2292/1970 2114/2295/1971 2486/2297/2343
f 2484/2293/2341 2112/2293/1969 2113/2292/1970 2485/2296/2342
f 2130/2254/1987 1941/2299/1798 2112/2293/1969 2484/2293/2341
f 2131/2254/1988 2130/2254/1987 2484/2293/2341 2481/2293/2338
f 2132/2254/1989 2131/2254/1988 2481/2293/2338 2478/2290/2335
f 2487/2300/2344 2490/2300/2347 2491/2301/2348 2488/2289/2345
f 2488/2289/2345 2491/2301/2348 2492/2288/2349 2489/2288/2346
f 2490/2300/2347 2493/2300/2350 2494/2289/2351 2491/2301/2348
f 2491/2301/2348 2494/2289/2351 2495/2288/2352 2492/2288/2349
f 1922/2279/1779 2082/2279/1939 2487/2300/2344 2067/2281/1924
f 2067/2281/1924 2487/2300/2344 2488/2289/2345 2068/2289/1925
f 2068/2289/1925 2488/2289/2345 2489/2288/2346 2069/2288/1926
f 2069/2288/1926 2489/2288/2346 2126/1923/1983 1935/1923/1792
f 2489/2288/2346 2492/2288/2349 2125/2111/1982 2126/1923/1983
f 2492/2288/2349 2495/2288/2352 2124/1923/1981 2125/2111/1982
f 2495/2288/2352 2117/2288/1974 1943/2111/1800 2124/1923/1981
f 2494/2289/2351 2116/2301/1973 2117/2288/1974 2495/2288/2352
f 2493/2300/2350 2115/2300/1972 2116/2301/1973 2494/2289/2351
f 2084/2279/1941 1942/2302/1799 2115/2300/1972 2493/2300/2350
f 2083/2279/1940 2084/2279/1941 2493/2300/2350 2490/2300/2347
f 2082/2279/1939 2083/2279/1940 2490/2300/2347 2487/2300/2344
f 2496/2303/2353 2499/2305/2356 2500/2304/2357 2497/2028/2354
f 2497/2028/2354 2500/2304/2357 2501/2306/2358 2498/2026/2355
f 2499/2305/2356 2502/2307/2359 2503/2304/2360 2500/2304/2357
f 2500/2304/2357 2503/2304/2360 2504/2308/2361 2501/2306/2358
f 1930/2013/1787 2127/2298/1984 2496/2303/2353 1968/2015/1825
f 1968/2015/1825 2496/2303/2353 2497/2028/2354 1969/2028/1826
f 1969/2028/1826 2497/2028/2354 2498/2026/2355 1970/2026/1827
f 1970/2026/1827 2498/2026/2355 2120/2309/1977 1914/2027/1771
f 2498/2026/2355 2501/2306/2358 2119/2309/1976 2120/2309/1977
f 2501/2306/2358 2504/2308/2361 2118/2309/1975 2119/2309/1976
f 2504/2308/2361 2102/2308/1959 1939/2310/1796 2118/2309/1975
f 2503/2304/2360 2101/2304/1958 2102/2308/1959 2504/2308/2361
f 2502/2307/2359 2100/2311/1957 2101/2304/1958 2503/2304/2360
f 2129/2298/1986 1938/2013/1795 2100/2311/1957 2502/2307/2359
f 2128/2013/1985 2129/2298/1986 2502/2307/2359 2499/2305/2356
f 2127/2298/1984 2128/2013/1985 2499/2305/2356 2496/2303/2353
f 2505/2312/2362 2508/2314/2365 2509/2313/2366 2506/2313/2363
f 2506/2313/2363 2509/2313/2366 2510/2316/2367 2507/2315/2364
f 2508/2314/2365 2511/2312/2368 2512/2313/2369 2509/2313/2366
f 2509/2313/2366 2512/2313/2369 2513/2317/2370 2510/2316/2367
f 1923/1937/1780 2121/2110/1978 2505/2312/2362 1977/2098/1834
f 1977/2098/1834 2505/2312/2362 2506/2313/2363 1978/2097/1835
f 1978/2097/1835 2506/2313/2363 2507/2315/2364 1979/2095/1836
f 1979/2095/1836 2507/2315/2364 2132/2318/1989 1916/2094/1773
f 2507/2315/2364 2510/2316/2367 2131/2318/1988 2132/2318/1989
f 2510/2316/2367 2513/2317/2370 2130/2318/1987 2131/2318/1988
f 2513/2317/2370 2105/2317/1962 1941/2319/1798 2130/2318/1987
f 2512/2313/2369 2104/2313/1961 2105/2317/1962 2513/2317/2370
f 2511/2312/2368 2103/2314/1960 2104/2313/1961 2512/2313/2369
f 2123/1937/1980 1940/2110/1797 2103/2314/1960 2511/2312/2368
f 2122/2110/1979 2123/1937/1980 2511/2312/2368 2508/2314/2365
f 2121/2110/1978 2122/2110/1979 2508/2314/2365 2505/2312/2362
f 2514/2320/2371 2517/2323/2374 2518/2322/2375 2515/2321/2372
f 2515/2321/2372 2518/2322/2375 2519/2325/2376 2516/2324/2373
f 2517/2323/2374 2520/2327/2377 2521/2326/2378 2518/2322/2375
f 2518/2322/2375 2521/2326/2378 2522/2328/2379 2519/2325/2376
f 1965/2329/1822 2264/2331/2121 2514/2320/2371 2190/2330/2047
f 2190/2330/2047 2514/2320/2371 2515/2321/2372 2191/2332/2048
f 2191/2332/2048 2515/2321/2372 2516/2324/2373 2192/2333/2049
f 2192/2333/2049 2516/2324/2373 2174/2335/2031 1953/2334/1810
f 2516/2324/2373 2519/2325/2376 2173/2336/2030 2174/2335/2031
f 2519/2325/2376 2522/2328/2379 2172/2337/2029 2173/2336/2030
f 2522/2328/2379 2141/1931/1998 1957/1932/1814 2172/2337/2029
f 2521/2326/2378 2140/1930/1997 2141/1931/1998 2522/2328/2379
f 2520/2327/2377 2139/1929/1996 2140/1930/1997 2521/2326/2378
f 2262/2338/2119 1961/1928/1818 2139/1929/1996 2520/2327/2377
f 2263/2339/2120 2262/2338/2119 2520/2327/2377 2517/2323/2374
f 2264/2331/2121 2263/2339/2120 2517/2323/2374 2514/2320/2371
f 2523/2340/2380 2526/2343/2383 2527/2342/2384 2524/2341/2381
f 2524/2341/2381 2527/2342/2384 2528/2345/2385 2525/2344/2382
f 2526/2343/2383 2529/2347/2386 2530/2346/2387 2527/2342/2384
f 2527/2342/2384 2530/2346/2387 2531/2348/2388 2528/2345/2385
f 1953/2334/1810 2174/2335/2031 2523/2340/2380 2187/2349/2044
f 2187/2349/2044 2523/2340/2380 2524/2341/2381 2188/2350/2045
f 2188/2350/2045 2524/2341/2381 2525/2344/2382 2189/2351/2046
f 2189/2351/2046 2525/2344/2382 2177/2352/2034 1954/1957/1811
f 2525/2344/2382 2528/2345/2385 2176/2353/2033 2177/2352/2034
f 2528/2345/2385 2531/2348/2388 2175/2354/2032 2176/2353/2033
f 2531/2348/2388 2150/1951/2007 1958/1952/1815 2175/2354/2032
f 2530/2346/2387 2149/1950/2006 2150/1951/2007 2531/2348/2388
f 2529/2347/2386 2148/1949/2005 2149/1950/2006 2530/2346/2387
f 2172/2337/2029 1957/1932/1814 2148/1949/2005 2529/2347/2386
f 2173/2336/2030 2172/2337/2029 2529/2347/2386 2526/2343/2383
f 2174/2335/2031 2173/2336/2030 2526/2343/2383 2523/2340/2380
f 2532/2355/2389 2535/2358/2392 2536/2357/2393 2533/2356/2390
f 2533/2356/2390 2536/2357/2393 2537/2360/2394 2534/2359/2391
f 2535/2358/2392 2538/2362/2395 2539/2361/2396 2536/2357/2393
f 2536/2357/2393 2539/2361/2396 2540/1967/2397 2537/2360/2394
f 1964/1968/1821 2261/2364/2118 2532/2355/2389 2184/2363/2041
f 2184/2363/2041 2532/2355/2389 2533/2356/2390 2185/1983/2042
f 2185/1983/2042 2533/2356/2390 2534/2359/2391 2186/2365/2043
f 2186/2365/2043 2534/2359/2391 2180/2366/2037 1955/1982/1812
f 2534/2359/2391 2537/2360/2394 2179/2367/2036 2180/2366/2037
f 2537/2360/2394 2540/1967/2397 2178/1978/2035 2179/2367/2036
f 2540/1967/2397 2159/1976/2016 1959/1977/1816 2178/1978/2035
f 2539/2361/2396 2158/2368/2015 2159/1976/2016 2540/1967/2397
f 2538/2362/2395 2157/1974/2014 2158/2368/2015 2539/2361/2396
f 2259/2369/2116 1963/2370/1820 2157/1974/2014 2538/2362/2395
f 2260/2371/2117 2259/2369/2116 2538/2362/2395 2535/2358/2392
f 2261/2364/2118 2260/2371/2117 2535/2358/2392 2532/2355/2389
f 2541/1984/2398 2544/1985/2401 2545/2372/2402 2542/1987/2399
f 2542/1987/2399 2545/2372/2402 2546/2374/2403 2543/2373/2400
f 2544/1985/2401 2547/2376/2404 2548/2375/2405 2545/2372/2402
f 2545/2372/2402 2548/2375/2405 2549/2377/2406 2546/2374/2403
f 1955/1982/1812 2180/2366/2037 2541/1984/2398 2181/2378/2038
f 2181/2378/2038 2541/1984/2398 2542/1987/2399 2182/2379/2039
f 2182/2379/2039 2542/1987/2399 2543/2373/2400 2183/2380/2040
f 2183/2380/2040 2543/2373/2400 2136/2000/1993 1952/2002/1809
f 2543/2373/2400 2546/2374/2403 2137/1999/1994 2136/2000/1993
f 2546/2374/2403 2549/2377/2406 2138/1998/1995 2137/1999/1994
f 2549/2377/2406 2168/1996/2025 1956/1997/1813 2138/1998/1995
f 2548/2375/2405 2167/1995/2024 2168/1996/2025 2549/2377/2406
f 2547/2376/2404 2166/1994/2023 2167/1995/2024 2548/2375/2405
f 2178/1978/2035 1959/1977/1816 2166/1994/2023 2547/2376/2404
f 2179/2367/2036 2178/1978/2035 2547/2376/2404 2544/1985/2401
f 2180/2366/2037 2179/2367/2036 2544/1985/2401 2541/1984/2398
f 2550/2381/2407 2553/2384/2410 2554/2383/2411 2551/2382/2408
f 2551/2382/2408 2554/2383/2411 2555/2386/2412 2552/2385/2409
f 2553/2384/2410 2556/2388/2413 2557/2387/2414 2554/2383/2411
f 2554/2383/2411 2557/2387/2414 2558/2389/2415 2555/2386/2412
f 1960/2390/1817 2258/2391/2115 2550/2381/2407 2133/2303/1990
f 2133/2303/1990 2550/2381/2407 2551/2382/2408 2134/2028/1991
f 2134/2028/1991 2551/2382/2408 2552/2385/2409 2135/2026/1992
f 2135/2026/1992 2552/2385/2409 2163/2025/2020 1944/2027/1801
f 2552/2385/2409 2555/2386/2412 2164/2024/2021 2163/2025/2020
f 2555/2386/2412 2558/2389/2415 2165/2023/2022 2164/2024/2021
f 2558/2389/2415 2223/2392/2080 1948/2022/1805 2165/2023/2022
f 2557/2387/2414 2224/2020/2081 2223/2392/2080 2558/2389/2415
f 2556/2388/2413 2225/2393/2082 2224/2020/2081 2557/2387/2414
f 2256/2394/2113 1962/2018/1819 2225/2393/2082 2556/2388/2413
f 2257/2395/2114 2256/2394/2113 2556/2388/2413 2553/2384/2410
f 2258/2391/2115 2257/2395/2114 2553/2384/2410 2550/2381/2407
f 2559/2396/2416 2562/2399/2419 2563/2398/2420 2560/2397/2417
f 2560/2397/2417 2563/2398/2420 2564/2401/2421 2561/2400/2418
f 2562/2399/2419 2565/2402/2422 2566/2034/2423 2563/2398/2420
f 2563/2398/2420 2566/2034/2423 2567/2403/2424 2564/2401/2421
f 1967/2038/1824 2255/2405/2112 2559/2396/2416 2199/2404/2056
f 2199/2404/2056 2559/2396/2416 2560/2397/2417 2200/2406/2057
f 2200/2406/2057 2560/2397/2417 2561/2400/2418 2201/2407/2058
f 2201/2407/2058 2561/2400/2418 2202/2409/2059 1949/2408/1806
f 2561/2400/2418 2564/2401/2421 2203/2049/2060 2202/2409/2059
f 2564/2401/2421 2567/2403/2424 2204/2048/2061 2203/2049/2060
f 2567/2403/2424 2235/2046/2092 1945/2047/1802 2204/2048/2061
f 2566/2034/2423 2236/2045/2093 2235/2046/2092 2567/2403/2424
f 2565/2402/2422 2237/2044/2094 2236/2045/2093 2566/2034/2423
f 2253/2042/2110 1966/2043/1823 2237/2044/2094 2565/2402/2422
f 2254/2410/2111 2253/2042/2110 2565/2402/2422 2562/2399/2419
f 2255/2405/2112 2254/2410/2111 2562/2399/2419 2559/2396/2416
f 2568/2054/2425 2571/2412/2428 2572/2056/2429 2569/2411/2426
f 2569/2411/2426 2572/2056/2429 2573/2060/2430 2570/2413/2427
f 2571/2412/2428 2574/2415/2431 2575/2414/2432 2572/2056/2429
f 2572/2056/2429 2575/2414/2432 2576/2062/2433 2573/2060/2430
f 1948/2022/1805 2162/2063/2019 2568/2054/2425 2165/2064/2022
f 2165/2064/2022 2568/2054/2425 2569/2411/2426 2164/2072/2021
f 2164/2072/2021 2569/2411/2426 2570/2413/2427 2163/2070/2020
f 2163/2070/2020 2570/2413/2427 2169/2069/2026 1944/2071/1801
f 2570/2413/2427 2573/2060/2430 2170/2068/2027 2169/2069/2026
f 2573/2060/2430 2576/2062/2433 2171/2067/2028 2170/2068/2027
f 2576/2062/2433 2183/2380/2040 1952/2002/1809 2171/2067/2028
f 2575/2414/2432 2182/2379/2039 2183/2380/2040 2576/2062/2433
f 2574/2415/2431 2181/2378/2038 2182/2379/2039 2575/2414/2432
f 2160/2416/2017 1955/1982/1812 2181/2378/2038 2574/2415/2431
f 2161/2417/2018 2160/2416/2017 2574/2415/2431 2571/2412/2428
f 2162/2063/2019 2161/2417/2018 2571/2412/2428 2568/2054/2425
f 2577/2073/2434 2580/2419/2437 2581/2075/2438 2578/2418/2435
f 2578/2418/2435 2581/2075/2438 2582/2421/2439 2579/2420/2436
f 2580/2419/2437 2583/2077/2440 2584/2422/2441 2581/2075/2438
f 2581/2075/2438 2584/2422/2441 2585/2423/2442 2582/2421/2439
f 1962/2018/1819 2252/2424/2109 2577/2073/2434 2225/2393/2082
f 2225/2393/2082 2577/2073/2434 2578/2418/2435 2224/2020/2081
f 2224/2020/2081 2578/2418/2435 2579/2420/2436 2223/2392/2080
f 2223/2392/2080 2579/2420/2436 2162/2063/2019 1948/2022/1805
f 2579/2420/2436 2582/2421/2439 2161/2417/2018 2162/2063/2019
f 2582/2421/2439 2585/2423/2442 2160/2416/2017 2161/2417/2018
f 2585/2423/2442 2186/2365/2043 1955/1982/1812 2160/2416/2017
f 2584/2422/2441 2185/1983/2042 2186/2365/2043 2585/2423/2442
f 2583/2077/2440 2184/2363/2041 2185/1983/2042 2584/2422/2441
f 2250/2425/2107 1964/1968/1821 2184/2363/2041 2583/2077/2440
f 2251/2426/2108 2250/2425/2107 2583/2077/2440 2580/2419/2437
f 2252/2424/2109 2251/2426/2108 2580/2419/2437 2577/2073/2434
f 2586/2427/2443 2589/2430/2446 2590/2429/2447 2587/2428/2444
f 2587/2428/2444 2590/2429/2447 2591/2432/2448 2588/2431/2445
f 2589/2430/2446 2592/2434/2449 2593/2433/2450 2590/2429/2447
f 2590/2429/2447 2593/2433/2450 2594/2435/2451 2591/2432/2448
f 1946/2094/1803 2144/2436/2001 2586/2427/2443 2147/2096/2004
f 2147/2096/2004 2586/2427/2443 2587/2428/2444 2146/2104/2003
f 2146/2104/2003 2587/2428/2444 2588/2431/2445 2145/2102/2002
f 2145/2102/2002 2588/2431/2445 2153/2437/2010 1950/2103/1807
f 2588/2431/2445 2591/2432/2448 2152/2438/2009 2153/2437/2010
f 2591/2432/2448 2594/2435/2451 2151/2099/2008 2152/2438/2009
f 2594/2435/2451 2189/2351/2046 1954/1957/1811 2151/2099/2008
f 2593/2433/2450 2188/2350/2045 2189/2351/2046 2594/2435/2451
f 2592/2434/2449 2187/2349/2044 2188/2350/2045 2593/2433/2450
f 2142/2439/1999 1953/2334/1810 2187/2349/2044 2592/2434/2449
f 2143/2440/2000 2142/2439/1999 2592/2434/2449 2589/2430/2446
f 2144/2436/2001 2143/2440/2000 2589/2430/2446 2586/2427/2443
f 2595/2441/2452 2598/2444/2455 2599/2443/2456 2596/2442/2453
f 2596/2442/2453 2599/2443/2456 2600/2446/2457 2597/2445/2454
f 2598/2444/2455 2601/2448/2458 2602/2447/2459 2599/2443/2456
f 2599/2443/2456 2602/2447/2459 2603/2449/2460 2600/2446/2457
f 1965/2329/1822 2190/2330/2047 2595/2441/2452 2273/2329/2130
f 2273/2329/2130 2595/2441/2452 2596/2442/2453 2272/2111/2129
f 2272/2111/2129 2596/2442/2453 2597/2445/2454 2271/1923/2128
f 2271/1923/2128 2597/2445/2454 2109/1925/1966 1943/2111/1800
f 2597/2445/2454 2600/2446/2457 2110/2106/1967 2109/1925/1966
f 2600/2446/2457 2603/2449/2460 2111/1936/1968 2110/2106/1967
f 2603/2449/2460 2270/2450/2127 1940/2110/1797 2111/1936/1968
f 2602/2447/2459 2269/2451/2126 2270/2450/2127 2603/2449/2460
f 2601/2448/2458 2268/2452/2125 2269/2451/2126 2602/2447/2459
f 2192/2333/2049 1953/2334/1810 2268/2452/2125 2601/2448/2458
f 2191/2332/2048 2192/2333/2049 2601/2448/2458 2598/2444/2455
f 2190/2330/2047 2191/2332/2048 2598/2444/2455 2595/2441/2452
f 2604/2453/2461 2607/2455/2464 2608/2454/2465 2605/2115/2462
f 2605/2115/2462 2608/2454/2465 2609/2457/2466 2606/2456/2463
f 2607/2455/2464 2610/2458/2467 2611/2117/2468 2608/2454/2465
f 2608/2454/2465 2611/2117/2468 2612/2459/2469 2609/2457/2466
f 1966/2043/1823 2193/2121/2050 2604/2453/2461 2244/2122/2101
f 2244/2122/2101 2604/2453/2461 2605/2115/2462 2245/2460/2102
f 2245/2460/2102 2605/2115/2462 2606/2456/2463 2246/2461/2103
f 2246/2461/2103 2606/2456/2463 2139/2132/1996 1961/2134/1818
f 2606/2456/2463 2609/2457/2466 2140/2131/1997 2139/2132/1996
f 2609/2457/2466 2612/2459/2469 2141/2130/1998 2140/2131/1997
f 2612/2459/2469 2210/2462/2067 1957/2129/1814 2141/2130/1998
f 2611/2117/2468 2209/2463/2066 2210/2462/2067 2612/2459/2469
f 2610/2458/2467 2208/2464/2065 2209/2463/2066 2611/2117/2468
f 2195/2465/2052 1947/2125/1804 2208/2464/2065 2610/2458/2467
f 2194/2466/2051 2195/2465/2052 2610/2458/2467 2607/2455/2464
f 2193/2121/2050 2194/2466/2051 2607/2455/2464 2604/2453/2461
f 2613/2467/2470 2616/2470/2473 2617/2469/2474 2614/2468/2471
f 2614/2468/2471 2617/2469/2474 2618/2472/2475 2615/2471/2472
f 2616/2470/2473 2619/2474/2476 2620/2473/2477 2617/2469/2474
f 2617/2469/2474 2620/2473/2477 2621/2144/2478 2618/2472/2475
f 1947/2125/1804 2196/2475/2053 2613/2467/2470 2208/2464/2065
f 2208/2464/2065 2613/2467/2470 2614/2468/2471 2209/2463/2066
f 2209/2463/2066 2614/2468/2471 2615/2471/2472 2210/2462/2067
f 2210/2462/2067 2615/2471/2472 2148/2154/2005 1957/2129/1814
f 2615/2471/2472 2618/2472/2475 2149/2153/2006 2148/2154/2005
f 2618/2472/2475 2621/2144/2478 2150/2152/2007 2149/2153/2006
f 2621/2144/2478 2213/2476/2070 1958/1952/1815 2150/2152/2007
f 2620/2473/2477 2212/2477/2069 2213/2476/2070 2621/2144/2478
f 2619/2474/2476 2211/2149/2068 2212/2477/2069 2620/2473/2477
f 2198/2147/2055 1951/2148/1808 2211/2149/2068 2619/2474/2476
f 2197/2478/2054 2198/2147/2055 2619/2474/2476 2616/2470/2473
f 2196/2475/2053 2197/2478/2054 2616/2470/2473 2613/2467/2470
f 2622/2479/2479 2625/2481/2482 2626/2480/2483 2623/2158/2480
f 2623/2158/2480 2626/2480/2483 2627/2161/2484 2624/2162/2481
f 2625/2481/2482 2628/2159/2485 2629/2482/2486 2626/2480/2483
f 2626/2480/2483 2629/2482/2486 2630/2483/2487 2627/2161/2484
f 1967/2038/1824 2199/2404/2056 2622/2479/2479 2241/2484/2098
f 2241/2484/2098 2622/2479/2479 2623/2158/2480 2242/2485/2099
f 2242/2485/2099 2623/2158/2480 2624/2162/2481 2243/2486/2100
f 2243/2486/2100 2624/2162/2481 2157/1974/2014 1963/2370/1820
f 2624/2162/2481 2627/2161/2484 2158/2368/2015 2157/1974/2014
f 2627/2161/2484 2630/2483/2487 2159/1976/2016 2158/2368/2015
f 2630/2483/2487 2216/2487/2073 1959/1977/1816 2159/1976/2016
f 2629/2482/2486 2215/2488/2072 2216/2487/2073 2630/2483/2487
f 2628/2159/2485 2214/2489/2071 2215/2488/2072 2629/2482/2486
f 2201/2407/2058 1949/2408/1806 2214/2489/2071 2628/2159/2485
f 2200/2406/2057 2201/2407/2058 2628/2159/2485 2625/2481/2482
f 2199/2404/2056 2200/2406/2057 2625/2481/2482 2622/2479/2479
f 2631/2490/2488 2634/2171/2491 2635/2492/2492 2632/2491/2489
f 2632/2491/2489 2635/2492/2492 2636/2494/2493 2633/2493/2490
f 2634/2171/2491 2637/2496/2494 2638/2495/2495 2635/2492/2492
f 2635/2492/2492 2638/2495/2495 2639/2497/2496 2636/2494/2493
f 1949/2408/1806 2202/2409/2059 2631/2490/2488 2214/2489/2071
f 2214/2489/2071 2631/2490/2488 2632/2491/2489 2215/2488/2072
f 2215/2488/2072 2632/2491/2489 2633/2493/2490 2216/2487/2073
f 2216/2487/2073 2633/2493/2490 2166/2185/2023 1959/1977/1816
f 2633/2493/2490 2636/2494/2493 2167/2184/2024 2166/2185/2023
f 2636/2494/2493 2639/2497/2496 2168/2183/2025 2167/2184/2024
f 2639/2497/2496 2205/2498/2062 1956/2182/1813 2168/2183/2025
f 2638/2495/2495 2206/2499/2063 2205/2498/2062 2639/2497/2496
f 2637/2496/2494 2207/2500/2064 2206/2499/2063 2638/2495/2495
f 2204/2048/2061 1945/2047/1802 2207/2500/2064 2637/2496/2494
f 2203/2049/2060 2204/2048/2061 2637/2496/2494 2634/2171/2491
f 2202/2409/2059 2203/2049/2060 2634/2171/2491 2631/2490/2488
f 2640/2501/2497 2643/2503/2500 2644/2502/2501 2641/2189/2498
f 2641/2189/2498 2644/2502/2501 2645/2504/2502 2642/2193/2499
f 2643/2503/2500 2646/2505/2503 2647/2191/2504 2644/2502/2501
f 2644/2502/2501 2647/2191/2504 2648/2506/2505 2645/2504/2502
f 1951/2148/1808 2238/2195/2095 2640/2501/2497 2211/2149/2068
f 2211/2149/2068 2640/2501/2497 2641/2189/2498 2212/2477/2069
f 2212/2477/2069 2641/2189/2498 2642/2193/2499 2213/2476/2070
f 2213/2476/2070 2642/2193/2499 2226/2507/2083 1958/1952/1815
f 2642/2193/2499 2645/2504/2502 2227/2199/2084 2226/2507/2083
f 2645/2504/2502 2648/2506/2505 2228/2508/2085 2227/2199/2084
f 2648/2506/2505 2243/2486/2100 1963/2370/1820 2228/2508/2085
f 2647/2191/2504 2242/2485/2099 2243/2486/2100 2648/2506/2505
f 2646/2505/2503 2241/2484/2098 2242/2485/2099 2647/2191/2504
f 2240/2509/2097 1967/2038/1824 2241/2484/2098 2646/2505/2503
f 2239/2510/2096 2240/2509/2097 2646/2505/2503 2643/2503/2500
f 2238/2195/2095 2239/2510/2096 2643/2503/2500 2640/2501/2497
f 2649/2201/2506 2652/2512/2509 2653/2203/2510 2650/2511/2507
f 2650/2511/2507 2653/2203/2510 2654/2514/2511 2651/2513/2508
f 2652/2512/2509 2655/2516/2512 2656/2515/2513 2653/2203/2510
f 2653/2203/2510 2656/2515/2513 2657/2209/2514 2654/2514/2511
f 1945/2047/1802 2235/2046/2092 2649/2201/2506 2207/2500/2064
f 2207/2500/2064 2649/2201/2506 2650/2511/2507 2206/2499/2063
f 2206/2499/2063 2650/2511/2507 2651/2513/2508 2205/2498/2062
f 2205/2498/2062 2651/2513/2508 2220/2212/2077 1956/2182/1813
f 2651/2513/2508 2654/2514/2511 2221/2211/2078 2220/2212/2077
f 2654/2514/2511 2657/2209/2514 2222/2210/2079 2221/2211/2078
f 2657/2209/2514 2246/2461/2103 1961/2134/1818 2222/2210/2079
f 2656/2515/2513 2245/2460/2102 2246/2461/2103 2657/2209/2514
f 2655/2516/2512 2244/2122/2101 2245/2460/2102 2656/2515/2513
f 2237/2044/2094 1966/2043/1823 2244/2122/2101 2655/2516/2512
f 2236/2045/2093 2237/2044/2094 2655/2516/2512 2652/2512/2509
f 2235/2046/2092 2236/2045/2093 2652/2512/2509 2649/2201/2506
f 2658/2213/2515 2661/2214/2518 2662/2214/2519 2659/2517/2516
f 2659/2517/2516 2662/2214/2519 2663/2214/2520 2660/2517/2517
f 2661/2214/2518 2664/2217/2521 2665/2217/2522 2662/2214/2519
f 2662/2214/2519 2665/2217/2522 2666/2217/2523 2663/2214/2520
f 1944/2071/1801 2169/2069/2026 2658/2213/2515 2267/2218/2124
f 2267/2218/2124 2658/2213/2515 2659/2517/2516 2266/2218/2123
f 2266/2218/2123 2659/2517/2516 2660/2517/2517 2265/2218/2122
f 2265/2218/2122 2660/2517/2517 2106/2215/1963 1939/2220/1796
f 2660/2517/2517 2663/2214/2520 2107/2214/1964 2106/2215/1963
f 2663/2214/2520 2666/2217/2523 2108/2217/1965 2107/2214/1964
f 2666/2217/2523 2249/2219/2106 1942/2002/1799 2108/2217/1965
f 2665/2217/2522 2248/2219/2105 2249/2219/2106 2666/2217/2523
f 2664/2217/2521 2247/2219/2104 2248/2219/2105 2665/2217/2522
f 2171/2067/2028 1952/2002/1809 2247/2219/2104 2664/2217/2521
f 2170/2068/2027 2171/2067/2028 2664/2217/2521 2661/2214/2518
f 2169/2069/2026 2170/2068/2027 2661/2214/2518 2658/2213/2515
f 2667/2221/2524 2670/2520/2527 2671/2519/2528 2668/2518/2525
f 2668/2518/2525 2671/2519/2528 2672/2521/2529 2669/2228/2526
f 2670/2520/2527 2673/2523/2530 2674/2522/2531 2671/2519/2528
f 2671/2519/2528 2674/2522/2531 2675/2524/2532 2672/2521/2529
f 1950/2103/1807 2153/2437/2010 2667/2221/2524 2156/2525/2013
f 2156/2525/2013 2667/2221/2524 2668/2518/2525 2155/2235/2012
f 2155/2235/2012 2668/2518/2525 2669/2228/2526 2154/2526/2011
f 2154/2526/2011 2669/2228/2526 2252/2424/2109 1962/2018/1819
f 2669/2228/2526 2672/2521/2529 2251/2426/2108 2252/2424/2109
f 2672/2521/2529 2675/2524/2532 2250/2425/2107 2251/2426/2108
f 2675/2524/2532 2231/2527/2088 1964/1968/1821 2250/2425/2107
f 2674/2522/2531 2230/2232/2087 2231/2527/2088 2675/2524/2532
f 2673/2523/2530 2229/2231/2086 2230/2232/2087 2674/2522/2531
f 2151/2099/2008 1954/1957/1811 2229/2231/2086 2673/2523/2530
f 2152/2438/2009 2151/2099/2008 2673/2523/2530 2670/2520/2527
f 2153/2437/2010 2152/2438/2009 2670/2520/2527 2667/2221/2524
f 2676/2528/2533 2679/2530/2536 2680/2238/2537 2677/2529/2534
f 2677/2529/2534 2680/2238/2537 2681/2532/2538 2678/2531/2535
f 2679/2530/2536 2682/2534/2539 2683/2533/2540 2680/2238/2537
f 2680/2238/2537 2683/2533/2540 2684/2535/2541 2681/2532/2538
f 1951/2148/1808 2198/2147/2055 2676/2528/2533 2238/2195/2095
f 2238/2195/2095 2676/2528/2533 2677/2529/2534 2239/2510/2096
f 2239/2510/2096 2677/2529/2534 2678/2531/2535 2240/2509/2097
f 2240/2509/2097 2678/2531/2535 2255/2405/2112 1967/2038/1824
f 2678/2531/2535 2681/2532/2538 2254/2410/2111 2255/2405/2112
f 2681/2532/2538 2684/2535/2541 2253/2042/2110 2254/2410/2111
f 2684/2535/2541 2193/2121/2050 1966/2043/1823 2253/2042/2110
f 2683/2533/2540 2194/2466/2051 2193/2121/2050 2684/2535/2541
f 2682/2534/2539 2195/2465/2052 2194/2466/2051 2683/2533/2540
f 2196/2475/2053 1947/2125/1804 2195/2465/2052 2682/2534/2539
f 2197/2478/2054 2196/2475/2053 2682/2534/2539 2679/2530/2536
f 2198/2147/2055 2197/2478/2054 2679/2530/2536 2676/2528/2533
f 2685/2536/2542 2688/2538/2545 2689/2247/2546 2686/2537/2543
f 2686/2537/2543 2689/2247/2546 2690/2540/2547 2687/2539/2544
f 2688/2538/2545 2691/2542/2548 2692/2541/2549 2689/2247/2546
f 2689/2247/2546 2692/2541/2549 2693/2543/2550 2690/2540/2547
f 1946/2254/1803 2147/2255/2004 2685/2536/2542 2217/2256/2074
f 2217/2256/2074 2685/2536/2542 2686/2537/2543 2218/2260/2075
f 2218/2260/2075 2686/2537/2543 2687/2539/2544 2219/2294/2076
f 2219/2294/2076 2687/2539/2544 2258/2391/2115 1960/2390/1817
f 2687/2539/2544 2690/2540/2547 2257/2395/2114 2258/2391/2115
f 2690/2540/2547 2693/2543/2550 2256/2394/2113 2257/2395/2114
f 2693/2543/2550 2154/2526/2011 1962/2018/1819 2256/2394/2113
f 2692/2541/2549 2155/2235/2012 2154/2526/2011 2693/2543/2550
f 2691/2542/2548 2156/2525/2013 2155/2235/2012 2692/2541/2549
f 2145/2258/2002 1950/2103/1807 2156/2525/2013 2691/2542/2548
f 2146/2257/2003 2145/2258/2002 2691/2542/2548 2688/2538/2545
f 2147/2255/2004 2146/2257/2003 2688/2538/2545 2685/2536/2542
f 2694/2261/2551 2697/2546/2554 2698/2545/2555 2695/2544/2552
f 2695/2544/2552 2698/2545/2555 2699/2548/2556 2696/2547/2553
f 2697/2546/2554 2700/2550/2557 2701/2549/2558 2698/2545/2555
f 2698/2545/2555 2701/2549/2558 2702/2551/2559 2699/2548/2556
f 1954/1957/1811 2177/2352/2034 2694/2261/2551 2229/2231/2086
f 2229/2231/2086 2694/2261/2551 2695/2544/2552 2230/2232/2087
f 2230/2232/2087 2695/2544/2552 2696/2547/2553 2231/2527/2088
f 2231/2527/2088 2696/2547/2553 2261/2364/2118 1964/1968/1821
f 2696/2547/2553 2699/2548/2556 2260/2371/2117 2261/2364/2118
f 2699/2548/2556 2702/2551/2559 2259/2369/2116 2260/2371/2117
f 2702/2551/2559 2228/2508/2085 1963/2370/1820 2259/2369/2116
f 2701/2549/2558 2227/2199/2084 2228/2508/2085 2702/2551/2559
f 2700/2550/2557 2226/2507/2083 2227/2199/2084 2701/2549/2558
f 2175/2354/2032 1958/1952/1815 2226/2507/2083 2700/2550/2557
f 2176/2353/2033 2175/2354/2032 2700/2550/2557 2697/2546/2554
f 2177/2352/2034 2176/2353/2033 2697/2546/2554 2694/2261/2551
f 2703/2552/2560 2706/2555/2563 2707/2554/2564 2704/2553/2561
f 2704/2553/2561 2707/2554/2564 2708/2557/2565 2705/2556/2562
f 2706/2555/2563 2709/2559/2566 2710/2558/2567 2707/2554/2564
f 2707/2554/2564 2710/2558/2567 2711/2560/2568 2708/2557/2565
f 1952/2279/1809 2136/2280/1993 2703/2552/2560 2232/2281/2089
f 2232/2281/2089 2703/2552/2560 2704/2553/2561 2233/2289/2090
f 2233/2289/2090 2704/2553/2561 2705/2556/2562 2234/2561/2091
f 2234/2561/2091 2705/2556/2562 2264/2331/2121 1965/2329/1822
f 2705/2556/2562 2708/2557/2565 2263/2339/2120 2264/2331/2121
f 2708/2557/2565 2711/2560/2568 2262/2338/2119 2263/2339/2120
f 2711/2560/2568 2222/2287/2079 1961/1928/1818 2262/2338/2119
f 2710/2558/2567 2221/2286/2078 2222/2287/2079 2711/2560/2568
f 2709/2559/2566 2220/2285/2077 2221/2286/2078 2710/2558/2567
f 2138/2283/1995 1956/2284/1813 2220/2285/2077 2709/2559/2566
f 2137/2282/1994 2138/2283/1995 2709/2559/2566 2706/2555/2563
f 2136/2280/1993 2137/2282/1994 2706/2555/2563 2703/2552/2560
f 2712/2290/2569 2715/2292/2572 2716/2562/2573 2713/2293/2570
f 2713/2293/2570 2716/2562/2573 2717/2260/2574 2714/2293/2571
f 2715/2292/2572 2718/2297/2575 2719/2297/2576 2716/2562/2573
f 2716/2562/2573 2719/2297/2576 2720/2294/2577 2717/2260/2574
f 1946/2254/1803 2217/2256/2074 2712/2290/2569 2279/2254/2136
f 2279/2254/2136 2712/2290/2569 2713/2293/2570 2278/2254/2135
f 2278/2254/2135 2713/2293/2570 2714/2293/2571 2277/2254/2134
f 2277/2254/2134 2714/2293/2571 2112/2293/1969 1941/2299/1798
f 2714/2293/2571 2717/2260/2574 2113/2292/1970 2112/2293/1969
f 2717/2260/2574 2720/2294/2577 2114/2295/1971 2113/2292/1970
f 2720/2294/2577 2276/2563/2133 1938/2013/1795 2114/2295/1971
f 2719/2297/2576 2275/2564/2132 2276/2563/2133 2720/2294/2577
f 2718/2297/2575 2274/2298/2131 2275/2564/2132 2719/2297/2576
f 2219/2294/2076 1960/2390/1817 2274/2298/2131 2718/2297/2575
f 2218/2260/2075 2219/2294/2076 2718/2297/2575 2715/2292/2572
f 2217/2256/2074 2218/2260/2075 2715/2292/2572 2712/2290/2569
f 2721/2565/2578 2724/2566/2581 2725/2566/2582 2722/2565/2579
f 2722/2565/2579 2725/2566/2582 2726/2567/2583 2723/2565/2580
f 2724/2566/2581 2727/2569/2584 2728/2568/2585 2725/2566/2582
f 2725/2566/2582 2728/2568/2585 2729/2288/2586 2726/2567/2583
f 1952/2279/1809 2232/2281/2089 2721/2565/2578 2247/2279/2104
f 2247/2279/2104 2721/2565/2578 2722/2565/2579 2248/2279/2105
f 2248/2279/2105 2722/2565/2579 2723/2565/2580 2249/2279/2106
f 2249/2279/2106 2723/2565/2580 2115/2300/1972 1942/2302/1799
f 2723/2565/2580 2726/2567/2583 2116/2301/1973 2115/2300/1972
f 2726/2567/2583 2729/2288/2586 2117/2288/1974 2116/2301/1973
f 2729/2288/2586 2271/1923/2128 1943/2111/1800 2117/2288/1974
f 2728/2568/2585 2272/2111/2129 2271/1923/2128 2729/2288/2586
f 2727/2569/2584 2273/2329/2130 2272/2111/2129 2728/2568/2585
f 2234/2561/2091 1965/2329/1822 2273/2329/2130 2727/2569/2584
f 2233/2289/2090 2234/2561/2091 2727/2569/2584 2724/2566/2581
f 2232/2281/2089 2233/2289/2090 2724/2566/2581 2721/2565/2578
f 2730/2303/2587 2733/2570/2590 2734/2304/2591 2731/2305/2588
f 2731/2305/2588 2734/2304/2591 2735/2304/2592 2732/2015/2589
f 2733/2570/2590 2736/2308/2593 2737/2308/2594 2734/2304/2591
f 2734/2304/2591 2737/2308/2594 2738/2308/2595 2735/2304/2592
f 1960/2390/1817 2133/2303/1990 2730/2303/2587 2274/2298/2131
f 2274/2298/2131 2730/2303/2587 2731/2305/2588 2275/2564/2132
f 2275/2564/2132 2731/2305/2588 2732/2015/2589 2276/2563/2133
f 2276/2563/2133 2732/2015/2589 2100/2311/1957 1938/2013/1795
f 2732/2015/2589 2735/2304/2592 2101/2304/1958 2100/2311/1957
f 2735/2304/2592 2738/2308/2595 2102/2308/1959 2101/2304/1958
f 2738/2308/2595 2265/2309/2122 1939/2310/1796 2102/2308/1959
f 2737/2308/2594 2266/2309/2123 2265/2309/2122 2738/2308/2595
f 2736/2308/2593 2267/2309/2124 2266/2309/2123 2737/2308/2594
f 2135/2026/1992 1944/2027/1801 2267/2309/2124 2736/2308/2593
f 2134/2028/1991 2135/2026/1992 2736/2308/2593 2733/2570/2590
f 2133/2303/1990 2134/2028/1991 2733/2570/2590 2730/2303/2587
f 2739/2571/2596 2742/2574/2599 2743/2573/2600 2740/2572/2597
f 2740/2572/2597 2743/2573/2600 2744/2576/2601 2741/2575/2598
f 2742/2574/2599 2745/2578/2602 2746/2577/2603 2743/2573/2600
f 2743/2573/2600 2746/2577/2603 2747/2579/2604 2744/2576/2601
f 1953/2334/1810 2142/2439/1999 2739/2571/2596 2268/2452/2125
f 2268/2452/2125 2739/2571/2596 2740/2572/2597 2269/2451/2126
f 2269/2451/2126 2740/2572/2597 2741/2575/2598 2270/2450/2127
f 2270/2450/2127 2741/2575/2598 2103/2314/1960 1940/2110/1797
f 2741/2575/2598 2744/2576/2601 2104/2313/1961 2103/2314/1960
f 2744/2576/2601 2747/2579/2604 2105/2317/1962 2104/2313/1961
f 2747/2579/2604 2277/2318/2134 1941/2319/1798 2105/2317/1962
f 2746/2577/2603 2278/2318/2135 2277/2318/2134 2747/2579/2604
f 2745/2578/2602 2279/2318/2136 2278/2318/2135 2746/2577/2603
f 2144/2436/2001 1946/2094/1803 2279/2318/2136 2745/2578/2602
f 2143/2440/2000 2144/2436/2001 2745/2578/2602 2742/2574/2599
f 2142/2439/1999 2143/2440/2000 2742/2574/2599 2739/2571/2596
o ベジエ円
v -0.514924 0.247652 -1.027655
v -0.493167 0.251950 -1.031842
v -0.481110 0.261400 -1.017914
v -0.489370 0.267335 -0.999390
v -0.511811 0.263083 -0.994762
v -0.520758 0.254381 -1.007469
v -0.500908 0.213153 -1.009272
v -0.480560 0.218852 -0.994524
v -0.511094 0.238914 -0.977321
v -0.528469 0.205857 -0.969641
v -0.499759 0.187888 -0.964998
v -0.527581 0.187121 -0.934984
v -0.490876 0.214593 -0.952597
v -0.504750 0.224442 -0.939331
v -0.557576 0.215820 -0.910328
v -0.533251 0.195575 -0.898354
v -0.512319 0.207385 -0.900949
v -0.528425 0.227317 -0.931566
v -0.530241 0.243455 -0.899168
v -0.575298 0.250634 -0.898845
v -0.580747 0.247339 -0.871531
v -0.560276 0.248039 -0.861710
v -0.603150 0.288038 -0.885325
v -0.549733 0.266570 -0.867678
v -0.555725 0.283186 -0.892907
v -0.564184 0.266684 -0.901481
v -0.596699 0.290897 -0.910333
v -0.595705 0.315927 -0.880735
v -0.576467 0.329284 -0.899076
v -0.571217 0.318328 -0.920706
v -0.584001 0.306113 -0.930321
v -0.604880 0.314254 -0.950072
v -0.617080 0.335147 -0.948470
v -0.599273 0.353083 -0.939556
v -0.578390 0.349654 -0.960183
v -0.572088 0.326695 -0.967266
v -0.585165 0.311617 -0.970862
v -0.600970 0.306759 -0.995547
v -0.609484 0.330194 -0.997783
v -0.591048 0.341412 -1.011082
v -0.562232 0.301671 -1.006278
v -0.560717 0.310839 -1.033971
v -0.580625 0.276531 -1.010314
v -0.587082 0.264626 -1.045456
v -0.556555 0.251398 -1.051880
v -0.551864 0.256209 -1.015729
v -0.576202 0.240619 -1.008183
v -0.572171 0.207653 -1.033621
v -0.540160 0.232619 -1.029166
v -0.582626 0.178248 -0.992825
v -0.550238 0.186927 -1.014170
v -0.576904 0.214812 -0.992188
v -0.543523 0.188497 -0.983601
v -0.552975 0.205031 -0.979287
v -0.566983 0.165138 -0.943344
v -0.585053 0.203758 -0.953255
v -0.601229 0.190722 -0.944517
v -0.602577 0.182539 -0.900170
v -0.595525 0.216585 -0.924979
v -0.600322 0.168546 -0.933960
v -0.571530 0.191635 -0.913007
v -0.635969 0.228084 -0.911333
v -0.641161 0.224334 -0.884024
v -0.625418 0.225794 -0.875490
v -0.663821 0.265488 -0.897814
v -0.607419 0.238093 -0.878843
v -0.612923 0.252243 -0.904859
v -0.630108 0.253031 -0.917199
v -0.657369 0.268346 -0.922822
v -0.656375 0.293377 -0.893224
v -0.637138 0.306734 -0.911564
v -0.631888 0.295778 -0.933194
v -0.644672 0.283563 -0.942810
v -0.665551 0.291704 -0.962560
v -0.677751 0.312596 -0.960958
v -0.659943 0.330533 -0.952044
v -0.641075 0.328962 -0.991824
v -0.632758 0.304145 -0.979755
v -0.645836 0.289067 -0.983351
v -0.661640 0.284208 -1.008036
v -0.670043 0.307536 -1.010561
v -0.640717 0.293702 -1.050390
v -0.622902 0.279120 -1.018766
v -0.620678 0.291622 -1.040354
v -0.635693 0.257684 -1.020929
v -0.646118 0.232237 -1.035102
v -0.646746 0.251364 -1.058836
v -0.615927 0.226132 -1.063108
v -0.632125 0.185143 -1.046189
v -0.600852 0.209663 -1.041590
v -0.607858 0.164175 -1.023535
v -0.611884 0.213737 -1.022923
v -0.633712 0.201245 -1.012343
v -0.644649 0.150270 -0.996375
v -0.632240 0.139658 -0.956302
v -0.616847 0.174078 -0.968951
v -0.647874 0.178228 -0.975751
v -0.670132 0.173675 -0.946434
v -0.634653 0.163608 -0.924562
v -0.663161 0.175894 -0.898052
v -0.661572 0.199862 -0.932601
v -0.692556 0.221406 -0.928486
v -0.683959 0.168907 -0.912914
v -0.716474 0.230398 -0.899720
v -0.698662 0.236290 -0.887565
v -0.671075 0.221468 -0.892654
v -0.677067 0.238085 -0.917883
v -0.710241 0.254699 -0.948434
v -0.737671 0.280662 -0.949078
v -0.723472 0.293442 -0.930611
v -0.698016 0.284325 -0.923839
v -0.692559 0.273228 -0.945682
v -0.726222 0.269154 -0.975048
v -0.720074 0.308383 -1.002994
v -0.699914 0.304819 -0.985165
v -0.693429 0.281595 -0.992243
v -0.719076 0.256788 -1.024901
v -0.732908 0.284577 -1.015675
v -0.706816 0.262621 -1.007491
v -0.712117 0.269394 -1.059825
v -0.682985 0.266554 -1.058662
v -0.683574 0.256570 -1.031254
v -0.700831 0.223661 -1.036585
v -0.708408 0.210634 -1.062034
v -0.691685 0.202504 -1.077560
v -0.667236 0.220406 -1.063472
v -0.696462 0.195571 -1.032738
v -0.671151 0.170464 -1.063157
v -0.705010 0.148931 -1.025638
v -0.694253 0.137258 -1.034009
v -0.660784 0.161830 -1.036248
v -0.671638 0.190337 -1.035192
v -0.698030 0.169436 -1.016725
v -0.676485 0.125037 -1.008003
v -0.711172 0.120212 -0.970403
v -0.686881 0.123998 -0.961632
v -0.712272 0.154463 -0.982236
v -0.738351 0.138378 -0.930521
v -0.718722 0.158179 -0.909982
v -0.691291 0.150088 -0.947545
v -0.715427 0.175627 -0.941224
v -0.750250 0.172532 -0.938367
v -0.737092 0.181951 -0.941279
v -0.776421 0.204480 -0.925348
v -0.772270 0.202544 -0.906991
v -0.758895 0.219514 -0.901789
v -0.740090 0.217376 -0.911175
v -0.787095 0.254683 -0.931873
v -0.742619 0.222089 -0.931477
v -0.768746 0.227995 -0.958011
v -0.798862 0.262618 -0.974187
v -0.765170 0.277061 -0.952788
v -0.756528 0.253365 -0.980506
v -0.779053 0.243124 -1.006222
v -0.788681 0.268760 -1.033325
v -0.773780 0.287963 -1.011524
v -0.747324 0.258319 -1.046266
v -0.756324 0.239624 -1.025251
v -0.783229 0.229753 -1.052109
v -0.774223 0.236521 -1.075644
v -0.757744 0.249781 -1.072731
v -0.736244 0.227472 -1.072271
v -0.757124 0.205154 -1.047312
v -0.767355 0.176283 -1.059322
v -0.763224 0.171344 -1.084212
v -0.737886 0.182829 -1.088851
v -0.734797 0.196318 -1.056235
v -0.732999 0.130788 -1.061889
v -0.749390 0.164279 -1.038549
v -0.766733 0.136076 -1.034830
v -0.759184 0.121548 -1.054027
v -0.722109 0.153189 -1.054560
v -0.749559 0.147525 -1.020385
v -0.749484 0.097222 -1.017474
v -0.730631 0.110175 -1.014899
v -0.776514 0.129536 -0.994137
v -0.739959 0.124513 -0.984767
v -0.755501 0.137007 -0.987450
v -0.776570 0.105298 -0.949432
v -0.758503 0.113069 -0.948418
v -0.797839 0.146878 -0.958589
v -0.793143 0.113786 -0.957430
v -0.778869 0.154968 -0.955287
v -0.800475 0.162021 -0.910157
v -0.777379 0.157429 -0.925468
v -0.818216 0.155710 -0.920106
v -0.831009 0.207101 -0.920850
v -0.820072 0.183167 -0.955601
v -0.813473 0.223293 -0.931739
v -0.805457 0.199733 -0.952007
v -0.854226 0.228860 -0.972560
v -0.845802 0.248726 -0.958573
v -0.820477 0.255536 -0.982516
v -0.839347 0.220124 -0.985910
v -0.819905 0.226992 -0.994339
v -0.854846 0.235072 -1.031525
v -0.848317 0.259521 -1.028225
v -0.814182 0.247502 -1.022587
v -0.823181 0.250839 -1.058894
v -0.821212 0.217681 -1.034330
v -0.838493 0.204919 -1.054938
v -0.839025 0.212551 -1.087723
v -0.806628 0.210738 -1.056695
v -0.835515 0.172348 -1.091051
v -0.814251 0.188825 -1.103469
v -0.796368 0.190418 -1.089240
v -0.824085 0.175312 -1.062076
v -0.797075 0.164982 -1.066253
v -0.827662 0.130889 -1.061444
v -0.794888 0.119656 -1.086019
v -0.810895 0.141247 -1.052266
v -0.821583 0.116124 -1.084217
v -0.830238 0.110674 -1.024075
v -0.819212 0.075603 -1.031527
v -0.801896 0.077863 -1.026407
v -0.790066 0.092985 -1.028291
v -0.785036 0.116684 -1.056117
v -0.806710 0.116179 -1.018589
v -0.845245 0.083915 -0.974049
v -0.826455 0.085165 -0.959805
v -0.811107 0.096611 -0.966602
v -0.816779 0.116220 -0.970890
v -0.833549 0.120182 -0.983983
v -0.855053 0.113351 -0.973720
v -0.864535 0.137187 -0.922436
v -0.839979 0.139322 -0.930905
v -0.846252 0.152882 -0.955778
v -0.862904 0.144380 -0.964981
v -0.889303 0.174402 -0.966364
v -0.893715 0.165926 -0.938784
v -0.899988 0.193763 -0.941455
v -0.882722 0.207443 -0.940901
v -0.866726 0.187198 -0.968989
v -0.907200 0.232101 -0.983563
v -0.899913 0.199925 -1.012045
v -0.916585 0.214853 -1.010748
v -0.882355 0.233257 -0.981922
v -0.875849 0.209740 -1.005312
v -0.910037 0.237242 -1.037307
v -0.898667 0.188064 -1.052745
v -0.889031 0.227354 -1.071167
v -0.911262 0.199239 -1.082091
v -0.894091 0.182076 -1.104757
v -0.872370 0.203196 -1.057868
v -0.898745 0.153213 -1.080378
v -0.869398 0.150499 -1.110872
v -0.866595 0.194731 -1.091754
v -0.862542 0.153436 -1.077324
v -0.884381 0.165459 -1.069756
v -0.892448 0.107399 -1.071442
v -0.894231 0.127910 -1.105172
v -0.862846 0.096950 -1.098083
v -0.849774 0.118361 -1.082063
v -0.873158 0.117916 -1.061014
v -0.876009 0.066056 -1.069828
v -0.892715 0.087656 -1.031699
v -0.892591 0.060858 -1.035611
v -0.871905 0.050561 -1.019158
v -0.849767 0.075992 -1.041292
v -0.869383 0.094353 -1.029984
v -0.873476 0.064183 -0.978609
v -0.914443 0.077942 -0.972188
v -0.899049 0.063403 -0.967422
v -0.911475 0.092597 -0.982405
v -0.889237 0.091827 -0.945570
v -0.877230 0.092840 -0.968352
v -0.892782 0.104091 -0.978956
v -0.929373 0.113820 -0.934563
v -0.906468 0.134125 -0.934883
v -0.941933 0.128654 -0.956346
v -0.921022 0.146335 -0.971919
v -0.950853 0.182036 -0.946146
v -0.927416 0.179653 -0.950444
v -0.941088 0.165982 -0.989856
v -0.967965 0.177492 -0.973892
v -0.971775 0.204475 -0.993491
v -0.930772 0.190794 -0.984669
v -0.961831 0.177437 -1.018401
v -0.940558 0.182874 -1.012659
v -0.979339 0.191812 -1.042783
v -0.970102 0.216215 -1.046364
v -0.946848 0.220594 -1.014558
v -0.937737 0.189236 -1.036239
v -0.966515 0.166271 -1.059555
v -0.967741 0.188162 -1.091253
v -0.936742 0.189565 -1.082255
v -0.941884 0.154689 -1.069229
v -0.964191 0.129892 -1.085549
v -0.968197 0.130223 -1.105691
v -0.952082 0.138978 -1.120026
v -0.931574 0.152875 -1.110102
v -0.924533 0.093583 -1.109420
v -0.954383 0.088776 -1.069822
v -0.956555 0.078246 -1.101008
v -0.940275 0.056575 -1.089859
v -0.933327 0.108083 -1.076910
v -0.917329 0.055517 -1.075480
v -0.917436 0.093513 -1.088690
v -0.955688 0.065479 -1.037000
v -0.943535 0.028549 -1.038783
v -0.959870 0.038211 -1.012340
v -0.922416 0.038369 -1.010192
v -0.925591 0.066575 -1.026676
v -0.969054 0.069115 -0.993492
v -0.954556 0.042262 -0.970823
v -0.943591 0.075501 -0.998510
v -0.983569 0.089917 -0.973915
v -0.948338 0.068124 -0.950395
v -0.942284 0.082760 -0.962162
v -0.985030 0.085086 -0.942482
v -0.966336 0.107078 -0.973025
v -0.987517 0.130319 -0.931586
v -0.970530 0.129372 -0.967861
v -0.999326 0.119462 -0.971328
v -0.983516 0.158370 -0.953061
v -1.017313 0.150627 -0.995173
v -1.027670 0.160497 -0.980991
v -1.020840 0.185618 -0.977024
v -1.003632 0.193323 -1.007959
v -0.992529 0.174332 -0.993441
v -1.002248 0.157891 -1.007003
v -1.029779 0.156004 -1.038682
v -1.043318 0.171595 -1.053640
v -1.031088 0.193356 -1.049662
v -1.001705 0.179963 -1.062273
v -1.008363 0.149634 -1.057671
v -1.039614 0.121690 -1.098495
v -1.032659 0.147068 -1.106881
v -1.009732 0.157598 -1.102166
v -1.029478 0.118344 -1.081465
v -1.002963 0.113367 -1.079232
v -1.031187 0.078997 -1.089276
v -1.027344 0.077023 -1.111288
v -1.003397 0.082107 -1.120174
v -0.990359 0.107673 -1.102295
v -0.985319 0.050988 -1.096825
v -1.000269 0.074714 -1.070895
v -1.021496 0.027214 -1.065850
v -1.005355 0.019656 -1.075172
v -1.006298 0.058311 -1.055076
v -1.019192 0.040876 -1.043696
v -0.980954 0.017087 -1.034932
v -0.990408 0.047925 -1.037162
v -1.009338 0.008347 -1.001293
v -1.029157 0.032832 -0.984341
v -1.016549 0.033245 -0.958228
v -0.992939 0.028881 -0.974642
v -1.003788 0.056338 -0.994376
v -1.022052 0.053138 -0.993082
v -0.995361 0.051378 -0.968332
v -1.041829 0.081622 -0.969975
v -1.041686 0.076253 -0.935450
v -1.016165 0.081771 -0.935655
v -1.027164 0.101441 -0.967197
v -1.073583 0.133032 -0.955376
v -1.053691 0.145515 -0.945977
v -1.032984 0.130875 -0.954438
v -1.058650 0.115073 -0.977893
v -1.085175 0.137361 -1.011941
v -1.088584 0.175479 -1.008406
v -1.063304 0.173855 -1.002171
v -1.051431 0.152960 -0.995344
v -1.061798 0.141749 -1.017290
v -1.106277 0.160046 -1.039240
v -1.079440 0.159712 -1.074384
v -1.065942 0.143463 -1.071638
v -1.071593 0.128752 -1.054332
v -1.105307 0.110772 -1.069532
v -1.107127 0.120060 -1.096514
v -1.083164 0.113525 -1.108291
v -1.061138 0.107170 -1.090008
v -1.092443 0.072609 -1.075848
v -1.103819 0.054399 -1.091534
v -1.086623 0.054005 -1.112451
v -1.063915 0.065535 -1.108815
v -1.074081 0.078192 -1.075350
v -1.059394 0.013316 -1.083294
v -1.083188 0.028289 -1.046322
v -1.080007 -0.003505 -1.063195
v -1.050990 0.038512 -1.077875
v -1.045252 -0.000344 -1.042872
v -1.062630 0.030094 -1.038814
v -1.082365 0.021848 -0.997171
v -1.087152 0.001069 -1.038857
v -1.064450 -0.014375 -1.002743
v -1.053414 0.026339 -1.008206
v -1.075383 0.010643 -0.953568
v -1.046141 0.011228 -0.974574
v -1.067589 0.053199 -0.971854
v -1.086249 0.063128 -0.923666
v -1.066914 0.066782 -0.930507
v -1.091549 0.062516 -0.963553
v -1.104323 0.072056 -0.939066
v -1.079518 0.093591 -0.956430
v -1.117168 0.120591 -0.937982
v -1.102470 0.129057 -0.939844
v -1.105903 0.101702 -0.973113
v -1.126609 0.110245 -0.970927
v -1.149353 0.142666 -0.982468
v -1.113930 0.150360 -0.976068
v -1.108751 0.133785 -0.987603
v -1.148268 0.112656 -1.020100
v -1.168240 0.127049 -1.021140
v -1.156411 0.153418 -1.029105
v -1.133112 0.146807 -1.037513
v -1.125351 0.121927 -1.015486
v -1.152383 0.122131 -1.075748
v -1.176989 0.096824 -1.082874
v -1.133473 0.114950 -1.064075
v -1.141612 0.089036 -1.052907
v -1.165725 0.076209 -1.055758
v -1.179399 0.068449 -1.069932
v -1.139856 0.081510 -1.092617
v -1.153555 0.033244 -1.097011
v -1.154248 0.018977 -1.042571
v -1.174510 0.023642 -1.073441
v -1.132789 0.036099 -1.059313
v -1.150044 -0.024138 -1.042449
v -1.125446 -0.017492 -1.056585
v -1.124940 0.026434 -1.080416
v -1.142540 0.001411 -1.005000
v -1.108744 -0.015205 -1.024610
v -1.118680 0.008485 -1.015503
v -1.143773 -0.021795 -0.989770
v -1.110996 -0.030454 -0.990339
v -1.140371 0.007851 -0.961091
v -1.123386 0.018121 -0.974371
v -1.125060 -0.016563 -0.950081
v -1.118795 0.014751 -0.921160
v -1.106088 0.017026 -0.930650
v -1.107075 0.017572 -0.960494
v -1.152961 0.058359 -0.928159
v -1.141015 0.049876 -0.948145
v -1.142737 0.078447 -0.908802
v -1.137334 0.075759 -0.949312
v -1.146917 0.111720 -0.924471
v -1.172899 0.090972 -0.954656
v -1.187563 0.109517 -0.945760
v -1.179449 0.132290 -0.944558
v -1.126398 0.087715 -0.919574
v -1.176744 0.133906 -0.985779
v -1.171280 0.106234 -0.978050
v -1.214200 0.093738 -0.994194
v -1.229769 0.118565 -0.999564
v -1.209254 0.135157 -1.010140
v -1.238298 0.098350 -1.043023
v -1.198503 0.105236 -1.039701
v -1.201266 0.085875 -1.017437
v -1.248758 0.066142 -1.032546
v -1.236324 0.059553 -1.023015
v -1.248040 0.042485 -1.054063
v -1.225632 0.048797 -1.069980
v -1.206714 0.051162 -1.062753
v -1.205335 0.050259 -1.034827
v -1.242255 0.003780 -1.027893
v -1.220235 0.000674 -1.010093
v -1.230934 -0.023629 -1.034588
v -1.202921 -0.015834 -1.051293
v -1.188648 -0.011338 -1.038841
v -1.196758 0.008254 -1.024954
v -1.210676 -0.040077 -0.978516
v -1.199795 -0.015152 -0.972366
v -1.186723 -0.053293 -0.985133
v -1.170867 -0.038401 -0.998237
v -1.176693 -0.010719 -0.991139
v -1.185707 -0.024372 -0.931113
v -1.166783 -0.027358 -0.919719
v -1.151711 -0.023861 -0.931164
v -1.156673 -0.004438 -0.947783
v -1.179578 0.003102 -0.944965
v -1.186088 0.005492 -0.926123
v -1.173816 0.027270 -0.891291
v -1.156828 0.039626 -0.890638
v -1.161740 0.037472 -0.923800
v -1.176312 0.086842 -0.900017
v -1.193464 0.052390 -0.920561
v -1.199263 0.098871 -0.896496
v -1.182481 0.083101 -0.921504
v -1.226895 0.082612 -0.928057
v -1.227076 0.095819 -0.913308
v -1.209723 0.118258 -0.930479
v -1.242989 0.121248 -0.927984
v -1.220093 0.092991 -0.951263
v -1.235302 0.084811 -0.951226
v -1.264366 0.080789 -0.952752
v -1.270685 0.119181 -0.967184
v -1.272290 0.095780 -1.001156
v -1.247886 0.107627 -0.982696
v -1.257236 0.070992 -0.982623
v -1.307535 0.057414 -0.978231
v -1.308848 0.059672 -1.000890
v -1.289838 0.048121 -1.019089
v -1.282409 0.043569 -0.973886
v -1.266035 0.031323 -0.997132
v -1.309006 -0.011562 -0.989779
v -1.294618 -0.008317 -1.012281
v -1.274063 0.011843 -1.019741
v -1.287168 -0.007524 -0.966610
v -1.257631 -0.042983 -0.992028
v -1.260373 -0.008627 -0.973385
v -1.257948 -0.028247 -0.937849
v -1.285918 -0.044918 -0.957791
v -1.265572 -0.061937 -0.963813
v -1.250814 -0.021783 -0.989516
v -1.223546 -0.059802 -0.948251
v -1.244739 -0.042843 -0.912370
v -1.216452 -0.058009 -0.906767
v -1.223163 -0.024933 -0.935036
v -1.231655 -0.019162 -0.918865
v -1.205064 -0.035269 -0.881354
v -1.221754 0.004190 -0.888906
v -1.185908 -0.025367 -0.894862
v -1.207607 0.009370 -0.901318
v -1.229442 0.038523 -0.873442
v -1.213005 0.000841 -0.868909
v -1.193792 0.021941 -0.856724
v -1.201695 0.067569 -0.858944
v -1.218130 0.047844 -0.891703
v -1.250227 0.062297 -0.884310
v -1.265500 0.099351 -0.873471
v -1.248177 0.111571 -0.886711
v -1.221696 0.090716 -0.885846
v -1.248593 0.080875 -0.904277
v -1.286937 0.076009 -0.891795
v -1.301937 0.110945 -0.904681
v -1.305286 0.101741 -0.931452
v -1.284464 0.074331 -0.916582
v -1.326744 0.052617 -0.908467
v -1.327164 0.079391 -0.901553
v -1.345405 0.078407 -0.920247
v -1.311370 0.046354 -0.928569
v -1.356567 0.051386 -0.944115
v -1.314579 0.075432 -0.947577
v -1.337623 0.023937 -0.960717
v -1.319283 0.014784 -0.944781
v -1.325127 0.015972 -0.920803
v -1.336980 0.001531 -0.909043
v -1.359906 -0.001141 -0.915131
v -1.348439 -0.037298 -0.914930
v -1.351302 -0.022596 -0.943129
v -1.319950 -0.040123 -0.943978
v -1.305358 -0.020171 -0.931480
v -1.304423 -0.034737 -0.888373
v -1.312086 -0.061121 -0.880712
v -1.308601 -0.072422 -0.906286
v -1.291525 -0.032568 -0.909884
v -1.248265 -0.066416 -0.875827
v -1.265743 -0.060589 -0.903370
v -1.258930 -0.030256 -0.879483
v -1.264065 -0.025973 -0.855455
v -1.257216 -0.062075 -0.849168
v -1.214734 -0.027222 -0.843183
v -1.225456 -0.005176 -0.819828
v -1.212445 0.030881 -0.824884
v -1.225074 0.009947 -0.852741
v -1.243871 0.010074 -0.849221
v -1.250880 0.031726 -0.826034
v -1.263152 0.072305 -0.817186
v -1.246906 0.081945 -0.820556
v -1.244565 0.087866 -0.837227
v -1.267136 0.056404 -0.847220
v -1.295013 0.067766 -0.833683
v -1.327251 0.079496 -0.830500
v -1.311333 0.106129 -0.836460
v -1.309904 0.103352 -0.863758
v -1.285519 0.084970 -0.859326
v -1.306139 0.067260 -0.855060
v -1.363423 0.087086 -0.856421
v -1.366392 0.065731 -0.883638
v -1.348001 0.047376 -0.846685
v -1.383501 0.042718 -0.842786
v -1.394211 0.041847 -0.861328
v -1.350561 0.049317 -0.882213
v -1.365901 0.008827 -0.842430
v -1.387575 0.006440 -0.885602
v -1.354491 0.010402 -0.866560
v -1.373968 -0.036724 -0.830699
v -1.390723 -0.032758 -0.851916
v -1.362545 -0.053562 -0.868310
v -1.356298 -0.026643 -0.878416
v -1.337667 -0.029654 -0.850901
v -1.340457 -0.038488 -0.826990
v -1.352978 -0.065690 -0.822160
v -1.324120 -0.050351 -0.856902
v -1.309337 -0.080726 -0.813557
v -1.298903 -0.080270 -0.833678
v -1.266062 -0.062873 -0.821251
v -1.280619 -0.046124 -0.829575
v -1.294416 -0.039657 -0.824011
v -1.284032 -0.032129 -0.794609
v -1.249940 -0.048772 -0.785905
v -1.257464 -0.026605 -0.774899
v -1.230858 -0.018662 -0.793596
v -1.261236 -0.005056 -0.806262
v -1.236613 0.012870 -0.768364
v -1.271316 0.016290 -0.784112
v -1.239689 0.058754 -0.778624
v -1.237380 0.010212 -0.800155
v -1.271118 0.037649 -0.796067
v -1.283286 0.050074 -0.771862
v -1.297321 0.102666 -0.779786
v -1.281638 0.079657 -0.801055
v -1.307204 0.063090 -0.795434
v -1.328665 0.064911 -0.777623
v -1.316912 0.087141 -0.766716
v -1.335831 0.099906 -0.803254
v -1.383633 0.082985 -0.793396
v -1.365531 0.088537 -0.773867
v -1.356389 0.061497 -0.809419
v -1.357957 0.051250 -0.789880
v -1.381141 0.042745 -0.773266
v -1.415095 0.034402 -0.781053
v -1.405409 0.046544 -0.814017
v -1.394275 0.026124 -0.816439
v -1.376473 0.004227 -0.794415
v -1.410672 -0.035589 -0.785782
v -1.399729 -0.033448 -0.804957
v -1.374455 -0.024992 -0.765191
v -1.403734 -0.031039 -0.762880
v -1.356636 -0.079774 -0.755835
v -1.354750 -0.077343 -0.784053
v -1.367486 -0.049920 -0.798848
v -1.353284 -0.039735 -0.782766
v -1.302487 -0.080178 -0.756582
v -1.320606 -0.046459 -0.746526
v -1.314931 -0.058203 -0.734085
v -1.288772 -0.066649 -0.730251
v -1.303336 -0.039966 -0.761434
v -1.258584 -0.048529 -0.747776
v -1.244899 -0.020647 -0.725705
v -1.276881 -0.054332 -0.762765
v -1.278644 -0.007416 -0.747528
v -1.278972 -0.000591 -0.723448
v -1.243347 0.013357 -0.739378
v -1.257099 0.006894 -0.710208
v -1.250185 0.047866 -0.715764
v -1.271445 0.074240 -0.737287
v -1.274286 0.046879 -0.744384
v -1.294288 0.045187 -0.732196
v -1.310344 0.060506 -0.712462
v -1.310329 0.101747 -0.721293
v -1.345579 0.087659 -0.746066
v -1.339699 0.063148 -0.734762
v -1.334407 0.088495 -0.703057
v -1.384196 0.092634 -0.724393
v -1.379041 0.049468 -0.707837
v -1.406877 0.053026 -0.702283
v -1.377544 0.040413 -0.728785
v -1.429158 0.035174 -0.725945
v -1.402812 0.050096 -0.746435
v -1.428226 -0.003671 -0.702952
v -1.401568 0.002097 -0.738400
v -1.388790 0.002350 -0.722085
v -1.410400 -0.015560 -0.692220
v -1.420754 -0.037035 -0.717053
v -1.411714 -0.031308 -0.733523
v -1.395593 -0.009631 -0.698196
v -1.382158 -0.074653 -0.708625
v -1.374639 -0.035241 -0.720155
v -1.356343 -0.043349 -0.688197
v -1.383914 -0.066593 -0.683400
v -1.331227 -0.084694 -0.681243
v -1.331105 -0.081535 -0.708725
v -1.364317 -0.064714 -0.722929
v -1.332231 -0.046770 -0.703775
v -1.316353 -0.040639 -0.674211
v -1.266631 -0.048709 -0.669722
v -1.269381 -0.052742 -0.686946
v -1.280236 -0.040186 -0.699741
v -1.296250 -0.023967 -0.689564
v -1.287172 -0.010018 -0.662934
v -1.272313 -0.029808 -0.657153
v -1.283613 -0.000168 -0.689124
v -1.252542 0.015470 -0.655771
v -1.248902 0.016991 -0.681895
v -1.269707 0.067352 -0.657551
v -1.290453 0.035121 -0.680676
v -1.295010 0.033330 -0.657963
v -1.291227 0.080790 -0.679372
v -1.310477 0.089368 -0.644308
v -1.322671 0.062610 -0.678116
v -1.337534 0.065024 -0.649117
v -1.352011 0.103128 -0.656345
v -1.370783 0.078956 -0.636293
v -1.363167 0.087081 -0.679890
v -1.414995 0.064062 -0.640224
v -1.415734 0.064704 -0.666321
v -1.378251 0.053110 -0.668624
v -1.383391 0.040194 -0.645787
v -1.434972 0.016487 -0.657046
v -1.419017 -0.002344 -0.669297
v -1.395598 0.003334 -0.639510
v -1.393465 -0.020776 -0.626610
v -1.426634 -0.001931 -0.624513
v -1.427400 -0.037794 -0.644816
v -1.400218 -0.008928 -0.660824
v -1.402679 -0.062734 -0.623682
v -1.377247 -0.034634 -0.649866
v -1.359001 -0.044036 -0.620041
v -1.353464 -0.080436 -0.611352
v -1.370719 -0.079617 -0.646439
v -1.396756 -0.052446 -0.659484
v -1.316899 -0.040821 -0.609559
v -1.297232 -0.073677 -0.610943
v -1.303409 -0.072756 -0.637453
v -1.324270 -0.050345 -0.641624
v -1.268536 -0.035457 -0.597967
v -1.270684 -0.036718 -0.633794
v -1.303076 -0.026265 -0.624780
v -1.289331 -0.009165 -0.598730
v -1.267036 0.018245 -0.589281
v -1.252185 0.016148 -0.598125
v -1.251798 0.017868 -0.620223
v -1.286750 0.005157 -0.622336
v -1.276873 0.055097 -0.622869
v -1.301120 0.043175 -0.590936
v -1.284367 0.082946 -0.596805
v -1.303688 0.076337 -0.579852
v -1.314948 0.082445 -0.619533
v -1.319072 0.057448 -0.608342
v -1.349720 0.065152 -0.578910
v -1.355035 0.097300 -0.578659
v -1.353855 0.100836 -0.602081
v -1.403755 0.079563 -0.587013
v -1.369817 0.053252 -0.595806
v -1.390934 0.072171 -0.610643
v -1.393815 0.037421 -0.570244
v -1.415742 0.051086 -0.562318
v -1.435392 0.034280 -0.586530
v -1.402987 0.027134 -0.600406
v -1.394500 0.022094 -0.580387
v -1.433416 -0.004065 -0.560954
v -1.431067 -0.010496 -0.593215
v -1.389500 -0.031751 -0.555044
v -1.399179 -0.052017 -0.548069
v -1.402863 -0.066771 -0.561016
v -1.402142 -0.060688 -0.584042
v -1.397038 -0.035997 -0.591536
v -1.384310 -0.028004 -0.579472
v -1.339951 -0.047098 -0.549389
v -1.333354 -0.071502 -0.540749
v -1.332278 -0.086043 -0.553313
v -1.335664 -0.082783 -0.575431
v -1.339896 -0.064795 -0.582731
v -1.337361 -0.047676 -0.572116
v -1.282634 -0.063741 -0.547956
v -1.300999 -0.027345 -0.545507
v -1.284100 -0.032442 -0.533445
v -1.280587 -0.043743 -0.575602
v -1.300476 -0.026857 -0.564502
v -1.254255 -0.023719 -0.543676
v -1.290553 0.013473 -0.537138
v -1.262820 0.055604 -0.552384
v -1.257316 0.005095 -0.567363
v -1.289195 0.024166 -0.555949
v -1.305712 0.049320 -0.527060
v -1.261836 0.042661 -0.526036
v -1.314551 0.099656 -0.529580
v -1.324332 0.084792 -0.553747
v -1.326872 0.058931 -0.542299
v -1.349682 0.062050 -0.515444
v -1.352749 0.081369 -0.504805
v -1.384182 0.087155 -0.507392
v -1.388359 0.090062 -0.528957
v -1.387837 0.045294 -0.499549
v -1.390002 0.070436 -0.541426
v -1.371926 0.051991 -0.531141
v -1.430679 0.033046 -0.498974
v -1.431710 0.033526 -0.519509
v -1.393387 0.019281 -0.519984
v -1.397947 -0.000374 -0.491681
v -1.418157 0.020310 -0.487652
v -1.420899 -0.000055 -0.530045
v -1.418082 -0.035605 -0.486105
v -1.425063 -0.038360 -0.504007
v -1.387692 -0.017822 -0.512082
v -1.377674 -0.038689 -0.482852
v -1.401620 -0.060336 -0.514852
v -1.379026 -0.073197 -0.481471
v -1.350042 -0.081559 -0.511539
v -1.382587 -0.054774 -0.520835
v -1.356199 -0.043556 -0.505931
v -1.331992 -0.084951 -0.484990
v -1.340018 -0.045149 -0.488849
v -1.296591 -0.077998 -0.490691
v -1.295218 -0.068431 -0.510235
v -1.298546 -0.036594 -0.478851
v -1.286735 -0.049147 -0.472749
v -1.297933 -0.048619 -0.512548
v -1.297417 -0.025970 -0.500097
v -1.252121 -0.016923 -0.475435
v -1.252653 -0.021107 -0.503218
v -1.248980 0.034421 -0.480358
v -1.283895 0.013493 -0.495620
v -1.286262 0.012780 -0.474994
v -1.267703 0.041303 -0.460983
v -1.265049 0.041443 -0.500651
v -1.275531 0.077833 -0.467431
v -1.302847 0.050681 -0.488639
v -1.310243 0.057297 -0.459891
v -1.311258 0.098626 -0.464584
v -1.309876 0.087980 -0.487291
v -1.338363 0.083338 -0.440943
v -1.342650 0.064629 -0.478957
v -1.379599 0.086320 -0.439262
v -1.382924 0.089543 -0.461901
v -1.385914 0.064652 -0.473826
v -1.361922 0.052867 -0.448729
v -1.392344 0.044007 -0.424451
v -1.417825 0.051922 -0.454196
v -1.372612 0.051012 -0.463262
v -1.419841 0.031465 -0.424861
v -1.391696 -0.005140 -0.422283
v -1.430673 -0.000852 -0.443273
v -1.408662 -0.000882 -0.461697
v -1.388556 0.011150 -0.442055
v -1.401185 -0.028823 -0.411931
v -1.416558 -0.038950 -0.423635
v -1.368338 -0.037072 -0.421236
v -1.390174 -0.069014 -0.445241
v -1.382949 -0.047273 -0.454675
v -1.371608 -0.035123 -0.445043
v -1.361673 -0.071759 -0.411427
v -1.329693 -0.048051 -0.418900
v -1.324211 -0.088834 -0.428295
v -1.329106 -0.073250 -0.453193
v -1.329297 -0.048484 -0.441955
v -1.285072 -0.073292 -0.420673
v -1.272747 -0.043723 -0.409784
v -1.264434 -0.052861 -0.441291
v -1.292365 -0.029250 -0.438933
v -1.287109 -0.025166 -0.416735
v -1.244089 -0.021749 -0.419082
v -1.250767 -0.017161 -0.446686
v -1.253794 0.024709 -0.402928
v -1.241850 0.033798 -0.419689
v -1.278261 0.014059 -0.431699
v -1.277480 0.024432 -0.405867
v -1.272161 0.082311 -0.406946
v -1.276425 0.070384 -0.430159
v -1.262441 0.037187 -0.439690
v -1.297045 0.047414 -0.418308
v -1.288911 0.073042 -0.388569
v -1.324939 0.062961 -0.386732
v -1.333501 0.085093 -0.374854
v -1.340832 0.100859 -0.387869
v -1.337298 0.091812 -0.414134
v -1.337298 0.060550 -0.406005
v -1.356947 0.076478 -0.411549
v -1.384150 0.050325 -0.355972
v -1.398647 0.060631 -0.363646
v -1.400920 0.065892 -0.386457
v -1.396465 0.045164 -0.398855
v -1.370238 0.041006 -0.391720
v -1.376199 0.030768 -0.366666
v -1.420926 -0.003088 -0.369632
v -1.414639 0.004402 -0.387343
v -1.379761 0.001367 -0.379992
v -1.406454 -0.012039 -0.345510
v -1.384080 -0.066066 -0.354489
v -1.384124 -0.065011 -0.377279
v -1.387914 -0.037415 -0.387806
v -1.360293 -0.038052 -0.379480
v -1.363860 -0.032408 -0.353240
v -1.341739 -0.070957 -0.344947
v -1.332809 -0.089004 -0.364630
v -1.317639 -0.048434 -0.354794
v -1.293136 -0.080162 -0.378718
v -1.334021 -0.070379 -0.387706
v -1.317758 -0.049033 -0.377020
v -1.275392 -0.074416 -0.358420
v -1.261390 -0.044849 -0.348777
v -1.254597 -0.053281 -0.379864
v -1.283898 -0.028347 -0.374789
v -1.269128 -0.021463 -0.352086
v -1.233812 -0.022615 -0.359372
v -1.240380 -0.017715 -0.385389
v -1.231537 0.033073 -0.360130
v -1.269997 0.010100 -0.367413
v -1.266423 0.031792 -0.340228
v -1.243428 0.026363 -0.342235
v -1.260353 0.080925 -0.345597
v -1.253305 0.036201 -0.378693
v -1.287440 0.047244 -0.354898
v -1.301129 0.058578 -0.327762
v -1.288765 0.077718 -0.319418
v -1.278588 0.081094 -0.364765
v -1.323751 0.099991 -0.322602
v -1.324296 0.059437 -0.340965
v -1.341704 0.053961 -0.306766
v -1.361885 0.087612 -0.328214
v -1.345513 0.077157 -0.345296
v -1.372556 0.063176 -0.290187
v -1.373699 0.017351 -0.281852
v -1.404565 0.033356 -0.305187
v -1.395811 0.034310 -0.324463
v -1.369714 0.030648 -0.324177
v -1.364034 0.020430 -0.309443
v -1.400514 -0.005364 -0.282271
v -1.360975 -0.024311 -0.280498
v -1.392480 -0.043936 -0.307835
v -1.364631 -0.022332 -0.315966
v -1.358606 -0.064929 -0.278804
v -1.319963 -0.048704 -0.289952
v -1.335222 -0.086202 -0.293183
v -1.342981 -0.079962 -0.313276
v -1.339185 -0.063222 -0.320998
v -1.330449 -0.047620 -0.312166
v -1.285707 -0.073711 -0.285182
v -1.262125 -0.075940 -0.298755
v -1.285703 -0.042423 -0.313121
v -1.271562 -0.041121 -0.291573
v -1.267499 -0.073307 -0.322131
v -1.271077 -0.052975 -0.325729
v -1.229284 -0.019885 -0.288836
v -1.217606 -0.023723 -0.311649
v -1.259703 -0.010745 -0.312557
v -1.250336 0.012413 -0.287929
v -1.228185 0.011749 -0.323068
v -1.254364 0.011092 -0.313861
v -1.223000 0.050563 -0.296518
v -1.244827 0.055505 -0.314625
v -1.239990 0.051722 -0.276211
v -1.259293 0.087992 -0.279369
v -1.272817 0.049300 -0.297382
v -1.268596 0.045251 -0.276335
v -1.281587 0.085880 -0.296271
v -1.297996 0.079504 -0.247084
v -1.310075 0.099697 -0.260063
v -1.308925 0.062355 -0.282994
v -1.312547 0.059450 -0.251198
v -1.340330 0.081068 -0.234494
v -1.349539 0.082354 -0.264506
v -1.357477 0.042350 -0.216012
v -1.362235 0.040428 -0.262438
v -1.346177 0.020795 -0.223632
v -1.382509 0.031492 -0.221660
v -1.348311 0.029043 -0.252230
v -1.384721 0.016302 -0.249157
v -1.337352 -0.025559 -0.219361
v -1.355756 -0.023176 -0.206164
v -1.364180 -0.042388 -0.210038
v -1.378006 -0.038957 -0.234485
v -1.344774 -0.021534 -0.247159
v -1.335391 -0.078670 -0.231457
v -1.303338 -0.048214 -0.225801
v -1.306997 -0.074160 -0.213332
v -1.333186 -0.065023 -0.254046
v -1.314278 -0.047915 -0.247133
v -1.278950 -0.088557 -0.231059
v -1.289569 -0.086194 -0.254534
v -1.261681 -0.045321 -0.232123
v -1.241282 -0.056264 -0.228934
v -1.245509 -0.063368 -0.266651
v -1.216334 -0.052947 -0.246754
v -1.263660 -0.043364 -0.254603
v -1.221269 -0.013644 -0.229117
v -1.207341 -0.024054 -0.265173
v -1.197125 0.012522 -0.243676
v -1.207698 0.021753 -0.265179
v -1.239453 -0.000705 -0.250527
v -1.230440 0.031916 -0.260102
v -1.239165 0.044668 -0.220027
v -1.224810 0.055205 -0.218203
v -1.222458 0.073371 -0.225304
v -1.234264 0.078570 -0.242681
v -1.254880 0.047364 -0.238997
v -1.278536 0.058965 -0.192172
v -1.284722 0.084378 -0.181329
v -1.287210 0.099703 -0.200865
v -1.288546 0.084728 -0.227079
v -1.289979 0.058248 -0.213124
v -1.339231 0.061206 -0.158780
v -1.345648 0.063814 -0.182210
v -1.340825 0.049990 -0.196633
v -1.321546 0.039402 -0.194261
v -1.309426 0.038321 -0.172112
v -1.327678 0.042331 -0.148849
v -1.362348 0.012201 -0.168496
v -1.317762 -0.001294 -0.154615
v -1.349017 -0.005294 -0.139808
v -1.329875 0.001939 -0.182487
v -1.352845 -0.036163 -0.164259
v -1.347636 -0.020422 -0.181996
v -1.296745 -0.038673 -0.154904
v -1.318162 -0.068140 -0.147765
v -1.304460 -0.035821 -0.177811
v -1.305367 -0.056182 -0.141660
v -1.274374 -0.090863 -0.174940
v -1.254877 -0.049504 -0.171350
v -1.239347 -0.083765 -0.171420
v -1.308914 -0.073128 -0.186875
v -1.267114 -0.051799 -0.190237
v -1.225743 -0.077048 -0.202364
v -1.207783 -0.048045 -0.177788
v -1.194613 -0.053170 -0.191247
v -1.223150 -0.051109 -0.212063
v -1.227375 -0.029796 -0.199755
v -1.220254 -0.030496 -0.180308
v -1.186616 -0.024375 -0.214490
v -1.205932 0.005322 -0.212856
v -1.211463 0.010609 -0.183066
v -1.173096 0.014339 -0.195729
v -1.187391 0.048076 -0.204559
v -1.219751 0.046108 -0.164673
v -1.203533 0.080094 -0.174782
v -1.215098 0.067727 -0.197063
v -1.228275 0.044580 -0.185296
v -1.244354 0.063845 -0.136045
v -1.255008 0.096323 -0.133971
v -1.269435 0.089817 -0.160481
v -1.257694 0.057640 -0.157182
v -1.276409 0.037277 -0.104488
v -1.268062 0.071464 -0.106362
v -1.294987 0.061310 -0.089386
v -1.311663 0.063839 -0.106922
v -1.311116 0.050491 -0.129760
v -1.280660 0.044091 -0.128557
v -1.279926 0.000113 -0.094826
v -1.283670 -0.002495 -0.071890
v -1.314142 -0.005967 -0.071917
v -1.325806 -0.002869 -0.101559
v -1.315324 0.001267 -0.116266
v -1.292571 -0.001980 -0.112677
v -1.288130 -0.039363 -0.068123
v -1.291577 -0.067844 -0.100957
v -1.275189 -0.042582 -0.119354
v -1.258618 -0.036289 -0.100663
v -1.250083 -0.055885 -0.081675
v -1.245640 -0.082245 -0.092943
v -1.219545 -0.090462 -0.123258
v -1.234589 -0.083587 -0.136636
v -1.267723 -0.072124 -0.127262
v -1.221129 -0.045429 -0.119869
v -1.194494 -0.067138 -0.118822
v -1.164746 -0.052360 -0.151979
v -1.177067 -0.056041 -0.164745
v -1.202179 -0.047078 -0.158431
v -1.192012 -0.028016 -0.136891
v -1.163234 0.005734 -0.145837
v -1.184092 0.007072 -0.164898
v -1.164386 0.044987 -0.169677
v -1.183536 0.019260 -0.142765
v -1.150474 0.009254 -0.169469
v -1.189013 0.059433 -0.115652
v -1.173452 0.079311 -0.146812
v -1.203782 0.066911 -0.141254
v -1.207036 0.055341 -0.116562
v -1.214175 0.099282 -0.087299
v -1.230741 0.094569 -0.104869
v -1.223765 0.055108 -0.094488
v -1.213421 0.070788 -0.058087
v -1.218006 0.048269 -0.049211
v -1.240188 0.063234 -0.026497
v -1.262072 0.068169 -0.049217
v -1.259253 0.059802 -0.075268
v -1.238082 0.039543 -0.066325
v -1.210296 0.002243 -0.023575
v -1.221393 0.024575 -0.008987
v -1.227994 0.001463 -0.000337
v -1.258681 -0.001686 -0.014476
v -1.267988 -0.000198 -0.043570
v -1.237876 0.000867 -0.051012
v -1.189921 -0.054819 -0.018165
v -1.221931 -0.065105 -0.028055
v -1.243787 -0.051142 -0.045325
v -1.227150 -0.040585 -0.059605
v -1.200190 -0.030086 -0.048798
v -1.168176 -0.057334 -0.039874
v -1.158224 -0.081855 -0.074175
v -1.187443 -0.080201 -0.088644
v -1.190848 -0.052306 -0.087730
v -1.160529 -0.043187 -0.081090
v -1.140228 -0.058762 -0.127016
v -1.136460 -0.026151 -0.152657
v -1.165983 -0.036874 -0.108587
v -1.133547 -0.031308 -0.122179
v -1.152598 -0.005063 -0.119343
v -1.136110 0.012492 -0.160965
v -1.152310 0.018198 -0.141412
v -1.152052 0.033454 -0.118237
v -1.149981 0.060480 -0.112495
v -1.157145 0.082633 -0.134427
v -1.165703 0.059766 -0.090501
v -1.164507 0.101126 -0.103258
v -1.177830 0.080859 -0.098451
v -1.156454 0.070375 -0.069542
v -1.160300 0.100300 -0.030022
v -1.188841 0.093107 -0.035655
v -1.140430 0.064209 -0.023025
v -1.132898 0.067102 0.004018
v -1.180543 0.058263 -0.034629
v -1.154939 0.051719 -0.028509
v -1.171091 0.052315 0.019131
v -1.191053 0.050217 -0.005543
v -1.111078 0.032284 0.004958
v -1.124049 0.025426 0.027633
v -1.156899 0.014616 -0.011685
v -1.116353 0.015064 -0.008238
v -1.099529 -0.012847 0.016209
v -1.152781 -0.016179 0.018031
v -1.124845 -0.055504 -0.013855
v -1.081786 -0.023320 -0.026711
v -1.085255 -0.053520 -0.027164
v -1.147148 -0.038655 -0.010241
v -1.132540 -0.033384 -0.034583
v -1.106703 -0.022552 -0.044249
v -1.074659 -0.044556 -0.069778
v -1.111474 -0.068464 -0.063035
v -1.094925 -0.023468 -0.084342
v -1.091460 -0.061857 -0.101688
v -1.108428 -0.026124 -0.145305
v -1.116633 -0.026766 -0.093143
v -1.116191 -0.049551 -0.106112
v -1.110024 0.004326 -0.115227
v -1.099180 -0.009338 -0.138863
v -1.126751 0.019522 -0.161170
v -1.126680 0.015851 -0.121993
v -1.122933 0.043815 -0.115355
v -1.142251 0.085745 -0.137854
v -1.139561 0.071819 -0.105387
v -1.116738 0.064524 -0.113132
v -1.106935 0.089054 -0.079893
v -1.122140 0.108744 -0.102482
v -1.133118 0.119726 -0.072856
v -1.088783 0.116705 -0.045711
v -1.129359 0.104374 -0.044866
v -1.120155 0.080879 -0.062934
v -1.075798 0.087021 -0.045827
v -1.090051 0.110158 -0.014416
v -1.100439 0.072189 -0.033757
v -1.050180 0.090826 -0.021268
v -1.057704 0.063826 -0.034764
v -1.029915 0.065142 -0.004966
v -1.050630 0.049660 0.011580
v -1.094862 0.072233 -0.000557
v -1.075050 0.041074 -0.015487
v -1.052779 0.017317 0.001999
v -1.045032 0.031588 -0.042217
v -1.009771 0.027411 -0.044082
v -1.002610 0.002929 -0.034506
v -1.029852 -0.010297 -0.017907
v -1.006164 -0.007574 -0.086289
v -1.012706 -0.029928 -0.075903
v -1.052594 -0.007176 -0.028941
v -1.048409 -0.004197 -0.065144
v -1.030635 0.002299 -0.096175
v -1.041196 -0.040760 -0.080740
v -1.023749 -0.016318 -0.127128
v -1.037022 -0.037537 -0.124421
v -1.064059 -0.029988 -0.121089
v -1.059933 -0.008164 -0.103733
v -1.081440 -0.012517 -0.152688
v -1.050896 0.010059 -0.124855
v -1.081556 0.005650 -0.173347
v -1.083236 0.012225 -0.134775
v -1.070436 0.031002 -0.163365
v -1.077219 0.043689 -0.140699
v -1.108362 0.069185 -0.170758
v -1.116325 0.063733 -0.158525
v -1.096876 0.111112 -0.142785
v -1.115437 0.088896 -0.136396
v -1.101452 0.066052 -0.133724
v -1.086639 0.078409 -0.127063
v -1.080936 0.097440 -0.130212
v -1.110322 0.124936 -0.125564
v -1.090292 0.136903 -0.083826
v -1.078424 0.101628 -0.095191
v -1.063587 0.142300 -0.097185
v -1.047641 0.114064 -0.091659
v -1.030244 0.142024 -0.054563
v -1.048321 0.125646 -0.044732
v -1.059935 0.109351 -0.063386
v -1.021663 0.108685 -0.081416
v -1.001815 0.127581 -0.066218
v -0.989100 0.092081 -0.081033
v -0.967961 0.097884 -0.051700
v -0.988999 0.090579 -0.034123
v -1.007770 0.079660 -0.038243
v -1.008855 0.076429 -0.062302
v -0.948416 0.055970 -0.072445
v -0.971787 0.057927 -0.104351
v -0.949184 0.061359 -0.097688
v -0.971089 0.032329 -0.059253
v -0.992311 0.040156 -0.080150
v -0.946307 0.026278 -0.118443
v -0.960489 0.006693 -0.099691
v -0.983839 0.038124 -0.140718
v -0.993358 0.005144 -0.113777
v -0.998708 0.024751 -0.125774
v -0.988047 -0.000684 -0.170927
v -1.002174 -0.007480 -0.152403
v -0.985052 0.022738 -0.177418
v -1.028817 0.025268 -0.157667
v -1.014849 0.043794 -0.171729
v -1.049557 0.032802 -0.206691
v -1.048655 0.016331 -0.182689
v -1.046094 0.076088 -0.189088
v -1.051921 0.061749 -0.168212
v -1.090103 0.081576 -0.187281
v -1.080263 0.090244 -0.198651
v -1.075726 0.099517 -0.156224
v -1.052330 0.109402 -0.163365
v -1.076915 0.147899 -0.159148
v -1.086482 0.142186 -0.151209
v -1.041204 0.128099 -0.144911
v -1.055780 0.150716 -0.113494
v -1.016424 0.172904 -0.126407
v -1.031336 0.177406 -0.110322
v -1.030087 0.138023 -0.111951
v -1.016307 0.141992 -0.129824
v -1.002016 0.150116 -0.086705
v -0.973789 0.142486 -0.127194
v -0.974459 0.170822 -0.113192
v -0.970946 0.154798 -0.085730
v -0.982577 0.127434 -0.111164
v -0.930570 0.116748 -0.097441
v -0.969427 0.124036 -0.089866
v -0.917362 0.134990 -0.127330
v -0.954330 0.099874 -0.123153
v -0.943364 0.118161 -0.147872
v -0.905957 0.082176 -0.139816
v -0.927737 0.068190 -0.125386
v -0.941819 0.090768 -0.177994
v -0.911986 0.072417 -0.187537
v -0.935117 0.067195 -0.217988
v -0.930613 0.042600 -0.196023
v -0.944818 0.037780 -0.176106
v -0.952882 0.059759 -0.161063
v -0.971037 0.067442 -0.237599
v -0.974053 0.042028 -0.232910
v -0.979536 0.059255 -0.193296
v -0.968663 0.076784 -0.208119
v -0.983177 0.034584 -0.207119
v -1.023275 0.064714 -0.248521
v -1.016574 0.076696 -0.207251
v -1.017134 0.092849 -0.232561
v -1.029095 0.051109 -0.228467
v -1.022093 0.098568 -0.216215
v -1.046944 0.096256 -0.240902
v -1.074362 0.108559 -0.221512
v -1.040383 0.137253 -0.206803
v -1.058327 0.119237 -0.194790
v -1.039345 0.130321 -0.193215
v -1.071016 0.167537 -0.181292
v -1.034113 0.188725 -0.176592
v -1.023361 0.161983 -0.176052
v -1.019813 0.207625 -0.148555
v -1.019895 0.181617 -0.143489
v -0.983727 0.172086 -0.154132
v -0.981789 0.183443 -0.174724
v -0.940366 0.206601 -0.154862
v -0.954958 0.189666 -0.136111
v -0.940119 0.185205 -0.195405
v -0.932280 0.204341 -0.184032
v -0.904728 0.186467 -0.183615
v -0.944844 0.163799 -0.179514
v -0.901717 0.154312 -0.170918
v -0.930145 0.157235 -0.158503
v -0.915719 0.165332 -0.241520
v -0.892885 0.158735 -0.234601
v -0.887920 0.139980 -0.209313
v -0.931632 0.141014 -0.211429
v -0.909031 0.100283 -0.253423
v -0.909364 0.114894 -0.205699
v -0.926028 0.122086 -0.284610
v -0.944814 0.110438 -0.237477
v -0.944407 0.132207 -0.278921
v -0.947445 0.085374 -0.280638
v -0.950150 0.128166 -0.258338
v -0.986055 0.124077 -0.274610
v -0.961102 0.081445 -0.259423
v -0.995397 0.110488 -0.298107
v -1.019993 0.090405 -0.286571
v -0.997235 0.110393 -0.256000
v -1.034862 0.100466 -0.258184
v -1.026352 0.119582 -0.246694
v -1.047329 0.143209 -0.258914
v -1.074480 0.131762 -0.248573
v -1.031889 0.142314 -0.248148
v -1.076861 0.160814 -0.216542
v -1.047235 0.151584 -0.220501
v -1.034449 0.179945 -0.222025
v -1.049980 0.209396 -0.204876
v -1.053424 0.211933 -0.185942
v -1.011908 0.214715 -0.214847
v -1.017694 0.197390 -0.199761
v -1.001591 0.247552 -0.206540
v -0.988279 0.244077 -0.181749
v -0.990033 0.226109 -0.223117
v -0.964415 0.259590 -0.211357
v -1.006359 0.219148 -0.177801
v -0.932467 0.253194 -0.228466
v -0.923661 0.227883 -0.220003
v -0.958654 0.217066 -0.215431
v -0.963176 0.233971 -0.248330
v -0.949332 0.229448 -0.287517
v -0.906715 0.212762 -0.264501
v -0.936757 0.244819 -0.279384
v -0.921640 0.225655 -0.303172
v -0.920549 0.197346 -0.251806
v -0.948282 0.202879 -0.275922
v -0.915157 0.183052 -0.310431
v -0.966591 0.193371 -0.321499
v -0.967103 0.183955 -0.345054
v -0.946900 0.167671 -0.342730
v -0.918434 0.175034 -0.286882
v -0.965097 0.174694 -0.301235
v -0.974187 0.153385 -0.302796
v -1.019252 0.160602 -0.339554
v -1.011962 0.138463 -0.343939
v -0.983395 0.127585 -0.326655
v -1.010007 0.145633 -0.299556
v -1.009117 0.167278 -0.315070
v -1.047953 0.170045 -0.299222
v -1.068400 0.153568 -0.307661
v -1.069120 0.134595 -0.298425
v -1.050345 0.131251 -0.292881
v -1.037487 0.157569 -0.283885
v -1.093773 0.182518 -0.251743
v -1.086738 0.173551 -0.239515
v -1.053676 0.178931 -0.256558
v -1.063413 0.203399 -0.259629
v -1.081651 0.221596 -0.239230
v -1.069137 0.238137 -0.209986
v -1.055642 0.224333 -0.212989
v -1.044605 0.216747 -0.235234
v -1.040297 0.254763 -0.250981
v -1.047763 0.273123 -0.220508
v -1.020696 0.243579 -0.241872
v -1.019031 0.296752 -0.253134
v -1.012910 0.263738 -0.217372
v -0.989460 0.293756 -0.242333
v -0.982697 0.305164 -0.289114
v -0.967033 0.275750 -0.262286
v -0.988693 0.262410 -0.270775
v -1.005407 0.275931 -0.281457
v -0.951276 0.279846 -0.301877
v -0.996440 0.263768 -0.334779
v -0.986412 0.289535 -0.325270
v -0.959718 0.270781 -0.350259
v -0.957969 0.239894 -0.330198
v -0.984481 0.245608 -0.321299
v -0.987274 0.250054 -0.378048
v -1.019575 0.234001 -0.372368
v -0.984121 0.211103 -0.380492
v -0.982141 0.203585 -0.360093
v -1.003612 0.218953 -0.343982
v -1.028872 0.197555 -0.391119
v -1.036464 0.169440 -0.368625
v -1.034940 0.194980 -0.344068
v -1.062328 0.202409 -0.350435
v -1.070501 0.194736 -0.367710
v -1.082527 0.171488 -0.359987
v -1.078882 0.161745 -0.334620
v -1.035869 0.173595 -0.350095
v -1.114252 0.181909 -0.325031
v -1.102218 0.214265 -0.311776
v -1.106869 0.178638 -0.291728
v -1.086552 0.189404 -0.292829
v -1.079606 0.198633 -0.309169
v -1.128761 0.212076 -0.281525
v -1.116057 0.253772 -0.274330
v -1.107952 0.218134 -0.251367
v -1.094754 0.245110 -0.283589
v -1.106822 0.273104 -0.239917
v -1.082609 0.245231 -0.267441
v -1.093339 0.297630 -0.274745
v -1.068332 0.283292 -0.243536
v -1.072776 0.325758 -0.267239
v -1.055190 0.323163 -0.256905
v -1.048873 0.290449 -0.272766
v -1.060206 0.294878 -0.288904
v -1.057472 0.326651 -0.308827
v -1.033051 0.312685 -0.268458
v -1.034096 0.345225 -0.319054
v -1.012126 0.336842 -0.314342
v -1.047444 0.311503 -0.325715
v -1.014183 0.326377 -0.369463
v -1.000021 0.315704 -0.341477
v -1.019346 0.301420 -0.319256
v -1.044405 0.298444 -0.368586
v -1.038210 0.315407 -0.376512
v -1.029365 0.287023 -0.354620
v -1.037504 0.288577 -0.412037
v -1.014437 0.286050 -0.404737
v -1.010558 0.273117 -0.384802
v -1.065175 0.271014 -0.397542
v -1.055221 0.263336 -0.380884
v -1.065516 0.230833 -0.422745
v -1.048744 0.227103 -0.405759
v -1.036105 0.250893 -0.386384
v -1.098680 0.243226 -0.386685
v -1.091817 0.237998 -0.416784
v -1.108663 0.201037 -0.395882
v -1.080660 0.229922 -0.374573
v -1.132642 0.242171 -0.356669
v -1.142116 0.198942 -0.356543
v -1.108115 0.202692 -0.360390
v -1.116122 0.228649 -0.346038
v -1.157461 0.221786 -0.358172
v -1.142002 0.212351 -0.317684
v -1.171938 0.246932 -0.301757
v -1.130037 0.250591 -0.311272
v -1.143504 0.264499 -0.325016
v -1.148766 0.266834 -0.273068
v -1.152200 0.302819 -0.305376
v -1.158957 0.305699 -0.282269
v -1.122673 0.315157 -0.266355
v -1.123141 0.291464 -0.301795
v -1.127098 0.352462 -0.290600
v -1.097069 0.357910 -0.287750
v -1.111363 0.332663 -0.320876
v -1.065916 0.367177 -0.325172
v -1.085185 0.335583 -0.302794
v -1.099672 0.376666 -0.326617
v -1.076236 0.337572 -0.346159
v -1.093881 0.347186 -0.354970
v -1.071378 0.369447 -0.391046
v -1.054787 0.367477 -0.380708
v -1.089689 0.336950 -0.393741
v -1.086279 0.345452 -0.411789
v -1.064149 0.323642 -0.435646
v -1.055579 0.313982 -0.421027
v -1.046817 0.340993 -0.383551
v -1.079448 0.317365 -0.395704
v -1.087958 0.314633 -0.448549
v -1.089743 0.273096 -0.445992
v -1.118708 0.299340 -0.429842
v -1.107753 0.275629 -0.411831
v -1.153409 0.275900 -0.411058
v -1.139209 0.266275 -0.448159
v -1.132336 0.241110 -0.433380
v -1.110179 0.252171 -0.423545
v -1.133978 0.271674 -0.405976
v -1.173668 0.244078 -0.422259
v -1.191951 0.272828 -0.393294
v -1.180571 0.231192 -0.385589
v -1.162735 0.266839 -0.378316
v -1.214662 0.263723 -0.364886
v -1.205047 0.269403 -0.325771
v -1.190210 0.254312 -0.339031
v -1.176322 0.280961 -0.339386
v -1.188976 0.296928 -0.357496
v -1.214364 0.318018 -0.334030
v -1.213958 0.312785 -0.315938
v -1.185855 0.319913 -0.300300
v -1.168878 0.321857 -0.316678
v -1.172483 0.326339 -0.334529
v -1.183154 0.350681 -0.339583
v -1.184610 0.378087 -0.318654
v -1.173298 0.368293 -0.302065
v -1.158177 0.353820 -0.342226
v -1.140323 0.382007 -0.316785
v -1.151213 0.381232 -0.367713
v -1.150426 0.409780 -0.347757
v -1.119078 0.415241 -0.384593
v -1.103921 0.400874 -0.369943
v -1.120411 0.383229 -0.343740
v -1.125940 0.374035 -0.368670
v -1.134815 0.382077 -0.407500
v -1.127873 0.400820 -0.411496
v -1.096395 0.390486 -0.426601
v -1.113552 0.383666 -0.450814
v -1.094443 0.360088 -0.442851
v -1.119954 0.355832 -0.418010
v -1.142140 0.355163 -0.445811
v -1.120354 0.343232 -0.477324
v -1.138690 0.329820 -0.440512
v -1.171260 0.323228 -0.453660
v -1.150294 0.336924 -0.477285
v -1.158000 0.300147 -0.484696
v -1.122908 0.313566 -0.458538
v -1.168753 0.277253 -0.456468
v -1.179904 0.306878 -0.438059
v -1.209169 0.309741 -0.440241
v -1.217402 0.297569 -0.456710
v -1.213531 0.269508 -0.450237
v -1.246021 0.283640 -0.424497
v -1.201550 0.277395 -0.417663
v -1.208693 0.301283 -0.410155
v -1.238834 0.323324 -0.406077
v -1.263763 0.313400 -0.397904
v -1.246835 0.282894 -0.390196
v -1.220500 0.320063 -0.384759
v -1.238051 0.304073 -0.363148
v -1.263075 0.357748 -0.355053
v -1.252655 0.337161 -0.342795
v -1.224093 0.347164 -0.373094
v -1.238203 0.370754 -0.374312
v -1.236670 0.396308 -0.340437
v -1.224488 0.344051 -0.345995
v -1.209755 0.393504 -0.334726
v -1.207163 0.407845 -0.385605
v -1.233435 0.411074 -0.357856
v -1.201679 0.435534 -0.358071
v -1.191355 0.393563 -0.358323
v -1.190295 0.397544 -0.375282
v -1.169145 0.447383 -0.418827
v -1.148968 0.444378 -0.407235
v -1.161800 0.428477 -0.371245
v -1.163993 0.407269 -0.408144
v -1.179081 0.414108 -0.417085
v -1.176976 0.426008 -0.434140
v -1.133767 0.407588 -0.448971
v -1.165825 0.411746 -0.483709
v -1.142727 0.416363 -0.479596
v -1.163469 0.392545 -0.448310
v -1.182510 0.393747 -0.477080
v -1.145483 0.374241 -0.490851
v -1.179432 0.361633 -0.518324
v -1.175308 0.360533 -0.472666
v -1.213881 0.360758 -0.487247
v -1.204414 0.364382 -0.508676
v -1.239910 0.327806 -0.508010
v -1.207427 0.314548 -0.499145
v -1.223252 0.314903 -0.473440
v -1.228179 0.330486 -0.464387
v -1.249586 0.349391 -0.471706
v -1.290125 0.323221 -0.462453
v -1.274559 0.308441 -0.456206
v -1.280655 0.362332 -0.442059
v -1.293666 0.340613 -0.461383
v -1.267534 0.322351 -0.427527
v -1.264457 0.350423 -0.429750
v -1.312154 0.366051 -0.409424
v -1.293938 0.337615 -0.403276
v -1.295466 0.402097 -0.413023
v -1.294961 0.377186 -0.378943
v -1.268361 0.389255 -0.407993
v -1.292069 0.421916 -0.377219
v -1.268330 0.381726 -0.383460
v -1.259416 0.437177 -0.413600
v -1.268161 0.456946 -0.395018
v -1.247465 0.419222 -0.399409
v -1.240009 0.469740 -0.385161
v -1.254089 0.421844 -0.368502
v -1.231337 0.456657 -0.434498
v -1.227650 0.478170 -0.430515
v -1.204368 0.470263 -0.404557
v -1.220284 0.443686 -0.429867
v -1.198568 0.485926 -0.447323
v -1.196153 0.450829 -0.424886
v -1.215023 0.454074 -0.475994
v -1.174366 0.461763 -0.458243
v -1.198085 0.453314 -0.512884
v -1.175817 0.452912 -0.505644
v -1.202017 0.434213 -0.475941
v -1.219060 0.432749 -0.509013
v -1.182200 0.410996 -0.518673
v -1.213788 0.399808 -0.550207
v -1.223513 0.401760 -0.507286
v -1.254910 0.399890 -0.522176
v -1.242485 0.403368 -0.545082
v -1.222680 0.371888 -0.526595
v -1.272498 0.363369 -0.545617
v -1.259298 0.382796 -0.506722
v -1.291189 0.390120 -0.503508
v -1.324769 0.383635 -0.508812
v -1.332575 0.369227 -0.501362
v -1.315237 0.349957 -0.490393
v -1.266016 0.352924 -0.510178
v -1.320902 0.405938 -0.479678
v -1.299879 0.370348 -0.474017
v -1.317364 0.451121 -0.447842
v -1.354745 0.401223 -0.451699
v -1.328625 0.385747 -0.437346
v -1.310589 0.400669 -0.460838
v -1.333148 0.417976 -0.414310
v -1.342852 0.449433 -0.437390
v -1.330944 0.464513 -0.413033
v -1.293984 0.473503 -0.402714
v -1.307608 0.433573 -0.416068
v -1.291112 0.455025 -0.431845
v -1.282423 0.488854 -0.454694
v -1.277780 0.514281 -0.427894
v -1.253472 0.523061 -0.462699
v -1.243355 0.504252 -0.431635
v -1.245086 0.487369 -0.441712
v -1.251942 0.482460 -0.460494
v -1.254416 0.496434 -0.484679
v -1.218946 0.515353 -0.469166
v -1.239820 0.478055 -0.496235
v -1.246644 0.485623 -0.529518
v -1.234002 0.514296 -0.506122
v -1.217141 0.498668 -0.536524
v -1.205592 0.479816 -0.534359
v -1.232522 0.455778 -0.574231
v -1.210693 0.471737 -0.515861
v -1.270325 0.454851 -0.553042
v -1.262442 0.459359 -0.572785
v -1.236738 0.430695 -0.561265
v -1.247407 0.449850 -0.536423
v -1.274498 0.418696 -0.586172
v -1.275712 0.405729 -0.558136
v -1.308846 0.438373 -0.555289
v -1.299437 0.434492 -0.583125
v -1.345116 0.414156 -0.566172
v -1.335298 0.395412 -0.557112
v -1.322032 0.396195 -0.535926
v -1.310029 0.422603 -0.537508
v -1.359180 0.441543 -0.539109
v -1.368301 0.407547 -0.515213
v -1.386580 0.438149 -0.514720
v -1.348073 0.423332 -0.493286
v -1.352104 0.451899 -0.513529
v -1.388691 0.445113 -0.477554
v -1.354938 0.489080 -0.487303
v -1.379294 0.490765 -0.478750
v -1.365656 0.467781 -0.448993
v -1.344643 0.463366 -0.468695
v -1.364813 0.514047 -0.450827
v -1.331768 0.521874 -0.482329
v -1.327592 0.520237 -0.437672
v -1.319202 0.505276 -0.470367
v -1.317903 0.551114 -0.474420
v -1.310335 0.553650 -0.457303
v -1.307577 0.516974 -0.449321
v -1.275979 0.546560 -0.463656
v -1.286325 0.523115 -0.490584
v -1.287985 0.539856 -0.509501
v -1.258324 0.564346 -0.504729
v -1.261618 0.532278 -0.488341
v -1.236308 0.544263 -0.532225
v -1.257735 0.551185 -0.551364
v -1.264560 0.514319 -0.537244
v -1.279627 0.523695 -0.557419
v -1.250411 0.504991 -0.597621
v -1.242369 0.505662 -0.558267
v -1.307519 0.496420 -0.592687
v -1.308676 0.492187 -0.618948
v -1.305308 0.469042 -0.623544
v -1.300107 0.455138 -0.595257
v -1.299543 0.481844 -0.580144
v -1.364300 0.488273 -0.583351
v -1.378135 0.480912 -0.597438
v -1.378778 0.463689 -0.603586
v -1.367102 0.444396 -0.592363
v -1.353534 0.448006 -0.573326
v -1.351250 0.471671 -0.569696
v -1.392892 0.504614 -0.557204
v -1.419244 0.487731 -0.554975
v -1.415418 0.472417 -0.541723
v -1.412686 0.516203 -0.540883
v -1.420560 0.522476 -0.512967
v -1.409373 0.476985 -0.518256
v -1.391623 0.480479 -0.520480
v -1.380768 0.496606 -0.532963
v -1.386364 0.536776 -0.523555
v -1.392897 0.566828 -0.491404
v -1.390424 0.548838 -0.475308
v -1.377238 0.526651 -0.482933
v -1.366306 0.534020 -0.504482
v -1.354260 0.595410 -0.492036
v -1.360187 0.565088 -0.515468
v -1.327620 0.583368 -0.479938
v -1.330522 0.561596 -0.508118
v -1.304622 0.608078 -0.510103
v -1.313143 0.571833 -0.494813
v -1.325597 0.578565 -0.529373
v -1.312111 0.601842 -0.535631
v -1.265620 0.595750 -0.566715
v -1.270236 0.586585 -0.531048
v -1.290337 0.566112 -0.544618
v -1.302128 0.572262 -0.565438
v -1.310635 0.561206 -0.605838
v -1.294722 0.576385 -0.614115
v -1.277609 0.553696 -0.629789
v -1.273480 0.543297 -0.608148
v -1.296520 0.543338 -0.593412
v -1.337890 0.549438 -0.625816
v -1.338068 0.537690 -0.656507
v -1.334904 0.515200 -0.654944
v -1.325248 0.507251 -0.637694
v -1.338733 0.525313 -0.615148
v -1.346346 0.509799 -0.619087
v -1.396247 0.537456 -0.637090
v -1.404943 0.523808 -0.641922
v -1.400143 0.499957 -0.630312
v -1.380035 0.539627 -0.622398
v -1.441371 0.529908 -0.601508
v -1.381531 0.499254 -0.616163
v -1.430802 0.563178 -0.593154
v -1.403838 0.527558 -0.582043
v -1.408799 0.552670 -0.579769
v -1.442716 0.544122 -0.548154
v -1.426310 0.517928 -0.571650
v -1.412032 0.587555 -0.559702
v -1.450209 0.575068 -0.557658
v -1.430140 0.594587 -0.518887
v -1.403647 0.569135 -0.545386
v -1.408694 0.573628 -0.520169
v -1.394535 0.633190 -0.534919
v -1.386762 0.634821 -0.512243
v -1.385092 0.611109 -0.503101
v -1.374933 0.604216 -0.541273
v -1.353004 0.611369 -0.522597
v -1.343051 0.645627 -0.560558
v -1.325250 0.655237 -0.540099
v -1.322215 0.634865 -0.526232
v -1.339448 0.616239 -0.553776
v -1.333419 0.632061 -0.578741
v -1.293045 0.646362 -0.579635
v -1.317992 0.640580 -0.607267
v -1.315114 0.609598 -0.590682
v -1.293760 0.633686 -0.627641
v -1.282460 0.615257 -0.625655
v -1.333982 0.612951 -0.641326
v -1.285735 0.613345 -0.594128
v -1.324664 0.600790 -0.623208
v -1.333926 0.611703 -0.666950
v -1.331447 0.592306 -0.684200
v -1.317276 0.577054 -0.667175
v -1.372014 0.599418 -0.659971
v -1.364188 0.558950 -0.661987
v -1.364242 0.579727 -0.648732
v -1.398843 0.579778 -0.689650
v -1.389230 0.559009 -0.680793
v -1.431002 0.556915 -0.651268
v -1.403517 0.581220 -0.639093
v -1.425273 0.603132 -0.648163
v -1.442427 0.595086 -0.665435
v -1.472409 0.600196 -0.623815
v -1.460875 0.580419 -0.607294
v -1.438832 0.582829 -0.606768
v -1.428816 0.600942 -0.613128
v -1.441612 0.629744 -0.606932
v -1.460027 0.635344 -0.604263
v -1.463536 0.617572 -0.569101
v -1.460874 0.650861 -0.568109
v -1.426433 0.623861 -0.579574
v -1.420256 0.661032 -0.579545
v -1.436515 0.657376 -0.540117
v -1.426198 0.680832 -0.560743
v -1.424387 0.639580 -0.543255
v -1.396685 0.651773 -0.565481
v -1.374898 0.696709 -0.545661
v -1.372058 0.676984 -0.538327
v -1.384589 0.675427 -0.580523
v -1.360256 0.685723 -0.593394
v -1.325811 0.691687 -0.570861
v -1.345493 0.665363 -0.569484
v -1.342397 0.665818 -0.600249
v -1.340110 0.706785 -0.588787
v -1.301136 0.673062 -0.619469
v -1.341437 0.668312 -0.623027
v -1.337895 0.681902 -0.639354
v -1.307972 0.695632 -0.624076
v -1.309231 0.668396 -0.672871
v -1.316624 0.656924 -0.624813
v -1.318883 0.641807 -0.671318
v -1.347045 0.650353 -0.657462
v -1.368758 0.660986 -0.683719
v -1.343853 0.643473 -0.711274
v -1.354966 0.623376 -0.690471
v -1.353315 0.662789 -0.705743
v -1.379819 0.637802 -0.678160
v -1.413415 0.657700 -0.690279
v -1.417380 0.640530 -0.721407
v -1.408358 0.617304 -0.711662
v -1.446663 0.665700 -0.688506
v -1.419101 0.614782 -0.688518
v -1.425047 0.635584 -0.670111
v -1.480785 0.656068 -0.678222
v -1.468338 0.627973 -0.677565
v -1.439361 0.652266 -0.659165
v -1.472939 0.687374 -0.649214
v -1.456808 0.691779 -0.634206
v -1.492740 0.684558 -0.629724
v -1.484914 0.670111 -0.606333
v -1.465602 0.646288 -0.630927
v -1.450115 0.670138 -0.624012
v -1.458377 0.724563 -0.580162
v -1.448982 0.706885 -0.566843
v -1.427847 0.695180 -0.586918
v -1.435899 0.714902 -0.610081
v -1.441257 0.738449 -0.585636
v -1.392567 0.750135 -0.571803
v -1.381921 0.733628 -0.567210
v -1.390290 0.713128 -0.578162
v -1.392422 0.718776 -0.600477
v -1.389788 0.739068 -0.607771
v -1.366055 0.756181 -0.608773
v -1.341735 0.751059 -0.599658
v -1.353338 0.737763 -0.657745
v -1.314873 0.740356 -0.650376
v -1.325263 0.724143 -0.621206
v -1.354232 0.716459 -0.624655
v -1.334897 0.745906 -0.667481
v -1.329720 0.717188 -0.713991
v -1.330685 0.698462 -0.694687
v -1.347538 0.696377 -0.688472
v -1.355227 0.710595 -0.675894
v -1.369856 0.723806 -0.707588
v -1.366324 0.723418 -0.729460
v -1.394867 0.705399 -0.751063
v -1.389824 0.680321 -0.741299
v -1.390910 0.683080 -0.715630
v -1.398061 0.700155 -0.707884
v -1.423676 0.720534 -0.723806
v -1.438352 0.676697 -0.728900
v -1.447803 0.720295 -0.734972
v -1.464371 0.700963 -0.737993
v -1.481932 0.690935 -0.699963
v -1.455432 0.689606 -0.698830
v -1.448684 0.717550 -0.698610
v -1.502749 0.732574 -0.687970
v -1.504589 0.724307 -0.662372
v -1.483047 0.751701 -0.674538
v -1.469354 0.716430 -0.660979
v -1.464517 0.743858 -0.661391
v -1.481411 0.776257 -0.634431
v -1.492471 0.764275 -0.620436
v -1.489956 0.731430 -0.626572
v -1.448037 0.776188 -0.634969
v -1.447512 0.771042 -0.589790
v -1.447126 0.749244 -0.620050
v -1.425364 0.801882 -0.619361
v -1.430127 0.801132 -0.595062
v -1.397028 0.787855 -0.590632
v -1.398625 0.771716 -0.600944
v -1.402604 0.773566 -0.624211
v -1.382514 0.804698 -0.638898
v -1.375792 0.811918 -0.612927
v -1.394516 0.787735 -0.635109
v -1.330251 0.798229 -0.658785
v -1.343542 0.788748 -0.624886
v -1.360953 0.771470 -0.659720
v -1.367399 0.791220 -0.673983
v -1.344152 0.800970 -0.694247
v -1.325501 0.783547 -0.706824
v -1.332180 0.765210 -0.691890
v -1.365993 0.789381 -0.713605
v -1.358951 0.754279 -0.713855
v -1.375093 0.766894 -0.712517
v -1.356754 0.784074 -0.748862
v -1.384174 0.763128 -0.771471
v -1.361506 0.747998 -0.747207
v -1.410131 0.782505 -0.747290
v -1.437917 0.746295 -0.770471
v -1.417018 0.740178 -0.750320
v -1.418166 0.761559 -0.735687
v -1.450310 0.777560 -0.773048
v -1.462981 0.791673 -0.737405
v -1.500535 0.770201 -0.738918
v -1.481397 0.750511 -0.730658
v -1.463297 0.770599 -0.716420
v -1.513919 0.799147 -0.708080
v -1.479763 0.819898 -0.684778
v -1.509048 0.787549 -0.671193
v -1.472909 0.797863 -0.680702
v -1.499719 0.830070 -0.672437
v -1.499587 0.829653 -0.646523
v -1.487621 0.788190 -0.662729
v -1.453560 0.837381 -0.657830
v -1.459871 0.848400 -0.617838
v -1.476223 0.816363 -0.623626
v -1.451949 0.815252 -0.649198
v -1.412932 0.866624 -0.634493
v -1.407261 0.862830 -0.617723
v -1.424256 0.825092 -0.622441
v -1.410872 0.856637 -0.652104
v -1.355386 0.865953 -0.667508
v -1.345129 0.851850 -0.653548
v -1.399485 0.841686 -0.613905
v -1.408376 0.830826 -0.645871
v -1.360266 0.850184 -0.694617
v -1.282628 0.860059 -0.714810
v -1.275641 0.822654 -0.702020
vn -0.5410 -0.4361 -0.7191
vn 0.4760 -0.4461 -0.7579
vn 0.9893 -0.0382 -0.1405
vn 0.6332 0.4923 0.5972
vn -0.4966 0.5333 0.6848
vn -0.9871 0.1472 0.0634
vn -0.0011 -0.7262 -0.6874
vn 0.9206 -0.3459 -0.1812
vn -0.4333 0.7080 0.5577
vn -0.8615 -0.3133 -0.3996
vn 0.3621 -0.9223 -0.1347
vn -0.3056 -0.9516 -0.0332
vn 0.9089 0.1563 0.3866
vn 0.4521 0.8913 0.0338
vn -0.8464 -0.4127 -0.3365
vn -0.0848 -0.8497 0.5204
vn 0.7530 -0.2972 0.5870
vn -0.2836 0.8408 -0.4611
vn -0.0361 0.7428 -0.6686
vn -0.3026 0.0619 -0.9511
vn -0.7219 -0.4373 0.5364
vn 0.0122 -0.2232 0.9747
vn -0.8982 -0.2245 0.3780
vn 0.5969 0.3634 0.7154
vn 0.8920 0.3175 -0.3217
vn 0.1732 0.0320 -0.9844
vn -0.5791 -0.6530 -0.4881
vn -0.3847 0.4913 0.7815
vn 0.5313 0.7224 0.4426
vn 0.9836 0.0512 -0.1728
vn 0.4242 -0.7540 -0.5015
vn -0.6250 -0.7699 -0.1289
vn -0.9770 0.2132 -0.0004
vn -0.2638 0.9409 0.2123
vn 0.5985 0.8010 -0.0140
vn 0.9815 -0.1339 0.1368
vn 0.3085 -0.9092 0.2795
vn -0.8065 -0.5578 0.1961
vn -0.9233 0.2423 -0.2979
vn -0.1537 0.8054 -0.5725
vn 0.9008 -0.0878 0.4253
vn 0.5746 0.5192 -0.6326
vn -0.4106 -0.4839 0.7728
vn -0.7492 -0.0206 -0.6621
vn 0.3583 -0.0286 -0.9332
vn 0.6794 0.2613 0.6857
vn -0.6106 0.3096 0.7289
vn -0.3331 -0.5167 -0.7887
vn 0.9647 -0.0397 -0.2604
vn -0.6405 -0.6564 -0.3985
vn 0.4747 -0.7196 -0.5067
vn -0.7019 0.5802 0.4132
vn 0.9558 -0.2603 0.1368
vn 0.6182 0.6406 0.4555
vn 0.4885 -0.8527 0.1851
vn -0.5165 0.8252 -0.2286
vn -0.8525 0.1363 -0.5047
vn -0.0904 -0.7259 0.6818
vn 0.3135 0.7632 -0.5650
vn -0.5253 -0.8494 -0.0505
vn 0.7999 -0.0196 0.5999
vn -0.1578 0.1469 -0.9765
vn -0.7416 -0.4335 0.5119
vn -0.0938 -0.2172 0.9716
vn -0.9016 -0.2280 0.3676
vn 0.6026 0.2635 0.7533
vn 0.8474 0.4520 -0.2786
vn 0.2578 -0.1741 -0.9504
vn -0.5638 -0.6599 -0.4966
vn -0.3828 0.4898 0.7833
vn 0.5319 0.7261 0.4357
vn 0.9785 0.0552 -0.1986
vn 0.3959 -0.7673 -0.5045
vn -0.6250 -0.7699 -0.1290
vn -0.9702 0.2418 -0.0159
vn -0.2170 0.9540 0.2071
vn 0.3394 0.9256 -0.1676
vn 0.9874 -0.0788 0.1370
vn 0.3120 -0.9096 0.2743
vn -0.7831 -0.5704 0.2479
vn -0.8633 0.3621 -0.3516
vn -0.1400 0.5549 -0.8200
vn 0.9002 -0.0443 0.4332
vn 0.7804 0.4980 -0.3781
vn -0.0515 -0.3380 0.9397
vn -0.9595 -0.0736 0.2718
vn -0.6227 -0.0238 -0.7821
vn 0.3825 -0.0597 -0.9220
vn -0.3394 -0.5208 -0.7833
vn 0.9739 -0.0367 -0.2240
vn 0.6595 -0.6588 -0.3619
vn 0.6572 0.3754 0.6536
vn -0.3887 0.5447 0.7431
vn -0.5949 -0.6924 -0.4082
vn 0.3112 -0.9323 0.1840
vn 0.8795 0.3509 0.3215
vn -0.6062 0.7309 -0.3136
vn -0.8332 0.0966 -0.5444
vn 0.7226 -0.3128 0.6164
vn 0.1843 -0.4414 0.8782
vn 0.1593 0.7376 -0.6561
vn 0.0458 -0.1481 -0.9879
vn -0.6726 -0.6959 0.2517
vn -0.8245 -0.2230 0.5201
vn -0.1302 0.1878 0.9735
vn 0.6426 0.2939 0.7076
vn 0.8796 0.3006 -0.3686
vn 0.1805 -0.6718 -0.7184
vn -0.9957 0.0400 0.0838
vn -0.4111 0.7426 0.5288
vn 0.5374 0.6931 0.4805
vn 0.9862 0.0012 -0.1656
vn -0.6806 -0.7302 -0.0600
vn -0.2956 0.9287 -0.2239
vn 0.5892 0.8059 0.0573
vn 0.9843 -0.1411 0.1058
vn -0.6803 -0.6026 0.4173
vn -0.9546 0.1546 -0.2546
vn 0.2415 -0.8775 0.4142
vn -0.4572 0.4406 -0.7725
vn 0.6482 0.5337 -0.5431
vn 0.8762 -0.0408 0.4801
vn -0.4655 -0.3345 0.8194
vn -0.9345 -0.1840 -0.3049
vn -0.1717 -0.1457 -0.9743
vn 0.8769 0.2014 -0.4365
vn -0.4677 0.2810 0.8380
vn 0.4540 -0.4329 -0.7788
vn -0.9377 -0.1588 -0.3090
vn -0.3091 -0.7332 -0.6057
vn 0.9796 -0.1868 -0.0740
vn 0.6399 0.4065 0.6521
vn -0.7296 0.6269 0.2735
vn 0.5486 -0.8234 -0.1447
vn -0.3992 -0.9154 -0.0520
vn 0.6200 -0.6810 0.3897
vn -0.5902 0.7898 -0.1672
vn -0.5727 -0.7777 0.2593
vn 0.3717 -0.2677 0.8889
vn 0.8690 0.3183 0.3789
vn 0.1559 0.5130 -0.8441
vn -0.6531 -0.2636 -0.7099
vn 0.0004 0.3259 -0.9454
vn -0.9050 -0.4126 -0.1040
vn -0.6777 -0.2611 0.6875
vn -0.0163 0.3061 0.9519
vn 0.6931 0.4661 0.5498
vn -0.6635 0.4375 0.6069
vn 0.8857 0.3350 -0.3215
vn -0.0586 -0.7292 -0.6818
vn -0.9797 0.1766 0.0953
vn 0.3111 0.8837 0.3498
vn 0.9680 -0.2425 -0.0651
vn -0.1682 -0.9678 0.1874
vn -0.7784 0.4803 -0.4041
vn -0.0219 0.9926 -0.1199
vn 0.8317 0.5433 -0.1149
vn 0.5986 -0.6500 0.4683
vn -0.9373 -0.3420 0.0669
vn -0.5941 0.2415 -0.7673
vn 0.1430 0.6482 -0.7479
vn 0.8572 0.3460 -0.3815
vn -0.1907 -0.2854 0.9393
vn -0.9560 -0.1138 0.2704
vn -0.5728 -0.2723 -0.7731
vn 0.4597 -0.0329 -0.8875
vn 0.7342 0.1673 0.6580
vn 0.5177 -0.5614 -0.6456
vn -0.0387 0.4807 0.8760
vn -0.9530 0.3023 -0.0204
vn -0.5229 -0.5978 -0.6076
vn 0.9969 0.0702 0.0344
vn -0.0830 0.9000 0.4280
vn 0.0040 -0.9820 -0.1889
vn 0.8488 -0.5244 0.0681
vn -0.7792 0.5308 -0.3333
vn 0.8910 0.2753 0.3609
vn 0.2521 0.9677 0.0038
vn -0.1323 -0.8875 0.4413
vn 0.6210 -0.4903 0.6115
vn -0.3047 0.1744 -0.9363
vn -0.7715 -0.6313 -0.0795
vn 0.4312 0.7693 -0.4714
vn 0.1574 -0.0835 0.9840
vn 0.7967 0.2488 0.5508
vn -0.7034 -0.4748 0.5290
vn -0.5017 0.2209 0.8363
vn -0.3183 -0.4306 -0.8446
vn 0.4509 0.6330 0.6293
vn 0.3974 -0.2609 -0.8798
vn -0.9704 -0.2383 0.0400
vn -0.5572 0.6747 0.4841
vn 0.5910 0.7946 0.1392
vn -0.3226 -0.9101 -0.2600
vn 0.8520 -0.5131 -0.1040
vn -0.9925 -0.0836 -0.0895
vn -0.5285 0.8333 -0.1621
vn 0.9248 0.3789 0.0334
vn 0.2615 0.8261 -0.4993
vn 0.6052 -0.6553 0.4519
vn -0.5030 -0.6621 0.5555
vn -0.6114 0.3372 -0.7159
vn 0.8093 -0.2433 0.5347
vn -0.8621 -0.1987 -0.4661
vn 0.1035 0.1744 -0.9792
vn 0.8706 0.2742 -0.4084
vn -0.4678 -0.2072 0.8592
vn 0.6854 0.2486 0.6844
vn -0.9771 0.0737 0.1997
vn 0.5490 -0.4099 -0.7284
vn -0.0047 0.5099 0.8602
vn -0.5259 -0.5091 -0.6814
vn -0.7927 0.6089 -0.0284
vn -0.3143 -0.8958 -0.3142
vn 0.4750 -0.8769 -0.0728
vn 0.9456 -0.3155 0.0794
vn 0.9987 0.0074 0.0504
vn -0.0364 0.9884 0.1477
vn -0.6117 -0.7887 0.0614
vn 0.2321 -0.7635 0.6026
vn 0.8510 -0.2041 0.4839
vn 0.7963 0.5923 0.1230
vn 0.0124 0.9067 -0.4217
vn -0.7580 -0.0438 -0.6508
vn -0.2525 -0.2931 0.9221
vn 0.6829 0.1752 0.7091
vn 0.7666 0.4990 -0.4042
vn 0.2560 0.3048 -0.9174
vn -0.4152 -0.6647 -0.6212
vn -0.8510 -0.3388 0.4012
vn -0.7305 0.1531 0.6655
vn 0.1726 0.6288 0.7582
vn 0.4389 -0.2602 -0.8600
vn -0.6104 0.7176 0.3354
vn -0.2294 -0.9706 -0.0724
vn -0.9859 -0.1614 0.0440
vn 0.5100 0.8325 0.2164
vn 0.9500 -0.2878 -0.1207
vn -0.5174 0.8407 -0.1598
vn -0.3296 -0.8079 0.4885
vn 0.1724 0.8553 -0.4886
vn -0.8999 0.1856 -0.3947
vn -0.3305 0.2972 -0.8958
vn 0.8536 -0.3749 0.3618
vn -0.8667 -0.2193 0.4480
vn 0.4112 0.0649 -0.9092
vn 0.7380 0.4658 -0.4882
vn 0.7138 0.1681 0.6799
vn 0.0322 -0.3014 0.9530
vn -0.9305 0.1968 0.3088
vn -0.6687 -0.2529 -0.6992
vn 0.3851 -0.4814 -0.7874
vn 0.9943 0.1057 -0.0113
vn 0.0077 0.5794 0.8150
vn -0.0675 -0.8257 -0.5601
vn -0.8526 0.5187 -0.0629
vn -0.7432 -0.6242 -0.2409
vn 0.2733 -0.9617 0.0203
vn 0.9797 -0.1968 0.0380
vn 0.3367 0.8945 0.2940
vn 0.6692 -0.5753 0.4702
vn -0.8559 -0.5135 -0.0603
vn -0.2495 -0.8594 0.4463
vn -0.7456 0.1652 -0.6456
vn 0.5152 -0.2603 0.8166
vn 0.9056 0.3365 0.2584
vn 0.3778 0.7687 -0.5160
vn -0.4917 -0.3598 0.7930
vn 0.5968 0.3342 0.7295
vn -0.8647 -0.4404 -0.2416
vn 0.5481 -0.0169 -0.8362
vn -0.3969 0.4446 0.8030
vn 0.5764 0.6246 0.5269
vn 0.1832 -0.6985 -0.6918
vn -0.9336 -0.3003 0.1953
vn -0.7397 0.5698 0.3582
vn 0.9583 0.2465 -0.1449
vn -0.1937 -0.9786 -0.0696
vn 0.6550 -0.7280 -0.2025
vn -0.9968 -0.0773 0.0201
vn -0.4583 0.8526 -0.2509
vn 0.3641 0.9273 0.0870
vn 0.9525 -0.2918 0.0876
vn -0.3595 -0.7333 0.5771
vn -0.5178 0.5600 -0.6467
vn 0.7316 0.5720 -0.3708
vn 0.4926 -0.3119 0.8125
vn -0.7999 -0.2219 0.5577
vn -0.9111 -0.1197 -0.3944
vn -0.1882 0.1122 -0.9757
vn 0.6597 0.3593 -0.6601
vn 0.5576 -0.2128 -0.8024
vn -0.7979 0.3718 0.4746
vn -0.6880 -0.4020 -0.6042
vn -0.0971 -0.7430 -0.6622
vn 0.3167 0.3134 0.8953
vn 0.8205 -0.4826 -0.3065
vn 0.9890 0.1471 0.0158
vn -0.8139 0.5708 0.1089
vn -0.1384 -0.9663 -0.2168
vn -0.7739 -0.6310 -0.0539
vn 0.7990 -0.5544 0.2331
vn 0.7093 0.6679 0.2254
vn -0.8177 0.2483 -0.5193
vn -0.1035 -0.8597 0.5002
vn 0.0712 0.9377 -0.3400
vn -0.7660 -0.1756 -0.6183
vn 0.5023 -0.2996 0.8111
vn 0.8889 0.3607 0.2825
vn -0.5830 -0.4933 0.6456
vn 0.2817 0.3831 -0.8797
vn -0.0716 0.1710 0.9827
vn 0.7430 0.2600 -0.6167
vn -0.4638 -0.5639 -0.6833
vn 0.5615 0.6517 0.5100
vn -0.4664 -0.8390 -0.2804
vn -0.9290 -0.2002 0.3114
vn -0.4394 0.7173 0.5407
vn 0.4365 0.8973 0.0662
vn 0.9401 0.2919 -0.1763
vn 0.6404 -0.6501 -0.4090
vn -0.5092 -0.8216 0.2561
vn -0.9913 0.1313 -0.0047
vn -0.4033 0.8932 -0.1987
vn 0.7813 0.5542 -0.2872
vn 0.6840 -0.5665 0.4596
vn -0.9794 -0.0983 -0.1765
vn -0.5277 0.3709 -0.7642
vn 0.3722 0.5779 -0.7263
vn -0.5900 -0.3367 0.7338
vn 0.5372 -0.0717 0.8404
vn -0.9458 -0.0855 0.3133
vn -0.6607 -0.3157 -0.6810
vn 0.2372 -0.1463 -0.9604
vn 0.9469 0.1945 -0.2559
vn 0.7306 -0.3629 -0.5783
vn 0.1178 0.5577 0.8217
vn -0.8288 -0.5235 -0.1976
vn -0.0331 -0.8588 -0.5113
vn -0.2946 0.6987 0.6520
vn -0.8085 0.5744 0.1283
vn 0.8374 -0.5455 -0.0344
vn 0.6457 0.7574 0.0964
vn -0.1615 -0.9708 0.1772
vn -0.9105 -0.4129 0.0227
vn -0.1779 -0.6878 0.7038
vn 0.7144 -0.4821 0.5072
vn 0.3249 0.8926 -0.3126
vn -0.6417 0.4794 -0.5986
vn 0.9351 0.2416 0.2591
vn -0.7745 -0.1333 -0.6183
vn -0.5229 -0.3505 0.7770
vn 0.6042 0.0880 0.7920
vn 0.4985 0.2799 -0.8205
vn -0.8433 -0.0729 0.5325
vn 0.0335 0.6206 0.7834
vn 0.8291 0.5147 0.2182
vn -0.4010 -0.7120 -0.5764
vn -0.6099 -0.6391 0.4686
vn -0.4981 0.8402 0.2145
vn 0.4523 0.8904 0.0501
vn 0.9358 0.1751 -0.3058
vn 0.6594 -0.7360 -0.1535
vn -0.8999 0.4356 0.0212
vn 0.1642 0.8055 -0.5695
vn 0.9220 0.2441 -0.3005
vn 0.6964 -0.6303 0.3432
vn -0.7977 -0.3268 0.5068
vn -0.7862 0.2830 -0.5493
vn 0.1253 0.3495 -0.9285
vn 0.9641 0.1822 -0.1932
vn -0.4481 0.0292 0.8935
vn -0.9649 -0.2204 -0.1431
vn -0.2791 -0.3051 -0.9105
vn 0.6191 -0.0328 -0.7846
vn 0.3258 0.1592 0.9319
vn 0.4519 -0.5862 -0.6724
vn -0.7074 0.4864 0.5128
vn -0.3611 -0.8490 -0.3857
vn 0.9856 0.1291 -0.1092
vn 0.8376 -0.5197 -0.1682
vn -0.0623 0.9416 0.3310
vn -0.9103 0.3843 -0.1540
vn -0.8953 -0.4416 0.0584
vn 0.0120 -0.9829 0.1836
vn 0.6067 0.7908 -0.0804
vn -0.2674 -0.7197 0.6407
vn 0.8988 -0.2632 0.3506
vn 0.5290 0.6339 -0.5642
vn -0.1981 -0.2221 0.9547
vn 0.7610 0.1356 0.6344
vn -0.5238 0.1608 -0.8365
vn -0.8564 -0.3921 0.3358
vn 0.8381 0.3500 -0.4185
vn -0.5004 0.2504 0.8288
vn 0.3913 0.6830 0.6168
vn 0.1818 -0.4275 -0.8856
vn -0.6363 -0.7460 -0.1967
vn -0.7360 0.4310 0.5220
vn 0.3912 0.9061 0.1614
vn 0.8983 0.2053 -0.3886
vn -0.1544 -0.8652 0.4771
vn -0.9403 -0.0383 0.3381
vn -0.4529 0.8807 -0.1387
vn 0.5285 0.7341 -0.4264
vn 0.5490 -0.8344 -0.0481
vn 0.0161 0.6580 -0.7529
vn -0.7426 0.2935 -0.6020
vn 0.8897 0.2191 -0.4006
vn 0.6139 -0.3682 0.6983
vn -0.3277 -0.3577 0.8744
vn -0.9834 -0.0974 0.1530
vn 0.4449 0.2272 -0.8663
vn -0.1408 -0.2791 -0.9499
vn -0.4777 0.5482 0.6865
vn -0.9187 -0.3435 -0.1948
vn 0.7176 0.4076 0.5647
vn -0.5035 -0.8327 -0.2305
vn 0.4019 -0.7002 -0.5901
vn 0.8431 -0.0831 -0.5313
vn -0.6810 0.6805 0.2703
vn 0.9479 -0.2262 -0.2241
vn 0.5203 0.8537 0.0217
vn -0.7676 -0.5933 0.2426
vn 0.5500 -0.8278 0.1106
vn -1.0000 -0.0044 0.0002
vn -0.1373 0.8966 -0.4210
vn -0.1489 -0.7793 0.6087
vn 0.0794 -0.4256 0.9014
vn 0.8961 -0.1466 0.4190
vn 0.8949 0.3594 -0.2646
vn -0.8384 -0.4402 0.3213
vn -0.5714 0.0108 -0.8206
vn -0.1368 0.0070 0.9906
vn 0.5204 0.2285 -0.8228
vn 0.3623 0.7433 0.5623
vn -0.4975 -0.8219 -0.2774
vn -0.7426 -0.1577 0.6509
vn -0.1883 0.8090 0.5568
vn 0.8219 0.4496 0.3498
vn 0.5966 0.7466 -0.2942
vn 0.7142 -0.4230 -0.5576
vn -0.3319 -0.7143 0.6162
vn -0.8549 0.3883 0.3441
vn -0.1626 0.9424 -0.2924
vn -0.6258 0.5478 -0.5553
vn 0.6104 0.3488 -0.7111
vn 0.7444 -0.6281 0.2267
vn -0.9628 0.0656 0.2621
vn -0.3034 -0.1599 0.9394
vn -0.8582 -0.0894 -0.5055
vn -0.1507 0.0471 -0.9875
vn 0.7187 0.1121 -0.6863
vn 0.8725 0.0433 0.4867
vn -0.9428 -0.1746 0.2838
vn -0.2747 0.5278 0.8037
vn -0.6316 -0.6758 -0.3800
vn 0.2016 -0.5145 -0.8335
vn 0.8754 -0.0395 -0.4817
vn 0.7465 0.5403 0.3882
vn -0.7795 -0.4993 0.3781
vn -0.7066 0.6443 0.2926
vn 0.0767 -0.9965 -0.0317
vn 0.8062 -0.4330 -0.4031
vn 0.6076 0.7746 -0.1756
vn -0.7256 -0.4429 0.5266
vn 0.0811 -0.7196 0.6896
vn 0.8784 -0.4383 0.1905
vn 0.8114 0.4218 -0.4046
vn -0.2666 0.8475 -0.4589
vn -0.9782 0.2067 0.0191
vn -0.3466 -0.3187 0.8822
vn 0.7351 0.1001 0.6705
vn 0.6345 0.3435 -0.6924
vn 0.7411 0.5589 0.3720
vn -0.5911 -0.4755 -0.6515
vn -0.0133 0.5082 0.8611
vn 0.7327 0.2617 -0.6282
vn -0.4405 -0.8765 0.1944
vn -0.6225 -0.1961 0.7576
vn 0.4949 0.8615 -0.1137
vn -0.4090 0.7424 0.5307
vn 0.3289 -0.7620 -0.5579
vn 0.3300 -0.9435 -0.0288
vn -0.1124 -0.6718 0.7321
vn -0.4757 0.8790 -0.0334
vn -0.0551 0.5749 -0.8164
vn 0.5147 0.5115 -0.6880
vn 0.8589 -0.4906 0.1471
vn -0.8324 0.1379 0.5367
vn -0.8670 0.3070 -0.3926
vn -0.2075 0.1789 -0.9617
vn 0.3159 -0.2055 0.9263
vn 0.9834 -0.0534 0.1735
vn -0.9323 -0.3520 -0.0830
vn -0.4582 -0.3987 -0.7944
vn 0.3899 -0.0758 -0.9177
vn 0.1296 0.4019 0.9065
vn 0.2597 -0.5883 -0.7659
vn 0.5227 0.7504 0.4046
vn 0.0141 0.9105 0.4133
vn -0.8067 -0.4770 0.3489
vn -0.2912 -0.9473 -0.1334
vn 0.8565 0.1588 -0.4911
vn 0.5901 -0.7127 -0.3794
vn -0.7247 -0.2335 0.6483
vn 0.1684 -0.9091 0.3809
vn -0.0206 0.9907 -0.1345
vn -0.6297 0.7536 -0.1885
vn 0.1264 -0.6223 0.7725
vn -0.9735 0.2148 -0.0780
vn 0.9750 -0.2180 -0.0436
vn 0.1117 0.4311 -0.8953
vn -0.7294 -0.3669 -0.5774
vn -0.5562 -0.2739 0.7846
vn 0.5562 -0.0582 0.8290
vn 0.6696 0.4103 0.6191
vn -0.5100 -0.1258 -0.8509
vn -0.5969 -0.8023 -0.0094
vn -0.2764 0.3378 0.8997
vn 0.3275 0.9439 0.0432
vn 0.7080 0.5852 -0.3952
vn 0.4159 -0.2658 -0.8697
vn -0.1840 -0.7442 0.6421
vn -0.3458 0.9152 0.2071
vn -0.0334 0.7520 -0.6584
vn 0.3339 -0.9212 -0.1995
vn 0.2443 -0.3276 0.9127
vn -0.5194 0.1851 0.8342
vn -0.8116 0.5704 0.1264
vn 0.9186 -0.3851 0.0884
vn -0.8276 0.3194 -0.4616
vn 0.2184 0.2519 -0.9428
vn -0.0616 -0.0164 -0.9980
vn 0.9024 -0.0077 -0.4308
vn 0.8434 -0.0436 0.5355
vn 0.2237 0.2128 0.9511
vn -0.8759 -0.0389 0.4809
vn -0.8288 -0.5397 0.1475
vn -0.6988 -0.4040 -0.5903
vn 0.1140 -0.4837 -0.8678
vn 0.8532 0.3888 -0.3477
vn -0.1801 0.7566 0.6285
vn -0.5762 -0.4400 0.6887
vn -0.2222 -0.9525 -0.2081
vn 0.4957 0.8674 -0.0425
vn 0.5818 -0.7930 -0.1808
vn 0.5931 -0.3671 -0.7165
vn -0.1266 0.8068 -0.5772
vn -0.8607 0.4041 0.3095
vn -0.0698 -0.6945 0.7161
vn 0.9166 -0.3930 0.0731
vn 0.2193 -0.2767 0.9356
vn 0.9046 0.2338 0.3565
vn 0.5240 0.2155 -0.8240
vn -0.6548 0.2044 -0.7277
vn -0.7986 -0.3709 0.4740
vn -0.1541 0.0110 0.9880
vn 0.4005 0.5342 0.7445
vn 0.6295 0.7346 -0.2531
vn -0.5407 -0.6171 -0.5717
vn -0.3364 -0.8506 0.4041
vn -0.2060 -0.0902 0.9744
vn -0.1216 0.8725 0.4732
vn 0.1022 0.7667 -0.6339
vn 0.3337 0.0554 -0.9411
vn 0.2609 -0.9512 -0.1647
vn -0.6094 0.7854 0.1090
vn -0.3377 0.4200 -0.8423
vn 0.5458 -0.5800 0.6047
vn -0.5318 0.1933 0.8245
vn -0.9575 0.2869 -0.0284
vn 0.5236 -0.2009 -0.8280
vn 0.5301 0.1879 0.8268
vn -0.5801 -0.0945 -0.8091
vn 0.9942 0.0123 0.1066
vn -0.5272 -0.0482 0.8484
vn -0.9214 -0.3854 0.0500
vn -0.2708 -0.7107 -0.6493
vn 0.3989 -0.1306 -0.9076
vn 0.7540 0.6352 -0.1673
vn -0.0521 0.6349 0.7708
vn -0.5595 -0.6010 0.5707
vn 0.4697 0.0061 -0.8828
vn -0.1289 -0.8831 0.4511
vn 0.2775 -0.8485 -0.4505
vn 0.6656 -0.5857 -0.4625
vn 0.3588 0.3223 -0.8760
vn -0.0007 0.9012 -0.4333
vn -0.6622 0.6565 0.3612
vn 0.5049 -0.6797 0.5321
vn -0.1393 -0.2474 0.9588
vn 0.9664 -0.2241 -0.1261
vn -0.4105 0.4583 -0.7883
vn 0.6121 -0.0213 0.7905
vn -0.9744 -0.1666 -0.1509
vn 0.8171 0.5395 0.2033
vn 0.6466 0.2069 -0.7342
vn -0.5866 -0.2735 -0.7623
vn -0.5930 -0.6358 0.4941
vn 0.3245 0.9157 0.2368
vn 0.3419 0.3854 -0.8571
vn -0.0394 -0.8278 -0.5596
vn 0.1355 -0.7760 0.6160
vn -0.0118 0.2483 0.9686
vn -0.0767 0.8011 -0.5935
vn -0.6218 0.7723 -0.1301
vn -0.3483 0.6603 0.6654
vn 0.2911 -0.2670 -0.9187
vn 0.6202 -0.7826 0.0542
vn 0.8776 -0.3660 0.3096
vn -0.8916 0.2339 0.3878
vn -0.6416 0.2957 -0.7078
vn 0.0455 -0.1318 -0.9902
vn 0.9679 0.0537 -0.2455
vn -0.8892 -0.4476 -0.0953
vn -0.4662 -0.3989 -0.7896
vn 0.3726 0.5943 0.7128
vn -0.6299 -0.1569 0.7607
vn -0.3841 -0.8028 0.4559
vn -0.0915 -0.8093 -0.5802
vn 0.2664 -0.1844 -0.9460
vn 0.5321 0.7194 -0.4465
vn 0.3094 -0.9357 -0.1698
vn -0.2826 0.8576 0.4296
vn -0.3619 -0.0400 0.9314
vn 0.2150 -0.6737 0.7071
vn -0.0758 0.7719 -0.6312
vn 0.8188 -0.5182 -0.2471
vn 0.8570 -0.3391 0.3881
vn 0.4860 -0.2371 -0.8412
vn -0.8569 0.2826 -0.4312
vn -0.8255 0.0152 0.5641
vn 0.8696 0.1285 -0.4768
vn 0.2491 -0.1397 0.9584
vn 0.7925 0.3777 0.4788
vn 0.5845 0.6467 -0.4900
vn 0.0265 0.0784 -0.9966
vn -0.6521 -0.5737 -0.4957
vn -0.5115 -0.7816 0.3571
vn 0.2956 0.9488 0.1114
vn -0.0414 0.4111 -0.9106
vn 0.0375 -0.7983 -0.6010
vn 0.0090 0.4262 0.9046
vn -0.4858 0.8741 -0.0005
vn 0.4642 -0.4017 0.7894
vn -0.4349 0.3942 0.8096
vn 0.7478 -0.5371 -0.3902
vn -0.9437 0.2556 -0.2099
vn -0.2656 0.1449 -0.9531
vn -0.8872 -0.0408 0.4596
vn 0.3663 -0.1080 -0.9242
vn 0.9655 -0.0058 -0.2604
vn -0.2566 0.0628 0.9645
vn -0.8651 -0.4911 -0.1019
vn -0.4362 -0.3402 -0.8331
vn 0.6115 0.3022 0.7313
vn -0.4278 -0.8680 -0.2522
vn 0.7530 0.5210 -0.4018
vn 0.0431 0.8297 0.5565
vn -0.4627 -0.4583 0.7588
vn 0.0551 -0.8591 0.5088
vn 0.2414 -0.7820 -0.5746
vn 0.1057 -0.3337 -0.9367
vn 0.0008 0.8631 -0.5050
vn -0.4569 0.8259 0.3303
vn 0.6876 -0.5986 0.4109
vn 0.7136 -0.5839 -0.3872
vn 0.3397 0.0223 -0.9403
vn -0.5548 0.6538 -0.5145
vn -0.9125 0.0066 0.4091
vn 0.1416 -0.2641 0.9540
vn -0.5489 0.2264 -0.8047
vn 0.7461 -0.0080 0.6658
vn 0.8411 0.1289 -0.5252
vn 0.7583 0.5529 0.3454
vn -0.8081 -0.2075 -0.5513
vn -0.8608 -0.4432 0.2504
vn 0.3568 0.6479 -0.6730
vn 0.3115 0.5973 0.7390
vn -0.2341 -0.5235 -0.8192
vn 0.0980 -0.7264 0.6803
vn -0.0943 0.9904 0.1013
vn -0.0133 0.3087 0.9511
vn -0.2044 0.4576 -0.8654
vn -0.6153 0.5429 0.5715
vn -0.7140 0.5063 -0.4836
vn 0.5698 -0.6279 -0.5302
vn 0.7861 -0.4740 0.3966
vn -0.9470 0.0997 -0.3054
vn -0.2891 -0.1925 -0.9378
vn 0.8467 0.1337 0.5149
vn 0.6090 0.6816 0.4056
vn -0.5653 0.1061 0.8180
vn -0.8758 -0.4650 -0.1294
vn 0.6509 0.0070 -0.7592
vn -0.5971 -0.6235 0.5048
vn 0.5777 0.5431 -0.6093
vn 0.1450 0.7352 0.6621
vn -0.1302 -0.7028 0.6994
vn -0.1260 -0.8165 -0.5634
vn -0.1826 -0.4107 -0.8933
vn -0.4974 0.5814 0.6439
vn 0.4117 -0.8018 0.4332
vn 0.3729 -0.6815 -0.6297
vn 0.0377 0.4632 -0.8854
vn 0.5826 -0.4247 0.6930
vn 0.6719 -0.2377 -0.7015
vn -0.8171 0.5357 0.2129
vn -0.6779 0.0184 0.7349
vn 0.2317 -0.0506 0.9715
vn 0.8938 0.0337 0.4472
vn 0.8608 0.1195 -0.4947
vn -0.7401 0.0839 -0.6673
vn 0.4231 0.3841 -0.8206
vn -0.5049 -0.5257 0.6846
vn 0.6464 0.7484 0.1485
vn 0.2903 0.2503 0.9236
vn 0.0516 0.4360 -0.8985
vn -0.5104 -0.6829 -0.5226
vn 0.2144 -0.9275 0.3061
vn -0.0199 0.7794 0.6262
vn -0.1083 0.9231 -0.3690
vn -0.6317 0.7747 0.0291
vn 0.3786 -0.7968 -0.4710
vn -0.3272 0.2431 -0.9132
vn 0.6115 -0.1325 0.7801
vn -0.3978 0.3938 0.8287
vn -0.9304 0.2723 -0.2455
vn 0.3655 -0.3013 -0.8807
vn 0.9794 -0.1446 -0.1413
vn -0.8134 -0.0890 0.5748
vn -0.7207 -0.2707 -0.6382
vn 0.4746 0.4691 0.7447
vn -0.3275 -0.2004 0.9234
vn -0.5813 -0.7675 0.2701
vn -0.4477 -0.6527 -0.6112
vn 0.2042 -0.0718 -0.9763
vn 0.7688 0.5001 -0.3985
vn -0.1476 0.7342 0.6627
vn -0.0822 -0.3137 0.9460
vn 0.0620 -0.9522 0.2991
vn 0.0989 -0.7941 -0.5997
vn 0.1268 -0.0095 -0.9919
vn 0.0295 0.8230 -0.5672
vn 0.5912 -0.7525 0.2902
vn -0.6954 0.5220 0.4938
vn 0.0024 -0.1429 0.9897
vn 0.4286 -0.2232 -0.8755
vn -0.5340 0.5751 -0.6198
vn 0.8925 -0.3310 0.3064
vn -0.7993 -0.0604 0.5979
vn 0.7363 0.5239 -0.4283
vn 0.6524 0.1159 -0.7489
vn -0.7416 -0.1646 -0.6503
vn -0.3255 -0.7279 0.6035
vn 0.6734 0.1493 0.7240
vn 0.3310 0.9290 0.1656
vn -0.0604 0.4260 -0.9027
vn -0.3836 -0.7515 -0.5367
vn 0.2086 -0.8049 0.5555
vn 0.1998 0.2465 0.9483
vn -0.3055 0.7329 0.6079
vn -0.4918 0.8224 -0.2859
vn 0.7278 -0.5101 0.4583
vn -0.3493 0.1480 -0.9252
vn 0.3512 -0.7886 -0.5047
vn -0.8244 0.3133 0.4714
vn -0.8984 0.2369 -0.3697
vn 0.8716 -0.3753 -0.3155
vn 0.7923 0.3206 0.5191
vn -0.2316 0.1573 0.9600
vn -0.3880 -0.1927 -0.9013
vn -0.5964 -0.2550 0.7611
vn -0.8936 -0.4416 -0.0804
vn 0.8112 0.3863 -0.4390
vn 0.3011 0.4152 0.8585
vn -0.5129 -0.6958 -0.5027
vn -0.3285 -0.6478 0.6874
vn -0.0724 -0.8034 -0.5910
vn 0.0589 -0.1116 -0.9920
vn 0.2217 0.9087 -0.3536
vn 0.0397 -0.8779 0.4773
vn -0.0954 0.8552 0.5095
vn 0.4703 -0.8614 0.1917
vn 0.4177 -0.5488 -0.7242
vn -0.5416 0.4356 0.7190
vn 0.1642 -0.2878 0.9435
vn -0.0157 0.1863 -0.9824
vn -0.8006 0.4943 -0.3388
vn 0.7823 -0.2966 0.5477
vn 0.7768 -0.2361 -0.5838
vn 0.9632 0.2587 0.0726
vn -0.8308 0.1488 -0.5364
vn -0.8547 -0.1122 0.5068
vn 0.3867 -0.0108 0.9221
vn 0.3542 0.3576 -0.8641
vn 0.6902 0.6771 0.2555
vn -0.6044 -0.3551 -0.7132
vn -0.3077 -0.8273 0.4700
vn 0.2725 0.9532 0.1309
vn 0.0631 0.5658 -0.8221
vn 0.2364 0.2781 0.9310
vn -0.1108 -0.6222 -0.7750
vn -0.2796 0.7246 0.6299
vn -0.4811 0.8230 -0.3019
vn -0.2961 0.0495 -0.9539
vn 0.5806 -0.7735 0.2542
vn 0.2623 0.0953 0.9603
vn -0.8504 0.4158 -0.3224
vn 0.4073 -0.6548 -0.6366
vn -0.6699 0.3097 0.6748
vn 0.7096 0.2361 0.6639
vn -0.9760 -0.1172 -0.1838
vn -0.1351 -0.1624 -0.9774
vn 0.9844 -0.1025 -0.1428
vn -0.1640 0.0015 0.9865
vn -0.8163 -0.4409 0.3733
vn 0.4783 0.6054 0.6362
vn -0.5124 -0.7658 -0.3886
vn 0.0376 -0.0530 -0.9979
vn 0.5969 0.5440 -0.5897
vn -0.2167 -0.5009 0.8380
vn -0.1391 0.7907 0.5962
vn 0.1059 -0.9883 0.1100
vn 0.0778 -0.3922 -0.9166
vn -0.0277 0.7882 -0.6148
vn 0.4445 -0.8156 0.3705
vn 0.2190 -0.2361 0.9467
vn 0.6420 -0.5785 -0.5032
vn -0.5472 0.6260 -0.5556
vn -0.6387 0.3506 0.6849
vn 0.8911 -0.2979 0.3423
vn 0.5704 -0.0589 -0.8192
vn 0.4433 -0.0438 0.8953
vn 0.9558 0.2936 0.0148
vn -0.9134 0.1540 -0.3769
vn -0.5319 -0.4102 0.7408
vn 0.6232 0.7711 0.1306
vn 0.2568 0.5571 -0.7897
vn 0.1976 0.2849 -0.9380
vn -0.5930 -0.7391 -0.3194
vn 0.3822 0.1865 0.9050
vn 0.2046 -0.7301 0.6520
vn 0.2714 0.3097 0.9113
vn -0.0839 0.9732 0.2140
vn -0.1765 0.6810 -0.7107
vn -0.1310 -0.9207 -0.3678
vn -0.3943 0.0861 -0.9149
vn 0.1368 0.1834 0.9735
vn -0.5898 0.5541 0.5875
vn -0.7673 0.5917 -0.2474
vn -0.3741 -0.0105 -0.9273
vn 0.4020 -0.6494 -0.6455
vn 0.8138 -0.2404 0.5291
vn -0.9920 -0.1097 0.0620
vn -0.7393 -0.0826 -0.6683
vn 0.8204 0.0281 -0.5711
vn -0.4600 -0.0366 0.8872
vn -0.5759 -0.6559 0.4879
vn -0.5667 -0.6697 -0.4800
vn -0.1734 -0.1696 -0.9701
vn 0.4526 0.6085 -0.6518
vn 0.5488 0.5767 0.6052
vn -0.0310 -0.3366 0.9411
vn -0.0823 -0.9951 0.0554
vn -0.0900 0.7877 0.6095
vn 0.2660 -0.7760 -0.5720
vn -0.0502 -0.3047 -0.9511
vn -0.1658 0.8265 -0.5380
vn 0.4643 -0.7768 0.4255
vn 0.2986 -0.2552 0.9196
vn 0.6095 -0.5529 -0.5682
vn -0.5781 0.7009 -0.4178
vn -0.5614 0.1994 0.8032
vn 0.9024 -0.2973 0.3119
vn 0.5493 -0.0693 -0.8327
vn 0.9523 0.3022 -0.0428
vn -0.9760 0.1354 -0.1707
vn -0.3758 -0.4774 0.7943
vn 0.5068 -0.0374 0.8612
vn 0.6998 0.7069 0.1029
vn 0.1228 0.2848 -0.9507
vn -0.5992 -0.7794 -0.1828
vn 0.0271 -0.8276 0.5606
vn 0.4267 0.2232 0.8764
vn 0.1081 0.6514 -0.7510
vn 0.0204 0.9718 0.2348
vn -0.1688 -0.9220 -0.3484
vn 0.5737 -0.5845 0.5738
vn -0.5612 0.7928 -0.2377
vn -0.3487 0.2175 -0.9117
vn -0.2314 0.5289 0.8165
vn 0.3914 0.1063 0.9141
vn -0.9555 0.2785 0.0975
vn -0.6391 0.0584 -0.7669
vn 0.3440 -0.4066 -0.8463
vn 0.9710 -0.2001 -0.1305
vn -0.7402 -0.0748 0.6682
vn 0.4697 0.3498 0.8106
vn -0.7858 -0.4976 -0.3673
vn 0.4271 0.1678 -0.8885
vn -0.3622 -0.4966 0.7888
vn 0.3358 0.9055 0.2594
vn -0.1666 -0.9409 0.2949
vn -0.3247 -0.7691 -0.5504
vn -0.1070 -0.0538 -0.9928
vn 0.2279 0.7680 -0.5985
vn 0.1694 -0.4494 0.8771
vn 0.5110 -0.8089 0.2908
vn -0.3620 0.8340 -0.4165
vn -0.3701 0.4813 0.7946
vn 0.3067 -0.6706 -0.6754
vn -0.0521 0.0863 -0.9949
vn 0.5179 -0.2019 0.8313
vn 0.9198 -0.3130 -0.2364
vn -0.9411 0.3368 0.0287
vn -0.6249 -0.2266 0.7471
vn 0.4210 0.1523 -0.8942
vn -0.8039 0.0813 -0.5892
vn 0.9187 0.3946 -0.0157
vn 0.1214 0.4361 -0.8917
vn 0.5447 0.0355 0.8379
vn 0.5488 0.8227 0.1484
vn -0.6700 -0.4927 -0.5553
vn -0.2772 -0.7617 0.5857
vn -0.1323 0.6180 -0.7749
vn 0.4401 0.1857 0.8785
vn -0.0072 0.9885 0.1510
vn -0.3450 -0.5424 -0.7660
vn 0.5356 -0.7413 0.4046
vn -0.2208 0.7082 0.6706
vn -0.6453 0.6225 -0.4427
vn 0.0686 0.2865 0.9556
vn -0.3243 -0.1374 -0.9359
vn 0.8840 0.0153 0.4671
vn -0.8085 0.2985 0.5072
vn 0.6649 -0.4423 -0.6019
vn -0.8403 -0.0252 -0.5416
vn 0.7323 0.4840 0.4790
vn 0.0371 0.0935 0.9949
vn -0.5444 -0.3853 0.7451
vn -0.8836 -0.4324 -0.1795
vn 0.5761 0.2840 -0.7665
vn -0.4678 -0.8793 0.0893
vn 0.3123 0.7871 0.5319
vn 0.0538 -0.3814 0.9229
vn -0.3239 -0.3422 -0.8820
vn 0.1766 0.6953 -0.6967
vn 0.2577 -0.8961 0.3614
vn -0.0295 -0.8097 -0.5861
vn -0.2299 0.6578 0.7173
vn 0.3431 -0.2758 0.8979
vn 0.1841 -0.4695 -0.8635
vn 0.7774 -0.6156 0.1292
vn -0.4599 0.6567 -0.5977
vn 0.1494 -0.0813 0.9854
vn 0.6949 -0.2256 -0.6828
vn 0.9751 0.0413 0.2179
vn 0.4644 0.2512 -0.8492
vn -0.9571 0.2132 -0.1962
vn -0.3490 0.0822 -0.9335
vn -0.1830 -0.6009 0.7781
vn 0.5576 -0.0316 0.8295
vn 0.7656 0.5916 0.2529
vn 0.2813 0.7371 -0.6144
vn -0.7390 -0.6387 -0.2142
vn 0.4349 -0.7224 0.5376
vn 0.3842 0.4455 0.8087
vn -0.0624 0.9947 0.0812
vn -0.4445 0.4253 -0.7884
vn -0.2057 -0.8087 -0.5511
vn -0.4619 0.6100 0.6439
vn -0.7991 0.5854 -0.1366
vn -0.5896 0.0249 -0.8073
vn 0.2641 -0.5736 -0.7754
vn 0.8762 -0.4292 0.2194
vn 0.2551 0.2510 0.9338
vn -0.9963 0.0672 -0.0540
vn 0.9760 0.2130 -0.0453
vn -0.5162 -0.0090 0.8564
vn 0.6181 -0.1818 -0.7648
vn -0.8821 -0.4710 0.0123
vn -0.5010 -0.2099 -0.8396
vn 0.6225 0.6241 0.4723
vn -0.4086 -0.7094 0.5743
vn 0.3832 0.5455 -0.7454
vn 0.1903 -0.1204 0.9743
vn -0.0907 -0.9951 0.0402
vn -0.0371 0.9671 0.2515
vn 0.3949 -0.7493 0.5316
vn -0.4673 -0.5404 -0.6997
vn -0.2479 0.7943 -0.5546
vn 0.2762 -0.7697 -0.5756
vn 0.4378 -0.0896 0.8946
vn 0.8249 -0.5401 0.1669
vn -0.1661 -0.0529 -0.9847
vn -0.7703 0.5507 -0.3215
vn -0.3656 0.3981 0.8414
vn 0.6211 -0.2230 -0.7513
vn -0.4545 0.1521 -0.8777
vn -0.5628 -0.2143 0.7983
vn 0.9880 0.0142 0.1537
vn 0.5952 0.4506 -0.6654
vn -0.4625 -0.8404 0.2825
vn 0.6539 0.7480 0.1139
vn -0.1768 0.5184 -0.8366
vn -0.8399 -0.3957 -0.3714
vn 0.5971 -0.6013 0.5310
vn 0.1764 0.9239 0.3397
vn -0.4996 0.6188 -0.6062
vn -0.3679 -0.8286 -0.4220
vn 0.9525 -0.2999 -0.0524
vn 0.5555 0.3405 0.7586
vn -0.1397 0.5675 0.8114
vn -0.7722 0.6008 0.2067
vn -0.7303 0.0301 -0.6824
vn 0.2833 -0.7597 -0.5853
vn 0.9726 0.1717 -0.1567
vn 0.5104 0.2531 0.8218
vn -0.6276 -0.0332 0.7778
vn -0.9825 -0.1611 -0.0932
vn -0.4806 -0.2024 -0.8533
vn 0.4583 0.0176 -0.8886
vn -0.2098 -0.3243 0.9224
vn -0.6816 -0.7308 0.0366
vn 0.2844 0.4280 -0.8579
vn 0.6333 0.7692 -0.0852
vn 0.5032 0.0935 0.8591
vn 0.0720 -0.7966 0.6002
vn 0.2307 -0.9717 0.0503
vn -0.2657 -0.7343 -0.6247
vn -0.4664 -0.4455 -0.7642
vn 0.0649 0.9754 0.2105
vn 0.6533 -0.2566 0.7123
vn 0.8768 -0.4793 0.0391
vn 0.2574 -0.5265 -0.8103
vn -0.5526 0.1978 -0.8096
vn -0.5589 0.5759 0.5967
vn 0.6545 0.0054 0.7561
vn -0.7142 0.0524 -0.6980
vn 0.3331 0.3898 -0.8586
vn -0.6721 -0.3659 0.6438
vn 0.8385 0.0063 -0.5449
vn 0.6852 -0.3892 0.6156
vn 0.5697 0.7432 -0.3508
vn -0.6907 0.1197 -0.7131
vn -0.3585 -0.9335 -0.0032
vn 0.2633 0.9309 0.2531
vn -0.5535 0.7277 -0.4051
vn 0.0408 -0.9808 -0.1905
vn 0.8835 0.2027 0.4222
vn 0.9237 -0.2982 -0.2404
vn -0.0795 0.6358 0.7677
vn -0.7885 0.5564 0.2622
vn -0.8422 -0.0668 -0.5351
vn 0.2601 -0.6075 -0.7505
vn 0.7812 0.4579 -0.4244
vn 0.5165 0.3987 0.7578
vn 0.0064 0.0178 0.9998
vn -0.7297 -0.1201 0.6731
vn -0.9168 -0.2227 -0.3315
vn 0.2139 -0.0281 -0.9764
vn 0.3822 -0.3865 0.8394
vn -0.3504 -0.7855 0.5101
vn -0.8023 -0.5628 -0.1990
vn -0.3631 0.1752 -0.9151
vn 0.3997 0.7415 -0.5390
vn 0.8255 0.0196 0.5641
vn 0.5572 -0.8087 0.1884
vn -0.4588 -0.7599 -0.4605
vn -0.5926 0.4863 -0.6421
vn 0.0169 0.9638 0.2659
vn 0.5173 -0.7060 -0.4837
vn 0.2782 -0.3185 -0.9062
vn -0.8999 0.3780 -0.2172
vn 0.9609 0.0433 0.2737
vn -0.3850 0.3532 0.8526
vn 0.3607 0.1183 -0.9251
vn -0.9177 -0.0655 -0.3919
vn -0.4391 -0.4486 0.7785
vn 0.9637 0.0763 0.2559
vn 0.1053 0.6213 -0.7765
vn -0.2704 -0.9394 0.2106
vn 0.1007 0.9224 -0.3728
vn -0.9566 0.0386 -0.2889
vn 0.8699 -0.4785 -0.1197
vn 0.2341 0.9283 0.2889
vn -0.7841 0.5980 0.1660
vn 0.8621 0.0735 -0.5014
vn 0.5912 0.6944 0.4102
vn -0.2507 -0.8636 -0.4374
vn 0.2925 -0.5582 -0.7764
vn -0.4204 0.2972 0.8573
vn -0.9742 -0.1487 0.1700
vn 0.8891 0.4573 0.0180
vn 0.3248 0.1920 0.9261
vn -0.2000 -0.1539 -0.9676
vn 0.2665 0.3919 -0.8805
vn 0.6137 -0.1704 0.7709
vn -0.4881 -0.4727 0.7338
vn -0.1827 -0.8703 0.4574
vn 0.9130 0.4070 0.0271
vn 0.6627 -0.6386 0.3911
vn -0.8203 -0.5720 0.0028
vn -0.6792 0.5467 -0.4896
vn -0.1263 0.9424 -0.3097
vn 0.9934 -0.0822 -0.0806
vn -0.2268 -0.9731 -0.0394
vn 0.3628 0.9206 0.1445
vn 0.4223 -0.7938 -0.4377
vn 0.0391 -0.5354 -0.8437
vn -0.8610 0.4612 0.2144
vn -0.7477 -0.5701 -0.3404
vn 0.5552 0.5493 0.6245
vn 0.8994 0.1411 -0.4138
vn -0.2926 0.0463 -0.9551
vn -0.8681 -0.1298 0.4791
vn 0.2743 -0.1991 0.9408
vn -0.4731 0.4447 -0.7606
vn -0.8361 -0.4185 0.3546
vn 0.5927 -0.3163 0.7407
vn 0.7975 -0.4760 -0.3707
vn 0.3956 0.7358 -0.5497
vn -0.5946 0.8040 0.0023
vn 0.4631 0.8672 -0.1829
vn -0.8553 0.1640 0.4915
vn -0.2901 -0.9381 0.1893
vn 0.5408 -0.1799 -0.8217
vn -0.0664 0.7642 0.6415
vn -0.3389 -0.8936 -0.2944
vn 0.6792 0.7259 -0.1090
vn -0.0069 -0.0114 -0.9999
vn 0.7373 0.4458 0.5075
vn 0.1605 0.0293 0.9866
vn -0.6349 -0.1255 0.7623
vn -0.6943 -0.2997 -0.6542
vn -0.2154 -0.5072 0.8345
vn -0.4334 0.1977 -0.8793
vn 0.7083 0.5894 -0.3884
vn 0.9135 -0.1828 0.3635
vn 0.2097 -0.6795 0.7031
vn 0.9156 0.1867 -0.3560
vn 0.6965 -0.7142 0.0697
vn -0.8049 -0.5463 0.2316
vn -0.7403 0.6536 -0.1573
vn 0.1060 0.9718 -0.2107
vn -0.1925 -0.9602 0.2026
vn 0.8325 0.0315 -0.5531
vn 0.2848 -0.8521 -0.4391
vn -0.6961 -0.7167 0.0422
vn -0.8104 0.3862 0.4406
vn -0.6481 -0.7225 -0.2407
vn 0.3351 0.8740 0.3518
vn -0.1458 -0.3511 -0.9249
vn -0.6823 -0.0552 0.7290
vn 0.7239 0.3203 -0.6110
vn 0.6979 0.1778 0.6938
vn -0.3049 0.2453 -0.9203
vn -0.9758 -0.1603 -0.1489
vn 0.2129 0.5861 -0.7818
vn -0.9520 -0.0978 0.2899
vn -0.2982 -0.3066 0.9039
vn 0.6167 -0.4744 0.6282
vn 0.9310 0.0251 -0.3641
vn -0.7334 0.6525 -0.1908
vn -0.7186 0.5240 0.4572
vn -0.1553 -0.8533 0.4978
vn 0.2384 0.8552 -0.4602
vn 0.4658 -0.5780 -0.6700
vn 0.1579 0.8966 0.4136
vn -0.4200 0.2100 0.8829
vn -0.5555 -0.7363 0.3864
vn 0.0765 -0.2486 -0.9656
vn 0.5475 0.7794 -0.3045
vn -0.2835 0.1512 -0.9470
vn 0.7760 0.4712 0.4193
vn 0.2715 0.0874 0.9585
vn -0.4213 -0.4878 0.7646
vn -0.7485 -0.5619 -0.3521
vn 0.9169 -0.0160 0.3988
vn -0.3614 0.7174 -0.5956
vn 0.7582 0.5299 -0.3799
vn 0.1226 -0.6299 0.7670
vn -0.9671 -0.2402 0.0841
vn 0.9540 -0.1784 -0.2409
vn 0.4711 -0.8272 0.3064
vn -0.2487 0.9573 -0.1477
vn -0.5739 -0.6711 0.4694
vn -0.8033 0.4701 0.3657
vn 0.4199 -0.7167 -0.5568
vn -0.1812 -0.9830 0.0310
vn 0.6534 0.2123 -0.7267
vn -0.6152 0.2335 0.7530
vn 0.3394 0.8231 0.4554
vn -0.1903 -0.3187 -0.9286
vn -0.6424 -0.7664 0.0067
vn 0.7357 0.5109 -0.4447
vn 0.2730 0.0514 0.9606
vn -0.9677 -0.2073 -0.1434
vn -0.2683 0.3182 -0.9093
vn -0.3791 -0.4212 0.8239
vn 0.9950 -0.0823 -0.0566
vn -0.3573 0.7428 -0.5663
vn -0.9363 0.3140 0.1575
vn 0.7023 -0.7113 0.0288
vn -0.6334 -0.0697 0.7707
vn 0.1689 0.7464 -0.6437
vn -0.3113 0.8813 0.3555
vn -0.2471 -0.8848 0.3951
vn 0.3091 -0.5044 -0.8062
vn -0.2854 -0.0066 0.9584
vn -0.2577 -0.0004 -0.9662
vn 0.3136 0.9213 -0.2298
vn 0.2661 0.4577 0.8484
vn -0.4055 -0.8647 -0.2965
vn 0.5514 -0.0516 0.8326
vn -0.2078 -0.5612 0.8012
vn 0.7580 0.6475 -0.0789
vn -0.8741 -0.4808 -0.0689
vn -0.4845 0.4955 -0.7209
vn 0.9429 -0.2432 0.2274
vn 0.1332 -0.7418 0.6573
vn -0.8550 0.4836 -0.1877
vn 0.9229 0.0126 -0.3849
vn 0.6009 0.2223 -0.7678
vn 0.6156 -0.7492 -0.2445
vn 0.0492 -0.9245 0.3780
vn -0.8231 -0.2340 0.5174
vn 0.3890 0.3626 -0.8468
vn 0.2067 -0.6977 -0.6859
vn -0.6105 0.1583 0.7760
vn -0.1781 0.9791 0.0981
vn -0.3064 -0.9172 0.2548
vn -0.2168 -0.2711 -0.9378
vn -0.0690 0.1019 0.9924
vn 0.5056 0.7698 -0.3896
vn -0.5806 -0.8137 0.0282
vn 0.8534 0.3488 0.3873
vn -0.2626 0.2173 -0.9401
vn -0.9593 -0.0789 -0.2710
vn 0.9735 0.1023 -0.2044
vn -0.3363 -0.4863 0.8065
vn 0.7169 -0.3953 0.5742
vn -0.9288 0.3653 0.0631
vn -0.1463 0.6649 -0.7325
vn 0.7689 -0.5480 -0.3293
vn -0.3868 0.8248 0.4123
vn -0.2771 -0.3071 0.9104
vn -0.1531 -0.9794 -0.1319
vn -0.0894 -0.5459 -0.8331
vn 0.3896 0.8061 0.4454
vn 0.1964 0.0907 0.9763
vn -0.6795 0.2720 -0.6814
vn 0.1288 0.9180 -0.3750
vn 0.7857 0.5957 0.1668
vn -0.6582 -0.7007 -0.2753
vn 0.7104 -0.2159 0.6698
vn -0.0397 -0.7312 0.6810
vn -0.1704 0.8028 -0.5714
vn 0.8101 0.4106 -0.4185
vn 0.9699 -0.1999 0.1387
vn -0.9719 -0.1740 0.1584
vn 0.7351 -0.6506 -0.1905
vn 0.1587 -0.8092 0.5657
vn 0.4928 0.1397 -0.8588
vn -0.6755 -0.0369 0.7365
vn -0.1418 0.8366 -0.5291
vn 0.3044 -0.7637 -0.5693
vn -0.5645 0.7724 0.2911
vn -0.0611 0.9974 -0.0391
vn -0.0563 -0.9239 0.3785
vn -0.0878 0.2063 -0.9745
vn -0.4525 -0.6799 -0.5770
vn 0.2553 0.4359 0.8631
vn -0.3749 -0.8148 0.4423
vn 0.2821 -0.2331 0.9306
vn -0.1485 0.6048 -0.7824
vn -0.9405 -0.2622 -0.2160
vn 0.7896 0.6135 0.0119
vn -0.9187 -0.0929 0.3839
vn 0.3514 -0.5297 0.7720
vn 0.7439 0.1067 -0.6597
vn -0.5884 0.6061 -0.5352
vn -0.7033 0.2891 0.6494
vn 0.0105 -0.4145 -0.9100
vn 0.7325 -0.6805 -0.0172
vn -0.5143 0.8263 -0.2298
vn 0.0888 0.5296 0.8436
vn -0.3810 -0.2861 -0.8792
vn 0.0857 0.9676 0.2374
vn 0.1374 -0.2727 0.9522
vn 0.5706 0.7879 0.2314
vn 0.7581 -0.0607 0.6493
vn -0.5825 -0.4627 -0.6682
vn -0.8386 -0.2305 -0.4937
vn -0.8268 0.4822 -0.2896
vn 0.9919 0.0687 0.1066
vn 0.0233 0.9153 -0.4022
vn 0.5554 0.6102 -0.5650
vn 0.3611 -0.7733 0.5212
vn -0.8968 -0.2827 0.3404
vn 0.8732 -0.2455 -0.4210
vn -0.7362 0.6753 0.0442
vn -0.0992 0.5078 -0.8558
vn 0.5368 -0.2500 -0.8058
vn 0.5701 -0.7568 0.3198
vn -0.5373 0.1578 0.8285
vn -0.0505 -0.3204 0.9459
vn -0.4177 0.5136 -0.7495
vn -0.2130 -0.5019 -0.8383
vn 0.3010 -0.9461 -0.1195
vn 0.1666 0.4209 0.8917
vn -0.1417 0.9073 0.3960
vn 0.0902 0.9367 -0.3382
vn -0.7042 0.1659 -0.6903
vn -0.6491 -0.7384 -0.1828
vn 0.0530 -0.9069 0.4181
vn 0.6792 0.0844 0.7291
vn -0.9978 0.0150 -0.0643
vn -0.4245 -0.5811 0.6943
vn 0.8433 -0.2275 0.4868
vn 0.4036 0.5590 -0.7243
vn -0.8693 0.4282 -0.2470
vn -0.5693 0.2169 0.7930
vn 0.2945 -0.4279 0.8545
vn 0.8689 -0.4950 0.0096
vn -0.2299 -0.1388 -0.9632
vn -0.4986 0.7028 0.5073
vn 0.5105 -0.8338 -0.2103
vn -0.5164 0.8548 -0.0510
vn 0.4912 -0.0633 0.8687
vn 0.4293 0.6635 0.6127
vn 0.1492 0.9860 -0.0746
vn 0.8299 -0.1785 0.5286
vn 0.0686 -0.9913 0.1122
vn -0.8440 -0.3146 -0.4343
vn 0.9466 0.3125 0.0789
vn -0.9548 0.0503 0.2931
vn -0.3725 0.8205 -0.4336
vn 0.6869 0.4760 -0.5491
vn 0.7817 -0.5966 0.1815
vn -0.4611 -0.7284 0.5067
vn 0.1150 0.4977 -0.8597
vn -0.6487 0.7064 -0.2831
vn 0.6170 -0.3339 -0.7126
vn 0.6644 -0.7205 0.1986
vn -0.2358 -0.1670 0.9573
vn -0.0963 -0.1267 -0.9873
vn 0.2159 -0.8978 -0.3839
vn 0.2244 0.0491 0.9733
vn -0.1468 0.9856 0.0838
vn -0.5763 0.4358 -0.6913
vn -0.5329 -0.5237 -0.6647
vn -0.0430 -0.9900 0.1344
vn 0.4812 -0.7090 0.5155
vn -0.8719 -0.3058 -0.3825
vn -0.1525 0.7150 -0.6823
vn -0.2642 -0.8434 0.4678
vn 0.6677 -0.4648 0.5814
vn 0.8033 0.5233 0.2843
vn -0.9888 -0.1258 0.0807
vn -0.8049 0.4186 -0.4206
vn -0.1014 -0.4653 0.8793
vn 0.3620 0.4817 -0.7981
vn -0.5869 0.2421 0.7726
vn 0.9527 -0.2954 -0.0721
vn -0.7831 0.3354 -0.5237
vn 0.4726 -0.1536 0.8678
vn -0.5230 0.8135 0.2543
vn 0.1771 0.6297 0.7564
vn 0.6784 -0.7330 0.0503
vn -0.1813 -0.6836 -0.7070
vn -0.8490 0.3510 -0.3949
vn 0.7874 -0.0116 0.6164
vn -0.1369 0.9884 -0.0654
vn 0.7321 0.6311 0.2565
vn -0.7755 -0.6054 -0.1793
vn 0.4150 0.7714 -0.4824
vn 0.9956 0.0524 0.0773
vn 0.4235 -0.8600 0.2846
vn -0.9536 0.0799 0.2902
vn -0.6048 0.6954 -0.3880
vn -0.8094 -0.3864 0.4423
vn -0.0772 0.5003 -0.8624
vn 0.7127 0.1205 -0.6911
vn 0.8794 -0.4759 -0.0155
vn -0.6609 0.2524 0.7068
vn -0.3974 0.0309 0.9171
vn 0.1561 -0.3614 -0.9193
vn 0.6517 -0.7301 -0.2054
vn 0.4083 -0.6249 0.6655
vn -0.2246 0.9572 0.1824
vn -0.5263 0.2472 -0.8136
vn -0.1879 -0.8153 -0.5477
vn 0.1104 0.4484 0.8870
vn -0.0560 0.9431 -0.3277
vn -0.4367 -0.8960 -0.0801
vn 0.4762 -0.7700 0.4247
vn 0.8242 0.4244 0.3750
vn -0.8821 -0.0431 -0.4691
vn 0.0289 -0.7892 0.6135
vn -0.9293 -0.2515 0.2703
vn 0.8751 -0.0021 0.4839
vn 0.5052 0.5115 -0.6951
vn -0.0961 -0.3551 0.9299
vn -0.6223 0.3475 -0.7014
vn -0.8528 0.3524 0.3855
vn 0.2503 -0.0162 0.9680
vn 0.8309 -0.3098 -0.4622
vn -0.6136 0.7069 0.3517
vn 0.3396 0.5382 0.7714
vn -0.1539 -0.4781 -0.8647
vn 0.7556 0.5105 0.4103
vn 0.7792 -0.5250 0.3422
vn -0.4220 0.9053 -0.0491
vn -0.0513 -0.9987 0.0067
vn -0.8951 -0.4119 -0.1709
vn -0.1185 0.8806 -0.4588
vn 0.6618 0.7301 -0.1702
vn -0.9902 -0.0497 0.1309
vn -0.6588 0.6494 -0.3799
vn 0.6346 0.3002 -0.7121
vn 0.9367 -0.2977 -0.1845
vn 0.9691 -0.2304 0.0886
vn -0.3222 -0.5028 0.8021
vn -0.0265 0.4010 -0.9157
vn 0.5534 -0.5110 -0.6577
vn -0.7201 0.6921 0.0494
vn 0.0035 -0.1188 0.9929
vn -0.1702 0.9841 0.0505
vn -0.3809 0.0674 -0.9222
vn 0.1555 -0.8782 -0.4523
vn 0.5868 -0.7540 0.2952
vn 0.3401 0.4678 0.8158
vn -0.5902 -0.4503 -0.6699
vn -0.4787 0.6380 -0.6032
vn -0.2030 -0.9755 0.0851
vn 0.6156 0.7027 0.3568
vn -0.9375 -0.3046 -0.1683
vn -0.4669 -0.5679 0.6779
vn 0.1391 -0.7880 0.5998
vn 0.9681 -0.1448 0.2047
vn 0.4622 0.6312 -0.6229
vn -0.8824 0.3375 -0.3278
vn -0.8372 0.0229 0.5463
vn 0.0887 -0.2103 0.9736
vn 0.8689 -0.3979 0.2944
vn 0.8009 -0.1596 -0.5772
vn -0.0988 -0.0860 -0.9914
vn -0.7047 0.6644 0.2489
vn -0.1036 0.3450 0.9329
vn 0.2674 -0.6695 -0.6930
vn 0.5150 0.2904 0.8065
vn -0.7444 -0.2327 -0.6259
vn -0.3594 0.9235 0.1342
vn 0.1447 0.9873 -0.0655
vn 0.8555 0.3622 0.3701
vn 0.8258 -0.3384 0.4512
vn -0.0521 -0.9970 0.0574
vn -0.9895 -0.1341 -0.0535
vn -0.5753 0.7184 -0.3910
vn 0.8005 0.5440 -0.2516
vn 0.1308 0.7068 -0.6952
vn 0.9662 -0.2024 -0.1595
vn -0.0943 -0.8121 0.5758
vn -0.9118 0.1663 0.3756
vn 0.4618 0.1026 -0.8810
vn -0.1482 -0.3138 0.9379
vn -0.3449 0.8158 0.4643
vn -0.4120 0.5363 -0.7366
vn 0.1022 -0.3607 -0.9271
vn 0.7362 -0.6739 0.0614
vn 0.3979 -0.9121 -0.0993
vn 0.1677 0.5601 0.8113
vn -0.1275 0.9884 -0.0822
vn -0.5889 0.2477 -0.7693
vn -0.2922 -0.8481 -0.4419
vn -0.7768 -0.4967 -0.3870
vn 0.4703 -0.6831 0.5588
vn 0.7917 0.5139 0.3305
vn 0.0221 0.7833 -0.6213
vn -0.9609 0.0433 -0.2733
vn -0.4405 -0.8213 0.3626
vn 0.9789 0.2029 0.0253
vn 0.1870 -0.6397 0.7456
vn -0.9548 0.2133 0.2073
vn -0.4620 -0.3219 0.8264
vn 0.8863 0.0860 -0.4550
vn 0.0878 0.2615 -0.9612
vn -0.5410 0.3983 0.7407
vn 0.6290 -0.4165 0.6564
vn 0.3127 0.0353 0.9492
vn -0.4064 -0.5985 -0.6904
vn -0.7713 0.6321 -0.0745
vn -0.1753 0.8539 0.4900
vn 0.7690 -0.6280 0.1193
vn 0.1054 -0.8980 -0.4271
vn -0.2377 0.9396 -0.2463
vn 0.6780 0.7114 0.1850
vn 0.7516 0.1849 0.6331
vn 0.2306 -0.9527 0.1979
vn -0.5488 -0.7766 -0.3095
vn -0.9195 0.2005 -0.3380
vn 0.9645 -0.2043 0.1675
vn -0.3441 0.7220 -0.6003
vn 0.5802 0.5799 -0.5718
vn -0.2478 -0.7600 0.6008
vn -0.8986 0.3671 0.2402
vn 0.8699 -0.3951 -0.2952
vn 0.2619 -0.0124 -0.9650
vn 0.1775 -0.4696 0.8649
vn -0.3829 0.8288 0.4081
vn -0.4608 0.6108 -0.6438
vn -0.4200 -0.2394 -0.8754
vn 0.3516 -0.8668 -0.3536
vn 0.4192 -0.7782 0.4677
vn 0.5104 0.1449 0.8476
vn 0.1351 0.9564 0.2591
vn -0.7590 -0.5290 -0.3796
vn -0.2415 -0.9704 0.0059
vn 0.3003 0.7380 -0.6043
vn -0.7568 0.2568 -0.6011
vn 0.4179 -0.6616 0.6226
vn 0.9282 0.3478 0.1322
vn -0.9973 -0.0501 0.0534
vn -0.3602 -0.7073 0.6083
vn -0.5681 0.4839 -0.6657
vn -0.4148 -0.2881 0.8631
vn 0.8326 -0.0057 -0.5539
vn -0.7343 0.3670 0.5711
vn 0.6649 -0.4594 0.5890
vn -0.3489 -0.0093 -0.9371
vn -0.7056 0.7076 -0.0373
vn 0.7632 -0.5858 -0.2727
vn -0.0204 0.7339 0.6790
vn 0.3885 -0.1465 0.9097
vn -0.7706 -0.1785 -0.6118
vn -0.5583 0.7894 -0.2552
vn 0.6496 0.4126 0.6386
vn -0.0791 -0.9596 -0.2700
vn 0.1751 0.9802 -0.0926
vn 0.6785 -0.6060 0.4151
vn -0.9547 0.1490 -0.2577
vn 0.9679 0.1712 0.1843
vn -0.1771 0.7647 -0.6196
vn 0.7690 0.4556 -0.4484
vn -0.5187 -0.7711 0.3692
vn -0.8638 0.4795 0.1547
vn 0.8817 -0.4432 -0.1620
vn 0.3655 -0.0603 -0.9289
vn -0.3739 -0.1771 0.9104
vn -0.3575 0.8729 0.3320
vn -0.3619 0.5715 -0.7365
vn 0.5390 -0.8389 0.0760
vn -0.1893 -0.4822 -0.8554
vn 0.3207 0.2104 0.9235
vn 0.1600 0.9590 0.2340
vn -0.5573 0.4199 -0.7163
vn -0.8130 -0.3775 -0.4433
vn -0.2672 -0.9572 0.1110
vn 0.3714 -0.8842 0.2833
vn 0.4019 0.7686 -0.4978
vn 0.7259 0.6346 0.2650
vn 0.0250 0.2267 -0.9736
vn -0.9834 -0.1750 0.0478
vn -0.0955 -0.7242 0.6830
vn 0.8769 0.4050 -0.2588
vn -0.3530 -0.3355 0.8734
vn -0.8663 0.4479 -0.2211
vn -0.6943 0.4305 0.5768
vn 0.1651 0.0788 0.9831
vn 0.5960 -0.4777 0.6454
vn 0.5941 -0.6496 -0.4743
vn 0.0826 -0.5560 -0.8271
vn -0.2642 0.8729 0.4101
vn -0.2443 0.9663 -0.0813
vn 0.6424 0.2566 0.7221
vn 0.6828 -0.6334 0.3641
vn -0.0053 -0.9678 -0.2515
vn -0.8382 -0.2458 -0.4868
vn 0.7923 0.5335 0.2960
vn -0.4899 -0.8534 0.1780
vn -0.9707 0.1628 0.1769
vn -0.1876 0.9176 -0.3504
vn 0.4177 0.7474 -0.5166
vn 0.9704 0.0206 -0.2408
vn 0.5399 0.1199 -0.8332
vn 0.7407 -0.5665 0.3612
vn -0.5660 0.7415 0.3603
vn -0.2860 0.7148 -0.6382
vn 0.7057 -0.6878 -0.1703
vn -0.4477 -0.1910 0.8736
vn 0.2064 -0.4435 -0.8722
vn 0.3667 -0.9085 0.2004
vn -0.1447 0.9579 0.2478
vn -0.3128 0.4213 -0.8513
vn -0.6005 -0.1349 -0.7882
vn -0.2893 -0.8666 -0.4066
vn 0.3053 -0.8440 0.4409
vn 0.4292 0.2698 0.8619
vn -0.2791 0.7336 -0.6196
vn -0.5234 -0.8385 0.1516
vn -0.9261 -0.0328 -0.3759
vn 0.5089 -0.5006 0.7003
vn 0.7191 0.6461 -0.2557
vn -0.8160 -0.3697 0.4443
vn 0.2039 0.2673 -0.9418
vn -0.8164 0.4953 -0.2969
vn -0.2237 -0.3605 0.9056
vn 0.8821 -0.3946 0.2570
vn -0.7180 0.4966 0.4878
vn -0.1950 0.0112 -0.9807
vn 0.0716 0.0827 0.9940
vn 0.5564 -0.6771 -0.4817
vn -0.5350 0.7975 -0.2787
vn -0.1256 0.8328 0.5392
vn 0.6011 -0.5178 0.6087
vn 0.6103 0.2845 0.7393
vn 0.1200 -0.9734 -0.1953
vn -0.7854 -0.2569 -0.5632
vn 0.3966 0.9054 0.1517
vn 0.7244 -0.5021 0.4725
vn 0.9497 0.3115 0.0320
vn 0.0021 0.8747 -0.4846
vn -0.3137 -0.8685 0.3837
vn -0.9298 0.3037 0.2078
vn 0.7326 0.0375 -0.6796
vn 0.7820 -0.5969 0.1795
vn -0.4931 0.8233 0.2812
vn -0.1275 0.6063 -0.7850
vn 0.2025 -0.3868 -0.8997
vn 0.4347 -0.8927 0.1190
vn -0.1923 -0.1684 0.9668
vn 0.1497 0.9878 -0.0419
vn -0.4023 0.5893 -0.7006
vn -0.5694 -0.2227 -0.7913
vn -0.2729 -0.9130 -0.3032
vn 0.2393 -0.8035 0.5451
vn 0.5258 0.2728 0.8057
vn 0.3449 0.8451 -0.4084
vn -0.9136 -0.0229 -0.4060
vn -0.7478 -0.6595 0.0766
vn -0.5713 0.6026 -0.5573
vn -0.9594 0.1935 0.2054
vn -0.4415 -0.6633 0.6043
vn 0.4946 -0.5992 0.6295
vn 0.9902 0.0790 0.1150
vn 0.4935 0.2595 -0.8301
vn -0.7025 0.6950 0.1528
vn -0.4122 0.0666 0.9087
vn 0.3132 -0.5719 0.7582
vn 0.7816 -0.5355 -0.3198
vn -0.4445 0.8632 0.2394
vn -0.2239 0.1304 -0.9658
vn 0.3008 0.2085 0.9306
vn 0.2931 -0.8924 -0.3430
vn 0.2634 0.8910 0.3697
vn 0.5993 -0.5550 0.5768
vn -0.4887 -0.3595 -0.7949
vn -0.4467 0.7842 -0.4307
vn 0.7256 0.6564 -0.2064
vn 0.8888 -0.0101 0.4583
vn 0.0840 -0.9654 0.2468
vn -0.9363 -0.3511 -0.0044
vn -0.7932 0.4127 0.4478
vn -0.1389 0.8770 -0.4599
vn 0.7196 0.0861 -0.6891
vn 0.7947 -0.6041 0.0590
vn -0.1587 -0.7471 0.6455
vn -0.4365 0.8503 0.2940
vn -0.0173 0.4391 -0.8983
vn 0.1969 -0.5096 -0.8376
vn 0.4262 -0.8968 -0.1187
vn -0.3565 0.1284 0.9254
vn 0.2084 -0.5893 0.7806
vn -0.2255 0.7479 -0.6244
vn -0.5147 -0.0090 -0.8573
vn -0.3604 -0.8423 -0.4008
vn 0.2120 0.9222 0.3234
vn -0.8955 -0.2573 -0.3632
vn 0.1220 -0.9409 0.3161
vn -0.2632 0.7422 -0.6163
vn 0.7267 -0.2330 0.6463
vn 0.8593 0.4844 -0.1641
vn -0.6610 -0.5165 0.5444
vn -0.1790 -0.8604 0.4771
vn 0.3032 0.4354 -0.8476
vn -0.9150 0.3881 -0.1099
vn -0.7122 0.2176 0.6674
vn 0.9211 -0.3877 -0.0361
vn 0.2220 -0.6282 0.7457
vn -0.4962 0.7614 -0.4172
vn -0.2816 0.7297 0.6230
vn 0.0728 -0.1001 0.9923
vn 0.3399 -0.5356 -0.7730
vn 0.4676 -0.7740 0.4271
vn -0.5881 0.6157 -0.5245
vn 0.2243 0.9168 0.3304
vn 0.6042 0.0146 0.7967
vn -0.3724 -0.7778 -0.5064
vn -0.9089 -0.1686 -0.3814
vn 0.7021 0.6999 0.1312
vn -0.4738 0.8207 -0.3193
vn -0.2050 -0.9492 0.2387
vn 0.4772 0.7516 -0.4554
vn 0.9601 -0.0817 -0.2674
vn -0.7902 0.5190 0.3259
vn 0.7973 -0.5123 0.3193
vn -0.7125 -0.2172 0.6672
vn -0.0626 0.8621 -0.5028
vn 0.3361 0.1291 -0.9329
vn 0.6541 -0.6597 -0.3700
vn -0.1377 0.7048 0.6960
vn 0.2003 -0.9508 0.2362
vn -0.1639 -0.1263 0.9784
vn -0.2399 0.0622 -0.9688
vn -0.0426 -0.7875 -0.6148
vn -0.3344 -0.9400 -0.0670
vn 0.4474 -0.0588 0.8924
vn 0.3239 0.9312 -0.1669
vn -0.5485 0.3004 -0.7803
vn -0.9589 -0.0335 -0.2817
vn -0.5323 -0.7682 0.3556
vn 0.4057 -0.6898 0.5997
vn 0.9545 0.1252 0.2705
vn 0.5322 0.6288 -0.5669
vn -0.5098 0.6947 -0.5075
vn -0.6963 -0.3860 0.6052
vn -0.8621 0.4723 0.1835
vn 0.9442 -0.2764 -0.1792
vn 0.2024 0.3293 -0.9223
vn -0.4582 0.2048 0.8650
vn -0.4787 0.8762 -0.0561
vn 0.1515 -0.6023 0.7837
vn 0.3515 -0.7862 -0.5083
vn -0.0111 0.7896 0.6135
vn 0.3168 -0.1122 0.9418
vn -0.2477 -0.1437 -0.9581
vn -0.6799 0.3269 -0.6565
vn 0.7306 0.2659 0.6289
vn 0.3846 -0.8567 0.3438
vn -0.5054 -0.8478 -0.1606
vn -0.0189 0.9991 -0.0379
vn 0.9520 -0.2102 0.2226
vn -0.8120 -0.5806 -0.0605
vn -0.9468 -0.2755 0.1663
vn 0.6226 0.7732 -0.1204
vn 0.8168 0.2999 -0.4928
vn 0.2760 -0.9034 0.3282
vn 0.7030 -0.7027 -0.1101
vn -0.6638 -0.3823 0.6428
vn -0.4244 0.8236 0.3763
vn 0.5022 -0.2003 -0.8413
vn 0.2639 -0.9637 0.0402
vn 0.1028 0.7533 -0.6496
vn -0.1112 -0.1816 0.9771
vn 0.1901 0.6238 0.7581
vn -0.2423 0.0986 -0.9652
vn -0.0583 -0.7909 -0.6092
vn -0.0028 0.8897 -0.4565
vn -0.0154 -0.9642 0.2647
vn 0.5458 -0.1382 0.8264
vn -0.8392 0.0892 -0.5365
vn -0.6202 -0.7595 -0.1961
vn 0.8250 0.3046 0.4761
vn -0.2693 0.8054 -0.5280
vn 0.7051 0.4813 -0.5208
vn -0.9525 0.2857 -0.1051
vn -0.6903 -0.4380 0.5758
vn 0.0350 -0.8406 0.5405
vn 0.9640 -0.2533 -0.0812
vn -0.6891 0.5681 0.4500
vn -0.2655 -0.2099 0.9410
vn 0.4942 -0.8553 0.1556
vn 0.2846 0.2760 -0.9181
vn -0.4246 0.9054 -0.0045
vn -0.0388 0.7738 0.6322
vn 0.3621 -0.0589 0.9303
vn 0.3442 -0.8305 0.4379
vn 0.0004 -0.7473 -0.6645
vn -0.4306 0.1995 -0.8802
vn -0.1418 0.9787 -0.1485
vn 0.6209 0.5925 0.5133
vn -0.8543 0.4671 -0.2281
vn 0.8989 0.4362 -0.0420
vn 0.7771 -0.4627 0.4266
vn -0.2526 -0.9647 -0.0743
vn 0.0969 0.9514 -0.2923
vn 0.7877 0.1251 -0.6032
vn 0.6563 -0.7533 -0.0414
vn -0.0334 -0.9245 0.3798
vn -0.8807 -0.3051 0.3624
vn -0.4979 0.8330 0.2412
vn 0.1778 0.7975 -0.5765
vn 0.1232 0.1707 -0.9776
vn 0.2361 -0.7818 -0.5771
vn 0.0535 -0.8874 0.4579
vn -0.1306 -0.0030 0.9914
vn 0.0379 0.9605 0.2756
vn -0.1798 -0.9409 -0.2872
vn -0.1357 0.7794 -0.6116
vn -0.5517 -0.1500 -0.8204
vn -0.5970 -0.8021 -0.0153
vn 0.1896 -0.7379 0.6477
vn 0.7186 0.4734 0.5094
vn -0.8557 0.2752 -0.4382
vn -0.9277 -0.3297 0.1752
vn -0.0055 0.8395 -0.5433
vn 0.7605 -0.4522 0.4660
vn 0.8986 0.2020 -0.3895
vn -0.4820 0.8455 -0.2296
vn -0.8288 0.3187 0.4599
vn -0.4304 -0.6175 0.6584
vn 0.2764 0.2566 -0.9261
vn -0.2271 -0.2160 0.9496
vn 0.5505 -0.8299 0.0906
vn -0.2645 0.8727 -0.4104
vn -0.2670 0.7533 0.6010
vn 0.2966 0.0131 0.9549
vn 0.3250 -0.8089 0.4899
vn 0.0563 -0.8692 -0.4913
vn -0.4442 0.7777 -0.4448
vn 0.2436 0.8772 0.4137
vn -0.5116 -0.0487 -0.8579
vn 0.8594 0.4862 0.1585
vn 0.7790 -0.1716 0.6031
vn -0.2730 -0.9562 0.1056
vn -0.9140 0.2856 -0.2882
vn 0.1280 0.9663 -0.2234
vn 0.9443 0.1771 -0.2773
vn 0.6706 -0.7240 0.1614
vn -0.5359 0.8438 0.0274
vn -0.0488 -0.9446 0.3246
vn -0.7014 -0.2689 0.6601
vn 0.4984 0.5911 -0.6342
vn 0.3236 -0.0669 -0.9438
vn 0.5439 -0.7433 -0.3895
vn -0.1134 0.9591 0.2592
vn -0.1797 -0.6695 -0.7207
vn 0.0132 -0.9863 0.1644
vn -0.0735 -0.0875 0.9935
vn -0.2252 0.4354 -0.8716
vn 0.6578 0.7392 0.1444
vn -0.8258 -0.2242 -0.5175
vn -0.3190 -0.9396 0.1241
vn 0.6845 -0.2678 0.6780
vn -0.8939 0.2947 -0.3379
vn 0.5010 0.6862 -0.5275
vn -0.7599 -0.5055 0.4087
vn 0.9757 -0.2178 0.0257
vn -0.5286 0.8021 -0.2779
vn -0.8096 0.4367 0.3922
vn 0.1729 -0.8570 0.4854
vn 0.3465 0.1999 -0.9165
vn -0.3937 0.5762 0.7163
vn -0.3346 -0.4059 0.8505
vn 0.6437 -0.5614 -0.5201
vn -0.1738 0.9813 -0.0823
vn 0.1013 0.6925 0.7143
vn 0.2894 -0.8287 0.4792
vn -0.3435 0.4981 -0.7962
vn 0.0822 0.9965 0.0147
vn 0.5438 0.4433 0.7126
vn 0.3443 -0.3288 0.8794
vn 0.0865 -0.8957 -0.4362
vn -0.4521 0.0930 -0.8871
vn 0.6492 0.5188 -0.5562
vn 0.8011 -0.5720 -0.1764
vt 1.939970 -197.299255
vt 2.052315 -199.736603
vt 1.881025 -200.565796
vt 4.343595 -198.149414
vt 4.469007 -198.559601
vt 4.344028 -201.909531
vt 5.664893 -198.151520
vt 5.773252 -198.017303
vt 5.657136 -202.457916
vt 6.307175 -197.857666
vt 6.468529 -201.244949
vt 6.317080 -201.822083
vt 6.784464 -197.639740
vt 6.843567 -201.196869
vt 6.728997 -203.054611
vt 7.875244 -197.809799
vt 8.025260 -201.772400
vt 7.906052 -201.682861
vt 8.657078 -197.820938
vt 8.782116 -201.867279
vt 8.662870 -201.806992
vt 8.824212 -197.089630
vt 8.940449 -200.854248
vt 8.940044 -197.785614
vt 9.095697 -198.208176
vt 9.718280 -198.555786
vt 9.837379 -200.931305
vt 9.687925 -201.820770
vt 10.162144 -198.122467
vt 10.275717 -201.388885
vt 10.156061 -202.263077
vt 11.591274 -198.098251
vt 11.656889 -200.740021
vt 11.629704 -202.769318
vt 11.995459 -197.492188
vt 12.033949 -200.954422
vt 11.906544 -202.760452
vt 12.124999 -198.084564
vt 12.225862 -199.924896
vt 12.199890 -202.737000
vt 12.446990 -197.892242
vt 12.545256 -199.000931
vt 12.461784 -202.525665
vt 12.792751 -197.420502
vt 12.812499 -201.397552
vt 12.693178 -201.477219
vt 12.939499 -197.521622
vt 13.090616 -198.342239
vt 13.009949 -202.939148
vt 13.603197 -197.934036
vt 13.655970 -201.278336
vt 13.530592 -201.468048
vt 16.340290 -197.829163
vt 16.469154 -198.533630
vt 16.374998 -202.621979
vt 16.626511 -198.033905
vt 16.782469 -199.066742
vt 16.746273 -202.515045
vt 16.973621 -197.736969
vt 17.093597 -198.390656
vt 17.029839 -202.027069
vt 17.343805 -197.646729
vt 17.499424 -198.096817
vt 17.383512 -202.514389
vt 17.654831 -197.543991
vt 17.720284 -201.404892
vt 17.564810 -201.731873
vt 17.802044 -197.712234
vt 17.844872 -200.137268
vt 18.910353 -197.363693
vt 18.968094 -201.402267
vt 18.852139 -201.505692
vt 19.028471 -197.333099
vt 19.092773 -201.561096
vt 19.259031 -197.664368
vt 19.406429 -198.898193
vt 19.285290 -201.802856
vt 19.562496 -198.153442
vt 19.721359 -199.232101
vt 19.640158 -202.765320
vt 21.725737 -197.809448
vt 21.842468 -200.297379
vt 21.815693 -202.759888
vt 21.970352 -197.344360
vt 22.093685 -198.210449
vt 21.968958 -202.350418
vt 22.412727 -198.185364
vt 22.532017 -198.740295
vt 22.422382 -202.948441
vt 23.904324 -197.924515
vt 24.024761 -201.553955
vt 23.892714 -202.191895
vt 24.528698 -198.575409
vt 24.641914 -201.972778
vt 24.519115 -202.156677
vt 26.934540 -197.895309
vt 27.095213 -199.653625
vt 27.073202 -202.977600
vt 27.775888 -197.582336
vt 27.866932 -198.683350
vt 27.782383 -202.355804
vt 28.159456 -198.084061
vt 28.269272 -198.603638
vt 28.219643 -202.687607
vt 29.032673 -197.906845
vt 29.155809 -198.107056
vt 29.031382 -202.718689
vt 29.288681 -198.803253
vt 29.162609 -202.126404
vt 29.415632 -197.605927
vt 29.531937 -199.234863
vt 29.405283 -201.843964
vt 29.842642 -197.961792
vt 29.969551 -198.034500
vt 29.846794 -201.858078
vt 32.725399 -197.959167
vt 32.749996 -202.020599
vt 32.656109 -202.545685
vt 33.029503 -197.634003
vt 33.153275 -201.522568
vt 33.034340 -201.665192
vt 34.036804 -198.127930
vt 34.151497 -200.444214
vt 34.026340 -201.766937
vt 34.281418 -198.085236
vt 34.406540 -198.084534
vt 34.279037 -202.205475
vt 34.639107 -197.040802
vt 34.781204 -199.369049
vt 34.653431 -201.581223
vt 35.181423 -197.352783
vt 35.284138 -200.911484
vt 35.214878 -202.551025
vt 35.312496 -198.146423
vt 35.407421 -201.328217
vt 35.960548 -197.966675
vt 36.029724 -201.909424
vt 35.879971 -202.211258
vt 36.471870 -197.479980
vt 36.500000 -201.659790
vt 36.408794 -201.834473
vt 37.222771 -198.149246
vt 37.347584 -198.191818
vt 37.320137 -202.478973
vt 37.469944 -197.975647
vt 37.600559 -200.807785
vt 37.470589 -201.751053
vt 38.779312 -198.155090
vt 38.902550 -198.296478
vt 38.857170 -202.030731
vt 39.160538 -198.152679
vt 39.281784 -198.146088
vt 39.116768 -202.022308
vt 39.722816 -198.039230
vt 39.879139 -198.369598
vt 39.721085 -202.026367
vt 40.349213 -197.787277
vt 40.503609 -201.466507
vt 40.345108 -201.752579
vt 41.088394 -198.366241
vt 41.187496 -198.055695
vt 41.092705 -202.668457
vt 42.525688 -197.578217
vt 42.657295 -198.118118
vt 42.587669 -202.132050
vt 42.855461 -198.163986
vt 42.970421 -200.520950
vt 42.910851 -202.300659
vt 43.292175 -197.902527
vt 43.408989 -200.918839
vt 43.346390 -202.532578
vt 43.976593 -197.713150
vt 44.055309 -201.495667
vt 43.909866 -202.611893
vt 45.064384 -197.454987
vt 45.246990 -201.321198
vt 45.098316 -201.414474
vt 45.792526 -197.808014
vt 45.937500 -198.816315
vt 45.789616 -201.914795
vt 5.035160 -197.345490
vt 5.155988 -198.378235
vt 5.033978 -200.793396
vt 7.781927 -201.622894
vt 9.565887 -197.408340
vt 13.901768 -197.971573
vt 14.062785 -198.256714
vt 13.901934 -201.910995
vt 14.509653 -197.670486
vt 14.647264 -198.167435
vt 14.598934 -201.780792
vt 24.642937 -197.501282
vt 24.753742 -201.033173
vt 25.773121 -197.484802
vt 25.913727 -197.148209
vt 25.782082 -201.349243
vt 27.647272 -197.922943
vt 27.675362 -202.027588
vt 30.905106 -197.371765
vt 31.032497 -201.151520
vt 30.906967 -201.114624
vt 32.872936 -198.427078
vt 36.095932 -198.026917
vt 40.463425 -197.352234
vt 40.595772 -198.136536
vt 41.830936 -196.857620
vt 41.902321 -198.483124
vt 41.842369 -201.767853
vt 43.371681 -196.913177
vt 43.534752 -198.121582
vt 10.858849 -197.170410
vt 11.032980 -198.095139
vt 10.905609 -201.866364
vt 22.975121 -197.687531
vt 23.093494 -198.344452
vt 22.970436 -202.135971
vt 23.345226 -197.023087
vt 23.510803 -198.075516
vt 23.372822 -201.255585
vt 24.784218 -197.752594
vt 28.001812 -196.637939
vt 28.099367 -202.016510
vt 30.365931 -197.143188
vt 30.400043 -199.325897
vt 30.350340 -202.447601
vt 32.136093 -197.142792
vt 32.279675 -198.759705
vt 32.145824 -200.768570
vt 33.469315 -197.443954
vt 33.591469 -198.982101
vt 33.438316 -201.502945
vt 41.059296 -196.920410
vt 40.967644 -199.783554
vt 41.977551 -196.916138
vt 42.100082 -198.156036
vt 42.070572 -201.371765
vt 44.125309 -197.608704
vt 0.158788 -196.973724
vt 0.247110 -200.015991
vt 0.092431 -200.149231
vt 0.531868 -197.237122
vt 0.598281 -200.168243
vt 0.436529 -200.173569
vt 0.656925 -197.237885
vt 0.725121 -200.156891
vt 0.778313 -197.050293
vt 0.890360 -199.507599
vt 1.245266 -197.240051
vt 1.314986 -201.090714
vt 1.216172 -199.933136
vt 1.406718 -197.237808
vt 1.467206 -200.174133
vt 1.531868 -197.237183
vt 1.598282 -200.168274
vt 1.656926 -197.237915
vt 1.725122 -200.156860
vt 1.778312 -197.050278
vt 2.281563 -197.239532
vt 2.342872 -201.223633
vt 2.189642 -199.177490
vt 2.656925 -197.237915
vt 2.760824 -200.093918
vt 2.573557 -199.060394
vt 2.794474 -197.202271
vt 3.827936 -196.796143
vt 3.901541 -200.150970
vt 3.784445 -201.577789
vt 3.968997 -197.230988
vt 4.035483 -200.633270
vt 4.093979 -197.231659
vt 4.125000 -201.248108
vt 4.817744 -197.489777
vt 4.917613 -199.456268
vt 4.771994 -201.185211
vt 6.440472 -196.735352
vt 6.562500 -199.994232
vt 6.906425 -197.225220
vt 6.993256 -201.725266
vt 10.281368 -197.294098
vt 10.405626 -199.799622
vt 10.435954 -196.823547
vt 10.561115 -198.338242
vt 13.673791 -196.845032
vt 13.780874 -199.054504
vt 14.801602 -197.228714
vt 14.906847 -201.694122
vt 14.748941 -200.281006
vt 14.996931 -198.165497
vt 15.762837 -197.625549
vt 15.937130 -197.915695
vt 15.787293 -201.526199
vt 18.781624 -197.228058
vt 18.730015 -201.669907
vt 19.143814 -198.801163
vt 19.921890 -197.450745
vt 20.032581 -198.147263
vt 19.875452 -200.066620
vt 21.852715 -196.795029
vt 22.843647 -197.407761
vt 22.814259 -201.511429
vt 24.902233 -198.470520
vt 25.564449 -197.544205
vt 25.687498 -201.197723
vt 25.590233 -201.015381
vt 26.033016 -199.350128
vt 25.907862 -201.784439
vt 31.035225 -196.690628
vt 31.174910 -199.328384
vt 33.158150 -196.866623
vt 33.313854 -198.139862
vt 33.711765 -196.993927
vt 33.786388 -200.160919
vt 33.628372 -202.490097
vt 33.851089 -196.691376
vt 33.905487 -198.617889
vt 34.156639 -197.238251
vt 35.409111 -196.846756
vt 35.526722 -198.824524
vt 35.683674 -197.570557
vt 35.749996 -200.865326
vt 35.646420 -201.251450
vt 37.840057 -197.791565
vt 37.971848 -197.913147
vt 37.852821 -201.146866
vt 39.408592 -196.679657
vt 39.472740 -199.095215
vt 39.319382 -201.608276
vt 40.870346 -196.778000
vt 44.493439 -196.708923
vt 44.522701 -199.727188
vt 44.377342 -199.831146
vt 44.650436 -198.399109
vt 44.957962 -198.652100
vt 45.366554 -197.226715
vt 45.537636 -197.532959
vt 45.399918 -201.871704
vt 3.374300 -197.263199
vt 3.552887 -198.845154
vt 3.377849 -199.835434
vt 5.309600 -197.252014
vt 5.403034 -199.396576
vt 5.286594 -201.125290
vt 25.708197 -196.571030
vt 26.532143 -196.886551
vt 26.658367 -198.492462
vt 26.582621 -201.285522
vt 30.522820 -197.954346
vt 32.395679 -197.750732
vt 32.557735 -198.501129
vt 32.416882 -201.972137
vt 41.713364 -196.837067
vt 41.716484 -200.919647
vt 44.848030 -196.916260
vt 44.818928 -199.174713
vt 2.908839 -199.083771
vt 9.721257 -196.715973
vt 9.868966 -197.468033
vt 15.181944 -196.752289
vt 15.365206 -198.124390
vt 15.174280 -198.683716
vt 24.262724 -196.548660
vt 24.281315 -198.336792
vt 24.163353 -198.723587
vt 26.089579 -196.592407
vt 26.183853 -198.503342
vt 26.780483 -197.112473
vt 26.785389 -199.725983
vt 27.060673 -196.645935
vt 27.208443 -198.307617
vt 28.372158 -196.728210
vt 28.408772 -199.416565
vt 44.729858 -196.680267
vt 5.511276 -197.885040
vt 6.565217 -196.857803
vt 6.663668 -198.171173
vt 7.578883 -196.674927
vt 7.716644 -197.523804
vt 7.592676 -197.739578
vt 8.275097 -196.685822
vt 8.406777 -198.421661
vt 8.285646 -198.991241
vt 9.238417 -198.046112
vt 9.397564 -198.833069
vt 9.340660 -202.213959
vt 12.188311 -196.746292
vt 12.338099 -198.603149
vt 18.300131 -196.517075
vt 18.406578 -198.769455
vt 18.280924 -198.472229
vt 19.798229 -196.579529
vt 24.905579 -196.549652
vt 25.031225 -199.031158
vt 25.046772 -196.545410
vt 25.154690 -199.236740
vt 25.387720 -196.732880
vt 25.431839 -200.197205
vt 27.327898 -196.720764
vt 27.476931 -199.918655
vt 27.342175 -199.370514
vt 28.565353 -197.606812
vt 33.598923 -196.624619
vt 2.935389 -196.645660
vt 3.000000 -199.452118
vt 3.098193 -196.504913
vt 3.211642 -198.901367
vt 3.095253 -199.204437
vt 9.431601 -196.521606
vt 12.345947 -196.558258
vt 14.074006 -197.678116
vt 14.251659 -198.098862
vt 14.307241 -196.541992
vt 14.408260 -199.131653
vt 15.939689 -196.498352
vt 16.093594 -198.521240
vt 16.910313 -197.298859
vt 16.903500 -199.157166
vt 22.805763 -196.899384
vt 22.684145 -198.203308
vt 26.298492 -196.717178
vt 26.346588 -200.560150
vt 26.466825 -199.757004
vt 31.167896 -196.614761
vt 31.280193 -197.976624
vt 32.280388 -196.659943
vt 32.972855 -196.506897
vt 39.248283 -196.924957
vt 41.328259 -196.466522
vt 41.466003 -196.867371
vt 41.316021 -198.418701
vt 44.321384 -196.660248
vt 0.922407 -197.305176
vt 1.000000 -199.306366
vt 1.118794 -197.207458
vt 1.094273 -199.182465
vt 2.148716 -197.067383
vt 3.637145 -196.975052
vt 3.711081 -198.145111
vt 4.287752 -196.636154
vt 4.721762 -196.541489
vt 4.619549 -198.151108
vt 4.915593 -196.764648
vt 5.659391 -196.540894
vt 6.717999 -196.572266
vt 8.968676 -196.743088
vt 9.129729 -196.611237
vt 10.190371 -196.687500
vt 10.584818 -196.556763
vt 10.717274 -197.843536
vt 11.134913 -196.884094
vt 11.166488 -198.264038
vt 11.254444 -196.549240
vt 11.318749 -197.795242
vt 11.579154 -196.517578
vt 11.718526 -197.700195
vt 11.829054 -196.598083
vt 11.854633 -198.602173
vt 12.593378 -197.266602
vt 12.657002 -197.837234
vt 13.097551 -196.951447
vt 13.251031 -198.216919
vt 13.226954 -197.748901
vt 13.439148 -197.700836
vt 14.615319 -196.661850
vt 15.631829 -196.637909
vt 15.564053 -197.733185
vt 16.695818 -196.618958
vt 18.659420 -196.541183
vt 18.662788 -198.148804
vt 19.642967 -196.534622
vt 20.556553 -196.577850
vt 20.631388 -198.101410
vt 20.446293 -198.522034
vt 20.925093 -197.474060
vt 21.009527 -197.788818
vt 20.817009 -198.138336
vt 21.585018 -196.647095
vt 21.595932 -198.153503
vt 22.339638 -196.829895
vt 22.244930 -198.133179
vt 22.492861 -196.632751
vt 22.645550 -196.573975
vt 23.236237 -196.544312
vt 23.217583 -198.315598
vt 23.803272 -196.522446
vt 23.779066 -198.393036
vt 24.026592 -196.552917
vt 24.027290 -197.711395
vt 24.409124 -198.237198
vt 25.201702 -196.853729
vt 25.281517 -199.527054
vt 27.160643 -196.765869
vt 27.608122 -197.143036
vt 28.210018 -196.981659
vt 28.692917 -197.383224
vt 28.720779 -198.431732
vt 28.812498 -198.480911
vt 29.014744 -196.628464
vt 29.220070 -196.677948
vt 30.240166 -196.736526
vt 30.215935 -198.392532
vt 31.297157 -196.971695
vt 31.452026 -199.444580
vt 31.442890 -196.708466
vt 31.770531 -197.162811
vt 31.902765 -197.870483
vt 31.794888 -198.303802
vt 32.607952 -196.761383
vt 33.306274 -196.536194
vt 34.021023 -196.455246
vt 34.244175 -197.289185
vt 35.034111 -196.466278
vt 35.017818 -198.149536
vt 35.259392 -197.858185
vt 35.954243 -196.537323
vt 36.163208 -196.603058
vt 36.342388 -197.669968
vt 36.222523 -198.154465
vt 36.329071 -196.545593
vt 37.193905 -196.531113
vt 37.087624 -197.741333
vt 37.419476 -196.521652
vt 37.598213 -196.949524
vt 37.844780 -196.537460
vt 38.191113 -196.804626
vt 38.228489 -198.146088
vt 38.082405 -197.687485
vt 38.360985 -198.827423
vt 38.948849 -196.935944
vt 39.032856 -197.414429
vt 39.147476 -196.509811
vt 39.982830 -196.930054
vt 40.031784 -198.614075
vt 40.198879 -196.767197
vt 40.186329 -198.148453
vt 42.136295 -196.471558
vt 42.227329 -198.056061
vt 42.374115 -196.889465
vt 42.379761 -197.571716
vt 42.526466 -196.466187
vt 42.874489 -196.945602
vt 42.998695 -197.489182
vt 43.152752 -196.727875
vt 43.163750 -198.148376
vt 45.001591 -196.633484
vt 9.621101 -197.605225
vt 15.385376 -196.982391
vt 17.300541 -197.962204
vt 17.221642 -198.135925
vt 21.433435 -196.655930
vt 21.465483 -197.641388
vt 21.313072 -197.785889
vt 23.505535 -196.442963
vt 23.657810 -198.112549
vt 24.405365 -199.283051
vt 27.527357 -197.893646
vt 29.469633 -198.282745
vt 29.624996 -199.888504
vt 30.653713 -196.483322
vt 30.782696 -198.856262
vt 30.658039 -200.617523
vt 31.591984 -199.610352
vt 31.631618 -197.154587
vt 31.715092 -198.602875
vt 40.836040 -198.905243
vt 40.720276 -198.520584
vt 42.678722 -196.826904
vt 42.767365 -199.107590
vt 43.677109 -196.622086
vt 43.800468 -198.017639
vt 43.657707 -198.500519
vt 0.497324 -197.113800
vt 0.406718 -197.237762
vt 0.656923 -197.271011
vt 0.761049 -197.553116
vt 1.250494 -197.155777
vt 1.497324 -197.113678
vt 1.656922 -197.271057
vt 1.761353 -197.539307
vt 1.907290 -197.302094
vt 3.314361 -197.385971
vt 4.409501 -197.978790
vt 4.596742 -196.614960
vt 5.036210 -197.638367
vt 5.267307 -197.303680
vt 5.468941 -196.842133
vt 5.806578 -197.187653
vt 5.906514 -197.228546
vt 6.156769 -196.746002
vt 6.301952 -196.532913
vt 6.156338 -198.328644
vt 6.904447 -196.744324
vt 7.209021 -196.669022
vt 7.280155 -197.961578
vt 7.156165 -198.300690
vt 7.735340 -197.018295
vt 7.867208 -196.865784
vt 7.971234 -196.787537
vt 8.714479 -197.383148
vt 9.302050 -198.146744
vt 11.390461 -197.296326
vt 11.471060 -199.716156
vt 11.636346 -198.717316
vt 12.059421 -196.665253
vt 14.965824 -196.914642
vt 15.794216 -197.024475
vt 16.577932 -197.544861
vt 17.408661 -196.531982
vt 17.555130 -196.674088
vt 18.156813 -196.750122
vt 18.156258 -198.285553
vt 18.859819 -196.481689
vt 19.073322 -198.230560
vt 20.081615 -197.179474
vt 20.156303 -198.301086
vt 20.424858 -196.694611
vt 20.290031 -198.186386
vt 20.653034 -196.663467
vt 20.784271 -196.542023
vt 21.094351 -196.746185
vt 21.156269 -198.349686
vt 22.175373 -196.617096
vt 23.093046 -197.049347
vt 27.835184 -196.876495
vt 28.551323 -197.367157
vt 28.827963 -196.924072
vt 28.905899 -197.809036
vt 29.820148 -197.689514
vt 30.167431 -196.928253
vt 30.093288 -198.340881
vt 32.165562 -196.943542
vt 32.402290 -197.032135
vt 34.840023 -197.298798
vt 34.906300 -198.804718
vt 35.810722 -197.688660
vt 35.843819 -198.356354
vt 36.482697 -197.195755
vt 36.632408 -197.543686
vt 36.708565 -196.682556
vt 36.781273 -198.384277
vt 36.940601 -197.119598
vt 37.050179 -196.695160
vt 38.040897 -197.035858
vt 38.606754 -196.687744
vt 38.630871 -198.009521
vt 38.468464 -197.958832
vt 38.858326 -197.012070
vt 39.586884 -196.730408
vt 39.593674 -198.108994
vt 40.348202 -196.459793
vt 40.741936 -197.884583
vt 41.547295 -198.001389
vt 41.593658 -198.356659
vt 43.845966 -196.540680
vt 43.992783 -196.632263
vt 44.147675 -196.669037
vt 44.280277 -197.485046
vt 44.594238 -196.745667
vt 45.117111 -197.442993
vt 45.218971 -197.512161
vt 45.302902 -197.561966
vt 45.555069 -196.733505
vt 45.656273 -198.296371
vt 45.772938 -196.537170
vt 7.387175 -197.822235
vt 7.375000 -197.710602
vt 7.475756 -197.927338
vt 8.530774 -197.154053
vt 8.527250 -199.043716
vt 10.274667 -198.382004
vt 10.849381 -196.536758
vt 10.980998 -196.538437
vt 24.715189 -196.502502
vt 25.860218 -196.520233
vt 26.624655 -200.744904
vt 26.808256 -196.880890
vt 26.892807 -196.473190
vt 29.726570 -196.787460
vt 29.940762 -197.480591
vt 31.967777 -196.560074
vt 31.999996 -196.831116
vt 45.913483 -197.111786
vt 45.999992 -197.104507
vt 14.395430 -197.905518
vt 23.666862 -197.035583
vt 24.176476 -198.113953
vt 24.540527 -198.841934
vt 29.354073 -199.171738
vt 30.881214 -196.855011
vt 36.904869 -197.144958
vt 37.907455 -198.274490
vt 41.209694 -197.324860
vt 42.021973 -197.806702
vt 42.966919 -198.433655
vt 0.000000 -197.178101
vt 0.062500 -198.843353
vt 0.536422 -199.933731
vt 1.536422 -199.933777
vt 2.739388 -197.025085
vt 2.834287 -198.612701
vt 6.405906 -198.348785
vt 6.812500 -198.979691
vt 7.015494 -197.430145
vt 7.162588 -198.458969
vt 9.097145 -198.132507
vt 11.030932 -198.061768
vt 12.283766 -197.946411
vt 16.310646 -196.522949
vt 16.404058 -198.027161
vt 17.659370 -197.854034
vt 17.798065 -197.051956
vt 18.249998 -198.864960
vt 18.969864 -197.636124
vt 19.255825 -196.522736
vt 19.347397 -197.820312
vt 19.457615 -196.656403
vt 25.281979 -198.242706
vt 26.034252 -197.306152
vt 27.901728 -197.946442
vt 29.093176 -197.796204
vt 31.159840 -197.243469
vt 33.429054 -198.113770
vt 33.524513 -197.888000
vt 33.774426 -197.616379
vt 35.582703 -196.727081
vt 35.722305 -197.604309
vt 36.601723 -197.882812
vt 37.168098 -198.807892
vt 40.512062 -196.475952
vt 40.661869 -197.621765
vt 43.419514 -198.607239
vt 43.491257 -196.510422
vt 43.522789 -198.039917
vt 3.750000 -197.740082
vt 4.848324 -197.728195
vt 6.287902 -198.269043
vt 7.845985 -198.713409
vt 7.968407 -197.434875
vt 8.094289 -196.742050
vt 8.224978 -198.260345
vt 9.528494 -198.075806
vt 9.851193 -198.474457
vt 9.886481 -196.461655
vt 11.533121 -198.572983
vt 11.969887 -197.718781
vt 13.823029 -196.593048
vt 13.971549 -198.541504
vt 13.989765 -196.770935
vt 14.152638 -198.318314
vt 15.096159 -198.130493
vt 15.910988 -197.723114
vt 16.055548 -197.224121
vt 16.156509 -198.481491
vt 16.784025 -197.890991
vt 17.118599 -197.805466
vt 17.223269 -198.563400
vt 18.718451 -198.017578
vt 19.153503 -198.304367
vt 19.524956 -198.652145
vt 19.720707 -197.992310
vt 20.225536 -198.266922
vt 20.273060 -196.544952
vt 21.224052 -198.251251
vt 21.273563 -196.563995
vt 21.907799 -198.131592
vt 23.156754 -198.589279
vt 23.404865 -198.161835
vt 23.905869 -197.997818
vt 24.280933 -198.048431
vt 26.723301 -198.134079
vt 28.032116 -198.113098
vt 28.113297 -196.770187
vt 28.353138 -199.320145
vt 30.102390 -197.624344
vt 30.416485 -196.924179
vt 30.591743 -200.120544
vt 32.800930 -197.380402
vt 32.907917 -197.904831
vt 33.897217 -197.663361
vt 33.999992 -198.821213
vt 34.425663 -197.220428
vt 34.536476 -198.904968
vt 35.342796 -198.130249
vt 38.164009 -199.053680
vt 38.391361 -196.496582
vt 38.522648 -198.850922
vt 38.784168 -198.422333
vt 39.659851 -198.439453
vt 39.771877 -196.527740
vt 39.901493 -198.537033
vt 40.465778 -197.936920
vt 42.163918 -198.758606
vt 44.464241 -197.968521
vt 44.727486 -198.298126
vt 44.831314 -198.073029
vt 44.937492 -199.236084
vt 45.474094 -198.308289
vt 45.687500 -199.082794
vt 3.457428 -197.972931
vt 3.465694 -196.464279
vt 3.562500 -198.808197
vt 10.907028 -198.211838
vt 12.395794 -198.549652
vt 12.476276 -200.386108
vt 14.472239 -200.643677
vt 16.499998 -199.098511
vt 18.336319 -198.640747
vt 18.845442 -198.348404
vt 19.844940 -197.729065
vt 19.970318 -198.699402
vt 19.962177 -196.591049
vt 20.341087 -198.405365
vt 21.340828 -198.413025
vt 21.652893 -198.855057
vt 21.765743 -197.563828
vt 22.844902 -199.313629
vt 22.944269 -196.463882
vt 23.284878 -198.519073
vt 24.029837 -198.511078
vt 24.780815 -197.859711
vt 24.906277 -199.349335
vt 24.973267 -197.508270
vt 25.090462 -197.931610
vt 25.396330 -199.489120
vt 26.158342 -198.609680
vt 26.249996 -199.742920
vt 26.905838 -198.327301
vt 30.345146 -198.469940
vt 31.035275 -197.897079
vt 31.469234 -199.626450
vt 31.541843 -201.216751
vt 32.529041 -197.961136
vt 37.037994 -198.988937
vt 37.536377 -197.933014
vt 40.345856 -198.072388
vt 41.848221 -198.483856
vt 41.937500 -199.085281
vt 42.467903 -198.886703
vt 4.716676 -198.803650
vt 5.406931 -199.582397
vt 5.524664 -198.133011
vt 5.625000 -199.254272
vt 7.464958 -200.264526
vt 8.659345 -199.856430
vt 10.596635 -199.290710
vt 10.723696 -197.386139
vt 10.812499 -199.323425
vt 11.281754 -198.473450
vt 11.716197 -199.725616
vt 12.223499 -199.363495
vt 14.279987 -198.440125
vt 15.227236 -197.563446
vt 15.339672 -199.034927
vt 16.287090 -198.609253
vt 19.216225 -199.703247
vt 19.596540 -199.882416
vt 23.784283 -198.481415
vt 24.659374 -198.528229
vt 26.537394 -200.189957
vt 26.986881 -197.999329
vt 27.089600 -198.454712
vt 29.592516 -198.115768
vt 29.721420 -199.703934
vt 33.036888 -199.597244
vt 33.226967 -198.134003
vt 33.344189 -198.579666
vt 33.660057 -199.535156
vt 36.038841 -197.779053
vt 36.124992 -199.276001
vt 36.222820 -199.342255
vt 37.289642 -197.997772
vt 37.410210 -198.272217
vt 37.655197 -198.654449
vt 37.729660 -197.090149
vt 37.777199 -199.721756
vt 39.021511 -198.210129
vt 39.124996 -199.281067
vt 39.778088 -198.593674
vt 41.340813 -197.698883
vt 41.437492 -198.984985
vt 43.650742 -198.349762
vt 43.774811 -198.598877
vt 45.779724 -198.596222
vt 0.159469 -200.254608
vt 0.220223 -197.719971
vt 0.285760 -199.629837
vt 0.303455 -196.935364
vt 2.218161 -200.170944
vt 2.337054 -197.293396
vt 2.470098 -197.414307
vt 2.593522 -200.136902
vt 2.606785 -197.223343
vt 2.718653 -200.154755
vt 2.959848 -198.601318
vt 6.532343 -199.749069
vt 6.624999 -197.944550
vt 6.719596 -199.358963
vt 7.598171 -199.385147
vt 7.723297 -199.721130
vt 8.096142 -198.868469
vt 10.466119 -198.438217
vt 11.847372 -198.755447
vt 12.096131 -199.032440
vt 12.781376 -198.096649
vt 12.842560 -200.214218
vt 12.927320 -196.847626
vt 13.416636 -200.399506
vt 13.522839 -198.578125
vt 13.526306 -196.582520
vt 13.750000 -199.198700
vt 13.841007 -198.589569
vt 14.595730 -199.805603
vt 15.458416 -198.841248
vt 15.597339 -199.734100
vt 15.722447 -199.813995
vt 16.657410 -200.034668
vt 17.405457 -198.474518
vt 17.534021 -199.480438
vt 17.910303 -197.937012
vt 18.032881 -198.979248
vt 18.015430 -196.716187
vt 19.437496 -199.483398
vt 20.437498 -199.505035
vt 20.536722 -199.341476
vt 20.661793 -199.324524
vt 21.437496 -199.509003
vt 21.535244 -199.346634
vt 22.037357 -197.396179
vt 22.096176 -199.430237
vt 22.562498 -199.235382
vt 22.658184 -199.701691
vt 27.312498 -199.867462
vt 27.406185 -200.152588
vt 28.912247 -198.286011
vt 29.000000 -198.716629
vt 31.836645 -198.151047
vt 31.899652 -199.707123
vt 32.032562 -198.005844
vt 32.161922 -199.292450
vt 34.105480 -197.540466
vt 34.219257 -199.950256
vt 36.687492 -198.998703
vt 39.471786 -197.702789
vt 39.531303 -200.419785
vt 41.098122 -199.682770
vt 43.062500 -199.274719
vt 43.159966 -199.716965
vt 44.220612 -198.118591
vt 44.344597 -198.800415
vt 44.595825 -199.118927
vt 45.032890 -199.848846
vt 4.909605 -200.275787
vt 6.909146 -199.465118
vt 9.717249 -199.709076
vt 10.095394 -197.723572
vt 10.205181 -200.934937
vt 23.525766 -198.069031
vt 23.655174 -199.939850
vt 24.124998 -200.129028
vt 25.159107 -200.016449
vt 26.319622 -199.049133
vt 28.125000 -199.190704
vt 29.219143 -199.096466
vt 30.249996 -199.456635
vt 32.282074 -199.113861
vt 35.473297 -197.730042
vt 35.596855 -198.481506
vt 38.029819 -199.826172
vt 38.655243 -198.667419
vt 41.625000 -199.957947
vt 41.725784 -198.746918
vt 4.650545 -201.732880
vt 8.846523 -197.889435
vt 8.970580 -199.411728
vt 11.156040 -199.692291
vt 12.967657 -200.505234
vt 12.999999 -197.650650
vt 13.092052 -199.916626
vt 15.845312 -200.380951
vt 27.532696 -200.256119
vt 27.732262 -197.248016
vt 27.779423 -200.162811
vt 28.217655 -199.817947
vt 28.593609 -200.455688
vt 32.406738 -200.156494
vt 32.658577 -200.502167
vt 34.089958 -200.615295
vt 39.222160 -199.911438
vt 40.966400 -199.459686
vt 8.406590 -197.885651
vt 8.531199 -200.774200
vt 13.312499 -201.177368
vt 13.357776 -197.471405
vt 14.846508 -197.979492
vt 14.968223 -199.557404
vt 22.222580 -198.590118
vt 22.342352 -200.088959
vt 22.727539 -197.656769
vt 25.909042 -197.672546
vt 26.031540 -200.442261
vt 27.657089 -200.667770
vt 30.032591 -200.150635
vt 30.156460 -200.436951
vt 30.472206 -200.571259
vt 31.124996 -201.305435
vt 31.216562 -200.840271
vt 31.656748 -200.088150
vt 31.779205 -201.335815
vt 35.908386 -198.408783
vt 35.999996 -200.566071
vt 36.782459 -198.779358
vt 36.906738 -200.582489
vt 37.514488 -202.048553
vt 38.908028 -200.549805
vt 39.967861 -200.935379
vt 42.599754 -197.992599
vt 42.658142 -200.601349
vt 45.915123 -200.166229
vt 0.403071 -200.648300
vt 0.412828 -197.414352
vt 0.778417 -200.247391
vt 0.861156 -202.258179
vt 1.312500 -199.232269
vt 1.406530 -200.156219
vt 1.411878 -197.414429
vt 2.346117 -200.638031
vt 7.969781 -200.900940
vt 9.062498 -201.491730
vt 9.967627 -200.313263
vt 9.981726 -197.093369
vt 10.719038 -200.977936
vt 11.412308 -200.910049
vt 11.968204 -200.933517
vt 12.594205 -201.056030
vt 15.187500 -200.855270
vt 15.969477 -200.645905
vt 17.749998 -200.151245
vt 20.040787 -202.093811
vt 21.977091 -201.763824
vt 22.975523 -197.934021
vt 23.062496 -200.415329
vt 26.840464 -201.365082
vt 28.469597 -198.982574
vt 28.673992 -201.868179
vt 34.312496 -200.266464
vt 34.405842 -200.513855
vt 34.749992 -197.815826
vt 34.789825 -201.324860
vt 34.967888 -200.158966
vt 34.975517 -197.426056
vt 35.717926 -200.766937
vt 36.588150 -201.345612
vt 40.562496 -198.204987
vt 40.654598 -201.067535
vt 41.223221 -200.396118
vt 45.999992 -202.833801
vt 3.614346 -202.324692
vt 4.781406 -201.936172
vt 5.035029 -201.067642
vt 5.159995 -200.658051
vt 5.155276 -197.775650
vt 5.715590 -198.816681
vt 5.781867 -201.555344
vt 6.187499 -199.964981
vt 6.250000 -201.615173
vt 6.999999 -202.025635
vt 8.162881 -202.277588
vt 13.208386 -201.560303
vt 17.657143 -201.227600
vt 17.844233 -200.998535
vt 18.968889 -200.290131
vt 19.340347 -202.165756
vt 20.788525 -198.279968
vt 20.905113 -200.880249
vt 21.125000 -199.967087
vt 21.187498 -201.578339
vt 22.965786 -201.699799
vt 24.224291 -201.744965
vt 25.028214 -201.726257
vt 25.659584 -198.539581
vt 25.775888 -201.850342
vt 25.789997 -198.439148
vt 25.906460 -200.911087
vt 28.315477 -202.250580
vt 29.839186 -201.414963
vt 30.937496 -198.907135
vt 31.030460 -201.009491
vt 32.531254 -201.424316
vt 33.156883 -201.006180
vt 33.103973 -197.469666
vt 33.785179 -200.484406
vt 34.601677 -202.374054
vt 34.646301 -197.628662
vt 34.874992 -202.077393
vt 39.342888 -200.775955
vt 39.344826 -197.706070
vt 41.345627 -201.433594
vt 42.033810 -201.360565
vt 42.147797 -202.364227
vt 42.284508 -198.005676
vt 42.362450 -202.165161
vt 42.562496 -201.579254
vt 43.284119 -197.999268
vt 43.400093 -201.858063
vt 44.687496 -202.027451
vt 3.228732 -201.682251
vt 3.349308 -201.852722
vt 3.475535 -201.235611
vt 6.669145 -202.761383
vt 7.838427 -202.263702
vt 8.777431 -202.187347
vt 9.812499 -201.826385
vt 10.089617 -201.688538
vt 11.499999 -201.895813
vt 12.165715 -202.341461
vt 12.297363 -202.382248
vt 14.669886 -202.677643
vt 14.713276 -197.593704
vt 14.749999 -199.960342
vt 14.823515 -202.002289
vt 15.088648 -202.103363
vt 15.282553 -201.892258
vt 16.405460 -202.323303
vt 16.543642 -202.631073
vt 16.787567 -201.842850
vt 16.968849 -200.646530
vt 17.090660 -202.297989
vt 17.029278 -197.934448
vt 17.916924 -202.274963
vt 18.592920 -199.180023
vt 18.720695 -201.542221
vt 18.844599 -201.710510
vt 19.719362 -201.558456
vt 20.779285 -201.494080
vt 22.727089 -202.538895
vt 23.340433 -201.844879
vt 23.874996 -202.062622
vt 24.340225 -201.869843
vt 24.781126 -201.095581
vt 25.276077 -201.761749
vt 26.722321 -202.277618
vt 27.062498 -202.338837
vt 27.906343 -201.110870
vt 28.029949 -201.704865
vt 28.782410 -199.198700
vt 28.899582 -201.801208
vt 29.095329 -201.378601
vt 30.346603 -202.046417
vt 31.999996 -202.125565
vt 32.725342 -198.099945
vt 32.838409 -201.192200
vt 33.909508 -200.881973
vt 34.695564 -202.365051
vt 35.187496 -201.651443
vt 35.282280 -201.656189
vt 35.531300 -201.723083
vt 35.639713 -202.439896
vt 36.051971 -202.088348
vt 37.004372 -202.917877
vt 37.107296 -202.600433
vt 37.261337 -202.326996
vt 37.589703 -201.655777
vt 38.099392 -202.714874
vt 40.217499 -199.674347
vt 40.342819 -201.606934
vt 41.530563 -201.838684
vt 41.838047 -202.536621
vt 42.279488 -201.488770
vt 43.278725 -201.707275
vt 44.091122 -199.357849
vt 44.220860 -202.106369
vt 45.143173 -202.652191
vt 45.187500 -199.220078
vt 45.282066 -201.531006
vt 5.535960 -201.620331
vt 6.340522 -202.171539
vt 7.090727 -202.249847
vt 7.062500 -198.724060
vt 8.043908 -202.785919
vt 8.279646 -202.104645
vt 8.642485 -202.791397
vt 9.145460 -202.717621
vt 9.405161 -201.987762
vt 9.411484 -198.396790
vt 9.531647 -201.303894
vt 9.607571 -202.790100
vt 10.907454 -201.853912
vt 11.030439 -202.158676
vt 11.277546 -201.929031
vt 12.062499 -202.633041
vt 12.687498 -199.288849
vt 12.722203 -202.454865
vt 13.535119 -202.114792
vt 13.663454 -202.693298
vt 13.646982 -198.571945
vt 13.905928 -202.255493
vt 14.022900 -202.253815
vt 14.156836 -201.571823
vt 14.228130 -202.762711
vt 16.062500 -200.891693
vt 16.152048 -202.562775
vt 17.314705 -202.959961
vt 18.391844 -202.528015
vt 18.476063 -201.764984
vt 18.460026 -197.599380
vt 19.124998 -202.491623
vt 20.155405 -199.926971
vt 20.278313 -201.954071
vt 21.032162 -202.296906
vt 21.028105 -198.753571
vt 21.279308 -201.866562
vt 21.842030 -200.976212
vt 22.226776 -202.284393
vt 23.152069 -202.481049
vt 23.419416 -202.221466
vt 23.537214 -201.668793
vt 23.776711 -201.953308
vt 24.653395 -202.821167
vt 25.529697 -199.414398
vt 25.656013 -202.438660
vt 26.154846 -202.504364
vt 26.962582 -202.563843
vt 27.156376 -202.411499
vt 29.333210 -202.989960
vt 29.468092 -201.935547
vt 30.720844 -199.680573
vt 30.834621 -202.591110
vt 30.853329 -199.427765
vt 32.767113 -202.932327
vt 33.276703 -202.237488
vt 33.471413 -202.338867
vt 34.481876 -202.668976
vt 35.903290 -202.204636
vt 39.037769 -201.511383
vt 39.602249 -202.764359
vt 40.471554 -200.994308
vt 40.507381 -202.880127
vt 40.779663 -201.950134
vt 41.710907 -202.455887
vt 42.776314 -202.479279
vt 42.780441 -199.092133
vt 43.543442 -201.518097
vt 43.661026 -202.020493
vt 43.787376 -201.930740
vt 44.302696 -202.508255
vt 44.780609 -201.863190
vt 45.405525 -200.324829
vt 45.527184 -202.449432
vt 45.791069 -202.262177
vt 4.062500 -200.876587
vt 4.152252 -202.554108
vt 4.157078 -198.990417
vt 5.281950 -200.508102
vt 5.393126 -202.764862
vt 6.030393 -200.746353
vt 6.142993 -202.961136
vt 6.097465 -198.280441
vt 6.894383 -202.713150
vt 11.597841 -202.671127
vt 11.779247 -202.759949
vt 13.793330 -202.811981
vt 15.398035 -202.561722
vt 18.027609 -202.564117
vt 19.902534 -201.359436
vt 22.087528 -202.558609
vt 24.901951 -202.796021
vt 26.017189 -203.012512
vt 28.156864 -202.863068
vt 28.473001 -202.293610
vt 28.777948 -202.866776
vt 29.217144 -202.571442
vt 29.590719 -201.466537
vt 29.674503 -203.002258
vt 30.964935 -202.837540
vt 32.252518 -202.848419
vt 33.374992 -202.419388
vt 35.782986 -202.847229
vt 36.715317 -202.681488
vt 42.471184 -202.304276
vt 42.874992 -200.946075
vt 42.975281 -202.014267
vt 44.408669 -202.749420
vt 44.499996 -200.907440
vt 44.566978 -202.768112
vt 0.000000 -200.587738
vt 0.089604 -202.886688
vt 0.278246 -202.887787
vt 1.725553 -201.995270
vt 1.848753 -203.200714
vt 1.841420 -200.102341
vt 2.427093 -203.175735
vt 2.466070 -200.564178
vt 2.572787 -203.024429
vt 2.697868 -203.024673
vt 2.851982 -201.936859
vt 2.947647 -203.018707
vt 5.860709 -203.280121
vt 5.875000 -198.908356
vt 6.817546 -203.055740
vt 8.874999 -201.365112
vt 8.966211 -202.794891
vt 9.894384 -203.219452
vt 15.805016 -203.292084
vt 17.740459 -203.319931
vt 18.154655 -202.539703
vt 18.279470 -203.252075
vt 20.154007 -203.374695
vt 20.892570 -203.097153
vt 21.718073 -201.786301
vt 21.833847 -203.191223
vt 22.867432 -203.117432
vt 30.259697 -202.972397
vt 34.210056 -203.001755
vt 34.999828 -203.422302
vt 41.471409 -203.142639
vt 45.389492 -203.082581
vt 4.409267 -201.259949
vt 4.526874 -203.164185
vt 4.500000 -199.484650
vt 5.148639 -203.184479
vt 5.622140 -203.314331
vt 6.441051 -202.715485
vt 6.523833 -203.154709
vt 10.526320 -201.645630
vt 10.659640 -203.351273
vt 10.785788 -203.448975
vt 11.152915 -203.124146
vt 14.971388 -202.687622
vt 15.665482 -203.394501
vt 15.966965 -203.233704
vt 16.683859 -203.372955
vt 17.407543 -202.051666
vt 17.487843 -203.287033
vt 18.903362 -203.483856
vt 19.227386 -202.703491
vt 19.455299 -203.245026
vt 20.345636 -202.766678
vt 20.450867 -203.376007
vt 21.347454 -202.727707
vt 21.450554 -203.371460
vt 22.503956 -203.048981
vt 22.589287 -203.171722
vt 23.066061 -203.402054
vt 24.467308 -201.254059
vt 24.526821 -203.293243
vt 24.777336 -203.459854
vt 25.153528 -202.898438
vt 25.903339 -203.556763
vt 28.241055 -203.102982
vt 30.036640 -203.018463
vt 30.155262 -203.238541
vt 32.083908 -203.435608
vt 32.092724 -201.229172
vt 32.391117 -203.125092
vt 36.165443 -203.371521
vt 38.206985 -203.294800
vt 38.401974 -202.142303
vt 38.522511 -203.305664
vt 39.153793 -203.175812
vt 40.098614 -200.046936
vt 40.219849 -203.375610
vt 41.987381 -203.504761
vt 43.091030 -203.172882
vt 43.932426 -203.150223
vt 43.874992 -199.297607
vt 8.403152 -201.966644
vt 8.509461 -203.343658
vt 9.727779 -203.255768
vt 11.721323 -203.575500
vt 14.569524 -203.439926
vt 23.640942 -203.454010
vt 25.460419 -202.162598
vt 25.565353 -203.337036
vt 26.816933 -203.610458
vt 27.246815 -203.159683
vt 27.216885 -199.360321
vt 27.703552 -203.518723
vt 29.793774 -203.434875
vt 29.937500 -201.858215
vt 30.708670 -203.491608
vt 31.913374 -202.847137
vt 32.653080 -203.437592
vt 33.576584 -201.792892
vt 33.718330 -203.407501
vt 3.962958 -201.159302
vt 4.046280 -203.572327
vt 5.937500 -201.352356
vt 6.029386 -203.622498
vt 11.874999 -202.316956
vt 11.943410 -203.442505
vt 12.783887 -203.644547
vt 15.253995 -203.584473
vt 16.079311 -203.583130
vt 16.875000 -201.356567
vt 16.904379 -203.594269
vt 21.132755 -203.573303
vt 27.565605 -202.955353
vt 28.536129 -203.601166
vt 31.070484 -203.616730
vt 31.329788 -200.042938
vt 31.394583 -203.520706
vt 31.735065 -203.579132
vt 32.964428 -202.003220
vt 33.050781 -203.636627
vt 33.971889 -202.920349
vt 34.088547 -203.452942
vt 34.369640 -203.566437
vt 39.239864 -203.365601
vt 39.350296 -203.390198
vt 40.650532 -203.631927
vt 41.632698 -203.572754
vt 42.238037 -203.588379
vt 42.667461 -203.202454
vt 0.168416 -203.547455
vt 0.427095 -203.175751
vt 1.965681 -200.674744
vt 2.094384 -201.240173
vt 2.194867 -203.313568
vt 2.282057 -202.887802
vt 3.270499 -203.540802
vt 3.465047 -203.564835
vt 3.714645 -201.246704
vt 3.805213 -203.599396
vt 3.840284 -200.932266
vt 4.280419 -202.171753
vt 4.383086 -203.676697
vt 4.913290 -203.152328
vt 5.078312 -203.719879
vt 7.938730 -203.638245
vt 8.890429 -203.432159
vt 10.151867 -203.517548
vt 15.519577 -202.492859
vt 18.600546 -203.422882
vt 18.742386 -203.656387
vt 19.812496 -201.766846
vt 19.899868 -203.458542
vt 23.941765 -203.685455
vt 23.960003 -201.840240
vt 24.405781 -203.477646
vt 25.761646 -203.670044
vt 28.898006 -203.689240
vt 29.876812 -203.689743
vt 33.161751 -203.421692
vt 35.251350 -203.710724
vt 39.437500 -201.617218
vt 39.476227 -203.230682
vt 40.341770 -203.636047
vt 41.214375 -203.194702
vt 41.336678 -203.702911
vt 4.641445 -203.267151
vt 4.727691 -203.745712
vt 6.309895 -203.763962
vt 7.024171 -203.808960
vt 7.211214 -202.472549
vt 7.344290 -203.731842
vt 7.336725 -201.876328
vt 7.520474 -203.218445
vt 9.810023 -203.723221
vt 10.909700 -203.639130
vt 11.397918 -203.162323
vt 15.035354 -203.768494
vt 16.281731 -203.732864
vt 16.276848 -201.875488
vt 17.580349 -203.378326
vt 19.583710 -203.175446
vt 19.749046 -203.692383
vt 20.649811 -203.184296
vt 20.696617 -203.771408
vt 20.992733 -203.751953
vt 21.553923 -203.168915
vt 21.699959 -203.745667
vt 23.786411 -203.701889
vt 26.418627 -203.778168
vt 26.396072 -200.574890
vt 27.401680 -202.310577
vt 31.242107 -203.066452
vt 35.847939 -203.813568
vt 36.277603 -203.181320
vt 36.383831 -203.582916
vt 36.344017 -200.516785
vt 36.464592 -201.521210
vt 36.524925 -203.445374
vt 36.617794 -203.751984
vt 37.309380 -203.754669
vt 37.400108 -201.547058
vt 37.614880 -203.689590
vt 39.831120 -202.213196
vt 39.887238 -203.816238
vt 42.848274 -203.492920
vt 43.175461 -203.394348
vt 43.310928 -203.641510
vt 43.780449 -203.662613
vt 44.781845 -203.732788
vt 45.250977 -203.726334
vt 45.643536 -202.693573
vt 45.747353 -203.765030
vt 9.469093 -203.407166
vt 10.308016 -203.560455
vt 11.277199 -203.446335
vt 13.378641 -203.713669
vt 13.988632 -203.785614
vt 23.241934 -202.737854
vt 24.894115 -203.781891
vt 25.087109 -203.618408
vt 27.031948 -203.874802
vt 27.962761 -203.144241
vt 28.036556 -203.794220
vt 29.016994 -202.988815
vt 29.145325 -203.818695
vt 29.532639 -203.440247
vt 30.517130 -203.659912
vt 30.921650 -203.751312
vt 31.998821 -203.790375
vt 33.290325 -203.844971
vt 38.832203 -202.580490
vt 39.029137 -203.742493
vt 40.814049 -203.705566
vt 4.214888 -203.855423
vt 9.046345 -203.809387
vt 11.516068 -203.849487
vt 12.538086 -203.394073
vt 13.161982 -203.520447
vt 14.389341 -203.820770
vt 14.337059 -201.808914
vt 17.999027 -203.674393
vt 19.048073 -203.806808
vt 19.024559 -202.562454
vt 22.089647 -203.856232
vt 28.751114 -203.396957
vt 33.475708 -203.704163
vt 35.085464 -202.882996
vt 42.998623 -203.741058
vt 43.489819 -203.818665
vt 2.014033 -203.071045
vt 3.072735 -203.021271
vt 7.762973 -203.369171
vt 8.317781 -203.679810
vt 11.051093 -203.650940
vt 12.049885 -203.603210
vt 14.089390 -203.670227
vt 19.247709 -203.754028
vt 22.245398 -203.860962
vt 33.821762 -203.051422
vt 33.927052 -203.174301
vt 34.154549 -203.571259
vt 35.494953 -203.610016
vt 35.401318 -201.760605
vt 36.754234 -203.426865
vt 36.844547 -202.820343
vt 38.635971 -203.829681
vt 38.591339 -201.909302
vt 39.751034 -203.678665
vt 43.663437 -203.078979
vt 44.378204 -203.569839
vt 44.650269 -202.848969
vt 3.888552 -203.086945
vt 3.947578 -203.226654
vt 6.592038 -203.759216
vt 7.466857 -202.975922
vt 8.612270 -203.658661
vt 9.219555 -202.988403
vt 9.272558 -202.370758
vt 9.612558 -203.655762
vt 11.154610 -202.597565
vt 12.893326 -203.137756
vt 13.021999 -203.217682
vt 13.805638 -203.428024
vt 14.212202 -203.633759
vt 15.905628 -203.736618
vt 16.587807 -202.547516
vt 17.838110 -203.223740
vt 19.527975 -202.472031
vt 22.402813 -203.144897
vt 22.651777 -202.570740
vt 26.600319 -203.734619
vt 30.117815 -203.156128
vt 31.408270 -203.046417
vt 32.212204 -202.886505
vt 32.515320 -202.284592
vt 32.892246 -203.322479
vt 35.651115 -203.640259
vt 37.154984 -202.638489
vt 37.881500 -203.665619
vt 37.954239 -202.601242
vt 38.310631 -203.402481
vt 38.423592 -203.357132
vt 39.589996 -202.950073
vt 40.509174 -203.773438
vt 40.936676 -203.165680
vt 40.917740 -202.518066
vt 42.467293 -203.769165
vt 44.217503 -203.762802
vt 44.945137 -202.719589
vt 44.891731 -201.791458
vt 45.023640 -203.161972
vt 45.092178 -203.758652
vt 45.554630 -203.816254
vt 0.968071 -203.169556
vt 1.013452 -203.063492
vt 1.130933 -203.166992
vt 1.136230 -203.034698
vt 1.285921 -203.263519
vt 2.019890 -203.168777
vt 3.488688 -203.163818
vt 5.412916 -202.778870
vt 5.528506 -202.314636
vt 5.937500 -203.183670
vt 12.341384 -202.367661
vt 12.593178 -203.019073
vt 12.912666 -203.093597
vt 13.217259 -202.573364
vt 13.618229 -203.693405
vt 14.475346 -202.376053
vt 20.815655 -203.450455
vt 23.777308 -202.394989
vt 27.831394 -203.522202
vt 27.904409 -203.107666
vt 28.341885 -203.183563
vt 29.720140 -203.202118
vt 31.525528 -203.297424
vt 33.780930 -203.161301
vt 34.800201 -203.522552
vt 35.530746 -203.174500
vt 36.905891 -202.681656
vt 41.438522 -202.870071
vt 42.343956 -201.540207
vt 44.492859 -202.955215
vt 8.444852 -202.408966
vt 11.030296 -202.227051
vt 15.341022 -202.065216
vt 15.482829 -203.498184
vt 21.280113 -201.790115
vt 23.231577 -202.363113
vt 23.451694 -203.783081
vt 28.905197 -202.292648
vt 30.227684 -202.536957
vt 30.783611 -202.864426
vt 31.160755 -202.525818
vt 32.880821 -202.443237
vt 0.206715 -202.971161
vt 0.343297 -203.163528
vt 3.339530 -202.534302
vt 4.498175 -202.287170
vt 5.159881 -202.321136
vt 5.290557 -203.630371
vt 8.163218 -203.061157
vt 10.002014 -202.192566
vt 10.014336 -203.415680
vt 13.091980 -202.267441
vt 16.468513 -202.509277
vt 18.006292 -201.203461
vt 18.152264 -203.855408
vt 18.437273 -202.353424
vt 19.407829 -202.518402
vt 20.026485 -201.997284
vt 20.029972 -203.826599
vt 20.277527 -202.268860
vt 21.035824 -202.206650
vt 22.532593 -202.503723
vt 26.905872 -202.169739
vt 29.966709 -202.205048
vt 31.320686 -202.090637
vt 31.861637 -202.774109
vt 34.534859 -202.595901
vt 35.061188 -201.576340
vt 37.027557 -201.880508
vt 38.006878 -201.791458
vt 38.974453 -201.984039
vt 41.592018 -202.251221
vt 43.532516 -202.081207
vt 44.092148 -203.758026
vt 45.656136 -202.234406
vt 7.401643 -201.564804
vt 8.795113 -203.785004
vt 9.129335 -201.624023
vt 10.779968 -201.496185
vt 14.193171 -201.748672
vt 14.740434 -203.069183
vt 14.860797 -203.644958
vt 16.288544 -201.846771
vt 17.277929 -201.247772
vt 17.185715 -202.983704
vt 18.282619 -202.029816
vt 18.590405 -201.819168
vt 20.157095 -202.152023
vt 21.163696 -202.149597
vt 23.659267 -202.042786
vt 26.028366 -203.244934
vt 33.272106 -202.167542
vt 34.410629 -202.142456
vt 36.782665 -202.151566
vt 37.705292 -202.777466
vt 38.840267 -203.860626
vt 40.186775 -201.855774
vt 40.049480 -203.437927
vt 40.650154 -202.171219
vt 40.782459 -202.274078
vt 41.974174 -202.408630
vt 42.224571 -201.989716
vt 42.713295 -202.241745
vt 43.212257 -201.850861
vt 44.784328 -201.906448
vt 4.843358 -203.173309
vt 6.036219 -201.041962
vt 6.153548 -202.248199
vt 7.180407 -202.921265
vt 14.037934 -201.712402
vt 14.341333 -202.671738
vt 15.908287 -201.421478
vt 16.025146 -202.565170
vt 19.746689 -202.363647
vt 22.804752 -203.774536
vt 24.905914 -201.921631
vt 25.032866 -202.941238
vt 29.284031 -202.937378
vt 30.532013 -201.264008
vt 36.285442 -200.839111
vt 36.593403 -201.051300
vt 38.276047 -201.444061
vt 38.498680 -201.396637
vt 38.693497 -202.158997
vt 42.466759 -201.437073
vt 43.090683 -201.731506
vt 44.220200 -201.494003
vt 45.533794 -201.561813
vt 9.530560 -200.698792
vt 11.779053 -201.860596
vt 15.506847 -201.090591
vt 15.654857 -201.910187
vt 23.530731 -202.229492
vt 27.986488 -199.635162
vt 28.528378 -200.554520
vt 28.650337 -201.854843
vt 28.493935 -203.069977
vt 31.687490 -202.713867
vt 32.026474 -200.438263
vt 37.713631 -202.158813
vt 43.782040 -201.541168
vt 26.151562 -203.087708
vt 0.842940 -203.169510
vt 1.842941 -203.169525
vt 3.022107 -203.168732
vt 2.842940 -203.169540
vt 4.968266 -203.176422
vt 5.881764 -200.157379
vt 11.282210 -200.523987
vt 12.904972 -199.852432
vt 13.371969 -200.988907
vt 16.934498 -202.658417
vt 27.237862 -202.576813
vt 29.723953 -199.346924
vt 34.906780 -202.533264
vt 36.904709 -199.070129
vt 10.628492 -202.542709
vt 26.759531 -202.849045
vt 32.312496 -202.996399
vt 41.477737 -199.913803
vt 1.444272 -203.002258
vt 7.624978 -201.044495
vt 8.280619 -202.325867
vt 20.410807 -202.254242
vt 20.526575 -201.723419
vt 24.286839 -202.313370
vt 34.531403 -198.631592
vt 39.999676 -202.368790
vt 4.218842 -198.234894
vt 4.218043 -202.153458
vt 15.215590 -202.220245
vt 16.157520 -202.154663
vt 16.218847 -198.215485
vt 18.158281 -202.153503
vt 20.776875 -201.742981
vt 20.657337 -201.953857
vt 24.153069 -202.235931
vt 26.244610 -202.492569
vt 3.652731 -202.373108
vt 6.649784 -201.727020
vt 10.038832 -198.097443
vt 10.475791 -202.593719
vt 18.525867 -198.154083
vt 21.530014 -201.718277
vt 20.903542 -201.442474
vt 21.402742 -201.784332
vt 21.652203 -201.813873
vt 22.341949 -202.021561
vt 36.146118 -201.730743
vt 38.156067 -201.728729
vt 0.000293 -196.969101
vt 0.000000 -199.706238
vt 2.447205 -199.020813
vt 8.132646 -197.550720
vt 12.738836 -196.512817
vt 3.968047 -197.485016
vt 5.963149 -197.195511
vt 6.031476 -197.225433
vt 37.718750 -198.012695
vt 35.126476 -197.424225
vt 3.849248 -197.729401
vt 9.209343 -199.024139
vt 38.284401 -199.224167
vt 38.409866 -198.185684
vt 4.283311 -198.775726
vt 8.312499 -198.623993
vt 36.413948 -198.282471
vt 40.846329 -198.619461
vt 4.598561 -199.476013
vt 7.285429 -198.593781
vt 18.159359 -199.004776
vt 22.470284 -199.126663
vt 45.596779 -198.744934
vt 43.974407 -199.416504
vt 0.960804 -200.742249
vt 1.087951 -200.709991
vt 1.034439 -197.412109
vt 1.216409 -200.648926
vt 2.034374 -197.412140
vt 3.147269 -200.751251
vt 3.098485 -197.412766
vt 3.025511 -200.712555
vt 3.223658 -197.784943
vt 4.078781 -197.208801
vt 35.088840 -200.146942
vt 10.472292 -202.883102
vt 24.075850 -202.782455
vt 37.843498 -202.205978
vt 38.713425 -202.486130
vt 39.718063 -202.141785
vt 17.213350 -202.611221
vt 0.573078 -203.028259
vt 0.654886 -200.630905
vt 0.698135 -203.028198
vt 1.414185 -202.994965
vt 1.573078 -203.028214
vt 1.654886 -200.630951
vt 7.649788 -203.171539
vt 17.025120 -203.395538
vt 44.081192 -203.171249
vt 0.000174 -203.422791
vt 5.272607 -203.189301
vt 37.449139 -203.541580
vt 24.266327 -203.633865
vt 10.340384 -202.288025
vt 25.396982 -203.285507
vt 41.776329 -203.852661
vt 5.797095 -203.226379
vt 7.607579 -203.644455
vt 41.256443 -203.428741
vt 0.000000 -203.224899
vt 7.266351 -202.085999
vt 22.089684 -202.172760
vt 22.221371 -202.017181
vt 23.084522 -202.168396
vt 39.845882 -202.007141
vt 41.222115 -202.158600
vt 15.057600 -202.102844
vt 8.091452 -200.182312
vt 2.468169 -203.163467
vt 2.717917 -203.167786
vt 7.031061 -198.249878
vt 18.001930 -197.503998
vt 10.346085 -199.018112
vt 20.524055 -203.166733
vt 41.082504 -203.164795
vt 25.276150 -203.570175
vt 0.593012 -203.165222
vt 0.468170 -203.163513
vt 0.717915 -203.167709
vt 1.593012 -203.165298
vt 1.717916 -203.167725
vt 2.593011 -203.165314
s 1
usemtl ko-do
f 2833/2580/2690 2840/2581/2697 2832/2582/2689
f 2928/2583/2785 2935/2584/2792 2930/2585/2787
f 2982/2586/2839 2987/2587/2844 2985/2588/2842
f 3011/2589/2868 3018/2590/2875 3014/2591/2871
f 3031/2592/2888 3034/2593/2891 3030/2594/2887
f 3077/2595/2934 3084/2596/2941 3078/2597/2935
f 3106/2598/2963 3114/2599/2971 3110/2600/2967
f 3115/2601/2972 3123/2602/2980 3114/2599/2971
f 3119/2603/2976 3125/2604/2982 3123/2602/2980
f 3149/2605/3006 3157/2606/3014 3153/2607/3010
f 3168/2608/3025 3174/2609/3031 3170/2610/3027
f 3226/2611/3083 3231/2612/3088 3230/2613/3087
f 3245/2614/3102 3247/2615/3104 3241/2616/3098
f 3248/2617/3105 3256/2618/3113 3255/2619/3112
f 3261/2620/3118 3266/2621/3123 3265/2622/3122
f 3275/2623/3132 3278/2624/3135 3274/2625/3131
f 3284/2626/3141 3290/2627/3147 3289/2628/3146
f 3309/2629/3166 3314/2630/3171 3308/2631/3165
f 3418/2632/3275 3425/2633/3282 3420/2634/3277
f 3429/2635/3286 3436/2636/3293 3435/2637/3292
f 3440/2638/3297 3446/2639/3303 3445/2640/3302
f 3457/2641/3314 3463/2642/3320 3461/2643/3318
f 3468/2644/3325 3472/2645/3329 3467/2646/3324
f 3474/2647/3331 3478/2648/3335 3472/2645/3329
f 3518/2649/3375 3523/2650/3380 3517/2651/3374
f 3524/2652/3381 3529/2653/3386 3523/2650/3380
f 3534/2654/3391 3542/2655/3399 3537/2656/3394
f 3547/2657/3404 3555/2658/3412 3551/2659/3408
f 3637/2660/3494 3645/2661/3502 3644/2662/3501
f 3647/2663/3504 3651/2664/3508 3649/2665/3506
f 3665/2666/3522 3673/2667/3530 3667/2668/3524
f 3727/2669/3584 3734/2670/3591 3729/2671/3586
f 3752/2672/3609 3759/2673/3616 3755/2674/3612
f 3846/2675/3703 3854/2676/3711 3853/2677/3710
f 3876/2678/3733 3880/2679/3737 3878/2680/3735
f 3894/2681/3751 3901/2682/3758 3899/2683/3756
f 3929/2684/3786 3935/2685/3792 3932/2686/3789
f 3935/2685/3792 3942/2687/3799 3937/2688/3794
f 3945/2689/3802 3950/2690/3807 3946/2691/3803
f 3960/2692/3817 3968/2693/3825 3963/2694/3820
f 4075/2695/3932 4077/2696/3934 4074/2697/3931
f 4086/2698/3943 4095/2699/3952 4090/2700/3947
f 4129/2701/3986 4136/2702/3993 4131/2703/3988
f 4140/2704/3997 4144/2705/4001 4143/2706/4000
f 4154/2707/4011 4160/2708/4017 4157/2709/4014
f 4176/2710/4033 4182/2711/4039 4177/2712/4034
f 4178/2713/4035 4186/2714/4043 4182/2711/4039
f 4208/2715/4065 4213/2716/4070 4207/2717/4064
f 4229/2718/4086 4232/2719/4089 4228/2720/4085
f 4260/2721/4117 4266/2722/4123 4265/2723/4122
f 4269/2724/4126 4277/2725/4134 4272/2726/4129
f 4322/2727/4179 4328/2728/4185 4327/2729/4184
f 4337/2730/4194 4343/2731/4200 4340/2732/4197
f 4360/2733/4217 4368/2734/4225 4362/2735/4219
f 4382/2736/4239 4395/2737/4252 4387/2738/4244
f 4413/2739/4270 4418/2740/4275 4417/2741/4274
f 4474/2742/4331 4479/2743/4336 4478/2744/4335
f 4487/2745/4344 4493/2746/4350 4490/2747/4347
f 4505/2748/4362 4513/2749/4370 4510/2750/4367
f 4532/2751/4389 4540/2752/4397 4535/2753/4392
f 4580/2754/4437 4589/2755/4446 4582/2756/4439
f 4609/2757/4466 4614/2758/4471 4613/2759/4470
f 2956/2760/2813 2960/2761/2817 2958/2762/2815
f 3077/2595/2934 3078/2597/2935 3073/2763/2930
f 3145/2764/3002 3149/2605/3006 3153/2607/3010
f 3321/2765/3178 3329/2766/3186 3323/2767/3180
f 3347/2768/3204 3351/2769/3208 3350/2770/3207
f 3756/2771/3613 3765/2772/3622 3759/2673/3616
f 3800/2773/3657 3805/2774/3662 3804/2775/3661
f 3870/2776/3727 3876/2678/3733 3875/2777/3732
f 4001/2778/3858 4010/2779/3867 4004/2780/3861
f 4075/2695/3932 4084/2781/3941 4077/2696/3934
f 4208/2715/4065 4214/2782/4071 4213/2716/4070
f 4388/2783/4245 4396/2784/4253 4395/2737/4252
f 4445/2785/4302 4449/2786/4306 4448/2787/4305
f 4508/2788/4365 4515/2789/4372 4513/2749/4370
f 3197/2790/3054 3203/2791/3060 3201/2792/3058
f 3245/2614/3102 3248/2617/3105 3247/2615/3104
f 3687/2793/3544 3693/2794/3550 3691/2795/3548
f 3704/2796/3561 3710/2797/3567 3708/2798/3565
f 3756/2771/3613 3760/2799/3617 3765/2772/3622
f 3887/2800/3744 3894/2681/3751 3893/2801/3750
f 3984/2802/3841 3986/2803/3843 3983/2804/3840
f 4051/2805/3908 4061/2806/3918 4055/2807/3912
f 4105/2808/3962 4112/2809/3969 4108/2810/3965
f 4414/2811/4271 4413/2739/4270 4412/2812/4269
f 4451/2813/4308 4455/2814/4312 4457/2815/4314
f 4532/2751/4389 4541/2816/4398 4540/2752/4397
f 2757/2817/2614 2765/2818/2622 2756/2819/2613
f 2774/2820/2631 2778/2821/2635 2773/2822/2630
f 2779/2823/2636 2784/2824/2641 2778/2821/2635
f 2785/2825/2642 2790/2826/2647 2784/2824/2641
f 2804/2827/2661 2806/2828/2663 2803/2829/2660
f 2809/2830/2666 2815/2831/2672 2806/2828/2663
f 2816/2832/2673 2820/2833/2677 2815/2831/2672
f 2821/2834/2678 2826/2835/2683 2820/2833/2677
f 2827/2836/2684 2832/2582/2689 2826/2835/2683
f 2845/2837/2702 2848/2838/2705 2844/2839/2701
f 2860/2840/2717 2866/2841/2723 2855/2842/2712
f 2860/2840/2717 2864/2843/2721 2866/2841/2723
f 2906/2844/2763 2910/2845/2767 2905/2846/2762
f 2911/2847/2768 2916/2848/2773 2910/2845/2767
f 2917/2849/2774 2920/2850/2777 2916/2848/2773
f 2948/2851/2805 2954/2852/2811 2947/2853/2804
f 3017/2854/2874 3021/2855/2878 3018/2590/2875
f 3035/2856/2892 3043/2857/2900 3034/2593/2891
f 3173/2858/3030 3180/2859/3037 3174/2609/3031
f 3179/2860/3036 3184/2861/3041 3180/2859/3037
f 3310/2862/3167 3317/2863/3174 3314/2630/3171
f 3358/2864/3215 3362/2865/3219 3357/2866/3214
f 3358/2864/3215 3365/2867/3222 3362/2865/3219
f 3393/2868/3250 3404/2869/3261 3395/2870/3252
f 3468/2644/3325 3474/2647/3331 3472/2645/3329
f 3512/2871/3369 3517/2651/3374 3514/2872/3371
f 3512/2871/3369 3518/2649/3375 3517/2651/3374
f 3518/2649/3375 3524/2652/3381 3523/2650/3380
f 3524/2652/3381 3531/2873/3388 3529/2653/3386
f 3560/2874/3417 3566/2875/3423 3563/2876/3420
f 3641/2877/3498 3647/2663/3504 3645/2661/3502
f 3683/2878/3540 3687/2793/3544 3685/2879/3542
f 3760/2799/3617 3766/2880/3623 3765/2772/3622
f 3792/2881/3649 3798/2882/3655 3795/2883/3652
f 3805/2774/3662 3815/2884/3672 3810/2885/3667
f 4007/2886/3864 4017/2887/3874 4010/2779/3867
f 4092/2888/3949 4099/2889/3956 4095/2699/3952
f 4115/2890/3972 4120/2891/3977 4114/2892/3971
f 4121/2893/3978 4125/2894/3982 4120/2891/3977
f 4135/2895/3992 4140/2704/3997 4136/2702/3993
f 4184/2896/4041 4191/2897/4048 4186/2714/4043
f 4197/2898/4054 4200/2899/4057 4196/2900/4053
f 4285/2901/4142 4291/2902/4148 4288/2903/4145
f 4349/2904/4206 4353/2905/4210 4348/2906/4205
f 4408/2907/4265 4414/2811/4271 4412/2812/4269
f 4556/2908/4413 4558/2909/4415 4553/2910/4410
f 4556/2908/4413 4562/2911/4419 4558/2909/4415
f 4580/2754/4437 4582/2756/4439 4576/2912/4433
f 4591/2913/4448 4596/2914/4453 4594/2915/4451
f 2889/2916/2746 2897/2917/2754 2890/2918/2747
f 2971/2919/2828 2975/2920/2832 2970/2921/2827
f 3799/2922/3656 3800/2773/3657 3798/2882/3655
f 3829/2923/3686 3834/2924/3691 3831/2925/3688
f 3984/2802/3841 3989/2926/3846 3986/2803/3843
f 4062/2927/3919 4070/2928/3927 4066/2929/3923
f 4176/2710/4033 4178/2713/4035 4182/2711/4039
f 4440/2930/4297 4445/2785/4302 4443/2931/4300
f 4570/2932/4427 4576/2912/4433 4572/2933/4429
f 2827/2836/2684 2833/2580/2690 2832/2582/2689
f 2864/2843/2721 2870/2934/2727 2866/2841/2723
f 3150/2935/3007 3158/2936/3015 3149/2605/3006
f 3373/2937/3230 3380/2938/3237 3372/2939/3229
f 3742/2940/3599 3746/2941/3603 3737/2942/3594
f 3816/2943/3673 3820/2944/3677 3815/2884/3672
f 3837/2945/3694 3846/2675/3703 3840/2946/3697
f 3850/2947/3707 3857/2948/3714 3854/2676/3711
f 3904/2949/3761 3905/2950/3762 3901/2682/3758
f 4565/2951/4422 4572/2933/4429 4562/2911/4419
f 2971/2919/2828 2976/2952/2833 2975/2920/2832
f 3022/2953/2879 3025/2954/2882 3021/2855/2878
f 3064/2955/2921 3069/2956/2926 3063/2957/2920
f 3092/2958/2949 3098/2959/2955 3096/2960/2953
f 3130/2961/2987 3139/2962/2996 3136/2963/2993
f 3253/2964/3110 3258/2965/3115 3256/2618/3113
f 3495/2966/3352 3499/2967/3356 3494/2968/3351
f 3556/2969/3413 3560/2874/3417 3563/2876/3420
f 3767/2970/3624 3775/2971/3632 3766/2880/3623
f 3776/2972/3633 3781/2973/3638 3775/2971/3632
f 3787/2974/3644 3792/2881/3649 3790/2975/3647
f 3863/2976/3720 3866/2977/3723 3862/2978/3719
f 3904/2949/3761 3912/2979/3769 3905/2950/3762
f 4110/2980/3967 4115/2890/3972 4112/2809/3969
f 2871/2981/2728 2874/2982/2731 2870/2934/2727
f 2876/2983/2733 2884/2984/2741 2880/2985/2737
f 3140/2986/2997 3145/2764/3002 3139/2962/2996
f 3262/2987/3119 3261/2620/3118 3258/2965/3115
f 3330/2988/3187 3337/2989/3194 3329/2766/3186
f 3339/2990/3196 3343/2991/3200 3337/2989/3194
f 3401/2992/3258 3407/2993/3264 3404/2869/3261
f 3441/2994/3298 3440/2638/3297 3439/2995/3296
f 3681/2996/3538 3683/2878/3540 3678/2997/3535
f 3824/2998/3681 3825/2999/3682 3820/2944/3677
f 3824/2998/3681 3828/3000/3685 3825/2999/3682
f 4015/3001/3872 4018/3002/3875 4017/2887/3874
f 4057/3003/3914 4062/2927/3919 4061/2806/3918
f 4087/3004/3944 4086/2698/3943 4084/2781/3941
f 4344/3005/4201 4349/2904/4206 4343/2731/4200
f 4424/3006/4281 4430/3007/4287 4427/3008/4284
f 4549/3009/4406 4556/2908/4413 4553/2910/4410
f 2791/3010/2648 2794/3011/2651 2790/2826/2647
f 2797/3012/2654 2804/2827/2661 2799/3013/2656
f 2841/3014/2698 2844/2839/2701 2840/2581/2697
f 2841/3014/2698 2845/2837/2702 2844/2839/2701
f 2898/3015/2755 2901/3016/2758 2897/2917/2754
f 2929/3017/2786 2935/2584/2792 2928/2583/2785
f 2943/3018/2800 2948/2851/2805 2941/3019/2798
f 2951/3020/2808 2956/2760/2813 2954/2852/2811
f 2983/3021/2840 2987/2587/2844 2982/2586/2839
f 3027/3022/2884 3031/2592/2888 3025/2954/2882
f 3115/2601/2972 3120/3023/2977 3119/2603/2976
f 3131/3024/2988 3130/2961/2987 3125/2604/2982
f 3171/3025/3028 3173/2858/3030 3168/2608/3025
f 3185/3026/3042 3190/3027/3047 3184/2861/3041
f 3208/3028/3065 3209/3029/3066 3203/2791/3060
f 3213/3030/3070 3218/3031/3075 3209/3029/3066
f 3227/3032/3084 3232/3033/3089 3226/2611/3083
f 3237/3034/3094 3240/3035/3097 3232/3033/3089
f 3237/3034/3094 3245/2614/3102 3240/3035/3097
f 3267/3036/3124 3271/3037/3128 3266/2621/3123
f 3291/3038/3148 3297/3039/3154 3290/2627/3147
f 3298/3040/3155 3304/3041/3161 3297/3039/3154
f 3352/3042/3209 3358/2864/3215 3351/2769/3208
f 3391/3043/3248 3393/2868/3250 3387/3044/3244
f 3431/3045/3288 3436/2636/3293 3429/2635/3286
f 3441/2994/3298 3446/2639/3303 3440/2638/3297
f 3509/3046/3366 3512/2871/3369 3508/3047/3365
f 3550/3048/3407 3555/2658/3412 3547/2657/3404
f 3590/3049/3447 3591/3050/3448 3585/3051/3442
f 3606/3052/3463 3611/3053/3468 3602/3054/3459
f 3633/3055/3490 3637/2660/3494 3632/3056/3489
f 3662/3057/3519 3665/2666/3522 3659/3058/3516
f 3670/3059/3527 3673/2667/3530 3665/2666/3522
f 3675/3060/3532 3681/2996/3538 3678/2997/3535
f 3700/3061/3557 3704/2796/3561 3699/3062/3556
f 3725/3063/3582 3727/2669/3584 3724/3064/3581
f 3735/3065/3592 3732/3066/3589 3727/2669/3584
f 3735/3065/3592 3737/2942/3594 3732/3066/3589
f 3735/3065/3592 3742/2940/3599 3737/2942/3594
f 3750/3067/3607 3756/2771/3613 3752/2672/3609
f 3782/3068/3639 3786/3069/3643 3781/2973/3638
f 3816/2943/3673 3824/2998/3681 3820/2944/3677
f 3855/3070/3712 3863/2976/3720 3857/2948/3714
f 3871/3071/3728 3876/2678/3733 3870/2776/3727
f 3896/3072/3753 3901/2682/3758 3894/2681/3751
f 3916/3073/3773 3917/3074/3774 3912/2979/3769
f 3916/3073/3773 3921/3075/3778 3917/3074/3774
f 3930/3076/3787 3935/2685/3792 3929/2684/3786
f 3940/3077/3797 3942/2687/3799 3935/2685/3792
f 3977/3078/3834 3984/2802/3841 3980/3079/3837
f 4020/3080/3877 4027/3081/3884 4018/3002/3875
f 4020/3080/3877 4025/3082/3882 4027/3081/3884
f 4035/3083/3892 4043/3084/3900 4037/3085/3894
f 4071/3086/3928 4075/2695/3932 4070/2928/3927
f 4087/3004/3944 4092/2888/3949 4086/2698/3943
f 4100/3087/3957 4105/2808/3962 4099/2889/3956
f 4130/3088/3987 4135/2895/3992 4129/2701/3986
f 4141/3089/3998 4144/2705/4001 4140/2704/3997
f 4169/3090/4026 4176/2710/4033 4168/3091/4025
f 4179/3092/4036 4184/2896/4041 4178/2713/4035
f 4209/3093/4066 4214/2782/4071 4208/2715/4065
f 4218/3094/4075 4223/3095/4080 4217/3096/4074
f 4224/3097/4081 4229/2718/4086 4223/3095/4080
f 4261/3098/4118 4260/2721/4117 4256/3099/4113
f 4261/3098/4118 4266/2722/4123 4260/2721/4117
f 4270/3100/4127 4275/3101/4132 4269/2724/4126
f 4286/3102/4143 4291/2902/4148 4285/2901/4142
f 4301/3103/4158 4300/3104/4157 4296/3105/4153
f 4301/3103/4158 4305/3106/4162 4300/3104/4157
f 4332/3107/4189 4331/3108/4188 4328/2728/4185
f 4338/3109/4195 4343/2731/4200 4337/2730/4194
f 4372/3110/4229 4374/3111/4231 4368/2734/4225
f 4378/3112/4235 4382/2736/4239 4377/3113/4234
f 4414/2811/4271 4418/2740/4275 4413/2739/4270
f 4445/2785/4302 4451/2813/4308 4449/2786/4306
f 4458/3114/4315 4461/3115/4318 4455/2814/4312
f 4469/3116/4326 4474/2742/4331 4468/3117/4325
f 4475/3118/4332 4479/2743/4336 4474/2742/4331
f 4491/3119/4348 4494/3120/4351 4487/2745/4344
f 4503/3121/4360 4500/3122/4357 4494/3120/4351
f 4503/3121/4360 4505/2748/4362 4500/3122/4357
f 4577/3123/4434 4580/2754/4437 4576/2912/4433
f 3146/3124/3003 3150/2935/3007 3145/2764/3002
f 3382/3125/3239 3387/3044/3244 3380/2938/3237
f 3454/3126/3311 3457/2641/3314 3450/3127/3307
f 3628/3128/3485 3627/3129/3484 3622/3130/3479
f 3711/3131/3568 3715/3132/3572 3710/2797/3567
f 3742/2940/3599 3749/3133/3606 3746/2941/3603
f 3863/2976/3720 3869/3134/3726 3866/2977/3723
f 3948/3135/3805 3953/3136/3810 3950/2690/3807
f 3993/3137/3850 3998/3138/3855 3994/3139/3851
f 4025/3082/3882 4030/3140/3887 4027/3081/3884
f 4031/3141/3888 4037/3085/3894 4033/3142/3890
f 4408/2907/4265 4407/3143/4264 4402/3144/4259
f 4481/3145/4338 4486/3146/4343 4479/2743/4336
f 4524/3147/4381 4529/3148/4386 4523/3149/4380
f 2770/3150/2627 2774/2820/2631 2767/3151/2624
f 2780/3152/2637 2779/2823/2636 2774/2820/2631
f 2786/3153/2643 2785/2825/2642 2779/2823/2636
f 2791/3010/2648 2797/3012/2654 2794/3011/2651
f 2807/3154/2664 2809/2830/2666 2804/2827/2661
f 2812/3155/2669 2816/2832/2673 2809/2830/2666
f 2822/3156/2679 2821/2834/2678 2816/2832/2673
f 2828/3157/2685 2827/2836/2684 2821/2834/2678
f 2834/3158/2691 2841/3014/2698 2833/2580/2690
f 2871/2981/2728 2876/2983/2733 2874/2982/2731
f 2885/3159/2742 2889/2916/2746 2884/2984/2741
f 2933/3160/2790 2938/3161/2795 2935/2584/2792
f 2959/3162/2816 2960/2761/2817 2956/2760/2813
f 2966/3163/2823 2971/2919/2828 2960/2761/2817
f 2977/3164/2834 2976/2952/2833 2971/2919/2828
f 2989/3165/2846 2992/3166/2849 2987/2587/2844
f 3004/3167/2861 3009/3168/2866 3003/3169/2860
f 3036/3170/2893 3035/2856/2892 3031/2592/2888
f 3048/3171/2905 3051/3172/2908 3046/3173/2903
f 3070/3174/2927 3074/3175/2931 3069/2956/2926
f 3074/3175/2931 3079/3176/2936 3077/2595/2934
f 3111/3177/2968 3115/2601/2972 3106/2598/2963
f 3134/3178/2991 3140/2986/2997 3130/2961/2987
f 3179/2860/3036 3185/3026/3042 3184/2861/3041
f 3219/3179/3076 3223/3180/3080 3218/3031/3075
f 3229/3181/3086 3237/3034/3094 3232/3033/3089
f 3249/3182/3106 3253/2964/3110 3245/2614/3102
f 3366/3183/3223 3365/2867/3222 3358/2864/3215
f 3366/3183/3223 3373/2937/3230 3365/2867/3222
f 3394/3184/3251 3401/2992/3258 3393/2868/3250
f 3427/3185/3284 3429/2635/3286 3425/2633/3282
f 3427/3185/3284 3431/3045/3288 3429/2635/3286
f 3458/3186/3315 3463/2642/3320 3457/2641/3314
f 3465/3187/3322 3468/2644/3325 3463/2642/3320
f 3488/3188/3345 3495/2966/3352 3487/3189/3344
f 3519/3190/3376 3524/2652/3381 3518/2649/3375
f 3526/3191/3383 3531/2873/3388 3524/2652/3381
f 3570/3192/3427 3571/3193/3428 3566/2875/3423
f 3582/3194/3439 3585/3051/3442 3579/3195/3436
f 3582/3194/3439 3590/3049/3447 3585/3051/3442
f 3592/3196/3449 3597/3197/3454 3591/3050/3448
f 3612/3198/3469 3614/3199/3471 3611/3053/3468
f 3628/3128/3485 3633/3055/3490 3627/3129/3484
f 3656/3200/3513 3662/3057/3519 3659/3058/3516
f 3670/3059/3527 3675/3060/3532 3673/2667/3530
f 3694/3201/3551 3700/3061/3557 3693/2794/3550
f 3782/3068/3639 3787/2974/3644 3786/3069/3643
f 3879/3202/3736 3880/2679/3737 3876/2678/3733
f 3896/3072/3753 3904/2949/3761 3901/2682/3758
f 3908/3203/3765 3916/3073/3773 3912/2979/3769
f 3922/3204/3779 3923/3205/3780 3921/3075/3778
f 3940/3077/3797 3945/2689/3802 3942/2687/3799
f 3961/3206/3818 3968/2693/3825 3960/2692/3817
f 3973/3207/3830 3977/3078/3834 3971/3208/3828
f 4052/3209/3909 4057/3003/3914 4051/2805/3908
f 4063/3210/3920 4071/3086/3928 4062/2927/3919
f 4141/3089/3998 4140/2704/3997 4135/2895/3992
f 4163/3211/4020 4165/3212/4022 4160/2708/4017
f 4163/3211/4020 4169/3090/4026 4165/3212/4022
f 4203/3213/4060 4202/3214/4059 4197/2898/4054
f 4203/3213/4060 4209/3093/4066 4202/3214/4059
f 4230/3215/4087 4237/3216/4094 4229/2718/4086
f 4242/3217/4099 4241/3218/4098 4237/3216/4094
f 4242/3217/4099 4251/3219/4108 4241/3218/4098
f 4253/3220/4110 4256/3099/4113 4251/3219/4108
f 4253/3220/4110 4261/3098/4118 4256/3099/4113
f 4293/3221/4150 4296/3105/4153 4291/2902/4148
f 4293/3221/4150 4301/3103/4158 4296/3105/4153
f 4317/3222/4174 4312/3223/4169 4310/3224/4167
f 4317/3222/4174 4324/3225/4181 4312/3223/4169
f 4324/3225/4181 4332/3107/4189 4322/2727/4179
f 4332/3107/4189 4338/3109/4195 4331/3108/4188
f 4356/3226/4213 4355/3227/4212 4353/2905/4210
f 4372/3110/4229 4378/3112/4235 4374/3111/4231
f 4383/3228/4240 4388/2783/4245 4382/2736/4239
f 4401/3229/4258 4402/3144/4259 4396/2784/4253
f 4401/3229/4258 4408/2907/4265 4402/3144/4259
f 4436/3230/4293 4440/2930/4297 4435/3231/4292
f 4469/3116/4326 4468/3117/4325 4461/3115/4318
f 4481/3145/4338 4491/3119/4348 4486/3146/4343
f 4491/3119/4348 4503/3121/4360 4494/3120/4351
f 4524/3147/4381 4523/3149/4380 4515/2789/4372
f 4524/3147/4381 4530/3232/4387 4529/3148/4386
f 4536/3233/4393 4541/2816/4398 4532/2751/4389
f 4542/3234/4399 4547/3235/4404 4541/2816/4398
f 4559/3236/4416 4562/2911/4419 4556/2908/4413
f 4559/3236/4416 4565/2951/4422 4562/2911/4419
f 4583/3237/4440 4586/3238/4443 4580/2754/4437
f 4590/3239/4447 4591/2913/4448 4586/3238/4443
f 4599/3240/4456 4596/2914/4453 4591/2913/4448
f 4599/3240/4456 4602/3241/4459 4596/2914/4453
f 4606/3242/4463 4609/2757/4466 4602/3241/4459
f 3051/3172/2908 3057/3243/2914 3054/3244/2911
f 3061/3245/2918 3064/2955/2921 3063/2957/2920
f 3102/3246/2959 3111/3177/2968 3105/3247/2962
f 3171/3025/3028 3175/3248/3032 3173/2858/3030
f 3196/3249/3053 3202/3250/3059 3197/2790/3054
f 3725/3063/3582 3735/3065/3592 3727/2669/3584
f 3761/3251/3618 3767/2970/3624 3760/2799/3617
f 3806/3252/3663 3805/2774/3662 3800/2773/3657
f 3806/3252/3663 3816/2943/3673 3805/2774/3662
f 3829/2923/3686 3832/3253/3689 3834/2924/3691
f 3838/3254/3695 3843/3255/3700 3837/2945/3694
f 3863/2976/3720 3871/3071/3728 3869/3134/3726
f 3879/3202/3736 3887/2800/3744 3880/2679/3737
f 3904/2949/3761 3908/3203/3765 3912/2979/3769
f 3948/3135/3805 3955/3256/3812 3953/3136/3810
f 3966/3257/3823 3973/3207/3830 3968/2693/3825
f 4025/3082/3882 4031/3141/3888 4030/3140/3887
f 4046/3258/3903 4044/3259/3901 4043/3084/3900
f 4609/2757/4466 4610/3260/4467 4614/2758/4471
f 4610/3260/4467 4615/3261/4472 4614/2758/4471
f 3339/2990/3196 3342/3262/3199 3347/2768/3204
f 3711/3131/3568 3716/3263/3573 3715/3132/3572
f 3735/3065/3592 3738/3264/3595 3742/2940/3599
f 3750/3067/3607 3753/3265/3610 3756/2771/3613
f 3940/3077/3797 3943/3266/3800 3945/2689/3802
f 3993/3137/3850 4002/3267/3859 3998/3138/3855
f 4031/3141/3888 4035/3083/3892 4037/3085/3894
f 4242/3217/4099 4246/3268/4103 4251/3219/4108
f 4286/3102/4143 4289/3269/4146 4291/2902/4148
f 4414/2811/4271 4419/3270/4276 4418/2740/4275
f 4451/2813/4308 4453/3271/4310 4458/3114/4315
f 4491/3119/4348 4495/3272/4352 4503/3121/4360
f 2748/3273/2605 2754/3274/2611 2757/2817/2614
f 2770/3150/2627 2775/3275/2632 2780/3152/2637
f 2812/3155/2669 2817/3276/2674 2822/3156/2679
f 2828/3157/2685 2834/3158/2691 2833/2580/2690
f 2865/3277/2722 2867/3278/2724 2871/2981/2728
f 3009/3168/2866 3015/3279/2872 3017/2854/2874
f 3027/3022/2884 3032/3280/2889 3036/3170/2893
f 3041/3281/2898 3047/3282/2904 3048/3171/2905
f 3120/3023/2977 3126/3283/2983 3131/3024/2988
f 3202/3250/3059 3204/3284/3061 3208/3028/3065
f 3253/2964/3110 3257/3285/3114 3262/2987/3119
f 3419/3286/3276 3421/3287/3278 3427/3185/3284
f 3465/3187/3322 3469/3288/3326 3475/3289/3332
f 3488/3188/3345 3493/3290/3350 3495/2966/3352
f 3519/3190/3376 3521/3291/3378 3524/2652/3381
f 3535/3292/3392 3538/3293/3395 3543/3294/3400
f 3782/3068/3639 3783/3295/3640 3787/2974/3644
f 3806/3252/3663 3811/3296/3668 3816/2943/3673
f 3879/3202/3736 3881/3297/3738 3887/2800/3744
f 3930/3076/3787 3933/3298/3790 3940/3077/3797
f 4007/2886/3864 4013/3299/3870 4015/3001/3872
f 4104/3300/3961 4109/3301/3966 4110/2980/3967
f 4115/2890/3972 4117/3302/3974 4121/2893/3978
f 4192/3303/4049 4198/3304/4055 4203/3213/4060
f 4230/3215/4087 4234/3305/4091 4242/3217/4099
f 4253/3220/4110 4258/3306/4115 4261/3098/4118
f 4391/3307/4248 4397/3308/4254 4401/3229/4258
f 4508/2788/4365 4511/3309/4368 4514/3310/4371
f 4514/3310/4371 4516/3311/4373 4524/3147/4381
f 2898/3015/2755 2902/3312/2759 2906/2844/2763
f 2943/3018/2800 2949/3313/2806 2951/3020/2808
f 3004/3167/2861 3010/3314/2867 3009/3168/2866
f 3070/3174/2927 3075/3315/2932 3074/3175/2931
f 3074/3175/2931 3080/3316/2937 3079/3176/2936
f 3085/3317/2942 3091/3318/2948 3092/2958/2949
f 3140/2986/2997 3142/3319/2999 3146/3124/3003
f 3150/2935/3007 3155/3320/3012 3159/3321/3016
f 3219/3179/3076 3224/3322/3081 3227/3032/3084
f 3237/3034/3094 3242/3323/3099 3249/3182/3106
f 3318/3324/3175 3325/3325/3182 3324/3326/3181
f 3330/2988/3187 3332/3327/3189 3339/2990/3196
f 3366/3183/3223 3367/3328/3224 3373/2937/3230
f 3394/3184/3251 3398/3329/3255 3401/2992/3258
f 3408/3330/3265 3409/3331/3266 3419/3286/3276
f 3431/3045/3288 3433/3332/3290 3441/2994/3298
f 3447/3333/3304 3451/3334/3308 3454/3126/3311
f 3509/3046/3366 3510/3335/3367 3519/3190/3376
f 3526/3191/3383 3530/3336/3387 3535/3292/3392
f 3543/3294/3400 3545/3337/3402 3550/3048/3407
f 3550/3048/3407 3552/3338/3409 3556/2969/3413
f 3570/3192/3427 3575/3339/3432 3576/3340/3433
f 3612/3198/3469 3618/3341/3475 3619/3342/3476
f 3641/2877/3498 3646/3343/3503 3647/2663/3504
f 3694/3201/3551 3697/3344/3554 3700/3061/3557
f 3704/2796/3561 3706/3345/3563 3711/3131/3568
f 3725/3063/3582 3728/3346/3585 3735/3065/3592
f 3738/3264/3595 3743/3347/3600 3742/2940/3599
f 3832/3253/3689 3835/3348/3692 3838/3254/3695
f 3887/2800/3744 3888/3349/3745 3890/3350/3747
f 3896/3072/3753 3902/3351/3759 3904/2949/3761
f 3966/3257/3823 3972/3352/3829 3973/3207/3830
f 3987/3353/3844 3992/3354/3849 3993/3137/3850
f 4078/3355/3935 4081/3356/3938 4087/3004/3944
f 4123/3357/3980 4126/3358/3983 4130/3088/3987
f 4148/3359/4005 4150/3360/4007 4154/2707/4011
f 4179/3092/4036 4183/3361/4040 4184/2896/4041
f 4293/3221/4150 4298/3362/4155 4301/3103/4158
f 4306/3363/4163 4313/3364/4170 4317/3222/4174
f 4317/3222/4174 4323/3365/4180 4324/3225/4181
f 4356/3226/4213 4359/3366/4216 4363/3367/4220
f 4363/3367/4220 4369/3368/4226 4372/3110/4229
f 4383/3228/4240 4389/3369/4246 4391/3307/4248
f 4453/3271/4310 4459/3370/4316 4458/3114/4315
f 4511/3309/4368 4516/3311/4373 4514/3310/4371
f 4549/3009/4406 4554/3371/4411 4556/2908/4413
f 4559/3236/4416 4566/3372/4423 4565/2951/4422
f 4571/3373/4428 4573/3374/4430 4577/3123/4434
f 4590/3239/4447 4595/3375/4452 4599/3240/4456
f 4599/3240/4456 4603/3376/4460 4606/3242/4463
f 2885/3159/2742 2892/3377/2749 2891/3378/2748
f 2892/3377/2749 2895/3379/2752 2898/3015/2755
f 3196/3249/3053 3198/3380/3055 3202/3250/3059
f 3263/3381/3120 3264/3382/3121 3267/3036/3124
f 3342/3262/3199 3344/3383/3201 3352/3042/3209
f 3421/3287/3278 3423/3384/3280 3427/3185/3284
f 3493/3290/3350 3498/3385/3355 3495/2966/3352
f 3510/3335/3367 3515/3386/3372 3519/3190/3376
f 3559/3387/3416 3565/3388/3422 3564/3389/3421
f 3576/3340/3433 3580/3390/3437 3582/3194/3439
f 3619/3342/3476 3623/3391/3480 3628/3128/3485
f 3633/3055/3490 3635/3392/3492 3640/3393/3497
f 3640/3393/3497 3646/3343/3503 3641/2877/3498
f 3681/2996/3538 3684/3394/3541 3688/3395/3545
f 3700/3061/3557 3702/3396/3559 3704/2796/3561
f 3728/3346/3585 3733/3397/3590 3735/3065/3592
f 3762/3398/3619 3768/3399/3625 3767/2970/3624
f 3772/3400/3629 3777/3401/3634 3776/2972/3633
f 3783/3295/3640 3791/3402/3648 3787/2974/3644
f 3817/3403/3674 3821/3404/3678 3824/2998/3681
f 3838/3254/3695 3844/3405/3701 3843/3255/3700
f 3977/3078/3834 3982/3406/3839 3987/3353/3844
f 4002/3267/3859 4008/3407/3865 4007/2886/3864
f 4020/3080/3877 4026/3408/3883 4025/3082/3882
f 4026/3408/3883 4028/3409/3885 4031/3141/3888
f 4063/3210/3920 4067/3410/3924 4071/3086/3928
f 4246/3268/4103 4254/3411/4111 4253/3220/4110
f 4270/3100/4127 4273/3412/4130 4275/3101/4132
f 4378/3112/4235 4384/3413/4241 4383/3228/4240
f 4440/2930/4297 4446/3414/4303 4445/2785/4302
f 4446/3414/4303 4450/3415/4307 4451/2813/4308
f 4469/3116/4326 4470/3416/4327 4475/3118/4332
f 2938/3161/2795 2944/3417/2801 2943/3018/2800
f 2966/3163/2823 2972/3418/2829 2977/3164/2834
f 2978/3419/2835 2981/3420/2838 2983/3021/2840
f 3057/3243/2914 3059/3421/2916 3064/2955/2921
f 3102/3246/2959 3107/3422/2964 3111/3177/2968
f 3185/3026/3042 3186/3423/3043 3191/3424/3048
f 3191/3424/3048 3193/3425/3050 3196/3249/3053
f 3198/3380/3055 3204/3284/3061 3202/3250/3059
f 3208/3028/3065 3214/3426/3071 3213/3030/3070
f 3229/3181/3086 3233/3427/3090 3237/3034/3094
f 3249/3182/3106 3254/3428/3111 3253/2964/3110
f 3257/3285/3114 3263/3381/3120 3262/2987/3119
f 3332/3327/3189 3338/3429/3195 3339/2990/3196
f 3374/3430/3231 3377/3431/3234 3382/3125/3239
f 3409/3331/3266 3414/3432/3271 3419/3286/3276
f 3530/3336/3387 3532/3433/3389 3535/3292/3392
f 3545/3337/3402 3548/3434/3405 3550/3048/3407
f 3697/3344/3554 3702/3396/3559 3700/3061/3557
f 3716/3263/3573 3720/3435/3577 3725/3063/3582
f 3753/3265/3610 3757/3436/3614 3761/3251/3618
f 3829/2923/3686 3830/3437/3687 3832/3253/3689
f 3847/3438/3704 3851/3439/3708 3850/2947/3707
f 3881/3297/3738 3888/3349/3745 3887/2800/3744
f 3943/3266/3800 3948/3135/3805 3945/2689/3802
f 3951/3440/3808 3956/3441/3813 3955/3256/3812
f 4081/3356/3938 4088/3442/3945 4087/3004/3944
f 4096/3443/3953 4101/3444/3958 4100/3087/3957
f 4109/3301/3966 4113/3445/3970 4110/2980/3967
f 4211/3446/4068 4215/3447/4072 4218/3094/4075
f 4218/3094/4075 4219/3448/4076 4224/3097/4081
f 4262/3449/4119 4267/3450/4124 4270/3100/4127
f 4273/3412/4130 4278/3451/4135 4275/3101/4132
f 4281/3452/4138 4283/3453/4140 4286/3102/4143
f 4333/3454/4190 4335/3455/4192 4338/3109/4195
f 4359/3366/4216 4364/3456/4221 4363/3367/4220
f 4425/3457/4282 4428/3458/4285 4430/3007/4287
f 4520/3459/4377 4525/3460/4382 4524/3147/4381
f 4603/3376/4460 4607/3461/4464 4606/3242/4463
f 2754/3274/2611 2758/3462/2615 2757/2817/2614
f 2759/3463/2616 2763/3464/2620 2762/3465/2619
f 2841/3014/2698 2842/3466/2699 2850/3467/2707
f 2851/3468/2708 2857/3469/2714 2856/3470/2713
f 2856/3470/2713 2861/3471/2718 2865/3277/2722
f 2867/3278/2724 2872/3472/2729 2871/2981/2728
f 3015/3279/2872 3019/3473/2876 3022/2953/2879
f 3023/3474/2880 3028/3475/2885 3027/3022/2884
f 3059/3421/2916 3065/3476/2922 3064/2955/2921
f 3065/3476/2922 3071/3477/2928 3070/3174/2927
f 3080/3316/2937 3086/3478/2943 3085/3317/2942
f 3181/3479/3038 3186/3423/3043 3185/3026/3042
f 3233/3427/3090 3238/3480/3095 3237/3034/3094
f 3242/3323/3099 3250/3481/3107 3249/3182/3106
f 3277/3482/3134 3279/3483/3136 3285/3484/3142
f 3301/3485/3158 3306/3486/3163 3305/3487/3162
f 3315/3488/3172 3319/3489/3176 3318/3324/3175
f 3344/3383/3201 3348/3490/3205 3352/3042/3209
f 3383/3491/3240 3388/3492/3245 3391/3043/3248
f 3388/3492/3245 3392/3493/3249 3391/3043/3248
f 3427/3185/3284 3430/3494/3287 3431/3045/3288
f 3459/3495/3316 3464/3496/3321 3465/3187/3322
f 3479/3497/3336 3483/3498/3340 3482/3499/3339
f 3538/3293/3395 3540/3500/3397 3543/3294/3400
f 3580/3390/3437 3583/3501/3440 3582/3194/3439
f 3586/3502/3443 3593/3503/3450 3592/3196/3449
f 3623/3391/3480 3625/3504/3482 3628/3128/3485
f 3629/3505/3486 3635/3392/3492 3633/3055/3490
f 3650/3506/3507 3652/3507/3509 3656/3200/3513
f 3671/3508/3528 3676/3509/3533 3675/3060/3532
f 3811/3296/3668 3817/3403/3674 3816/2943/3673
f 3859/3510/3716 3864/3511/3721 3863/2976/3720
f 3924/3512/3781 3928/3513/3785 3930/3076/3787
f 4038/3514/3895 4040/3515/3897 4046/3258/3903
f 4047/3516/3904 4053/3517/3910 4052/3209/3909
f 4132/3518/3989 4137/3519/3994 4141/3089/3998
f 4215/3447/4072 4219/3448/4076 4218/3094/4075
f 4234/3305/4091 4238/3520/4095 4242/3217/4099
f 4351/3521/4208 4354/3522/4211 4356/3226/4213
f 4414/2811/4271 4415/3523/4272 4419/3270/4276
f 4496/3524/4353 4501/3525/4358 4503/3121/4360
f 4516/3311/4373 4520/3459/4377 4524/3147/4381
f 4543/3526/4400 4550/3527/4407 4549/3009/4406
f 4554/3371/4411 4560/3528/4417 4559/3236/4416
f 4573/3374/4430 4578/3529/4435 4577/3123/4434
f 2949/3313/2806 2952/3530/2809 2951/3020/2808
f 3032/3280/2889 3037/3531/2894 3036/3170/2893
f 3146/3124/3003 3151/3532/3008 3150/2935/3007
f 3165/3533/3022 3172/3534/3029 3171/3025/3028
f 3712/3535/3569 3717/3536/3574 3716/3263/3573
f 3733/3397/3590 3736/3537/3593 3738/3264/3595
f 3777/3401/3634 3778/3538/3635 3782/3068/3639
f 3821/3404/3678 3822/3539/3679 3824/2998/3681
f 3888/3349/3745 3891/3540/3748 3890/3350/3747
f 3933/3298/3790 3938/3541/3795 3940/3077/3797
f 3973/3207/3830 3978/3542/3835 3977/3078/3834
f 4052/3209/3909 4058/3543/3915 4057/3003/3914
f 4187/3544/4044 4193/3545/4050 4192/3303/4049
f 4289/3269/4146 4294/3546/4151 4293/3221/4150
f 4313/3364/4170 4318/3547/4175 4317/3222/4174
f 4437/3548/4294 4441/3549/4298 4440/2930/4297
f 2941/3019/2798 2948/2851/2805 2947/2853/2804 2942/3550/2799
f 3116/3551/2973 3121/3552/2978 3120/3023/2977
f 3204/3284/3061 3210/3553/3067 3208/3028/3065
f 3279/3483/3136 3287/3554/3144 3285/3484/3142
f 3286/3555/3143 3292/3556/3149 3291/3038/3148
f 3392/3493/3249 3396/3557/3253 3394/3184/3251
f 3864/3511/3721 3867/3558/3724 3871/3071/3728
f 3873/3559/3730 3877/3560/3734 3879/3202/3736
f 3891/3540/3748 3897/3561/3754 3896/3072/3753
f 3908/3203/3765 3913/3562/3770 3916/3073/3773
f 4058/3543/3915 4064/3563/3921 4063/3210/3920
f 4067/3410/3924 4072/3564/3929 4071/3086/3928
f 4126/3358/3983 4133/3565/3990 4132/3518/3989
f 4335/3455/4192 4341/3566/4198 4344/3005/4201
f 4409/3567/4266 4415/3523/4272 4414/2811/4271
f 3099/3568/2956 3103/3569/2960 3102/3246/2959
f 3298/3040/3155 3299/3570/3156 3300/3571/3157
f 3359/3572/3216 3363/3573/3220 3366/3183/3223
f 3657/3574/3514 3663/3575/3520 3662/3057/3519
f 3679/3576/3536 3684/3394/3541 3681/2996/3538
f 3807/3577/3664 3812/3578/3669 3811/3296/3668
f 3871/3071/3728 3872/3579/3729 3873/3559/3730
f 3966/3257/3823 3969/3580/3826 3972/3352/3829
f 3972/3352/3829 3974/3581/3831 3973/3207/3830
f 3982/3406/3839 3988/3582/3845 3987/3353/3844
f 4008/3407/3865 4011/3583/3868 4013/3299/3870
f 4013/3299/3870 4016/3584/3873 4020/3080/3877
f 4028/3409/3885 4032/3585/3889 4031/3141/3888
f 4032/3585/3889 4036/3586/3893 4035/3083/3892
f 4204/3587/4061 4210/3588/4067 4211/3446/4068
f 4243/3589/4100 4247/3590/4104 4246/3268/4103
f 4267/3450/4124 4274/3591/4131 4273/3412/4130
f 4278/3451/4135 4283/3453/4140 4281/3452/4138
f 4323/3365/4180 4329/3592/4186 4324/3225/4181
f 4369/3368/4226 4371/3593/4228 4372/3110/4229
f 4477/3594/4334 4480/3595/4337 4481/3145/4338
f 4607/3461/4464 4611/3596/4468 4610/3260/4467
f 2763/3464/2620 2769/3597/2626 2768/3598/2625
f 2787/3599/2644 2789/3600/2646 2791/3010/2648
f 2805/3601/2662 2811/3602/2668 2810/3603/2667
f 2842/3466/2699 2847/3604/2704 2850/3467/2707
f 3075/3315/2932 3081/3605/2938 3080/3316/2937
f 3121/3552/2978 3124/3606/2981 3126/3283/2983
f 3155/3320/3012 3161/3607/3018 3163/3608/3020
f 3186/3423/3043 3192/3609/3049 3191/3424/3048
f 3214/3426/3071 3220/3610/3077 3219/3179/3076
f 3238/3480/3095 3243/3611/3100 3242/3323/3099
f 3264/3382/3121 3268/3612/3125 3267/3036/3124
f 3367/3328/3224 3371/3613/3228 3374/3430/3231
f 3398/3329/3255 3402/3614/3259 3408/3330/3265
f 3469/3288/3326 3471/3615/3328 3475/3289/3332
f 3565/3388/3422 3567/3616/3424 3570/3192/3427
f 3646/3343/3503 3648/3617/3505 3650/3506/3507
f 3689/3618/3546 3692/3619/3549 3694/3201/3551
f 3835/3348/3692 3841/3620/3698 3838/3254/3695
f 3867/3558/3724 3872/3579/3729 3871/3071/3728
f 3906/3621/3763 3913/3562/3770 3908/3203/3765
f 3913/3562/3770 3914/3622/3771 3916/3073/3773
f 4011/3583/3868 4016/3584/3873 4013/3299/3870
f 4142/3623/3999 4145/3624/4002 4148/3359/4005
f 4158/3625/4015 4159/3626/4016 4163/3211/4020
f 4163/3211/4020 4167/3627/4024 4166/3628/4023
f 4193/3545/4050 4199/3629/4056 4198/3304/4055
f 4230/3215/4087 4235/3630/4092 4234/3305/4091
f 4392/3631/4249 4398/3632/4255 4397/3308/4254
f 4415/3523/4272 4420/3633/4277 4419/3270/4276
f 4611/3596/4468 4616/3634/4473 4615/3261/4472
f 2895/3379/2752 2899/3635/2756 2898/3015/2755
f 2944/3417/2801 2946/3636/2803 2949/3313/2806
f 2952/3530/2809 2957/3637/2814 2959/3162/2816
f 2957/3637/2814 2962/3638/2819 2961/3639/2818
f 2986/3640/2843 2988/3641/2845 2989/3165/2846
f 3005/3642/2862 3008/3643/2865 3010/3314/2867
f 3037/3531/2894 3039/3644/2896 3041/3281/2898
f 3086/3478/2943 3089/3645/2946 3091/3318/2948
f 3292/3556/3149 3294/3646/3151 3298/3040/3155
f 3299/3570/3156 3301/3485/3158 3300/3571/3157
f 3396/3557/3253 3402/3614/3259 3398/3329/3255
f 3464/3496/3321 3470/3647/3327 3469/3288/3326
f 3471/3615/3328 3476/3648/3333 3475/3289/3332
f 3515/3386/3372 3522/3649/3379 3521/3291/3378
f 3532/3433/3389 3539/3650/3396 3538/3293/3395
f 3598/3651/3455 3603/3652/3460 3606/3052/3463
f 3613/3653/3470 3615/3654/3472 3618/3341/3475
f 3684/3394/3541 3690/3655/3547 3689/3618/3546
f 3738/3264/3595 3741/3656/3598 3743/3347/3600
f 3768/3399/3625 3773/3657/3630 3772/3400/3629
f 3796/3658/3653 3802/3659/3659 3801/3660/3658
f 3801/3660/3658 3808/3661/3665 3807/3577/3664
f 3897/3561/3754 3900/3662/3757 3902/3351/3759
f 3961/3206/3818 3962/3663/3819 3966/3257/3823
f 3969/3580/3826 3974/3581/3831 3972/3352/3829
f 4003/3664/3860 4009/3665/3866 4008/3407/3865
f 4064/3563/3921 4068/3666/3925 4067/3410/3924
f 4088/3442/3945 4093/3667/3950 4091/3668/3948
f 4113/3445/3970 4118/3669/3975 4117/3302/3974
f 4150/3360/4007 4153/3670/4010 4155/3671/4012
f 4159/3626/4016 4161/3672/4018 4163/3211/4020
f 4341/3566/4198 4346/3673/4203 4345/3674/4202
f 4420/3633/4277 4426/3675/4283 4425/3457/4282
f 4454/3676/4311 4460/3677/4317 4459/3370/4316
f 4464/3678/4321 4466/3679/4323 4469/3116/4326
f 4470/3416/4327 4476/3680/4333 4477/3594/4334
f 4506/3681/4363 4512/3682/4369 4511/3309/4368
f 4560/3528/4417 4563/3683/4420 4566/3372/4423
f 2883/3684/2740 2886/3685/2743 2885/3159/2742
f 2886/3685/2743 2893/3686/2750 2892/3377/2749
f 3019/3473/2876 3029/3687/2886 3023/3474/2880
f 3071/3477/2928 3076/3688/2933 3075/3315/2932
f 3107/3422/2964 3112/3689/2969 3111/3177/2968
f 3151/3532/3008 3154/3690/3011 3155/3320/3012
f 3161/3607/3018 3166/3691/3023 3165/3533/3022
f 3220/3610/3077 3222/3692/3079 3224/3322/3081
f 3250/3481/3107 3252/3693/3109 3254/3428/3111
f 3254/3428/3111 3259/3694/3116 3257/3285/3114
f 3348/3490/3205 3353/3695/3210 3355/3696/3212
f 3354/3697/3211 3360/3698/3217 3359/3572/3216
f 3363/3573/3220 3368/3699/3225 3367/3328/3224
f 3371/3613/3228 3376/3700/3233 3374/3430/3231
f 3414/3432/3271 3422/3701/3279 3421/3287/3278
f 3423/3384/3280 3426/3702/3283 3427/3185/3284
f 3430/3494/3287 3434/3703/3291 3433/3332/3290
f 3442/3704/3299 3448/3705/3305 3444/3706/3301
f 3476/3648/3333 3480/3707/3337 3479/3497/3336
f 3505/3708/3362 3511/3709/3368 3510/3335/3367
f 3511/3709/3368 3516/3710/3373 3515/3386/3372
f 3548/3434/3405 3553/3711/3410 3552/3338/3409
f 3593/3503/3450 3599/3712/3456 3598/3651/3455
f 3676/3509/3533 3680/3713/3537 3679/3576/3536
f 3702/3396/3559 3705/3714/3562 3706/3345/3563
f 3720/3435/3577 3726/3715/3583 3728/3346/3585
f 3741/3656/3598 3747/3716/3604 3743/3347/3600
f 3757/3436/3614 3763/3717/3620 3762/3398/3619
f 3778/3538/3635 3784/3718/3641 3783/3295/3640
f 3832/3253/3689 3836/3719/3693 3835/3348/3692
f 3847/3438/3704 3849/3720/3706 3851/3439/3708
f 3882/3721/3739 3889/3722/3746 3888/3349/3745
f 3918/3723/3775 3925/3724/3782 3924/3512/3781
f 3928/3513/3785 3934/3725/3791 3933/3298/3790
f 3978/3542/3835 3985/3726/3842 3982/3406/3839
f 4040/3515/3897 4045/3727/3902 4047/3516/3904
f 4076/3728/3933 4080/3729/3937 4078/3355/3935
f 4118/3669/3975 4124/3730/3981 4123/3357/3980
f 4156/3731/4013 4159/3626/4016 4158/3625/4015
f 4175/3732/4032 4180/3733/4037 4179/3092/4036
f 4188/3734/4045 4194/3735/4051 4193/3545/4050
f 4210/3588/4067 4212/3736/4069 4211/3446/4068
f 4247/3590/4104 4252/3737/4109 4254/3411/4111
f 4254/3411/4111 4257/3738/4114 4258/3306/4115
f 4258/3306/4115 4263/3739/4120 4262/3449/4119
f 4274/3591/4131 4276/3740/4133 4273/3412/4130
f 4294/3546/4151 4297/3741/4154 4298/3362/4155
f 4379/3742/4236 4385/3743/4242 4384/3413/4241
f 4428/3458/4285 4433/3744/4290 4436/3230/4293
f 4441/3549/4298 4447/3745/4304 4446/3414/4303
f 4450/3415/4307 4454/3676/4311 4453/3271/4310
f 4459/3370/4316 4465/3746/4322 4464/3678/4321
f 4476/3680/4333 4480/3595/4337 4477/3594/4334
f 4501/3525/4358 4507/3747/4364 4506/3681/4363
f 4537/3748/4394 4544/3749/4401 4543/3526/4400
f 4578/3529/4435 4585/3750/4442 4583/3237/4440
f 4584/3751/4441 4587/3752/4444 4590/3239/4447
f 2972/3418/2829 2979/3753/2836 2978/3419/2835
f 3008/3643/2865 3012/3754/2869 3010/3314/2867
f 3039/3644/2896 3044/3755/2901 3042/3756/2899
f 3081/3605/2938 3083/3757/2940 3086/3478/2943
f 3089/3645/2946 3094/3758/2951 3091/3318/2948
f 3103/3569/2960 3108/3759/2965 3107/3422/2964
f 3124/3606/2981 3128/3760/2985 3126/3283/2983
f 3134/3178/2991 3138/3761/2995 3137/3762/2994
f 3143/3763/3000 3147/3764/3004 3146/3124/3003
f 3193/3425/3050 3199/3765/3056 3198/3380/3055
f 3199/3765/3056 3205/3766/3062 3204/3284/3061
f 3210/3553/3067 3215/3767/3072 3214/3426/3071
f 3243/3611/3100 3246/3768/3103 3250/3481/3107
f 3272/3769/3129 3273/3770/3130 3277/3482/3134
f 3307/3771/3164 3312/3772/3169 3311/3773/3168
f 3322/3774/3179 3326/3775/3183 3325/3325/3182
f 3333/3776/3190 3334/3777/3191 3338/3429/3195
f 3405/3778/3262 3410/3779/3267 3409/3331/3266
f 3451/3334/3308 3455/3780/3312 3454/3126/3311
f 3501/3781/3358 3500/3782/3357 3504/3783/3361
f 3526/3191/3383 3527/3784/3384 3530/3336/3387
f 3572/3785/3429 3577/3786/3434 3575/3339/3432
f 3603/3652/3460 3608/3787/3465 3607/3788/3464
f 3615/3654/3472 3620/3789/3477 3618/3341/3475
f 3642/3790/3499 3648/3617/3505 3646/3343/3503
f 3652/3507/3509 3660/3791/3517 3657/3574/3514
f 3692/3619/3549 3698/3792/3555 3697/3344/3554
f 3707/3793/3564 3713/3794/3570 3712/3535/3569
f 3717/3536/3574 3721/3795/3578 3720/3435/3577
f 3736/3537/3593 3741/3656/3598 3738/3264/3595
f 3753/3265/3610 3758/3796/3615 3757/3436/3614
f 3793/3797/3650 3797/3798/3654 3796/3658/3653
f 3812/3578/3669 3818/3799/3675 3817/3403/3674
f 3841/3620/3698 3848/3800/3705 3844/3405/3701
f 3849/3720/3706 3856/3801/3713 3851/3439/3708
f 3877/3560/3734 3882/3721/3739 3881/3297/3738
f 3938/3541/3795 3944/3802/3801 3943/3266/3800
f 3943/3266/3800 3947/3803/3804 3948/3135/3805
f 3956/3441/3813 3962/3663/3819 3961/3206/3818
f 3995/3804/3852 4000/3805/3857 3999/3806/3856
f 4072/3564/3929 4079/3807/3936 4076/3728/3933
f 4093/3667/3950 4097/3808/3954 4096/3443/3953
f 4104/3300/3961 4106/3809/3963 4109/3301/3966
f 4145/3624/4002 4149/3810/4006 4150/3360/4007
f 4203/3213/4060 4205/3811/4062 4204/3587/4061
f 4329/3592/4186 4334/3812/4191 4333/3454/4190
f 4354/3522/4211 4357/3813/4214 4359/3366/4216
f 4390/3814/4247 4393/3815/4250 4392/3631/4249
f 4398/3632/4255 4403/3816/4260 4401/3229/4258
f 4437/3548/4294 4442/3817/4299 4441/3549/4298
f 4480/3595/4337 4485/3818/4342 4484/3819/4341
f 4517/3820/4374 4521/3821/4378 4520/3459/4377
f 4521/3821/4378 4526/3822/4383 4525/3460/4382
f 4544/3749/4401 4548/3823/4405 4550/3527/4407
f 4563/3683/4420 4567/3824/4424 4566/3372/4423
f 4592/3825/4449 4597/3826/4454 4595/3375/4452
f 4603/3376/4460 4612/3827/4469 4607/3461/4464
f 2915/3828/2772 2922/3829/2779 2921/3830/2778
f 2967/3831/2824 2973/3832/2830 2972/3418/2829
f 2999/3833/2856 3006/3834/2863 3002/3835/2859
f 3032/3280/2889 3038/3836/2895 3037/3531/2894
f 3083/3757/2940 3089/3645/2946 3086/3478/2943
f 3222/3692/3079 3228/3837/3085 3224/3322/3081
f 3233/3427/3090 3234/3838/3091 3238/3480/3095
f 3246/3768/3103 3252/3693/3109 3250/3481/3107
f 3315/3488/3172 3316/3839/3173 3319/3489/3176
f 3376/3700/3233 3381/3840/3238 3377/3431/3234
f 3480/3707/3337 3484/3841/3341 3483/3498/3340
f 3561/3842/3418 3567/3616/3424 3565/3388/3422
f 3648/3617/3505 3653/3843/3510 3652/3507/3509
f 3763/3717/3620 3769/3844/3626 3768/3399/3625
f 3808/3661/3665 3813/3845/3670 3812/3578/3669
f 3889/3722/3746 3895/3846/3752 3891/3540/3748
f 3902/3351/3759 3907/3847/3764 3906/3621/3763
f 3914/3622/3771 3919/3848/3776 3918/3723/3775
f 3934/3725/3791 3939/3849/3796 3938/3541/3795
f 3952/3850/3809 3954/3851/3811 3956/3441/3813
f 3999/3806/3856 4005/3852/3862 4003/3664/3860
f 4053/3517/3910 4059/3853/3916 4058/3543/3915
f 4102/3854/3959 4106/3809/3963 4104/3300/3961
f 4199/3629/4056 4201/3855/4058 4203/3213/4060
f 4235/3630/4092 4240/3856/4097 4238/3520/4095
f 4466/3679/4323 4471/3857/4328 4470/3416/4327
f 4488/3858/4345 4492/3859/4349 4495/3272/4352
f 4550/3527/4407 4551/3860/4408 4554/3371/4411
f 4555/3861/4412 4561/3862/4418 4560/3528/4417
f 2749/3863/2606 2755/3864/2612 2754/3274/2611
f 2758/3462/2615 2764/3865/2621 2763/3464/2620
f 2824/3866/2681 2831/3867/2688 2829/3868/2686
f 2847/3604/2704 2853/3869/2710 2852/3870/2709
f 2852/3870/2709 2858/3871/2715 2857/3469/2714
f 2857/3469/2714 2862/3872/2719 2861/3471/2718
f 2861/3471/2718 2868/3873/2725 2867/3278/2724
f 2868/3873/2725 2873/3874/2730 2872/3472/2729
f 2893/3686/2750 2899/3635/2756 2895/3379/2752
f 2988/3641/2845 2994/3875/2851 2990/3876/2847
f 3028/3475/2885 3033/3877/2890 3032/3280/2889
f 3117/3878/2974 3122/3879/2979 3121/3552/2978
f 3154/3690/3011 3160/3880/3017 3155/3320/3012
f 3252/3693/3109 3259/3694/3116 3254/3428/3111
f 3392/3493/3249 3397/3881/3254 3396/3557/3253
f 3470/3647/3327 3473/3882/3330 3471/3615/3328
f 3490/3883/3347 3496/3884/3353 3493/3290/3350
f 3567/3616/3424 3573/3885/3430 3572/3785/3429
f 3599/3712/3456 3604/3886/3461 3603/3652/3460
f 3638/3887/3495 3643/3888/3500 3642/3790/3499
f 3680/3713/3537 3686/3889/3543 3684/3394/3541
f 3974/3581/3831 3981/3890/3838 3978/3542/3835
f 4133/3565/3990 4138/3891/3995 4137/3519/3994
f 4149/3810/4006 4153/3670/4010 4150/3360/4007
f 4161/3672/4018 4172/3892/4029 4167/3627/4024
f 4426/3675/4283 4434/3893/4291 4428/3458/4285
f 4548/3823/4405 4551/3860/4408 4550/3527/4407
f 4587/3752/4444 4593/3894/4450 4592/3825/4449
f 2931/3895/2788 2936/3896/2793 2934/3897/2791
f 2957/3637/2814 2963/3898/2820 2962/3638/2819
f 2979/3753/2836 2984/3899/2841 2981/3420/2838
f 3016/3900/2873 3020/3901/2877 3019/3473/2876
f 3183/3902/3040 3188/3903/3045 3186/3423/3043
f 3192/3609/3049 3194/3904/3051 3193/3425/3050
f 3205/3766/3062 3211/3905/3068 3210/3553/3067
f 3268/3612/3125 3273/3770/3130 3272/3769/3129
f 3312/3772/3169 3316/3839/3173 3315/3488/3172
f 3353/3695/3210 3360/3698/3217 3354/3697/3211
f 3360/3698/3217 3364/3906/3221 3363/3573/3220
f 3388/3492/3245 3389/3907/3246 3392/3493/3249
f 3396/3557/3253 3403/3908/3260 3402/3614/3259
f 3422/3701/3279 3426/3702/3283 3423/3384/3280
f 3426/3702/3283 3432/3909/3289 3430/3494/3287
f 3460/3910/3317 3462/3911/3319 3464/3496/3321
f 3516/3710/3373 3520/3912/3377 3522/3649/3379
f 3527/3784/3384 3533/3913/3390 3532/3433/3389
f 3539/3650/3396 3544/3914/3401 3540/3500/3397
f 3581/3915/3438 3588/3916/3445 3583/3501/3440
f 3624/3917/3481 3630/3918/3487 3625/3504/3482
f 3669/3919/3526 3674/3920/3531 3671/3508/3528
f 3690/3655/3547 3695/3921/3552 3692/3619/3549
f 3751/3922/3608 3754/3923/3611 3753/3265/3610
f 3758/3796/3615 3764/3924/3621 3763/3717/3620
f 3773/3657/3630 3779/3925/3636 3778/3538/3635
f 3802/3659/3659 3809/3926/3666 3808/3661/3665
f 3895/3846/3752 3898/3927/3755 3897/3561/3754
f 3970/3928/3827 3975/3929/3832 3974/3581/3831
f 4045/3727/3902 4054/3930/3911 4050/3931/3907
f 4050/3931/3907 4059/3853/3916 4053/3517/3910
f 4059/3853/3916 4065/3932/3922 4064/3563/3921
f 4212/3736/4069 4220/3933/4077 4215/3447/4072
f 4252/3737/4109 4257/3738/4114 4254/3411/4111
f 4257/3738/4114 4263/3739/4120 4258/3306/4115
f 4297/3741/4154 4302/3934/4159 4298/3362/4155
f 4308/3935/4165 4314/3936/4171 4313/3364/4170
f 4334/3812/4191 4339/3937/4196 4335/3455/4192
f 4375/3938/4232 4380/3939/4237 4379/3742/4236
f 4447/3745/4304 4456/3940/4313 4450/3415/4307
f 4492/3859/4349 4498/3941/4355 4496/3524/4353
f 4526/3822/4383 4534/3942/4391 4531/3943/4388
f 3100/3944/2957 3104/3945/2961 3103/3569/2960
f 3147/3764/3004 3152/3946/3009 3151/3532/3008
f 3228/3837/3085 3235/3947/3092 3233/3427/3090
f 3344/3383/3201 3349/3948/3206 3348/3490/3205
f 3713/3794/3570 3718/3949/3575 3717/3536/3574
f 3789/3950/3646 3794/3951/3651 3793/3797/3650
f 3836/3719/3693 3842/3952/3699 3841/3620/3698
f 3856/3801/3713 3861/3953/3718 3858/3954/3715
f 3872/3579/3729 3874/3955/3731 3877/3560/3734
f 3954/3851/3811 3959/3956/3816 3956/3441/3813
f 3964/3957/3821 3970/3928/3827 3969/3580/3826
f 3992/3354/3849 3996/3958/3853 3995/3804/3852
f 4036/3586/3893 4041/3959/3898 4040/3515/3897
f 4068/3666/3925 4073/3960/3930 4072/3564/3929
f 4111/3961/3968 4116/3962/3973 4113/3445/3970
f 2913/3963/2770 2919/3964/2776 2915/3828/2772
f 2993/3965/2850 3000/3966/2857 2999/3833/2856
f 3239/3967/3096 3244/3968/3101 3243/3611/3100
f 3273/3770/3130 3280/3969/3137 3279/3483/3136
f 3368/3699/3225 3378/3970/3235 3371/3613/3228
f 3403/3908/3260 3411/3971/3268 3405/3778/3262
f 3437/3972/3294 3438/3973/3295 3442/3704/3299
f 3608/3787/3465 3616/3974/3473 3613/3653/3470
f 3868/3975/3725 3874/3955/3731 3872/3579/3729
f 3907/3847/3764 3909/3976/3766 3913/3562/3770
f 4005/3852/3862 4012/3977/3869 4009/3665/3866
f 4021/3978/3878 4023/3979/3880 4026/3408/3883
f 4028/3409/3885 4039/3980/3896 4032/3585/3889
f 4085/3981/3942 4089/3982/3946 4088/3442/3945
f 4127/3983/3984 4134/3984/3991 4133/3565/3990
f 4142/3623/3999 4146/3985/4003 4145/3624/4002
f 4205/3811/4062 4212/3736/4069 4210/3588/4067
f 4342/3986/4199 4347/3987/4204 4346/3673/4203
f 4385/3743/4242 4393/3815/4250 4390/3814/4247
f 4393/3815/4250 4399/3988/4256 4398/3632/4255
f 4433/3744/4290 4439/3989/4296 4437/3548/4294
f 4460/3677/4317 4462/3990/4319 4465/3746/4322
f 4476/3680/4333 4482/3991/4339 4480/3595/4337
f 4551/3860/4408 4561/3862/4418 4555/3861/4412
f 2755/3864/2612 2760/3992/2617 2758/3462/2615
f 2764/3865/2621 2771/3993/2628 2769/3597/2626
f 2829/3868/2686 2831/3867/2688 2835/3994/2692
f 2838/3995/2695 2843/3996/2700 2842/3466/2699
f 2846/3997/2703 2853/3869/2710 2847/3604/2704
f 2883/3684/2740 2887/3998/2744 2886/3685/2743
f 2886/3685/2743 2894/3999/2751 2893/3686/2750
f 2903/4000/2760 2904/4001/2761 2908/4002/2765
f 2927/4003/2784 2932/4004/2789 2931/3895/2788
f 2946/3636/2803 2953/4005/2810 2952/3530/2809
f 2953/4005/2810 2964/4006/2821 2957/3637/2814
f 3076/3688/2933 3082/4007/2939 3081/3605/2938
f 3112/3689/2969 3118/4008/2975 3117/3878/2974
f 3166/3691/3023 3169/4009/3026 3172/3534/3029
f 3188/3903/3045 3194/3904/3051 3192/3609/3049
f 3384/4010/3241 3389/3907/3246 3388/3492/3245
f 3434/3703/3291 3438/3973/3295 3437/3972/3294
f 3500/3782/3357 3506/4011/3363 3505/3708/3362
f 3511/3709/3368 3513/4012/3370 3516/3710/3373
f 3557/4013/3414 3562/4014/3419 3561/3842/3418
f 3726/3715/3583 3731/4015/3588 3730/4016/3587
f 3747/3716/3604 3748/4017/3605 3751/3922/3608
f 3797/3798/3654 3803/4018/3660 3802/3659/3659
f 3818/3799/3675 3822/3539/3679 3821/3404/3678
f 3919/3848/3776 3926/4019/3783 3925/3724/3782
f 3959/3956/3816 3965/4020/3822 3962/3663/3819
f 4089/3982/3946 4094/4021/3951 4093/3667/3950
f 4175/3732/4032 4181/4022/4038 4180/3733/4037
f 4350/4023/4207 4352/4024/4209 4354/3522/4211
f 4380/3939/4237 4386/4025/4243 4385/3743/4242
f 4421/4026/4278 4429/4027/4286 4426/3675/4283
f 4462/3990/4319 4466/3679/4323 4465/3746/4322
f 2940/4028/2797 2945/4029/2802 2946/3636/2803
f 2984/3899/2841 2994/3875/2851 2988/3641/2845
f 3008/3643/2865 3013/4030/2870 3012/3754/2869
f 3039/3644/2896 3045/4031/2902 3044/3755/2901
f 3049/4032/2906 3056/4033/2913 3055/4034/2912
f 3056/4033/2913 3062/4035/2919 3059/3421/2916
f 3152/3946/3009 3156/4036/3013 3154/3690/3011
f 3194/3904/3051 3200/4037/3057 3199/3765/3056
f 3215/3767/3072 3221/4038/3078 3220/3610/3077
f 3364/3906/3221 3369/4039/3226 3368/3699/3225
f 3389/3907/3246 3397/3881/3254 3392/3493/3249
f 3410/3779/3267 3416/4040/3273 3415/4041/3272
f 3466/4042/3323 3473/3882/3330 3470/3647/3327
f 3506/4011/3363 3513/4012/3370 3511/3709/3368
f 3549/4043/3406 3554/4044/3411 3553/3711/3410
f 3573/3885/3430 3581/3915/3438 3577/3786/3434
f 3594/4045/3451 3596/4046/3453 3599/3712/3456
f 3604/3886/3461 3609/4047/3466 3608/3787/3465
f 3615/3654/3472 3624/3917/3481 3620/3789/3477
f 3634/4048/3491 3639/4049/3496 3638/3887/3495
f 3718/3949/3575 3722/4050/3579 3721/3795/3578
f 3822/3539/3679 3827/4051/3684 3826/4052/3683
f 3859/3510/3716 3861/3953/3718 3864/3511/3721
f 3865/4053/3722 3867/3558/3724 3864/3511/3721
f 4011/3583/3868 4019/4054/3876 4016/3584/3873
f 4201/3855/4058 4206/4055/4063 4205/3811/4062
f 4221/4056/4078 4227/4057/4084 4225/4058/4082
f 4225/4058/4082 4227/4057/4084 4231/4059/4088
f 4233/4060/4090 4239/4061/4096 4235/3630/4092
f 4263/3739/4120 4264/4062/4121 4268/4063/4125
f 4274/3591/4131 4279/4064/4136 4276/3740/4133
f 4366/4065/4223 4370/4066/4227 4371/3593/4228
f 4485/3818/4342 4489/4067/4346 4488/3858/4345
f 4502/4068/4359 4509/4069/4366 4507/3747/4364
f 4521/3821/4378 4527/4070/4384 4526/3822/4383
f 4563/3683/4420 4568/4071/4425 4567/3824/4424
f 4585/3750/4442 4588/4072/4445 4587/3752/4444
f 4604/4073/4461 4608/4074/4465 4612/3827/4469
f 3138/3761/2995 3141/4075/2998 3143/3763/3000
f 3169/4009/3026 3178/4076/3035 3172/3534/3029
f 3211/3905/3068 3216/4077/3073 3215/3767/3072
f 3234/3838/3091 3244/3968/3101 3239/3967/3096
f 3299/3570/3156 3302/4078/3159 3301/3485/3158
f 3322/3774/3179 3327/4079/3184 3326/3775/3183
f 3701/4080/3558 3707/3793/3564 3705/3714/3562
f 3722/4050/3579 3731/4015/3588 3726/3715/3583
f 3764/3924/3621 3770/4081/3627 3769/3844/3626
f 3769/3844/3626 3780/4082/3637 3773/3657/3630
f 3849/3720/3706 3852/4083/3709 3856/3801/3713
f 3885/4084/3742 3892/4085/3749 3889/3722/3746
f 3931/4086/3788 3936/4087/3793 3934/3725/3791
f 3947/3803/3804 3949/4088/3806 3952/3850/3809
f 3985/3726/3842 3990/4089/3847 3988/3582/3845
f 3988/3582/3845 3990/4089/3847 3992/3354/3849
f 4000/3805/3857 4006/4090/3863 4005/3852/3862
f 4041/3959/3898 4048/4091/3905 4045/3727/3902
f 4094/4021/3951 4103/4092/3960 4097/3808/3954
f 4325/4093/4182 4336/4094/4193 4329/3592/4186
f 4399/3988/4256 4406/4095/4263 4403/3816/4260
f 2922/3829/2779 2924/4096/2781 2927/4003/2784
f 3038/3836/2895 3045/4031/2902 3039/3644/2896
f 3122/3879/2979 3127/4097/2984 3124/3606/2981
f 3221/4038/3078 3225/4098/3082 3222/3692/3079
f 3259/3694/3116 3269/4099/3126 3264/3382/3121
f 3295/4100/3152 3302/4078/3159 3299/3570/3156
f 3334/3777/3191 3345/4101/3202 3340/4102/3197
f 3480/3707/3337 3485/4103/3342 3484/3841/3341
f 3520/3912/3377 3528/4104/3385 3525/4105/3382
f 3648/3617/3505 3654/4106/3511 3653/3843/3510
f 3686/3889/3543 3695/3921/3552 3690/3655/3547
f 3842/3952/3699 3852/4083/3709 3848/3800/3705
f 3852/4083/3709 3861/3953/3718 3856/3801/3713
f 3914/3622/3771 3920/4107/3777 3919/3848/3776
f 4102/3854/3959 4107/4108/3964 4106/3809/3963
f 4138/3891/3995 4146/3985/4003 4142/3623/3999
f 4171/4109/4028 4181/4022/4038 4175/3732/4032
f 4489/4067/4346 4497/4110/4354 4492/3859/4349
f 4509/4069/4366 4518/4111/4375 4512/3682/4369
f 4512/3682/4369 4518/4111/4375 4517/3820/4374
f 2837/4112/2694 2843/3996/2700 2838/3995/2695
f 2878/4113/2735 2887/3998/2744 2883/3684/2740
f 2899/3635/2756 2904/4001/2761 2903/4000/2760
f 2945/4029/2802 2953/4005/2810 2946/3636/2803
f 2973/3832/2830 2984/3899/2841 2979/3753/2836
f 3072/4114/2929 3082/4007/2939 3076/3688/2933
f 3089/3645/2946 3097/4115/2954 3094/3758/2951
f 3200/4037/3057 3206/4116/3063 3205/3766/3062
f 3244/3968/3101 3251/4117/3108 3246/3768/3103
f 3246/3768/3103 3251/4117/3108 3252/3693/3109
f 3327/4079/3184 3331/4118/3188 3333/3776/3190
f 3432/3909/3289 3438/3973/3295 3434/3703/3291
f 3533/3913/3390 3536/4119/3393 3539/3650/3396
f 3554/4044/3411 3562/4014/3419 3557/4013/3414
f 3654/4106/3511 3661/4120/3518 3660/3791/3517
f 4122/4121/3979 4128/4122/3985 4127/3983/3984
f 4134/3984/3991 4139/4123/3996 4138/3891/3995
f 4181/4022/4038 4189/4124/4046 4185/4125/4042
f 4240/3856/4097 4244/4126/4101 4248/4127/4105
f 4314/3936/4171 4320/4128/4177 4316/4129/4173
f 4365/4130/4222 4370/4066/4227 4366/4065/4223
f 4471/3857/4328 4482/3991/4339 4476/3680/4333
f 4518/4111/4375 4522/4131/4379 4521/3821/4378
f 4548/3823/4405 4552/4132/4409 4551/3860/4408
f 4561/3862/4418 4564/4133/4421 4563/3683/4420
f 2909/4134/2766 2914/4135/2771 2919/3964/2776
f 3006/3834/2863 3013/4030/2870 3008/3643/2865
f 3020/3901/2877 3024/4136/2881 3029/3687/2886
f 3033/3877/2890 3045/4031/2902 3038/3836/2895
f 3056/4033/2913 3060/4137/2917 3062/4035/2919
f 3104/3945/2961 3109/4138/2966 3108/3759/2965
f 3127/4097/2984 3133/4139/2990 3128/3760/2985
f 3133/4139/2990 3135/4140/2992 3128/3760/2985
f 3136/2963/2993 3138/3761/2995 3135/4140/2992
f 3147/3764/3004 3148/4141/3005 3152/3946/3009
f 3206/4116/3063 3212/4142/3069 3211/3905/3068
f 3269/4099/3126 3280/3969/3137 3273/3770/3130
f 3281/4143/3138 3289/2628/3146 3288/4144/3145
f 3312/3772/3169 3320/4145/3177 3316/3839/3173
f 3320/4145/3177 3327/4079/3184 3322/3774/3179
f 3331/4118/3188 3335/4146/3192 3334/3777/3191
f 3335/4146/3192 3345/4101/3202 3334/3777/3191
f 3397/3881/3254 3399/4147/3256 3403/3908/3260
f 3416/4040/3273 3420/2634/3277 3422/3701/3279
f 3426/3702/3283 3428/4148/3285 3432/3909/3289
f 3473/3882/3330 3477/4149/3334 3480/3707/3337
f 3528/4104/3385 3536/4119/3393 3533/3913/3390
f 3536/4119/3393 3544/3914/3401 3539/3650/3396
f 3544/3914/3401 3546/4150/3403 3549/4043/3406
f 3549/4043/3406 3551/2659/3408 3554/4044/3411
f 3643/3888/3500 3649/2665/3506 3648/3617/3505
f 3661/4120/3518 3667/2668/3524 3666/4151/3523
f 3674/3920/3531 3677/4152/3534 3680/3713/3537
f 3827/4051/3684 3833/4153/3690 3830/3437/3687
f 3926/4019/3783 3932/2686/3789 3931/4086/3788
f 3970/3928/3827 3976/4154/3833 3975/3929/3832
f 3996/3958/3853 4006/4090/3863 4000/3805/3857
f 4019/4054/3876 4024/4155/3881 4023/3979/3880
f 4054/3930/3911 4056/4156/3913 4059/3853/3916
f 4069/4157/3926 4073/3960/3930 4068/3666/3925
f 4082/4158/3939 4089/3982/3946 4085/3981/3942
f 4189/4124/4046 4195/4159/4052 4194/3735/4051
f 4206/4055/4063 4213/2716/4070 4212/3736/4069
f 4239/4061/4096 4244/4126/4101 4240/3856/4097
f 4257/3738/4114 4259/4160/4116 4263/3739/4120
f 4290/4161/4147 4297/3741/4154 4292/4162/4149
f 4309/4163/4166 4311/4164/4168 4314/3936/4171
f 4352/4024/4209 4358/4165/4215 4357/3813/4214
f 4386/4025/4243 4394/4166/4251 4393/3815/4250
f 4406/4095/4263 4411/4167/4268 4410/4168/4267
f 4456/3940/4313 4462/3990/4319 4460/3677/4317
f 4466/3679/4323 4472/4169/4329 4471/3857/4328
f 4527/4070/4384 4535/2753/4392 4534/3942/4391
f 4544/3749/4401 4545/4170/4402 4548/3823/4405
f 4568/4071/4425 4575/4171/4432 4574/4172/4431
f 4574/4172/4431 4575/4171/4432 4579/4173/4436
f 4579/4173/4436 4581/4174/4438 4585/3750/4442
f 4593/3894/4450 4601/4175/4458 4597/3826/4454
f 4601/4175/4458 4608/4074/4465 4604/4073/4461
f 4608/4074/4465 4613/2759/4470 4612/3827/4469
f 2793/4176/2650 2796/4177/2653 2789/3600/2646
f 2801/4178/2658 2800/4179/2657 2796/4177/2653
f 2801/4178/2658 2808/4180/2665 2800/4179/2657
f 2839/4181/2696 2837/4112/2694 2831/3867/2688
f 2839/4181/2696 2843/3996/2700 2837/4112/2694
f 2896/4182/2753 2899/3635/2756 2894/3999/2751
f 2974/4183/2831 2984/3899/2841 2973/3832/2830
f 2980/4184/2837 2985/2588/2842 2984/3899/2841
f 2995/4185/2852 3000/3966/2857 2994/3875/2851
f 3133/4139/2990 3136/2963/2993 3135/4140/2992
f 3201/2792/3058 3206/4116/3063 3200/4037/3057
f 3255/2619/3112 3260/4186/3117 3259/3694/3116
f 3260/4186/3117 3269/4099/3126 3259/3694/3116
f 3270/4187/3127 3280/3969/3137 3269/4099/3126
f 3282/4188/3139 3289/2628/3146 3281/4143/3138
f 3296/4189/3153 3302/4078/3159 3295/4100/3152
f 3313/4190/3170 3320/4145/3177 3312/3772/3169
f 3346/4191/3203 3349/3948/3206 3345/4101/3202
f 3514/2872/3371 3520/3912/3377 3513/4012/3370
f 3600/4192/3457 3609/4047/3466 3604/3886/3461
f 3644/2662/3501 3649/2665/3506 3643/3888/3500
f 3691/2795/3548 3695/3921/3552 3686/3889/3543
f 3723/4193/3580 3731/4015/3588 3722/4050/3579
f 3755/2674/3612 3758/3796/3615 3754/3923/3611
f 3794/3951/3651 3803/4018/3660 3797/3798/3654
f 3853/2677/3710 3861/3953/3718 3852/4083/3709
f 3875/2777/3732 3883/4194/3740 3874/3955/3731
f 3884/4195/3741 3892/4085/3749 3883/4194/3740
f 3893/2801/3750 3898/3927/3755 3892/4085/3749
f 3903/4196/3760 3909/3976/3766 3900/3662/3757
f 3932/2686/3789 3936/4087/3793 3931/4086/3788
f 3946/2691/3803 3949/4088/3806 3944/3802/3801
f 3957/4197/3814 3959/3956/3816 3954/3851/3811
f 3983/2804/3840 3985/3726/3842 3981/3890/3838
f 3983/2804/3840 3990/4089/3847 3985/3726/3842
f 4024/4155/3881 4029/4198/3886 4023/3979/3880
f 4066/2929/3923 4068/3666/3925 4065/3932/3922
f 4119/4199/3976 4122/4121/3979 4116/3962/3973
f 4128/4122/3985 4139/4123/3996 4134/3984/3991
f 4157/2709/4014 4162/4200/4019 4156/3731/4013
f 4190/4201/4047 4195/4159/4052 4189/4124/4046
f 4213/2716/4070 4220/3933/4077 4212/3736/4069
f 4232/2719/4089 4239/4061/4096 4233/4060/4090
f 4249/4202/4106 4252/3737/4109 4248/4127/4105
f 4431/4203/4288 4434/3893/4291 4429/4027/4286
f 4467/4204/4324 4472/4169/4329 4466/3679/4323
f 4510/2750/4367 4518/4111/4375 4509/4069/4366
f 4557/4205/4414 4564/4133/4421 4561/3862/4418
f 4594/2915/4451 4593/3894/4450 4588/4072/4445
f 3034/2593/2891 3045/4031/2902 3033/3877/2890
f 3101/4206/2958 3104/3945/2961 3097/4115/2954
f 3207/4207/3064 3212/4142/3069 3206/4116/3063
f 3241/2616/3098 3251/4117/3108 3244/3968/3101
f 3379/4208/3236 3385/4209/3242 3378/3970/3235
f 3461/2643/3318 3462/3911/3319 3455/3780/3312
f 3621/4210/3478 3630/3918/3487 3624/3917/3481
f 3703/4211/3560 3707/3793/3564 3701/4080/3558
f 3708/2798/3565 3709/4212/3566 3707/3793/3564
f 3927/4213/3784 3932/2686/3789 3926/4019/3783
f 3979/4214/3836 3983/2804/3840 3981/3890/3838
f 3997/4215/3854 4006/4090/3863 3996/3958/3853
f 4010/2779/3867 4012/3977/3869 4006/4090/3863
f 4014/4216/3871 4019/4054/3876 4012/3977/3869
f 4083/4217/3940 4089/3982/3946 4082/4158/3939
f 4095/2699/3952 4103/4092/3960 4094/4021/3951
f 4594/2915/4451 4601/4175/4458 4593/3894/4450
f 2761/4218/2618 2766/4219/2623 2760/3992/2617
f 2888/4220/2745 2896/4182/2753 2887/3998/2744
f 2920/2850/2777 2924/4096/2781 2919/3964/2776
f 2937/4221/2794 2940/4028/2797 2932/4004/2789
f 2965/4222/2822 2969/4223/2826 2964/4006/2821
f 3018/2590/2875 3024/4136/2881 3016/3900/2873
f 3084/2596/2941 3090/4224/2947 3089/3645/2946
f 3101/4206/2958 3109/4138/2966 3104/3945/2961
f 3164/4225/3021 3170/2610/3027 3167/4226/3024
f 3293/4227/3150 3295/4100/3152 3289/2628/3146
f 3424/4228/3281 3428/4148/3285 3426/3702/3283
f 3461/2643/3318 3466/4042/3323 3462/3911/3319
f 3486/4229/3343 3491/4230/3348 3485/4103/3342
f 3502/4231/3359 3506/4011/3363 3501/3781/3358
f 3541/4232/3398 3546/4150/3403 3544/3914/3401
f 3569/4233/3426 3573/3885/3430 3568/4234/3425
f 3578/4235/3435 3588/3916/3445 3581/3915/3438
f 3610/4236/3467 3616/3974/3473 3609/4047/3466
f 3672/4237/3529 3677/4152/3534 3669/3919/3526
f 3845/4238/3702 3853/2677/3710 3852/4083/3709
f 3967/4239/3824 3976/4154/3833 3970/3928/3827
f 4022/4240/3879 4024/4155/3881 4019/4054/3876
f 4042/4241/3899 4048/4091/3905 4039/3980/3896
f 4151/4242/4008 4157/2709/4014 4149/3810/4006
f 4173/4243/4030 4181/4022/4038 4172/3892/4029
f 4207/2717/4064 4213/2716/4070 4206/4055/4063
f 4255/4244/4112 4259/4160/4116 4252/3737/4109
f 4295/4245/4152 4302/3934/4159 4297/3741/4154
f 4330/4246/4187 4340/2732/4197 4336/4094/4193
f 4438/4247/4295 4439/3989/4296 4434/3893/4291
f 4457/2815/4314 4462/3990/4319 4456/3940/4313
f 4519/4248/4376 4522/4131/4379 4518/4111/4375
f 4540/2752/4397 4539/4249/4396 4535/2753/4392
f 4605/4250/4462 4608/4074/4465 4601/4175/4458
f 2930/2585/2787 2937/4221/2794 2932/4004/2789
f 3014/2591/2871 3018/2590/2875 3013/4030/2870
f 3058/4251/2915 3060/4137/2917 3056/4033/2913
f 3114/2599/2971 3118/4008/2975 3113/4252/2970
f 3129/4253/2986 3133/4139/2990 3127/4097/2984
f 3195/4254/3052 3201/2792/3058 3194/3904/3051
f 3247/2615/3104 3255/2619/3112 3251/4117/3108
f 3278/2624/3135 3282/4188/3139 3280/3969/3137
f 3293/4227/3150 3296/4189/3153 3295/4100/3152
f 3323/2767/3180 3327/4079/3184 3320/4145/3177
f 3336/4255/3193 3335/4146/3192 3331/4118/3188
f 3350/2770/3207 3356/4256/3213 3349/3948/3206
f 3362/2865/3219 3369/4039/3226 3361/4257/3218
f 3417/4258/3274 3420/2634/3277 3416/4040/3273
f 3456/4259/3313 3461/2643/3318 3453/4260/3310
f 3497/4261/3354 3502/4231/3359 3496/3884/3353
f 3507/4262/3364 3513/4012/3370 3506/4011/3363
f 3529/2653/3386 3536/4119/3393 3528/4104/3385
f 3537/2656/3394 3541/4232/3398 3536/4119/3393
f 3574/4263/3431 3578/4235/3435 3573/3885/3430
f 3617/4264/3474 3621/4210/3478 3616/3974/3473
f 3719/4265/3576 3722/4050/3579 3718/3949/3575
f 3810/2885/3667 3814/4266/3671 3809/3926/3666
f 3828/3000/3685 3831/2925/3688 3827/4051/3684
f 3994/3139/3851 3997/4215/3854 3996/3958/3853
f 4010/2779/3867 4014/4216/3871 4012/3977/3869
f 4014/4216/3871 4022/4240/3879 4019/4054/3876
f 4055/2807/3912 4056/4156/3913 4054/3930/3911
f 4090/2700/3947 4095/2699/3952 4089/3982/3946
f 4098/4267/3955 4108/2810/3965 4103/4092/3960
f 4147/4268/4004 4151/4242/4008 4146/3985/4003
f 4245/4269/4102 4249/4202/4106 4244/4126/4101
f 4288/2903/4145 4290/4161/4147 4284/4270/4141
f 4327/2729/4184 4330/4246/4187 4326/4271/4183
f 4348/2906/4205 4347/3987/4204 4342/3986/4199
f 4381/4272/4238 4380/3939/4237 4376/4273/4233
f 4381/4272/4238 4386/4025/4243 4380/3939/4237
f 4400/4274/4257 4404/4275/4261 4399/3988/4256
f 4448/2787/4305 4452/4276/4309 4456/3940/4313
f 4463/4277/4320 4467/4204/4324 4462/3990/4319
f 4483/4278/4340 4489/4067/4346 4482/3991/4339
f 4504/4279/4361 4509/4069/4366 4502/4068/4359
f 4569/4280/4426 4575/4171/4432 4568/4071/4425
f 2916/2848/2773 2920/2850/2777 2919/3964/2776
f 2947/2853/2804 2950/4281/2807 2945/4029/2802
f 2958/2762/2815 2965/4222/2822 2964/4006/2821
f 3001/4282/2858 3007/4283/2864 3000/3966/2857
f 3043/2857/2900 3050/4284/2907 3045/4031/2902
f 3223/3180/3080 3230/2613/3087 3225/4098/3082
f 3274/2625/3131 3278/2624/3135 3280/3969/3137
f 3314/2630/3171 3320/4145/3177 3313/4190/3170
f 3328/4285/3185 3331/4118/3188 3327/4079/3184
f 3336/4255/3193 3341/4286/3198 3335/4146/3192
f 3400/4287/3257 3406/4288/3263 3399/4147/3256
f 3472/2645/3329 3477/4149/3334 3473/3882/3330
f 3558/4289/3415 3554/4044/3411 3551/2659/3408
f 3558/4289/3415 3562/4014/3419 3554/4044/3411
f 3685/2879/3542 3691/2795/3548 3682/4290/3539
f 3771/4291/3628 3774/4292/3631 3770/4081/3627
f 3795/2883/3652 3798/2882/3655 3794/3951/3651
f 3937/2688/3794 3941/4293/3798 3936/4087/3793
f 3991/4294/3848 3994/3139/3851 3990/4089/3847
f 4182/2711/4039 4186/2714/4043 4181/4022/4038
f 4196/2900/4053 4200/2899/4057 4195/4159/4052
f 4222/4295/4079 4227/4057/4084 4220/3933/4077
f 4228/2720/4085 4232/2719/4089 4227/4057/4084
f 4236/4296/4093 4244/4126/4101 4239/4061/4096
f 4304/4297/4161 4311/4164/4168 4309/4163/4166
f 4315/4298/4172 4321/4299/4178 4320/4128/4177
f 4340/2732/4197 4348/2906/4205 4342/3986/4199
f 4348/2906/4205 4352/4024/4209 4347/3987/4204
f 4395/2737/4252 4400/4274/4257 4394/4166/4251
f 4404/4275/4261 4411/4167/4268 4406/4095/4263
f 4473/4300/4330 4478/2744/4335 4472/4169/4329
f 4499/4301/4356 4504/4279/4361 4502/4068/4359
f 4546/4302/4403 4552/4132/4409 4545/4170/4402
f 4558/2909/4415 4564/4133/4421 4557/4205/4414
f 4598/4303/4455 4605/4250/4462 4601/4175/4458
f 3144/4304/3001 3148/4141/3005 3141/4075/2998
f 3236/4305/3093 3241/2616/3098 3235/3947/3092
f 3328/4285/3185 3336/4255/3193 3331/4118/3188
f 3386/4306/3243 3390/4307/3247 3385/4209/3242
f 3708/2798/3565 3714/4308/3571 3709/4212/3566
f 3749/3133/3606 3755/2674/3612 3748/4017/3605
f 3804/2775/3661 3810/2885/3667 3803/4018/3660
f 3886/4309/3743 3893/2801/3750 3892/4085/3749
f 3911/4310/3768 3915/4311/3772 3910/4312/3767
f 3953/3136/3810 3957/4197/3814 3954/3851/3811
f 4136/2702/3993 4143/2706/4000 4139/4123/3996
f 4493/2746/4350 4499/4301/4356 4497/4110/4354
f 2970/2921/2827 2974/4183/2831 2969/4223/2826
f 3105/3247/2962 3110/2600/2967 3109/4138/2966
f 3144/4304/3001 3153/2607/3010 3148/4141/3005
f 3308/2631/3165 3314/2630/3171 3313/4190/3170
f 3531/2873/3388 3537/2656/3394 3536/4119/3393
f 4030/3140/3887 4034/4313/3891 4029/4198/3886
f 4049/4314/3906 4055/2807/3912 4048/4091/3905
f 4108/2810/3965 4114/2892/3971 4107/4108/3964
f 4277/2725/4134 4282/4315/4139 4279/4064/4136
f 4288/2903/4145 4295/4245/4152 4290/4161/4147
f 4528/4316/4385 4535/2753/4392 4527/4070/4384
f 4553/2910/4410 4557/4205/4414 4552/4132/4409
f 4614/2758/4471 4616/3634/4473 4613/2759/4470
f 3157/2606/3014 3164/4225/3021 3156/4036/3013
f 3231/2612/3088 3236/4305/3093 3230/2613/3087
f 3815/2884/3672 3819/4317/3676 3814/4266/3671
f 3950/2690/3807 3953/3136/3810 3949/4088/3806
f 2790/2826/2647 2793/4176/2650 2788/4318/2645
f 2803/2829/2660 2806/2828/2663 2801/4178/2658
f 2832/2582/2689 2839/4181/2696 2830/4319/2687
f 2870/2934/2727 2879/4320/2736 2869/4321/2726
f 2884/2984/2741 2888/4220/2745 2887/3998/2744
f 2954/2852/2811 2955/4322/2812 2950/4281/2807
f 2996/4323/2853 3001/4282/2858 2995/4185/2852
f 3139/2962/2996 3144/4304/3001 3141/4075/2998
f 3217/4324/3074 3221/4038/3078 3216/4077/3073
f 3256/2618/3113 3260/4186/3117 3255/2619/3112
f 3266/2621/3123 3270/4187/3127 3265/2622/3122
f 3283/4325/3140 3289/2628/3146 3282/4188/3139
f 3297/3039/3154 3303/4326/3160 3296/4189/3153
f 3343/2991/3200 3346/4191/3203 3341/4286/3198
f 3357/2866/3214 3362/2865/3219 3356/4256/3213
f 3436/2636/3293 3443/4327/3300 3435/2637/3292
f 3439/2995/3296 3445/2640/3302 3443/4327/3300
f 3645/2661/3502 3649/2665/3506 3644/2662/3501
f 3724/3064/3581 3729/2671/3586 3723/4193/3580
f 3775/2971/3632 3781/2973/3638 3774/4292/3631
f 3862/2978/3719 3865/4053/3722 3860/4328/3717
f 3905/2950/3762 3910/4312/3767 3903/4196/3760
f 3958/4329/3815 3963/2694/3820 3957/4197/3814
f 4027/3081/3884 4030/3140/3887 4029/4198/3886
f 4120/2891/3977 4128/4122/3985 4119/4199/3976
f 4160/2708/4017 4164/4330/4021 4162/4200/4019
f 4191/2897/4048 4196/2900/4053 4190/4201/4047
f 4222/4295/4079 4228/2720/4085 4227/4057/4084
f 4250/4331/4107 4255/4244/4112 4249/4202/4106
f 4266/2722/4123 4272/2726/4129 4265/2723/4122
f 4305/3106/4162 4315/4298/4172 4311/4164/4168
f 4353/2905/4210 4358/4165/4215 4352/4024/4209
f 4486/3146/4343 4490/2747/4347 4489/4067/4346
f 2975/2920/2832 2980/4184/2837 2974/4183/2831
f 3190/3027/3047 3195/4254/3052 3189/4332/3046
f 3266/2621/3123 3274/2625/3131 3270/4187/3127
f 3317/2863/3174 3323/2767/3180 3320/4145/3177
f 3840/2946/3697 3845/4238/3702 3839/4333/3696
f 3854/2676/3711 3860/4328/3717 3853/2677/3710
f 3880/2679/3737 3884/4195/3741 3878/2680/3735
f 3880/2679/3737 3886/4309/3743 3884/4195/3741
f 3905/2950/3762 3911/4310/3768 3910/4312/3767
f 3921/3075/3778 3927/4213/3784 3920/4107/3777
f 3942/2687/3799 3946/2691/3803 3941/4293/3798
f 3980/3079/3837 3983/2804/3840 3979/4214/3836
f 3998/3138/3855 4004/2780/3861 3997/4215/3854
f 4043/3084/3900 4049/4314/3906 4042/4241/3899
f 4061/2806/3918 4066/2929/3923 4060/4334/3917
f 4084/2781/3941 4090/2700/3947 4083/4217/3940
f 4427/3008/4284 4432/4335/4289 4431/4203/4288
f 4523/3149/4380 4528/4316/4385 4522/4131/4379
f 2806/2828/2663 2815/2831/2672 2814/4336/2671
f 2844/2839/2701 2848/2838/2705 2843/3996/2700
f 3061/3245/2918 3068/4337/2925 3060/4137/2917
f 3096/2960/2953 3101/4206/2958 3095/4338/2952
f 3218/3031/3075 3223/3180/3080 3221/4038/3078
f 3425/2633/3282 3428/4148/3285 3424/4228/3281
f 3463/2642/3320 3467/2646/3324 3461/2643/3318
f 3542/2655/3399 3546/4150/3403 3541/4232/3398
f 3579/3195/3436 3584/4339/3441 3578/4235/3435
f 3585/3051/3442 3589/4340/3446 3584/4339/3441
f 3611/3053/3468 3617/4264/3474 3610/4236/3467
f 3673/2667/3530 3677/4152/3534 3672/4237/3529
f 3746/2941/3603 3749/3133/3606 3745/4341/3602
f 3834/2924/3691 3839/4333/3696 3831/2925/3688
f 3834/2924/3691 3840/2946/3697 3839/4333/3696
f 3869/3134/3726 3875/2777/3732 3868/3975/3725
f 4125/2894/3982 4131/2703/3988 4128/4122/3985
f 4152/4342/4009 4157/2709/4014 4151/4242/4008
f 4165/3212/4022 4173/4243/4030 4164/4330/4021
f 4374/3111/4231 4381/4272/4238 4373/4343/4230
f 4412/2812/4269 4417/2741/4274 4411/4167/4268
f 4432/4335/4289 4438/4247/4295 4431/4203/4288
f 4553/2910/4410 4558/2909/4415 4557/4205/4414
f 4576/2912/4433 4582/2756/4439 4575/4171/4432
f 2923/4344/2780 2930/2585/2787 2925/4345/2782
f 3003/3169/2860 3014/2591/2871 3007/4283/2864
f 3098/2959/2955 3105/3247/2962 3101/4206/2958
f 3130/2961/2987 3136/2963/2993 3133/4139/2990
f 3184/2861/3041 3190/3027/3047 3189/4332/3046
f 3209/3029/3066 3217/4324/3074 3212/4142/3069
f 3258/2965/3115 3265/2622/3122 3260/4186/3117
f 3290/2627/3147 3296/4189/3153 3293/4227/3150
f 3337/2989/3194 3343/2991/3200 3341/4286/3198
f 3372/2939/3229 3379/4208/3236 3375/4346/3232
f 3407/2993/3264 3412/4347/3269 3406/4288/3263
f 3413/4348/3270 3417/4258/3274 3412/4347/3269
f 3446/2639/3303 3453/4260/3310 3445/2640/3302
f 3487/3189/3344 3497/4261/3354 3492/4349/3349
f 3494/2968/3351 3499/2967/3356 3497/4261/3354
f 3571/3193/3428 3578/4235/3435 3574/4263/3431
f 3591/3050/3448 3601/4350/3458 3595/4351/3452
f 3614/3199/3471 3621/4210/3478 3617/4264/3474
f 3699/3062/3556 3708/2798/3565 3703/4211/3560
f 3715/3132/3572 3723/4193/3580 3719/4265/3576
f 3737/2942/3594 3745/4341/3602 3740/4352/3597
f 3766/2880/3623 3775/2971/3632 3771/4291/3628
f 3820/2944/3677 3825/2999/3682 3823/4353/3680
f 3857/2948/3714 3862/2978/3719 3860/4328/3717
f 3923/3205/3780 3932/2686/3789 3927/4213/3784
f 3971/3208/3828 3979/4214/3836 3976/4154/3833
f 3989/2926/3846 3994/3139/3851 3991/4294/3848
f 4033/3142/3890 4037/3085/3894 4034/4313/3891
f 4099/2889/3956 4108/2810/3965 4098/4267/3955
f 4144/2705/4001 4152/4342/4009 4147/4268/4004
f 4241/3218/4098 4249/4202/4106 4245/4269/4102
f 4322/2727/4179 4327/2729/4184 4321/4299/4178
f 4328/2728/4185 4330/4246/4187 4327/2729/4184
f 4368/2734/4225 4374/3111/4231 4373/4343/4230
f 4449/2786/4306 4457/2815/4314 4452/4276/4309
f 4461/3115/4318 4467/4204/4324 4463/4277/4320
f 4479/2743/4336 4486/3146/4343 4483/4278/4340
f 4562/2911/4419 4569/4280/4426 4564/4133/4421
f 4602/3241/4459 4613/2759/4470 4605/4250/4462
f 2897/2917/2754 2901/3016/2758 2900/4354/2757
f 2923/4344/2780 2928/2583/2785 2930/2585/2787
f 2935/2584/2792 2941/3019/2798 2937/4221/2794
f 2975/2920/2832 2976/2952/2833 2980/4184/2837
f 3026/4355/2883 3021/2855/2878 3025/2954/2882
f 3058/4251/2915 3054/3244/2911 3061/3245/2918
f 3068/4337/2925 3069/2956/2926 3073/2763/2930
f 3158/2936/3015 3162/4356/3019 3164/4225/3021
f 3180/2859/3037 3184/2861/3041 3182/4357/3039
f 3201/2792/3058 3203/2791/3060 3207/4207/3064
f 3236/4305/3093 3232/3033/3089 3240/3035/3097
f 3223/3180/3080 3226/2611/3083 3230/2613/3087
f 3231/2612/3088 3232/3033/3089 3236/4305/3093
f 3274/2625/3131 3271/3037/3128 3275/2623/3132
f 3240/3035/3097 3245/2614/3102 3241/2616/3098
f 3247/2615/3104 3248/2617/3105 3255/2619/3112
f 3258/2965/3115 3261/2620/3118 3265/2622/3122
f 3308/2631/3165 3304/3041/3161 3309/2629/3166
f 3283/4325/3140 3284/2626/3141 3289/2628/3146
f 3303/4326/3160 3304/3041/3161 3308/2631/3165
f 3323/2767/3180 3329/2766/3186 3328/4285/3185
f 3350/2770/3207 3351/2769/3208 3357/2866/3214
f 3372/2939/3229 3380/2938/3237 3379/4208/3236
f 3379/4208/3236 3380/2938/3237 3386/4306/3243
f 3390/4307/3247 3387/3044/3244 3393/2868/3250
f 3386/4306/3243 3387/3044/3244 3390/4307/3247
f 3395/2870/3252 3404/2869/3261 3400/4287/3257
f 3417/4258/3274 3418/2632/3275 3420/2634/3277
f 3425/2633/3282 3429/2635/3286 3428/4148/3285
f 3436/2636/3293 3439/2995/3296 3443/4327/3300
f 3439/2995/3296 3440/2638/3297 3445/2640/3302
f 3456/4259/3313 3457/2641/3314 3461/2643/3318
f 3487/3189/3344 3494/2968/3351 3497/4261/3354
f 3499/2967/3356 3503/4358/3360 3502/4231/3359
f 3507/4262/3364 3503/4358/3360 3508/3047/3365
f 3542/2655/3399 3547/2657/3404 3546/4150/3403
f 3589/4340/3446 3585/3051/3442 3591/3050/3448
f 3555/2658/3412 3563/2876/3420 3558/4289/3415
f 3563/2876/3420 3566/2875/3423 3569/4233/3426
f 3571/3193/3428 3579/3195/3436 3578/4235/3435
f 3579/3195/3436 3585/3051/3442 3584/4339/3441
f 3591/3050/3448 3602/3054/3459 3601/4350/3458
f 3631/4359/3488 3627/3129/3484 3632/3056/3489
f 3605/4360/3462 3611/3053/3468 3610/4236/3467
f 3621/4210/3478 3622/3130/3479 3626/4361/3483
f 3626/4361/3483 3627/3129/3484 3631/4359/3488
f 3636/4362/3493 3632/3056/3489 3637/2660/3494
f 3659/3058/3516 3665/2666/3522 3664/4363/3521
f 3673/2667/3530 3678/2997/3535 3677/4152/3534
f 3685/2879/3542 3687/2793/3544 3691/2795/3548
f 3755/2674/3612 3749/3133/3606 3752/2672/3609
f 3715/3132/3572 3724/3064/3581 3723/4193/3580
f 3737/2942/3594 3746/2941/3603 3745/4341/3602
f 3765/2772/3622 3766/2880/3623 3771/4291/3628
f 3804/2775/3661 3805/2774/3662 3810/2885/3667
f 3840/2946/3697 3846/2675/3703 3845/4238/3702
f 3845/4238/3702 3846/2675/3703 3853/2677/3710
f 3854/2676/3711 3857/2948/3714 3860/4328/3717
f 3875/2777/3732 3876/2678/3733 3878/2680/3735
f 3911/4310/3768 3912/2979/3769 3915/4311/3772
f 3921/3075/3778 3923/3205/3780 3927/4213/3784
f 3923/3205/3780 3929/2684/3786 3932/2686/3789
f 3942/2687/3799 3945/2689/3802 3946/2691/3803
f 3958/4329/3815 3960/2692/3817 3963/2694/3820
f 4022/4240/3879 4018/3002/3875 4027/3081/3884
f 3971/3208/3828 3980/3079/3837 3979/4214/3836
f 4017/2887/3874 4018/3002/3875 4022/4240/3879
f 4069/4157/3926 4070/2928/3927 4074/2697/3931
f 4030/3140/3887 4033/3142/3890 4034/4313/3891
f 4061/2806/3918 4062/2927/3919 4066/2929/3923
f 4070/2928/3927 4075/2695/3932 4074/2697/3931
f 4077/2696/3934 4084/2781/3941 4083/4217/3940
f 4108/2810/3965 4112/2809/3969 4114/2892/3971
f 4125/2894/3982 4129/2701/3986 4131/2703/3988
f 4165/3212/4022 4168/3091/4025 4173/4243/4030
f 4196/2900/4053 4191/2897/4048 4197/2898/4054
f 4173/4243/4030 4176/2710/4033 4177/2712/4034
f 4202/3214/4059 4208/2715/4065 4207/2717/4064
f 4216/4364/4073 4214/2782/4071 4217/3096/4074
f 4228/2720/4085 4223/3095/4080 4229/2718/4086
f 4222/4295/4079 4223/3095/4080 4228/2720/4085
f 4259/4160/4116 4256/3099/4113 4260/2721/4117
f 4241/3218/4098 4250/4331/4107 4249/4202/4106
f 4250/4331/4107 4251/3219/4108 4255/4244/4112
f 4255/4244/4112 4256/3099/4113 4259/4160/4116
f 4266/2722/4123 4269/2724/4126 4272/2726/4129
f 4299/4365/4156 4296/3105/4153 4300/3104/4157
f 4295/4245/4152 4296/3105/4153 4299/4365/4156
f 4305/3106/4162 4310/3224/4167 4315/4298/4172
f 4340/2732/4197 4331/3108/4188 4337/2730/4194
f 4330/4246/4187 4331/3108/4188 4340/2732/4197
f 4374/3111/4231 4377/3113/4234 4381/4272/4238
f 4402/3144/4259 4407/3143/4264 4404/4275/4261
f 4412/2812/4269 4413/2739/4270 4417/2741/4274
f 4467/4204/4324 4468/3117/4325 4473/4300/4330
f 4473/4300/4330 4474/2742/4331 4478/2744/4335
f 4499/4301/4356 4494/3120/4351 4500/3122/4357
f 4493/2746/4350 4494/3120/4351 4499/4301/4356
f 4504/4279/4361 4500/3122/4357 4505/2748/4362
f 4513/2749/4370 4515/2789/4372 4519/4248/4376
f 4523/3149/4380 4529/3148/4386 4528/4316/4385
f 4528/4316/4385 4529/3148/4386 4535/2753/4392
f 4529/3148/4386 4532/2751/4389 4535/2753/4392
f 4540/2752/4397 4541/2816/4398 4546/4302/4403
f 4562/2911/4419 4572/2933/4429 4569/4280/4426
f 4572/2933/4429 4576/2912/4433 4575/4171/4432
f 4602/3241/4459 4609/2757/4466 4613/2759/4470
f 3346/4191/3203 3347/2768/3204 3350/2770/3207
f 3003/3169/2860 3011/2589/2868 3014/2591/2871
f 3069/2956/2926 3077/2595/2934 3073/2763/2930
f 3105/3247/2962 3106/2598/2963 3110/2600/2967
f 3125/2604/2982 3130/2961/2987 3129/4253/2986
f 3144/4304/3001 3145/2764/3002 3153/2607/3010
f 3209/3029/3066 3218/3031/3075 3217/4324/3074
f 3266/2621/3123 3271/3037/3128 3274/2625/3131
f 3290/2627/3147 3297/3039/3154 3296/4189/3153
f 3297/3039/3154 3304/3041/3161 3303/4326/3160
f 3343/2991/3200 3347/2768/3204 3346/4191/3203
f 3380/2938/3237 3387/3044/3244 3386/4306/3243
f 3413/4348/3270 3418/2632/3275 3417/4258/3274
f 3531/2873/3388 3534/2654/3391 3537/2656/3394
f 3645/2661/3502 3647/2663/3504 3649/2665/3506
f 3678/2997/3535 3683/2878/3540 3685/2879/3542
f 3752/2672/3609 3756/2771/3613 3759/2673/3616
f 3798/2882/3655 3800/2773/3657 3804/2775/3661
f 3862/2978/3719 3866/2977/3723 3865/4053/3722
f 3869/3134/3726 3870/2776/3727 3875/2777/3732
f 2756/2819/2613 2753/4366/2610 2757/2817/2614
f 3912/2979/3769 3917/3074/3774 3915/4311/3772
f 3986/2803/3843 3989/2926/3846 3991/4294/3848
f 4288/2903/4145 4291/2902/4148 4295/4245/4152
f 4443/2931/4300 4445/2785/4302 4448/2787/4305
f 4546/4302/4403 4547/3235/4404 4553/2910/4410
f 4614/2758/4471 4615/3261/4472 4616/3634/4473
f 3149/2605/3006 3158/2936/3015 3157/2606/3014
f 3168/2608/3025 3173/2858/3030 3174/2609/3031
f 3450/3127/3307 3457/2641/3314 3456/4259/3313
f 3614/3199/3471 3622/3130/3479 3621/4210/3478
f 3622/3130/3479 3627/3129/3484 3626/4361/3483
f 3637/2660/3494 3641/2877/3498 3645/2661/3502
f 3834/2924/3691 3837/2945/3694 3840/2946/3697
f 3886/4309/3743 3887/2800/3744 3893/2801/3750
f 3980/3079/3837 3984/2802/3841 3983/2804/3840
f 3998/3138/3855 4001/2778/3858 4004/2780/3861
f 4099/2889/3956 4105/2808/3962 4108/2810/3965
f 4168/3091/4025 4176/2710/4033 4173/4243/4030
f 4251/3219/4108 4256/3099/4113 4255/4244/4112
f 4291/2902/4148 4296/3105/4153 4295/4245/4152
f 4449/2786/4306 4451/2813/4308 4457/2815/4314
f 4541/2816/4398 4547/3235/4404 4546/4302/4403
f 4580/2754/4437 4586/3238/4443 4589/2755/4446
f 2752/4367/2609 2753/4366/2610 2756/2819/2613
f 2773/2822/2630 2767/3151/2624 2774/2820/2631
f 2778/2821/2635 2774/2820/2631 2779/2823/2636
f 2784/2824/2641 2779/2823/2636 2785/2825/2642
f 2815/2831/2672 2809/2830/2666 2816/2832/2673
f 2799/3013/2656 2804/2827/2661 2803/2829/2660
f 2804/2827/2661 2809/2830/2666 2806/2828/2663
f 2820/2833/2677 2816/2832/2673 2821/2834/2678
f 2826/2835/2683 2821/2834/2678 2827/2836/2684
f 2848/2838/2705 2845/2837/2702 2849/4368/2706
f 2910/2845/2767 2906/2844/2763 2911/2847/2768
f 2884/2984/2741 2889/2916/2746 2890/2918/2747
f 2901/3016/2758 2906/2844/2763 2905/2846/2762
f 2996/4323/2853 2987/2587/2844 2992/3166/2849
f 3011/2589/2868 3017/2854/2874 3018/2590/2875
f 3031/2592/2888 3035/2856/2892 3034/2593/2891
f 3063/2957/2920 3069/2956/2926 3068/4337/2925
f 3077/2595/2934 3079/3176/2936 3084/2596/2941
f 3115/2601/2972 3119/2603/2976 3123/2602/2980
f 3139/2962/2996 3145/2764/3002 3144/4304/3001
f 3190/3027/3047 3197/2790/3054 3195/4254/3052
f 3226/2611/3083 3232/3033/3089 3231/2612/3088
f 3309/2629/3166 3310/2862/3167 3314/2630/3171
f 3351/2769/3208 3358/2864/3215 3357/2866/3214
f 3508/3047/3365 3512/2871/3369 3514/2872/3371
f 3602/3054/3459 3611/3053/3468 3605/4360/3462
f 3699/3062/3556 3704/2796/3561 3708/2798/3565
f 3727/2669/3584 3732/3066/3589 3734/2670/3591
f 3846/2675/3703 3850/2947/3707 3854/2676/3711
f 3905/2950/3762 3912/2979/3769 3911/4310/3768
f 4049/4314/3906 4051/2805/3908 4055/2807/3912
f 4084/2781/3941 4086/2698/3943 4090/2700/3947
f 4086/2698/3943 4092/2888/3949 4095/2699/3952
f 4112/2809/3969 4115/2890/3972 4114/2892/3971
f 4129/2701/3986 4135/2895/3992 4136/2702/3993
f 4152/4342/4009 4154/2707/4011 4157/2709/4014
f 4178/2713/4035 4184/2896/4041 4186/2714/4043
f 4217/3096/4074 4223/3095/4080 4222/4295/4079
f 4269/2724/4126 4275/3101/4132 4277/2725/4134
f 4300/3104/4157 4305/3106/4162 4304/4297/4161
f 4310/3224/4167 4312/3223/4169 4315/4298/4172
f 4343/2731/4200 4349/2904/4206 4348/2906/4205
f 4382/2736/4239 4388/2783/4245 4395/2737/4252
f 4407/3143/4264 4408/2907/4265 4412/2812/4269
f 4427/3008/4284 4430/3007/4287 4432/4335/4289
f 4461/3115/4318 4468/3117/4325 4467/4204/4324
f 4468/3117/4325 4474/2742/4331 4473/4300/4330
f 4505/2748/4362 4508/2788/4365 4513/2749/4370
f 4586/3238/4443 4591/2913/4448 4589/2755/4446
f 2954/2852/2811 2956/2760/2813 2958/2762/2815
f 3061/3245/2918 3063/2957/2920 3068/4337/2925
f 3248/2617/3105 3253/2964/3110 3256/2618/3113
f 3792/2881/3649 3799/2922/3656 3798/2882/3655
f 3828/3000/3685 3829/2923/3686 3831/2925/3688
f 4007/2886/3864 4015/3001/3872 4017/2887/3874
f 4043/3084/3900 4044/3259/3901 4049/4314/3906
f 4328/2728/4185 4331/3108/4188 4330/4246/4187
f 4487/2745/4344 4494/3120/4351 4493/2746/4350
f 3088/4369/2945 3092/2958/2949 3096/2960/2953
f 3786/3069/3643 3787/2974/3644 3790/2975/3647
f 4001/2778/3858 4007/2886/3864 4010/2779/3867
f 4435/3231/4292 4440/2930/4297 4443/2931/4300
f 3017/2854/2874 3022/2953/2879 3021/2855/2878
f 3173/2858/3030 3179/2860/3036 3180/2859/3037
f 3555/2658/3412 3556/2969/3413 3563/2876/3420
f 4044/3259/3901 4051/2805/3908 4049/4314/3906
f 4105/2808/3962 4110/2980/3967 4112/2809/3969
f 3343/2991/3200 3339/2990/3196 3347/2768/3204
f 4241/3218/4098 4251/3219/4108 4250/4331/4107
f 4565/2951/4422 4570/2932/4427 4572/2933/4429
f 3106/2598/2963 3115/2601/2972 3114/2599/2971
f 3130/2961/2987 3140/2986/2997 3139/2962/2996
f 3145/2764/3002 3150/2935/3007 3149/2605/3006
f 3253/2964/3110 3262/2987/3119 3258/2965/3115
f 2901/3016/2758 2898/3015/2755 2906/2844/2763
f 3393/2868/3250 3401/2992/3258 3404/2869/3261
f 3436/2636/3293 3441/2994/3298 3439/2995/3296
f 3468/2644/3325 3475/3289/3332 3474/2647/3331
f 3560/2874/3417 3564/3389/3421 3566/2875/3423
f 3756/2771/3613 3761/3251/3618 3760/2799/3617
f 3760/2799/3617 3767/2970/3624 3766/2880/3623
f 3837/2945/3694 3843/3255/3700 3846/2675/3703
f 4051/2805/3908 4057/3003/3914 4061/2806/3918
f 4062/2927/3919 4071/3086/3928 4070/2928/3927
f 4388/2783/4245 4391/3307/4248 4396/2784/4253
f 4508/2788/4365 4514/3310/4371 4515/2789/4372
f 4547/3235/4404 4549/3009/4406 4553/2910/4410
f 2794/3011/2651 2797/3012/2654 2799/3013/2656
f 2833/2580/2690 2841/3014/2698 2840/2581/2697
f 2860/2840/2717 2865/3277/2722 2864/2843/2721
f 2874/2982/2731 2876/2983/2733 2880/2985/2737
f 2889/2916/2746 2891/3378/2748 2897/2917/2754
f 2941/3019/2798 2938/3161/2795 2943/3018/2800
f 2923/4344/2780 2929/3017/2786 2928/2583/2785
f 2935/2584/2792 2938/3161/2795 2941/3019/2798
f 2948/2851/2805 2951/3020/2808 2954/2852/2811
f 3025/2954/2882 3022/2953/2879 3027/3022/2884
f 3069/2956/2926 3074/3175/2931 3077/2595/2934
f 3203/2791/3060 3202/3250/3059 3208/3028/3065
f 3197/2790/3054 3202/3250/3059 3203/2791/3060
f 3209/3029/3066 3208/3028/3065 3213/3030/3070
f 3223/3180/3080 3227/3032/3084 3226/2611/3083
f 3245/2614/3102 3253/2964/3110 3248/2617/3105
f 3261/2620/3118 3267/3036/3124 3266/2621/3123
f 3271/3037/3128 3276/4370/3133 3275/2623/3132
f 3329/2766/3186 3324/3326/3181 3330/2988/3187
f 3304/3041/3161 3305/3487/3162 3309/2629/3166
f 3310/2862/3167 3318/3324/3175 3317/2863/3174
f 3317/2863/3174 3318/3324/3175 3321/2765/3178
f 3321/2765/3178 3324/3326/3181 3329/2766/3186
f 3347/2768/3204 3352/3042/3209 3351/2769/3208
f 3365/2867/3222 3373/2937/3230 3372/2939/3229
f 3373/2937/3230 3382/3125/3239 3380/2938/3237
f 3487/3189/3344 3495/2966/3352 3494/2968/3351
f 3499/2967/3356 3504/3783/3361 3503/4358/3360
f 3547/2657/3404 3543/3294/3400 3550/3048/3407
f 3542/2655/3399 3543/3294/3400 3547/2657/3404
f 3556/2969/3413 3564/3389/3421 3560/2874/3417
f 3602/3054/3459 3597/3197/3454 3606/3052/3463
f 3591/3050/3448 3597/3197/3454 3602/3054/3459
f 3665/2666/3522 3662/3057/3519 3670/3059/3527
f 3627/3129/3484 3633/3055/3490 3632/3056/3489
f 3894/2681/3751 3890/3350/3747 3896/3072/3753
f 3673/2667/3530 3675/3060/3532 3678/2997/3535
f 3683/2878/3540 3688/3395/3545 3687/2793/3544
f 3704/2796/3561 3711/3131/3568 3710/2797/3567
f 3749/3133/3606 3750/3067/3607 3752/2672/3609
f 3767/2970/3624 3776/2972/3633 3775/2971/3632
f 3776/2972/3633 3782/3068/3639 3781/2973/3638
f 3805/2774/3662 3816/2943/3673 3815/2884/3672
f 3824/2998/3681 3829/2923/3686 3828/3000/3685
f 3850/2947/3707 3855/3070/3712 3857/2948/3714
f 3880/2679/3737 3887/2800/3744 3886/4309/3743
f 3887/2800/3744 3890/3350/3747 3894/2681/3751
f 3953/3136/3810 3955/3256/3812 3958/4329/3815
f 4084/2781/3941 4078/3355/3935 4087/3004/3944
f 3971/3208/3828 3977/3078/3834 3980/3079/3837
f 4015/3001/3872 4020/3080/3877 4018/3002/3875
f 4075/2695/3932 4078/3355/3935 4084/2781/3941
f 4125/2894/3982 4130/3088/3987 4129/2701/3986
f 4165/3212/4022 4169/3090/4026 4168/3091/4025
f 4176/2710/4033 4179/3092/4036 4178/2713/4035
f 4184/2896/4041 4192/3303/4049 4191/2897/4048
f 4214/2782/4071 4218/3094/4075 4217/3096/4074
f 4368/2734/4225 4363/3367/4220 4372/3110/4229
f 4305/3106/4162 4306/3363/4163 4310/3224/4167
f 4322/2727/4179 4332/3107/4189 4328/2728/4185
f 4331/3108/4188 4338/3109/4195 4337/2730/4194
f 4360/2733/4217 4363/3367/4220 4368/2734/4225
f 4374/3111/4231 4378/3112/4235 4377/3113/4234
f 4451/2813/4308 4458/3114/4315 4455/2814/4312
f 4486/3146/4343 4491/3119/4348 4487/2745/4344
f 3622/3130/3479 3619/3342/3476 3628/3128/3485
f 4570/2932/4427 4577/3123/4434 4576/2912/4433
f 2785/2825/2642 2791/3010/2648 2790/2826/2647
f 2864/2843/2721 2871/2981/2728 2870/2934/2727
f 3003/3169/2860 3009/3168/2866 3011/2589/2868
f 3105/3247/2962 3111/3177/2968 3106/2598/2963
f 3237/3034/3094 3249/3182/3106 3245/2614/3102
f 3291/3038/3148 3298/3040/3155 3297/3039/3154
f 3305/3487/3162 3310/2862/3167 3309/2629/3166
f 3330/2988/3187 3339/2990/3196 3337/2989/3194
f 3413/4348/3270 3419/3286/3276 3418/2632/3275
f 3571/3193/3428 3576/3340/3433 3579/3195/3436
f 3614/3199/3471 3619/3342/3476 3622/3130/3479
f 3846/2675/3703 3843/3255/3700 3850/2947/3707
f 3693/2794/3550 3700/3061/3557 3699/3062/3556
f 3787/2974/3644 3791/3402/3648 3792/2881/3649
f 2845/2837/2702 2850/3467/2707 2849/4368/2706
f 3869/3134/3726 3871/3071/3728 3870/2776/3727
f 3968/2693/3825 3973/3207/3830 3971/3208/3828
f 3989/2926/3846 3993/3137/3850 3994/3139/3851
f 4030/3140/3887 4031/3141/3888 4033/3142/3890
f 4071/3086/3928 4078/3355/3935 4075/2695/3932
f 4202/3214/4059 4209/3093/4066 4208/2715/4065
f 4312/3223/4169 4324/3225/4181 4322/2727/4179
f 2762/3465/2619 2770/3150/2627 2767/3151/2624
f 2770/3150/2627 2780/3152/2637 2774/2820/2631
f 2780/3152/2637 2786/3153/2643 2779/2823/2636
f 2797/3012/2654 2807/3154/2664 2804/2827/2661
f 2807/3154/2664 2812/3155/2669 2809/2830/2666
f 2812/3155/2669 2822/3156/2679 2816/2832/2673
f 2822/3156/2679 2828/3157/2685 2821/2834/2678
f 2841/3014/2698 2850/3467/2707 2845/2837/2702
f 2860/2840/2717 2856/3470/2713 2865/3277/2722
f 2911/2847/2768 2906/2844/2763 2912/4371/2769
f 2876/2983/2733 2885/3159/2742 2884/2984/2741
f 2885/3159/2742 2891/3378/2748 2889/2916/2746
f 2891/3378/2748 2898/3015/2755 2897/2917/2754
f 2929/3017/2786 2933/3160/2790 2935/2584/2792
f 2943/3018/2800 2951/3020/2808 2948/2851/2805
f 2951/3020/2808 2959/3162/2816 2956/2760/2813
f 2959/3162/2816 2966/3163/2823 2960/2761/2817
f 2992/3166/2849 2998/4372/2855 2997/4373/2854
f 2983/3021/2840 2989/3165/2846 2987/2587/2844
f 2989/3165/2846 2998/4372/2855 2992/3166/2849
f 2997/4373/2854 3004/3167/2861 3003/3169/2860
f 3027/3022/2884 3036/3170/2893 3031/2592/2888
f 3079/3176/2936 3085/3317/2942 3088/4369/2945
f 3064/2955/2921 3070/3174/2927 3069/2956/2926
f 3088/4369/2945 3085/3317/2942 3092/2958/2949
f 3131/3024/2988 3134/3178/2991 3130/2961/2987
f 3150/2935/3007 3159/3321/3016 3158/2936/3015
f 3173/2858/3030 3175/3248/3032 3179/2860/3036
f 3185/3026/3042 3191/3424/3048 3190/3027/3047
f 3213/3030/3070 3219/3179/3076 3218/3031/3075
f 3219/3179/3076 3227/3032/3084 3223/3180/3080
f 3227/3032/3084 3229/3181/3086 3232/3033/3089
f 3267/3036/3124 3276/4370/3133 3271/3037/3128
f 3298/3040/3155 3300/3571/3157 3304/3041/3161
f 3318/3324/3175 3324/3326/3181 3321/2765/3178
f 3352/3042/3209 3355/3696/3212 3358/2864/3215
f 3355/3696/3212 3366/3183/3223 3358/2864/3215
f 3382/3125/3239 3391/3043/3248 3387/3044/3244
f 3413/4348/3270 3408/3330/3265 3419/3286/3276
f 3401/2992/3258 3408/3330/3265 3407/2993/3264
f 3450/3127/3307 3447/3333/3304 3454/3126/3311
f 3431/3045/3288 3441/2994/3298 3436/2636/3293
f 3441/2994/3298 3447/3333/3304 3446/2639/3303
f 3463/2642/3320 3458/3186/3315 3465/3187/3322
f 3468/2644/3325 3465/3187/3322 3475/3289/3332
f 3495/2966/3352 3504/3783/3361 3499/2967/3356
f 3509/3046/3366 3519/3190/3376 3512/2871/3369
f 3611/3053/3468 3606/3052/3463 3612/3198/3469
f 3550/3048/3407 3556/2969/3413 3555/2658/3412
f 3564/3389/3421 3570/3192/3427 3566/2875/3423
f 3570/3192/3427 3576/3340/3433 3571/3193/3428
f 3576/3340/3433 3582/3194/3439 3579/3195/3436
f 3590/3049/3447 3592/3196/3449 3591/3050/3448
f 3612/3198/3469 3619/3342/3476 3614/3199/3471
f 3633/3055/3490 3640/3393/3497 3637/2660/3494
f 3647/2663/3504 3656/3200/3513 3651/2664/3508
f 3681/2996/3538 3688/3395/3545 3683/2878/3540
f 3742/2940/3599 3750/3067/3607 3749/3133/3606
f 3834/2924/3691 3838/3254/3695 3837/2945/3694
f 3871/3071/3728 3873/3559/3730 3876/2678/3733
f 3989/2926/3846 3987/3353/3844 3993/3137/3850
f 3916/3073/3773 3922/3204/3779 3921/3075/3778
f 3923/3205/3780 3930/3076/3787 3929/2684/3786
f 3930/3076/3787 3940/3077/3797 3935/2685/3792
f 3945/2689/3802 3948/3135/3805 3950/2690/3807
f 3977/3078/3834 3987/3353/3844 3984/2802/3841
f 3984/2802/3841 3987/3353/3844 3989/2926/3846
f 4099/2889/3956 4092/2888/3949 4100/3087/3957
f 3998/3138/3855 4002/3267/3859 4001/2778/3858
f 4035/3083/3892 4046/3258/3903 4043/3084/3900
f 4044/3259/3901 4046/3258/3903 4051/2805/3908
f 4046/3258/3903 4052/3209/3909 4051/2805/3908
f 4057/3003/3914 4063/3210/3920 4062/2927/3919
f 4100/3087/3957 4104/3300/3961 4105/2808/3962
f 4104/3300/3961 4110/2980/3967 4105/2808/3962
f 4144/2705/4001 4148/3359/4005 4152/4342/4009
f 4121/2893/3978 4130/3088/3987 4125/2894/3982
f 4130/3088/3987 4141/3089/3998 4135/2895/3992
f 4141/3089/3998 4148/3359/4005 4144/2705/4001
f 4148/3359/4005 4154/2707/4011 4152/4342/4009
f 4154/2707/4011 4163/3211/4020 4160/2708/4017
f 4192/3303/4049 4203/3213/4060 4197/2898/4054
f 4209/3093/4066 4218/3094/4075 4214/2782/4071
f 4218/3094/4075 4224/3097/4081 4223/3095/4080
f 4224/3097/4081 4230/3215/4087 4229/2718/4086
f 4230/3215/4087 4242/3217/4099 4237/3216/4094
f 4261/3098/4118 4270/3100/4127 4266/2722/4123
f 4280/4374/4137 4275/3101/4132 4281/3452/4138
f 4301/3103/4158 4306/3363/4163 4305/3106/4162
f 4306/3363/4163 4317/3222/4174 4310/3224/4167
f 4338/3109/4195 4344/3005/4201 4343/2731/4200
f 4349/2904/4206 4356/3226/4213 4353/2905/4210
f 4435/3231/4292 4430/3007/4287 4436/3230/4293
f 4378/3112/4235 4383/3228/4240 4382/2736/4239
f 4383/3228/4240 4391/3307/4248 4388/2783/4245
f 4391/3307/4248 4401/3229/4258 4396/2784/4253
f 4418/2740/4275 4424/3006/4281 4427/3008/4284
f 4458/3114/4315 4469/3116/4326 4461/3115/4318
f 4469/3116/4326 4475/3118/4332 4474/2742/4331
f 4475/3118/4332 4481/3145/4338 4479/2743/4336
f 4503/3121/4360 4508/2788/4365 4505/2748/4362
f 4514/3310/4371 4524/3147/4381 4515/2789/4372
f 4580/2754/4437 4577/3123/4434 4583/3237/4440
f 4542/3234/4399 4549/3009/4406 4547/3235/4404
f 4586/3238/4443 4583/3237/4440 4590/3239/4447
f 4590/3239/4447 4599/3240/4456 4591/2913/4448
f 4599/3240/4456 4606/3242/4463 4602/3241/4459
f 2785/2825/2642 2786/3153/2643 2791/3010/2648
f 2827/2836/2684 2828/3157/2685 2833/2580/2690
f 2864/2843/2721 2865/3277/2722 2871/2981/2728
f 3011/2589/2868 3009/3168/2866 3017/2854/2874
f 3054/3244/2911 3057/3243/2914 3061/3245/2918
f 3145/2764/3002 3140/2986/2997 3146/3124/3003
f 3190/3027/3047 3196/3249/3053 3197/2790/3054
f 3261/2620/3118 3262/2987/3119 3267/3036/3124
f 3799/2922/3656 3806/3252/3663 3800/2773/3657
f 3922/3204/3779 3930/3076/3787 3923/3205/3780
f 3961/3206/3818 3966/3257/3823 3968/2693/3825
f 3793/3797/3650 3792/2881/3649 3791/3402/3648
f 4565/2951/4422 4571/3373/4428 4570/2932/4427
f 4570/2932/4427 4571/3373/4428 4577/3123/4434
f 4609/2757/4466 4606/3242/4463 4610/3260/4467
f 2753/4366/2610 2748/3273/2605 2757/2817/2614
f 2971/2919/2828 2966/3163/2823 2977/3164/2834
f 3051/3172/2908 3048/3171/2905 3057/3243/2914
f 3190/3027/3047 3191/3424/3048 3196/3249/3053
f 3262/2987/3119 3263/3381/3120 3267/3036/3124
f 3347/2768/3204 3342/3262/3199 3352/3042/3209
f 3373/2937/3230 3374/3430/3231 3382/3125/3239
f 3756/2771/3613 3753/3265/3610 3761/3251/3618
f 3834/2924/3691 3832/3253/3689 3838/3254/3695
f 4209/3093/4066 4211/3446/4068 4218/3094/4075
f 4251/3219/4108 4246/3268/4103 4253/3220/4110
f 4291/2902/4148 4289/3269/4146 4293/3221/4150
f 4418/2740/4275 4419/3270/4276 4424/3006/4281
f 2757/2817/2614 2759/3463/2616 2762/3465/2619
f 2977/3164/2834 2978/3419/2835 2983/3021/2840
f 2998/4372/2855 3002/3835/2859 3004/3167/2861
f 3061/3245/2918 3057/3243/2914 3064/2955/2921
f 3079/3176/2936 3080/3316/2937 3085/3317/2942
f 3524/2652/3381 3521/3291/3378 3526/3191/3383
f 3843/3255/3700 3847/3438/3704 3850/2947/3707
f 3863/2976/3720 3864/3511/3721 3871/3071/3728
f 4015/3001/3872 4013/3299/3870 4020/3080/3877
f 4025/3082/3882 4026/3408/3883 4031/3141/3888
f 4087/3004/3944 4091/3668/3948 4092/2888/3949
f 4121/2893/3978 4117/3302/3974 4123/3357/3980
f 4130/3088/3987 4132/3518/3989 4141/3089/3998
f 4169/3090/4026 4166/3628/4023 4174/4375/4031
f 2912/4371/2769 2906/2844/2763 2907/4376/2764
f 4176/2710/4033 4174/4375/4031 4179/3092/4036
f 4261/3098/4118 4262/3449/4119 4270/3100/4127
f 4332/3107/4189 4333/3454/4190 4338/3109/4195
f 4408/2907/4265 4409/3567/4266 4414/2811/4271
f 4556/2908/4413 4554/3371/4411 4559/3236/4416
f 2891/3378/2748 2892/3377/2749 2898/3015/2755
f 2906/2844/2763 2902/3312/2759 2907/4376/2764
f 2989/3165/2846 2990/3876/2847 2998/4372/2855
f 3022/2953/2879 3023/3474/2880 3027/3022/2884
f 3131/3024/2988 3132/4377/2989 3134/3178/2991
f 3179/2860/3036 3181/3479/3038 3185/3026/3042
f 3276/4370/3133 3277/3482/3134 3285/3484/3142
f 3285/3484/3142 3286/3555/3143 3291/3038/3148
f 3355/3696/3212 3359/3572/3216 3366/3183/3223
f 3373/2937/3230 3367/3328/3224 3374/3430/3231
f 3441/2994/3298 3444/3706/3301 3447/3333/3304
f 3475/3289/3332 3479/3497/3336 3482/3499/3339
f 3504/3783/3361 3505/3708/3362 3509/3046/3366
f 3556/2969/3413 3552/3338/3409 3559/3387/3416
f 3647/2663/3504 3646/3343/3503 3650/3506/3507
f 3670/3059/3527 3671/3508/3528 3675/3060/3532
f 3711/3131/3568 3706/3345/3563 3712/3535/3569
f 3711/3131/3568 3712/3535/3569 3716/3263/3573
f 3761/3251/3618 3762/3398/3619 3767/2970/3624
f 3776/2972/3633 3777/3401/3634 3782/3068/3639
f 3799/2922/3656 3801/3660/3658 3806/3252/3663
f 3806/3252/3663 3807/3577/3664 3811/3296/3668
f 3816/2943/3673 3817/3403/3674 3824/2998/3681
f 3824/2998/3681 3826/4052/3683 3829/2923/3686
f 3904/2949/3761 3906/3621/3763 3908/3203/3765
f 3916/3073/3773 3918/3723/3775 3922/3204/3779
f 3948/3135/3805 3951/3440/3808 3955/3256/3812
f 4092/2888/3949 4091/3668/3948 4096/3443/3953
f 4092/2888/3949 4096/3443/3953 4100/3087/3957
f 4130/3088/3987 4126/3358/3983 4132/3518/3989
f 4154/2707/4011 4150/3360/4007 4155/3671/4012
f 4184/2896/4041 4183/3361/4040 4187/3544/4044
f 4203/3213/4060 4204/3587/4061 4209/3093/4066
f 4301/3103/4158 4303/4378/4160 4306/3363/4163
f 4349/2904/4206 4345/3674/4202 4351/3521/4208
f 4391/3307/4248 4392/3631/4249 4397/3308/4254
f 4424/3006/4281 4419/3270/4276 4425/3457/4282
f 4424/3006/4281 4425/3457/4282 4430/3007/4287
f 4445/2785/4302 4446/3414/4303 4451/2813/4308
f 3115/2601/2972 3111/3177/2968 3116/3551/2973
f 4475/3118/4332 4477/3594/4334 4481/3145/4338
f 4503/3121/4360 4506/3681/4363 4508/2788/4365
f 4536/3233/4393 4537/3748/4394 4542/3234/4399
f 3140/2986/2997 3137/3762/2994 3142/3319/2999
f 3159/3321/3016 3155/3320/3012 3163/3608/3020
f 3750/3067/3607 3742/2940/3599 3743/3347/3600
f 3213/3030/3070 3214/3426/3071 3219/3179/3076
f 3300/3571/3157 3301/3485/3158 3305/3487/3162
f 3339/2990/3196 3338/3429/3195 3342/3262/3199
f 3401/2992/3258 3398/3329/3255 3408/3330/3265
f 3495/2966/3352 3498/3385/3355 3504/3783/3361
f 3688/3395/3545 3684/3394/3541 3689/3618/3546
f 3688/3395/3545 3689/3618/3546 3694/3201/3551
f 3704/2796/3561 3702/3396/3559 3706/3345/3563
f 3767/2970/3624 3768/3399/3625 3772/3400/3629
f 3843/3255/3700 3844/3405/3701 3847/3438/3704
f 3922/3204/3779 3924/3512/3781 3930/3076/3787
f 4007/2886/3864 4008/3407/3865 4013/3299/3870
f 4046/3258/3903 4047/3516/3904 4052/3209/3909
f 4306/3363/4163 4303/4378/4160 4307/4379/4164
f 4317/3222/4174 4318/3547/4175 4323/3365/4180
f 4383/3228/4240 4384/3413/4241 4389/3369/4246
f 4391/3307/4248 4389/3369/4246 4392/3631/4249
f 4451/2813/4308 4450/3415/4307 4453/3271/4310
f 4475/3118/4332 4470/3416/4327 4477/3594/4334
f 4508/2788/4365 4506/3681/4363 4511/3309/4368
f 4549/3009/4406 4550/3527/4407 4554/3371/4411
f 2929/3017/2786 2926/4380/2783 2933/3160/2790
f 2943/3018/2800 2944/3417/2801 2949/3313/2806
f 2983/3021/2840 2981/3420/2838 2986/3640/2843
f 3009/3168/2866 3010/3314/2867 3015/3279/2872
f 3017/2854/2874 3015/3279/2872 3022/2953/2879
f 3027/3022/2884 3028/3475/2885 3032/3280/2889
f 3229/3181/3086 3227/3032/3084 3224/3322/3081
f 3064/2955/2921 3065/3476/2922 3070/3174/2927
f 3092/2958/2949 3091/3318/2948 3093/4381/2950
f 3092/2958/2949 3093/4381/2950 3099/3568/2956
f 3196/3249/3053 3193/3425/3050 3198/3380/3055
f 3253/2964/3110 3254/3428/3111 3257/3285/3114
f 3276/4370/3133 3272/3769/3129 3277/3482/3134
f 3419/3286/3276 3414/3432/3271 3421/3287/3278
f 3458/3186/3315 3459/3495/3316 3465/3187/3322
f 3509/3046/3366 3505/3708/3362 3510/3335/3367
f 3519/3190/3376 3515/3386/3372 3521/3291/3378
f 3535/3292/3392 3532/3433/3389 3538/3293/3395
f 3550/3048/3407 3548/3434/3405 3552/3338/3409
f 3576/3340/3433 3575/3339/3432 3580/3390/3437
f 3590/3049/3447 3586/3502/3443 3592/3196/3449
f 3597/3197/3454 3598/3651/3455 3606/3052/3463
f 3606/3052/3463 3607/3788/3464 3612/3198/3469
f 3619/3342/3476 3618/3341/3475 3623/3391/3480
f 3656/3200/3513 3657/3574/3514 3662/3057/3519
f 3725/3063/3582 3720/3435/3577 3728/3346/3585
f 3761/3251/3618 3757/3436/3614 3762/3398/3619
f 3799/2922/3656 3796/3658/3653 3801/3660/3658
f 3850/2947/3707 3851/3439/3708 3855/3070/3712
f 3987/3353/3844 3988/3582/3845 3992/3354/3849
f 3993/3137/3850 3992/3354/3849 3995/3804/3852
f 4002/3267/3859 3995/3804/3852 3999/3806/3856
f 4020/3080/3877 4021/3978/3878 4026/3408/3883
f 4031/3141/3888 4032/3585/3889 4035/3083/3892
f 4087/3004/3944 4088/3442/3945 4091/3668/3948
f 4224/3097/4081 4225/4058/4082 4226/4382/4083
f 4110/2980/3967 4113/3445/3970 4115/2890/3972
f 4209/3093/4066 4204/3587/4061 4211/3446/4068
f 4224/3097/4081 4219/3448/4076 4225/4058/4082
f 4242/3217/4099 4243/3589/4100 4246/3268/4103
f 4261/3098/4118 4258/3306/4115 4262/3449/4119
f 4270/3100/4127 4267/3450/4124 4273/3412/4130
f 4275/3101/4132 4278/3451/4135 4281/3452/4138
f 4286/3102/4143 4283/3453/4140 4289/3269/4146
f 4306/3363/4163 4307/4379/4164 4313/3364/4170
f 4338/3109/4195 4335/3455/4192 4344/3005/4201
f 4363/3367/4220 4364/3456/4221 4369/3368/4226
f 4408/2907/4265 4405/4383/4262 4409/3567/4266
f 4430/3007/4287 4428/3458/4285 4436/3230/4293
f 4440/2930/4297 4441/3549/4298 4446/3414/4303
f 4481/3145/4338 4484/3819/4341 4491/3119/4348
f 4495/3272/4352 4496/3524/4353 4503/3121/4360
f 4530/3232/4387 4525/3460/4382 4531/3943/4388
f 4571/3373/4428 4565/2951/4422 4566/3372/4423
f 4583/3237/4440 4584/3751/4441 4590/3239/4447
f 4606/3242/4463 4607/3461/4464 4610/3260/4467
f 2757/2817/2614 2758/3462/2615 2759/3463/2616
f 2762/3465/2619 2763/3464/2620 2768/3598/2625
f 2786/3153/2643 2787/3599/2644 2791/3010/2648
f 2807/3154/2664 2805/3601/2662 2810/3603/2667
f 2828/3157/2685 2829/3868/2686 2834/3158/2691
f 2929/3017/2786 2921/3830/2778 2926/4380/2783
f 2938/3161/2795 2939/4384/2796 2944/3417/2801
f 3004/3167/2861 3002/3835/2859 3005/3642/2862
f 3004/3167/2861 3005/3642/2862 3010/3314/2867
f 3041/3281/2898 3042/3756/2899 3047/3282/2904
f 3048/3171/2905 3047/3282/2904 3052/4385/2909
f 3085/3317/2942 3086/3478/2943 3091/3318/2948
f 3131/3024/2988 3126/3283/2983 3132/4377/2989
f 3150/2935/3007 3151/3532/3008 3155/3320/3012
f 3237/3034/3094 3238/3480/3095 3242/3323/3099
f 3318/3324/3175 3319/3489/3176 3325/3325/3182
f 3352/3042/3209 3348/3490/3205 3355/3696/3212
f 3431/3045/3288 3430/3494/3287 3433/3332/3290
f 3465/3187/3322 3464/3496/3321 3469/3288/3326
f 3488/3188/3345 3489/4386/3346 3493/3290/3350
f 3543/3294/3400 3540/3500/3397 3545/3337/3402
f 3570/3192/3427 3572/3785/3429 3575/3339/3432
f 3612/3198/3469 3607/3788/3464 3613/3653/3470
f 3612/3198/3469 3613/3653/3470 3618/3341/3475
f 3858/3954/3715 3855/3070/3712 3851/3439/3708
f 3656/3200/3513 3652/3507/3509 3657/3574/3514
f 3670/3059/3527 3668/4387/3525 3671/3508/3528
f 3675/3060/3532 3676/3509/3533 3679/3576/3536
f 3735/3065/3592 3733/3397/3590 3738/3264/3595
f 3806/3252/3663 3801/3660/3658 3807/3577/3664
f 3829/2923/3686 3826/4052/3683 3830/3437/3687
f 4243/3589/4100 4242/3217/4099 4238/3520/4095
f 3863/2976/3720 3858/3954/3715 3859/3510/3716
f 3904/2949/3761 3902/3351/3759 3906/3621/3763
f 3930/3076/3787 3928/3513/3785 3933/3298/3790
f 3940/3077/3797 3938/3541/3795 3943/3266/3800
f 4002/3267/3859 4003/3664/3860 4008/3407/3865
f 4046/3258/3903 4040/3515/3897 4047/3516/3904
f 4057/3003/3914 4058/3543/3915 4063/3210/3920
f 4115/2890/3972 4113/3445/3970 4117/3302/3974
f 4141/3089/3998 4142/3623/3999 4148/3359/4005
f 4192/3303/4049 4193/3545/4050 4198/3304/4055
f 4253/3220/4110 4254/3411/4111 4258/3306/4115
f 4356/3226/4213 4354/3522/4211 4359/3366/4216
f 4379/3742/4236 4378/3112/4235 4375/3938/4232
f 4600/4388/4457 4599/3240/4456 4595/3375/4452
f 4436/3230/4293 4437/3548/4294 4440/2930/4297
f 4536/3233/4393 4533/4389/4390 4537/3748/4394
f 4542/3234/4399 4537/3748/4394 4543/3526/4400
f 4559/3236/4416 4560/3528/4417 4566/3372/4423
f 4577/3123/4434 4578/3529/4435 4583/3237/4440
f 4599/3240/4456 4600/4388/4457 4603/3376/4460
f 2951/3020/2808 2952/3530/2809 2959/3162/2816
f 3036/3170/2893 3037/3531/2894 3041/3281/2898
f 3074/3175/2931 3075/3315/2932 3080/3316/2937
f 3120/3023/2977 3121/3552/2978 3126/3283/2983
f 3171/3025/3028 3172/3534/3029 3175/3248/3032
f 3208/3028/3065 3210/3553/3067 3214/3426/3071
f 3219/3179/3076 3220/3610/3077 3224/3322/3081
f 3249/3182/3106 3250/3481/3107 3254/3428/3111
f 3324/3326/3181 3325/3325/3182 3330/2988/3187
f 3366/3183/3223 3363/3573/3220 3367/3328/3224
f 3564/3389/3421 3565/3388/3422 3570/3192/3427
f 3782/3068/3639 3778/3538/3635 3783/3295/3640
f 3824/2998/3681 3822/3539/3679 3826/4052/3683
f 3890/3350/3747 3891/3540/3748 3896/3072/3753
f 3977/3078/3834 3978/3542/3835 3982/3406/3839
f 4301/3103/4158 4298/3362/4155 4303/4378/4160
f 4590/3239/4447 4592/3825/4449 4595/3375/4452
f 3022/2953/2879 3019/3473/2876 3023/3474/2880
f 3070/3174/2927 3071/3477/2928 3075/3315/2932
f 3285/3484/3142 3287/3554/3144 3286/3555/3143
f 3291/3038/3148 3292/3556/3149 3298/3040/3155
f 3355/3696/3212 3354/3697/3211 3359/3572/3216
f 3394/3184/3251 3396/3557/3253 3398/3329/3255
f 3716/3263/3573 3717/3536/3574 3720/3435/3577
f 3879/3202/3736 3877/3560/3734 3881/3297/3738
f 3896/3072/3753 3897/3561/3754 3902/3351/3759
f 3922/3204/3779 3918/3723/3775 3924/3512/3781
f 4002/3267/3859 3999/3806/3856 4003/3664/3860
f 4052/3209/3909 4053/3517/3910 4058/3543/3915
f 4071/3086/3928 4072/3564/3929 4076/3728/3933
f 4293/3221/4150 4294/3546/4151 4298/3362/4155
f 4344/3005/4201 4341/3566/4198 4345/3674/4202
f 4378/3112/4235 4379/3742/4236 4384/3413/4241
f 4503/3121/4360 4501/3525/4358 4506/3681/4363
f 2748/3273/2605 2749/3863/2606 2754/3274/2611
f 2898/3015/2755 2903/4000/2760 2902/3312/2759
f 2933/3160/2790 2931/3895/2788 2934/3897/2791
f 2966/3163/2823 2967/3831/2824 2972/3418/2829
f 2977/3164/2834 2972/3418/2829 2978/3419/2835
f 2998/4372/2855 2999/3833/2856 3002/3835/2859
f 3877/3560/3734 3873/3559/3730 3872/3579/3729
f 3102/3246/2959 3103/3569/2960 3107/3422/2964
f 3163/3608/3020 3161/3607/3018 3165/3533/3022
f 3382/3125/3239 3377/3431/3234 3383/3491/3240
f 3441/2994/3298 3442/3704/3299 3444/3706/3301
f 3955/3256/3812 3956/3441/3813 3961/3206/3818
f 3973/3207/3830 3974/3581/3831 3978/3542/3835
f 4020/3080/3877 4016/3584/3873 4021/3978/3878
f 4035/3083/3892 4036/3586/3893 4038/3514/3895
f 4063/3210/3920 4064/3563/3921 4067/3410/3924
f 4246/3268/4103 4247/3590/4104 4254/3411/4111
f 4488/3858/4345 4491/3119/4348 4484/3819/4341
f 4332/3107/4189 4329/3592/4186 4333/3454/4190
f 4372/3110/4229 4371/3593/4228 4375/3938/4232
f 4453/3271/4310 4454/3676/4311 4459/3370/4316
f 4481/3145/4338 4480/3595/4337 4484/3819/4341
f 4573/3374/4430 4571/3373/4428 4574/4172/4431
f 4491/3119/4348 4488/3858/4345 4495/3272/4352
f 2763/3464/2620 2759/3463/2616 2758/3462/2615
f 4610/3260/4467 4611/3596/4468 4615/3261/4472
f 2792/4390/2649 2791/3010/2648 2789/3600/2646
f 2798/4391/2655 2795/4392/2652 2792/4390/2649
f 2807/3154/2664 2802/4393/2659 2805/3601/2662
f 2835/3994/2692 2834/3158/2691 2829/3868/2686
f 2828/3157/2685 2824/3866/2681 2829/3868/2686
f 2838/3995/2695 2836/4394/2693 2835/3994/2692
f 2842/3466/2699 2841/3014/2698 2838/3995/2695
f 2851/3468/2708 2852/3870/2709 2857/3469/2714
f 2856/3470/2713 2857/3469/2714 2861/3471/2718
f 2865/3277/2722 2861/3471/2718 2867/3278/2724
f 2867/3278/2724 2868/3873/2725 2872/3472/2729
f 2881/4395/2738 2877/4396/2734 2875/4397/2732
f 2883/3684/2740 2882/4398/2739 2881/4395/2738
f 2882/4398/2739 2883/3684/2740 2885/3159/2742
f 2892/3377/2749 2893/3686/2750 2895/3379/2752
f 2918/4399/2775 2915/3828/2772 2921/3830/2778
f 2959/3162/2816 2957/3637/2814 2961/3639/2818
f 2978/3419/2835 2979/3753/2836 2981/3420/2838
f 3405/3778/3262 3408/3330/3265 3402/3614/3259
f 3080/3316/2937 3081/3605/2938 3086/3478/2943
f 3652/3507/3509 3650/3506/3507 3648/3617/3505
f 3408/3330/3265 3405/3778/3262 3409/3331/3266
f 3504/3783/3361 3500/3782/3357 3505/3708/3362
f 3521/3291/3378 3522/3649/3379 3526/3191/3383
f 3570/3192/3427 3567/3616/3424 3572/3785/3429
f 3694/3201/3551 3692/3619/3549 3697/3344/3554
f 3811/3296/3668 3812/3578/3669 3817/3403/3674
f 3838/3254/3695 3841/3620/3698 3844/3405/3701
f 3881/3297/3738 3882/3721/3739 3888/3349/3745
f 3916/3073/3773 3914/3622/3771 3918/3723/3775
f 3933/3298/3790 3934/3725/3791 3938/3541/3795
f 4067/3410/3924 4068/3666/3925 4072/3564/3929
f 4109/3301/3966 4111/3961/3968 4113/3445/3970
f 4117/3302/3974 4118/3669/3975 4123/3357/3980
f 4123/3357/3980 4124/3730/3981 4126/3358/3983
f 4148/3359/4005 4145/3624/4002 4150/3360/4007
f 4155/3671/4012 4156/3731/4013 4158/3625/4015
f 4175/3732/4032 4174/4375/4031 4170/4400/4027
f 4174/4375/4031 4175/3732/4032 4179/3092/4036
f 4333/3454/4190 4334/3812/4191 4335/3455/4192
f 4419/3270/4276 4420/3633/4277 4425/3457/4282
f 4516/3311/4373 4517/3820/4374 4520/3459/4377
f 4554/3371/4411 4555/3861/4412 4560/3528/4417
f 2885/3159/2742 2886/3685/2743 2892/3377/2749
f 2898/3015/2755 2899/3635/2756 2903/4000/2760
f 2952/3530/2809 2949/3313/2806 2946/3636/2803
f 2990/3876/2847 2989/3165/2846 2988/3641/2845
f 2998/4372/2855 2993/3965/2850 2999/3833/2856
f 3041/3281/2898 3039/3644/2896 3042/3756/2899
f 3116/3551/2973 3117/3878/2974 3121/3552/2978
f 3142/3319/2999 3143/3763/3000 3146/3124/3003
f 3191/3424/3048 3192/3609/3049 3193/3425/3050
f 3242/3323/3099 3243/3611/3100 3250/3481/3107
f 3286/3555/3143 3287/3554/3144 3292/3556/3149
f 3306/3486/3163 3307/3771/3164 3311/3773/3168
f 3319/3489/3176 3322/3774/3179 3325/3325/3182
f 3332/3327/3189 3333/3776/3190 3338/3429/3195
f 3441/2994/3298 3437/3972/3294 3442/3704/3299
f 3510/3335/3367 3511/3709/3368 3515/3386/3372
f 3561/3842/3418 3559/3387/3416 3557/4013/3414
f 3559/3387/3416 3561/3842/3418 3565/3388/3422
f 3640/3393/3497 3642/3790/3499 3646/3343/3503
f 3712/3535/3569 3713/3794/3570 3717/3536/3574
f 3762/3398/3619 3763/3717/3620 3768/3399/3625
f 3772/3400/3629 3773/3657/3630 3777/3401/3634
f 3807/3577/3664 3808/3661/3665 3812/3578/3669
f 3964/3957/3821 3966/3257/3823 3962/3663/3819
f 3966/3257/3823 3964/3957/3821 3969/3580/3826
f 4047/3516/3904 4050/3931/3907 4053/3517/3910
f 4132/3518/3989 4133/3565/3990 4137/3519/3994
f 4141/3089/3998 4137/3519/3994 4142/3623/3999
f 4155/3671/4012 4153/3670/4010 4156/3731/4013
f 4163/3211/4020 4161/3672/4018 4167/3627/4024
f 4188/3734/4045 4187/3544/4044 4185/4125/4042
f 4198/3304/4055 4199/3629/4056 4203/3213/4060
f 4354/3522/4211 4351/3521/4208 4350/4023/4207
f 4389/3369/4246 4390/3814/4247 4392/3631/4249
f 4397/3308/4254 4398/3632/4255 4401/3229/4258
f 4425/3457/4282 4426/3675/4283 4428/3458/4285
f 4469/3116/4326 4466/3679/4323 4470/3416/4327
f 4520/3459/4377 4521/3821/4378 4525/3460/4382
f 4590/3239/4447 4587/3752/4444 4592/3825/4449
f 3023/3474/2880 3029/3687/2886 3028/3475/2885
f 3099/3568/2956 3100/3944/2957 3103/3569/2960
f 3116/3551/2973 3112/3689/2969 3117/3878/2974
f 3165/3533/3022 3166/3691/3023 3172/3534/3029
f 3181/3479/3038 3183/3902/3040 3186/3423/3043
f 3198/3380/3055 3199/3765/3056 3204/3284/3061
f 3204/3284/3061 3205/3766/3062 3210/3553/3067
f 3214/3426/3071 3215/3767/3072 3220/3610/3077
f 3257/3285/3114 3259/3694/3116 3263/3381/3120
f 3267/3036/3124 3268/3612/3125 3272/3769/3129
f 3342/3262/3199 3340/4102/3197 3344/3383/3201
f 3355/3696/3212 3353/3695/3210 3354/3697/3211
f 3359/3572/3216 3360/3698/3217 3363/3573/3220
f 3374/3430/3231 3376/3700/3233 3377/3431/3234
f 3383/3491/3240 3384/4010/3241 3388/3492/3245
f 3421/3287/3278 3422/3701/3279 3423/3384/3280
f 3427/3185/3284 3426/3702/3283 3430/3494/3287
f 3444/3706/3301 3448/3705/3305 3447/3333/3304
f 3459/3495/3316 3460/3910/3317 3464/3496/3321
f 3469/3288/3326 3470/3647/3327 3471/3615/3328
f 3479/3497/3336 3480/3707/3337 3483/3498/3340
f 3498/3385/3355 3501/3781/3358 3504/3783/3361
f 3538/3293/3395 3539/3650/3396 3540/3500/3397
f 3580/3390/3437 3581/3915/3438 3583/3501/3440
f 3598/3651/3455 3599/3712/3456 3603/3652/3460
f 3606/3052/3463 3603/3652/3460 3607/3788/3464
f 3623/3391/3480 3624/3917/3481 3625/3504/3482
f 3707/3793/3564 3706/3345/3563 3705/3714/3562
f 3640/3393/3497 3638/3887/3495 3642/3790/3499
f 3679/3576/3536 3680/3713/3537 3684/3394/3541
f 3689/3618/3546 3690/3655/3547 3692/3619/3549
f 3730/4016/3587 3728/3346/3585 3726/3715/3583
f 3706/3345/3563 3707/3793/3564 3712/3535/3569
f 3728/3346/3585 3730/4016/3587 3733/3397/3590
f 3743/3347/3600 3747/3716/3604 3750/3067/3607
f 3777/3401/3634 3773/3657/3630 3778/3538/3635
f 3791/3402/3648 3783/3295/3640 3784/3718/3641
f 3791/3402/3648 3789/3950/3646 3793/3797/3650
f 3951/3440/3808 3952/3850/3809 3956/3441/3813
f 4008/3407/3865 4009/3665/3866 4011/3583/3868
f 4047/3516/3904 4045/3727/3902 4050/3931/3907
f 4085/3981/3942 4081/3356/3938 4080/3729/3937
f 4081/3356/3938 4085/3981/3942 4088/3442/3945
f 4231/4059/4088 4226/4382/4083 4225/4058/4082
f 4183/3361/4040 4180/3733/4037 4185/4125/4042
f 4193/3545/4050 4194/3735/4051 4199/3629/4056
f 4211/3446/4068 4212/3736/4069 4215/3447/4072
f 4230/3215/4087 4231/4059/4088 4235/3630/4092
f 4267/3450/4124 4268/4063/4125 4274/3591/4131
f 4273/3412/4130 4276/3740/4133 4278/3451/4135
f 4307/4379/4164 4308/3935/4165 4313/3364/4170
f 4313/3364/4170 4316/4129/4173 4318/3547/4175
f 4464/3678/4321 4465/3746/4322 4466/3679/4323
f 4470/3416/4327 4471/3857/4328 4476/3680/4333
f 4495/3272/4352 4492/3859/4349 4496/3524/4353
f 4506/3681/4363 4507/3747/4364 4512/3682/4369
f 4543/3526/4400 4544/3749/4401 4550/3527/4407
f 4583/3237/4440 4585/3750/4442 4584/3751/4441
f 3016/3900/2873 3015/3279/2872 3012/3754/2869
f 3015/3279/2872 3016/3900/2873 3019/3473/2876
f 3049/4032/2906 3047/3282/2904 3044/3755/2901
f 3055/4034/2912 3052/4385/2909 3049/4032/2906
f 3057/3243/2914 3055/4034/2912 3059/3421/2916
f 3126/3283/2983 3128/3760/2985 3132/4377/2989
f 3132/4377/2989 3135/4140/2992 3134/3178/2991
f 3146/3124/3003 3147/3764/3004 3151/3532/3008
f 3181/3479/3038 3187/4401/3044 3183/3902/3040
f 3238/3480/3095 3239/3967/3096 3243/3611/3100
f 3263/3381/3120 3259/3694/3116 3264/3382/3121
f 3277/3482/3134 3273/3770/3130 3279/3483/3136
f 3298/3040/3155 3294/3646/3151 3299/3570/3156
f 3311/3773/3168 3312/3772/3169 3315/3488/3172
f 3338/3429/3195 3334/3777/3191 3340/4102/3197
f 3363/3573/3220 3364/3906/3221 3368/3699/3225
f 3367/3328/3224 3368/3699/3225 3371/3613/3228
f 3414/3432/3271 3415/4041/3272 3422/3701/3279
f 3515/3386/3372 3516/3710/3373 3522/3649/3379
f 3530/3336/3387 3527/3784/3384 3532/3433/3389
f 3532/3433/3389 3533/3913/3390 3539/3650/3396
f 3580/3390/3437 3577/3786/3434 3581/3915/3438
f 3623/3391/3480 3620/3789/3477 3624/3917/3481
f 3657/3574/3514 3660/3791/3517 3663/3575/3520
f 3705/3714/3562 3702/3396/3559 3701/4080/3558
f 3739/4402/3596 3733/3397/3590 3730/4016/3587
f 3720/3435/3577 3721/3795/3578 3726/3715/3583
f 3733/3397/3590 3739/4402/3596 3736/3537/3593
f 3757/3436/3614 3758/3796/3615 3763/3717/3620
f 3796/3658/3653 3797/3798/3654 3802/3659/3659
f 3835/3348/3692 3836/3719/3693 3841/3620/3698
f 3844/3405/3701 3848/3800/3705 3847/3438/3704
f 3851/3439/3708 3856/3801/3713 3858/3954/3715
f 3888/3349/3745 3889/3722/3746 3891/3540/3748
f 3928/3513/3785 3931/4086/3788 3934/3725/3791
f 3982/3406/3839 3985/3726/3842 3988/3582/3845
f 4038/3514/3895 4036/3586/3893 4040/3515/3897
f 4040/3515/3897 4041/3959/3898 4045/3727/3902
f 4076/3728/3933 4079/3807/3936 4080/3729/3937
f 4102/3854/3959 4101/3444/3958 4097/3808/3954
f 4101/3444/3958 4102/3854/3959 4104/3300/3961
f 4109/3301/3966 4106/3809/3963 4111/3961/3968
f 4284/4270/4141 4278/3451/4135 4276/3740/4133
f 4204/3587/4061 4205/3811/4062 4210/3588/4067
f 4234/3305/4091 4235/3630/4092 4238/3520/4095
f 4243/3589/4100 4248/4127/4105 4247/3590/4104
f 4278/3451/4135 4284/4270/4141 4283/3453/4140
f 4292/4162/4149 4289/3269/4146 4287/4403/4144
f 4319/4404/4176 4318/3547/4175 4316/4129/4173
f 4289/3269/4146 4292/4162/4149 4294/3546/4151
f 4325/4093/4182 4323/3365/4180 4319/4404/4176
f 4361/4405/4218 4359/3366/4216 4357/3813/4214
f 4323/3365/4180 4325/4093/4182 4329/3592/4186
f 4366/4065/4223 4364/3456/4221 4361/4405/4218
f 4364/3456/4221 4366/4065/4223 4369/3368/4226
f 4392/3631/4249 4393/3815/4250 4398/3632/4255
f 4410/4168/4267 4405/4383/4262 4403/3816/4260
f 4405/4383/4262 4410/4168/4267 4409/3567/4266
f 4436/3230/4293 4433/3744/4290 4437/3548/4294
f 4441/3549/4298 4442/3817/4299 4447/3745/4304
f 4525/3460/4382 4526/3822/4383 4531/3943/4388
f 4571/3373/4428 4567/3824/4424 4574/4172/4431
f 4604/4073/4461 4600/4388/4457 4597/3826/4454
f 4600/4388/4457 4604/4073/4461 4603/3376/4460
f 4607/3461/4464 4612/3827/4469 4611/3596/4468
f 3124/3606/2981 3121/3552/2978 3122/3879/2979
f 3002/3835/2859 3006/3834/2863 3005/3642/2862
f 3134/3178/2991 3135/4140/2992 3138/3761/2995
f 3161/3607/3018 3167/4226/3024 3166/3691/3023
f 3224/3322/3081 3228/3837/3085 3229/3181/3086
f 3238/3480/3095 3234/3838/3091 3239/3967/3096
f 3319/3489/3176 3316/3839/3173 3322/3774/3179
f 3377/3431/3234 3381/3840/3238 3383/3491/3240
f 3451/3334/3308 3452/4406/3309 3455/3780/3312
f 3489/4386/3346 3490/3883/3347 3493/3290/3350
f 3526/3191/3383 3525/4105/3382 3527/3784/3384
f 3607/3788/3464 3608/3787/3465 3613/3653/3470
f 3652/3507/3509 3653/3843/3510 3660/3791/3517
f 3668/4387/3525 3669/3919/3526 3671/3508/3528
f 3750/3067/3607 3747/3716/3604 3751/3922/3608
f 3801/3660/3658 3802/3659/3659 3808/3661/3665
f 3817/3403/3674 3818/3799/3675 3821/3404/3678
f 3847/3438/3704 3848/3800/3705 3849/3720/3706
f 3891/3540/3748 3895/3846/3752 3897/3561/3754
f 3906/3621/3763 3907/3847/3764 3913/3562/3770
f 3938/3541/3795 3939/3849/3796 3944/3802/3801
f 3969/3580/3826 3970/3928/3827 3974/3581/3831
f 4003/3664/3860 4005/3852/3862 4009/3665/3866
f 4058/3543/3915 4059/3853/3916 4064/3563/3921
f 4203/3213/4060 4201/3855/4058 4205/3811/4062
f 4243/3589/4100 4240/3856/4097 4248/4127/4105
f 4484/3819/4341 4485/3818/4342 4488/3858/4345
f 4554/3371/4411 4551/3860/4408 4555/3861/4412
f 2763/3464/2620 2764/3865/2621 2769/3597/2626
f 2769/3597/2626 2771/3993/2628 2775/3275/2632
f 2775/3275/2632 2776/4407/2633 2781/4408/2638
f 2781/4408/2638 2782/4409/2639 2787/3599/2644
f 2792/4390/2649 2796/4177/2653 2798/4391/2655
f 2798/4391/2655 2800/4179/2657 2802/4393/2659
f 2811/3602/2668 2813/4410/2670 2817/3276/2674
f 2817/3276/2674 2818/4411/2675 2823/4412/2680
f 2835/3994/2692 2837/4112/2694 2838/3995/2695
f 2872/3472/2729 2873/3874/2730 2875/4397/2732
f 2875/4397/2732 2878/4113/2735 2881/4395/2738
f 2908/4002/2765 2909/4134/2766 2913/3963/2770
f 2952/3530/2809 2953/4005/2810 2957/3637/2814
f 2990/3876/2847 2994/3875/2851 2993/3965/2850
f 3032/3280/2889 3033/3877/2890 3038/3836/2895
f 3075/3315/2932 3076/3688/2933 3081/3605/2938
f 3155/3320/3012 3160/3880/3017 3161/3607/3018
f 3210/3553/3067 3211/3905/3068 3215/3767/3072
f 3229/3181/3086 3228/3837/3085 3233/3427/3090
f 3279/3483/3136 3281/4143/3138 3287/3554/3144
f 3383/3491/3240 3381/3840/3238 3384/4010/3241
f 3471/3615/3328 3473/3882/3330 3476/3648/3333
f 3498/3385/3355 3496/3884/3353 3501/3781/3358
f 3684/3394/3541 3686/3889/3543 3690/3655/3547
f 3778/3538/3635 3779/3925/3636 3784/3718/3641
f 3882/3721/3739 3885/4084/3742 3889/3722/3746
f 3978/3542/3835 3981/3890/3838 3985/3726/3842
f 4118/3669/3975 4122/4121/3979 4124/3730/3981
f 4126/3358/3983 4127/3983/3984 4133/3565/3990
f 4350/4023/4207 4346/3673/4203 4347/3987/4204
f 4170/4400/4027 4171/4109/4028 4175/3732/4032
f 4369/3368/4226 4366/4065/4223 4371/3593/4228
f 4428/3458/4285 4434/3893/4291 4433/3744/4290
f 4446/3414/4303 4447/3745/4304 4450/3415/4307
f 4480/3595/4337 4482/3991/4339 4485/3818/4342
f 4560/3528/4417 4561/3862/4418 4563/3683/4420
f 2940/4028/2797 2939/4384/2796 2936/3896/2793
f 2944/3417/2801 2940/4028/2797 2946/3636/2803
f 2986/3640/2843 2984/3899/2841 2988/3641/2845
f 3019/3473/2876 3020/3901/2877 3029/3687/2886
f 3028/3475/2885 3029/3687/2886 3033/3877/2890
f 3037/3531/2894 3038/3836/2895 3039/3644/2896
f 3066/4413/2923 3065/3476/2922 3062/4035/2919
f 3072/4114/2929 3071/3477/2928 3066/4413/2923
f 3071/3477/2928 3072/4114/2929 3076/3688/2933
f 3132/4377/2989 3128/3760/2985 3135/4140/2992
f 3151/3532/3008 3152/3946/3009 3154/3690/3011
f 3186/3423/3043 3188/3903/3045 3192/3609/3049
f 3193/3425/3050 3194/3904/3051 3199/3765/3056
f 3295/4100/3152 3292/3556/3149 3288/4144/3145
f 3292/3556/3149 3295/4100/3152 3294/3646/3151
f 3466/4042/3323 3464/3496/3321 3462/3911/3319
f 3430/3494/3287 3432/3909/3289 3434/3703/3291
f 3442/3704/3299 3449/4414/3306 3448/3705/3305
f 3505/3708/3362 3506/4011/3363 3511/3709/3368
f 3522/3649/3379 3520/3912/3377 3525/4105/3382
f 3548/3434/3405 3549/4043/3406 3553/3711/3410
f 3572/3785/3429 3573/3885/3430 3577/3786/3434
f 3593/3503/3450 3594/4045/3451 3599/3712/3456
f 3635/3392/3492 3634/4048/3491 3638/3887/3495
f 3668/4387/3525 3666/4151/3523 3669/3919/3526
f 3680/3713/3537 3676/3509/3533 3674/3920/3531
f 3692/3619/3549 3695/3921/3552 3698/3792/3555
f 3717/3536/3574 3718/3949/3575 3721/3795/3578
f 3753/3265/3610 3754/3923/3611 3758/3796/3615
f 3768/3399/3625 3769/3844/3626 3773/3657/3630
f 3877/3560/3734 3883/4194/3740 3882/3721/3739
f 3897/3561/3754 3898/3927/3755 3900/3662/3757
f 3918/3723/3775 3919/3848/3776 3925/3724/3782
f 3974/3581/3831 3975/3929/3832 3981/3890/3838
f 3999/3806/3856 4000/3805/3857 4005/3852/3862
f 4016/3584/3873 4019/4054/3876 4021/3978/3878
f 4080/3729/3937 4082/4158/3939 4085/3981/3942
f 4093/3667/3950 4094/4021/3951 4097/3808/3954
f 4137/3519/3994 4138/3891/3995 4142/3623/3999
f 4221/4056/4078 4219/3448/4076 4220/3933/4077
f 4297/3741/4154 4294/3546/4151 4292/4162/4149
f 4309/4163/4166 4303/4378/4160 4302/3934/4159
f 4303/4378/4160 4309/4163/4166 4308/3935/4165
f 4313/3364/4170 4314/3936/4171 4316/4129/4173
f 4342/3986/4199 4341/3566/4198 4339/3937/4196
f 4341/3566/4198 4342/3986/4199 4346/3673/4203
f 4379/3742/4236 4380/3939/4237 4385/3743/4242
f 4420/3633/4277 4421/4026/4278 4426/3675/4283
f 4450/3415/4307 4456/3940/4313 4454/3676/4311
f 4459/3370/4316 4460/3677/4317 4465/3746/4322
f 4502/4068/4359 4501/3525/4358 4498/3941/4355
f 4501/3525/4358 4502/4068/4359 4507/3747/4364
f 4537/3748/4394 4538/4415/4395 4544/3749/4401
f 4578/3529/4435 4579/4173/4436 4585/3750/4442
f 4584/3751/4441 4585/3750/4442 4587/3752/4444
f 4603/3376/4460 4604/4073/4461 4612/3827/4469
f 3353/3695/3210 3348/3490/3205 3349/3948/3206
f 4611/3596/4468 4612/3827/4469 4616/3634/4473
f 2749/3863/2606 2750/4416/2607 2755/3864/2612
f 2967/3831/2824 2968/4417/2825 2973/3832/2830
f 2972/3418/2829 2973/3832/2830 2979/3753/2836
f 3107/3422/2964 3108/3759/2965 3112/3689/2969
f 3233/3427/3090 3235/3947/3092 3234/3838/3091
f 3243/3611/3100 3244/3968/3101 3246/3768/3103
f 3264/3382/3121 3269/4099/3126 3268/3612/3125
f 3287/3554/3144 3281/4143/3138 3288/4144/3145
f 3402/3614/3259 3403/3908/3260 3405/3778/3262
f 3599/3712/3456 3600/4192/3457 3604/3886/3461
f 3793/3797/3650 3794/3951/3651 3797/3798/3654
f 3858/3954/3715 3861/3953/3718 3859/3510/3716
f 3867/3558/3724 3868/3975/3725 3872/3579/3729
f 3877/3560/3734 3874/3955/3731 3883/4194/3740
f 3943/3266/3800 3944/3802/3801 3947/3803/3804
f 3995/3804/3852 3996/3958/3853 4000/3805/3857
f 4032/3585/3889 4039/3980/3896 4036/3586/3893
f 4064/3563/3921 4065/3932/3922 4068/3666/3925
f 4118/3669/3975 4116/3962/3973 4122/4121/3979
f 4133/3565/3990 4134/3984/3991 4138/3891/3995
f 4231/4059/4088 4233/4060/4090 4235/3630/4092
f 4268/4063/4125 4271/4418/4128 4274/3591/4131
f 2915/3828/2772 2919/3964/2776 2922/3829/2779
f 2957/3637/2814 2964/4006/2821 2963/3898/2820
f 2999/3833/2856 3000/3966/2857 3006/3834/2863
f 3005/3642/2862 3006/3834/2863 3008/3643/2865
f 3161/3607/3018 3160/3880/3017 3167/4226/3024
f 3268/3612/3125 3269/4099/3126 3273/3770/3130
f 3279/3483/3136 3280/3969/3137 3281/4143/3138
f 3360/3698/3217 3361/4257/3218 3364/3906/3221
f 3371/3613/3228 3378/3970/3235 3376/3700/3233
f 3405/3778/3262 3411/3971/3268 3410/3779/3267
f 3442/3704/3299 3438/3973/3295 3449/4414/3306
f 3561/3842/3418 3562/4014/3419 3567/3616/3424
f 3603/3652/3460 3604/3886/3461 3608/3787/3465
f 3613/3653/3470 3616/3974/3473 3615/3654/3472
f 3736/3537/3593 3739/4402/3596 3741/3656/3598
f 3763/3717/3620 3764/3924/3621 3769/3844/3626
f 3808/3661/3665 3809/3926/3666 3813/3845/3670
f 3830/3437/3687 3833/4153/3690 3832/3253/3689
f 3913/3562/3770 3909/3976/3766 3914/3622/3771
f 4009/3665/3866 4012/3977/3869 4011/3583/3868
f 4026/3408/3883 4023/3979/3880 4028/3409/3885
f 4072/3564/3929 4073/3960/3930 4079/3807/3936
f 4080/3729/3937 4079/3807/3936 4082/4158/3939
f 4088/3442/3945 4089/3982/3946 4093/3667/3950
f 4145/3624/4002 4146/3985/4003 4149/3810/4006
f 4199/3629/4056 4194/3735/4051 4201/3855/4058
f 4283/3453/4140 4284/4270/4141 4287/4403/4144
f 4437/3548/4294 4439/3989/4296 4442/3817/4299
f 4592/3825/4449 4593/3894/4450 4597/3826/4454
f 2758/3462/2615 2760/3992/2617 2764/3865/2621
f 2775/3275/2632 2771/3993/2628 2776/4407/2633
f 2781/4408/2638 2776/4407/2633 2782/4409/2639
f 2787/3599/2644 2782/4409/2639 2789/3600/2646
f 2792/4390/2649 2789/3600/2646 2796/4177/2653
f 2798/4391/2655 2796/4177/2653 2800/4179/2657
f 2802/4393/2659 2800/4179/2657 2808/4180/2665
f 2817/3276/2674 2813/4410/2670 2818/4411/2675
f 2823/4412/2680 2818/4411/2675 2824/3866/2681
f 2835/3994/2692 2831/3867/2688 2837/4112/2694
f 2842/3466/2699 2843/3996/2700 2846/3997/2703
f 2852/3870/2709 2853/3869/2710 2858/3871/2715
f 2857/3469/2714 2858/3871/2715 2862/3872/2719
f 2861/3471/2718 2862/3872/2719 2868/3873/2725
f 2875/4397/2732 2873/3874/2730 2878/4113/2735
f 2881/4395/2738 2878/4113/2735 2883/3684/2740
f 2893/3686/2750 2894/3999/2751 2899/3635/2756
f 2908/4002/2765 2904/4001/2761 2909/4134/2766
f 2913/3963/2770 2909/4134/2766 2919/3964/2776
f 2931/3895/2788 2932/4004/2789 2936/3896/2793
f 2993/3965/2850 2994/3875/2851 3000/3966/2857
f 3055/4034/2912 3056/4033/2913 3059/3421/2916
f 3081/3605/2938 3082/4007/2939 3083/3757/2940
f 3520/3912/3377 3516/3710/3373 3513/4012/3370
f 3117/3878/2974 3118/4008/2975 3122/3879/2979
f 3199/3765/3056 3200/4037/3057 3205/3766/3062
f 3205/3766/3062 3206/4116/3063 3211/3905/3068
f 3376/3700/3233 3378/3970/3235 3381/3840/3238
f 3396/3557/3253 3397/3881/3254 3403/3908/3260
f 3415/4041/3272 3416/4040/3273 3422/3701/3279
f 3476/3648/3333 3473/3882/3330 3480/3707/3337
f 3553/3711/3410 3554/4044/3411 3557/4013/3414
f 3642/3790/3499 3643/3888/3500 3648/3617/3505
f 3663/3575/3520 3660/3791/3517 3666/4151/3523
f 3721/3795/3578 3722/4050/3579 3726/3715/3583
f 3741/3656/3598 3744/4419/3601 3747/3716/3604
f 3751/3922/3608 3748/4017/3605 3754/3923/3611
f 3773/3657/3630 3780/4082/3637 3779/3925/3636
f 3812/3578/3669 3813/3845/3670 3818/3799/3675
f 3962/3663/3819 3965/4020/3822 3964/3957/3821
f 4159/3626/4016 4162/4200/4019 4161/3672/4018
f 4185/4125/4042 4189/4124/4046 4188/3734/4045
f 4188/3734/4045 4189/4124/4046 4194/3735/4051
f 4247/3590/4104 4248/4127/4105 4252/3737/4109
f 4334/3812/4191 4336/4094/4193 4339/3937/4196
f 4354/3522/4211 4352/4024/4209 4357/3813/4214
f 4361/4405/4218 4365/4130/4222 4366/4065/4223
f 4385/3743/4242 4386/4025/4243 4393/3815/4250
f 4398/3632/4255 4399/3988/4256 4403/3816/4260
f 4403/3816/4260 4406/4095/4263 4410/4168/4267
f 3748/4017/3605 3747/3716/3604 3744/4419/3601
f 4567/3824/4424 4568/4071/4425 4574/4172/4431
f 4587/3752/4444 4588/4072/4445 4593/3894/4450
f 3112/3689/2969 3113/4252/2970 3118/4008/2975
f 3154/3690/3011 3156/4036/3013 3160/3880/3017
f 3166/3691/3023 3167/4226/3024 3169/4009/3026
f 3340/4102/3197 3345/4101/3202 3344/3383/3201
f 3599/3712/3456 3596/4046/3453 3600/4192/3457
f 3638/3887/3495 3639/4049/3496 3643/3888/3500
f 3826/4052/3683 3827/4051/3684 3830/3437/3687
f 3882/3721/3739 3883/4194/3740 3885/4084/3742
f 3925/3724/3782 3926/4019/3783 3931/4086/3788
f 4021/3978/3878 4019/4054/3876 4023/3979/3880
f 4050/3931/3907 4054/3930/3911 4059/3853/3916
f 4124/3730/3981 4122/4121/3979 4127/3983/3984
f 4159/3626/4016 4156/3731/4013 4162/4200/4019
f 4180/3733/4037 4181/4022/4038 4185/4125/4042
f 4231/4059/4088 4227/4057/4084 4233/4060/4090
f 4235/3630/4092 4239/4061/4096 4240/3856/4097
f 4268/4063/4125 4264/4062/4121 4271/4418/4128
f 4276/3740/4133 4279/4064/4136 4284/4270/4141
f 4287/4403/4144 4290/4161/4147 4292/4162/4149
f 4371/3593/4228 4370/4066/4227 4376/4273/4233
f 4426/3675/4283 4429/4027/4286 4434/3893/4291
f 4454/3676/4311 4456/3940/4313 4460/3677/4317
f 4488/3858/4345 4489/4067/4346 4492/3859/4349
f 4492/3859/4349 4497/4110/4354 4498/3941/4355
f 4526/3822/4383 4527/4070/4384 4534/3942/4391
f 3103/3569/2960 3104/3945/2961 3108/3759/2965
f 3143/3763/3000 3141/4075/2998 3147/3764/3004
f 3172/3534/3029 3178/4076/3035 3177/4420/3034
f 3215/3767/3072 3216/4077/3073 3221/4038/3078
f 3220/3610/3077 3221/4038/3078 3222/3692/3079
f 3294/3646/3151 3295/4100/3152 3299/3570/3156
f 3301/3485/3158 3302/4078/3159 3307/3771/3164
f 3326/3775/3183 3327/4079/3184 3333/3776/3190
f 3344/3383/3201 3345/4101/3202 3349/3948/3206
f 3707/3793/3564 3709/4212/3566 3713/3794/3570
f 3730/4016/3587 3731/4015/3588 3739/4402/3596
f 2924/4096/2781 2922/3829/2779 2919/3964/2776
f 3791/3402/3648 3788/4421/3645 3789/3950/3646
f 3802/3659/3659 3803/4018/3660 3809/3926/3666
f 3841/3620/3698 3842/3952/3699 3848/3800/3705
f 3848/3800/3705 3852/4083/3709 3849/3720/3706
f 3865/4053/3722 3868/3975/3725 3867/3558/3724
f 3889/3722/3746 3892/4085/3749 3895/3846/3752
f 3902/3351/3759 3900/3662/3757 3907/3847/3764
f 3934/3725/3791 3936/4087/3793 3939/3849/3796
f 3952/3850/3809 3949/4088/3806 3954/3851/3811
f 3964/3957/3821 3965/4020/3822 3970/3928/3827
f 3992/3354/3849 3990/4089/3847 3996/3958/3853
f 4028/3409/3885 4029/4198/3886 4039/3980/3896
f 4036/3586/3893 4039/3980/3896 4041/3959/3898
f 4045/3727/3902 4048/4091/3905 4054/3930/3911
f 4329/3592/4186 4336/4094/4193 4334/3812/4191
f 4375/3938/4232 4376/4273/4233 4380/3939/4237
f 4393/3815/4250 4394/4166/4251 4399/3988/4256
f 4521/3821/4378 4522/4131/4379 4527/4070/4384
f 4597/3826/4454 4601/4175/4458 4604/4073/4461
f 3385/4209/3242 3381/3840/3238 3378/3970/3235
f 2927/4003/2784 2924/4096/2781 2932/4004/2789
f 3124/3606/2981 3127/4097/2984 3128/3760/2985
f 3183/3902/3040 3187/4401/3044 3188/3903/3045
f 3222/3692/3079 3225/4098/3082 3228/3837/3085
f 3234/3838/3091 3235/3947/3092 3244/3968/3101
f 3316/3839/3173 3320/4145/3177 3322/3774/3179
f 3381/3840/3238 3385/4209/3242 3384/4010/3241
f 3939/3849/3796 3936/4087/3793 3944/3802/3801
f 3490/3883/3347 3491/4230/3348 3496/3884/3353
f 3500/3782/3357 3501/3781/3358 3506/4011/3363
f 3525/4105/3382 3528/4104/3385 3527/3784/3384
f 3567/3616/3424 3568/4234/3425 3573/3885/3430
f 3608/3787/3465 3609/4047/3466 3616/3974/3473
f 3653/3843/3510 3654/4106/3511 3660/3791/3517
f 3680/3713/3537 3682/4290/3539 3686/3889/3543
f 3713/3794/3570 3709/4212/3566 3718/3949/3575
f 3832/3253/3689 3833/4153/3690 3836/3719/3693
f 4011/3583/3868 4012/3977/3869 4019/4054/3876
f 4097/3808/3954 4103/4092/3960 4102/3854/3959
f 4106/3809/3963 4107/4108/3964 4111/3961/3968
f 2760/3992/2617 2755/3864/2612 2750/4416/2607
f 4517/3820/4374 4518/4111/4375 4521/3821/4378
f 4551/3860/4408 4552/4132/4409 4561/3862/4418
f 2771/3993/2628 2764/3865/2621 2760/3992/2617
f 2853/3869/2710 2846/3997/2703 2843/3996/2700
f 2886/3685/2743 2887/3998/2744 2894/3999/2751
f 2968/4417/2825 2969/4223/2826 2973/3832/2830
f 3012/3754/2869 3013/4030/2870 3016/3900/2873
f 3049/4032/2906 3050/4284/2907 3056/4033/2913
f 3122/3879/2979 3118/4008/2975 3127/4097/2984
f 3169/4009/3026 3167/4226/3024 3170/2610/3027
f 3169/4009/3026 3170/2610/3027 3178/4076/3035
f 3177/4420/3034 3178/4076/3035 3187/4401/3044
f 3228/3837/3085 3225/4098/3082 3235/3947/3092
f 3252/3693/3109 3251/4117/3108 3259/3694/3116
f 3307/3771/3164 3313/4190/3170 3312/3772/3169
f 3333/3776/3190 3331/4118/3188 3334/3777/3191
f 3368/3699/3225 3369/4039/3226 3378/3970/3235
f 3410/3779/3267 3411/3971/3268 3416/4040/3273
f 3460/3910/3317 3455/3780/3312 3462/3911/3319
f 3527/3784/3384 3528/4104/3385 3533/3913/3390
f 3660/3791/3517 3661/4120/3518 3666/4151/3523
f 3698/3792/3555 3695/3921/3552 3701/4080/3558
f 3789/3950/3646 3788/4421/3645 3794/3951/3651
f 3741/3656/3598 3739/4402/3596 3744/4419/3601
f 3769/3844/3626 3770/4081/3627 3780/4082/3637
f 3892/4085/3749 3885/4084/3742 3883/4194/3740
f 3836/3719/3693 3833/4153/3690 3842/3952/3699
f 3895/3846/3752 3892/4085/3749 3898/3927/3755
f 3949/4088/3806 3947/3803/3804 3944/3802/3801
f 4127/3983/3984 4128/4122/3985 4134/3984/3991
f 4102/3854/3959 4103/4092/3960 4107/4108/3964
f 4156/3731/4013 4153/3670/4010 4149/3810/4006
f 4171/4109/4028 4172/3892/4029 4181/4022/4038
f 4205/3811/4062 4206/4055/4063 4212/3736/4069
f 4287/4403/4144 4284/4270/4141 4290/4161/4147
f 4308/3935/4165 4309/4163/4166 4314/3936/4171
f 4325/4093/4182 4326/4271/4183 4336/4094/4193
f 4444/4422/4301 4442/3817/4299 4439/3989/4296
f 4433/3744/4290 4434/3893/4291 4439/3989/4296
f 2940/4028/2797 2936/3896/2793 2932/4004/2789
f 4442/3817/4299 4444/4422/4301 4447/3745/4304
f 4485/3818/4342 4482/3991/4339 4489/4067/4346
f 4563/3683/4420 4564/4133/4421 4568/4071/4425
f 2899/3635/2756 2900/4354/2757 2904/4001/2761
f 2991/4423/2848 2984/3899/2841 2985/2588/2842
f 3024/4136/2881 3020/3901/2877 3016/3900/2873
f 3029/3687/2886 3024/4136/2881 3030/2594/2887
f 3029/3687/2886 3030/2594/2887 3033/3877/2890
f 3062/4035/2919 3060/4137/2917 3067/4424/2924
f 3083/3757/2940 3082/4007/2939 3089/3645/2946
f 3089/3645/2946 3090/4224/2947 3097/4115/2954
f 3100/3944/2957 3097/4115/2954 3104/3945/2961
f 3156/4036/3013 3152/3946/3009 3148/4141/3005
f 3160/3880/3017 3156/4036/3013 3167/4226/3024
f 3211/3905/3068 3212/4142/3069 3216/4077/3073
f 3356/4256/3213 3353/3695/3210 3349/3948/3206
f 3302/4078/3159 3313/4190/3170 3307/3771/3164
f 3422/3701/3279 3420/2634/3277 3426/3702/3283
f 3364/3906/3221 3361/4257/3218 3369/4039/3226
f 3384/4010/3241 3385/4209/3242 3389/3907/3246
f 3403/3908/3260 3399/4147/3256 3411/3971/3268
f 3551/2659/3408 3549/4043/3406 3546/4150/3403
f 3452/4406/3309 3453/4260/3310 3455/3780/3312
f 3567/3616/3424 3562/4014/3419 3568/4234/3425
f 3639/4049/3496 3634/4048/3491 3630/3918/3487
f 3615/3654/3472 3616/3974/3473 3624/3917/3481
f 3677/4152/3534 3674/3920/3531 3669/3919/3526
f 3648/3617/3505 3649/2665/3506 3654/4106/3511
f 3666/4151/3523 3667/2668/3524 3669/3919/3526
f 3680/3713/3537 3677/4152/3534 3682/4290/3539
f 3813/3845/3670 3814/4266/3671 3818/3799/3675
f 3823/4353/3680 3827/4051/3684 3822/3539/3679
f 3860/4328/3717 3865/4053/3722 3861/3953/3718
f 3900/3662/3757 3909/3976/3766 3907/3847/3764
f 3919/3848/3776 3920/4107/3777 3926/4019/3783
f 3975/3929/3832 3976/4154/3833 3981/3890/3838
f 4005/3852/3862 4006/4090/3863 4012/3977/3869
f 4023/3979/3880 4029/4198/3886 4028/3409/3885
f 4029/4198/3886 4034/4313/3891 4039/3980/3896
f 4041/3959/3898 4039/3980/3896 4048/4091/3905
f 4059/3853/3916 4056/4156/3913 4065/3932/3922
f 4138/3891/3995 4139/4123/3996 4146/3985/4003
f 4227/4057/4084 4221/4056/4078 4220/3933/4077
f 4259/4160/4116 4257/3738/4114 4252/3737/4109
f 4264/4062/4121 4263/3739/4120 4259/4160/4116
f 4264/4062/4121 4265/2723/4122 4271/4418/4128
f 4274/3591/4131 4271/4418/4128 4279/4064/4136
f 4314/3936/4171 4311/4164/4168 4320/4128/4177
f 4342/3986/4199 4339/3937/4196 4336/4094/4193
f 4502/4068/4359 4498/3941/4355 4497/4110/4354
f 4421/4026/4278 4423/4425/4280 4429/4027/4286
f 4447/3745/4304 4444/4422/4301 4456/3940/4313
f 4471/3857/4328 4472/4169/4329 4482/3991/4339
f 4581/4174/4438 4579/4173/4436 4575/4171/4432
f 4585/3750/4442 4581/4174/4438 4588/4072/4445
f 4612/3827/4469 4613/2759/4470 4616/3634/4473
f 2751/4426/2608 2760/3992/2617 2750/4416/2607
f 2760/3992/2617 2766/4219/2623 2771/3993/2628
f 2788/4318/2645 2793/4176/2650 2789/3600/2646
f 2793/4176/2650 2801/4178/2658 2796/4177/2653
f 2808/4180/2665 2814/4336/2671 2813/4410/2670
f 2830/4319/2687 2839/4181/2696 2831/3867/2688
f 2843/3996/2700 2848/2838/2705 2853/3869/2710
f 2873/3874/2730 2879/4320/2736 2878/4113/2735
f 2887/3998/2744 2896/4182/2753 2894/3999/2751
f 2896/4182/2753 2900/4354/2757 2899/3635/2756
f 2900/4354/2757 2905/2846/2762 2904/4001/2761
f 2953/4005/2810 2955/4322/2812 2964/4006/2821
f 2945/4029/2802 2950/4281/2807 2953/4005/2810
f 3269/4099/3126 3265/2622/3122 3270/4187/3127
f 2969/4223/2826 2974/4183/2831 2973/3832/2830
f 2991/4423/2848 2995/4185/2852 2994/3875/2851
f 3072/4114/2929 3078/2597/2935 3082/4007/2939
f 3136/2963/2993 3141/4075/2998 3138/3761/2995
f 3141/4075/2998 3148/4141/3005 3147/3764/3004
f 3178/4076/3035 3182/4357/3039 3187/4401/3044
f 3280/3969/3137 3282/4188/3139 3281/4143/3138
f 3432/3909/3289 3435/2637/3292 3438/3973/3295
f 3477/4149/3334 3485/4103/3342 3480/3707/3337
f 3639/4049/3496 3644/2662/3501 3643/3888/3500
f 3682/4290/3539 3691/2795/3548 3686/3889/3543
f 3709/4212/3566 3714/4308/3571 3718/3949/3575
f 3748/4017/3605 3755/2674/3612 3754/3923/3611
f 3814/4266/3671 3819/4317/3676 3818/3799/3675
f 3868/3975/3725 3875/2777/3732 3874/3955/3731
f 3959/3956/3816 3957/4197/3814 3965/4020/3822
f 3915/4311/3772 3920/4107/3777 3914/3622/3771
f 3941/4293/3798 3946/2691/3803 3944/3802/3801
f 4056/4156/3913 4060/4334/3917 4065/3932/3922
f 4060/4334/3917 4066/2929/3923 4065/3932/3922
f 4066/2929/3923 4069/4157/3926 4068/3666/3925
f 4069/4157/3926 4074/2697/3931 4073/3960/3930
f 4111/3961/3968 4114/2892/3971 4116/3962/3973
f 4149/3810/4006 4157/2709/4014 4156/3731/4013
f 4181/4022/4038 4186/2714/4043 4189/4124/4046
f 3097/4115/2954 3095/4338/2952 3101/4206/2958
f 4227/4057/4084 4232/2719/4089 4233/4060/4090
f 4462/3990/4319 4467/4204/4324 4466/3679/4323
f 4545/4170/4402 4552/4132/4409 4548/3823/4405
f 2974/4183/2831 2980/4184/2837 2984/3899/2841
f 3187/4401/3044 3189/4332/3046 3188/3903/3045
f 3189/4332/3046 3194/3904/3051 3188/3903/3045
f 3194/3904/3051 3201/2792/3058 3200/4037/3057
f 3225/4098/3082 3230/2613/3087 3235/3947/3092
f 3235/3947/3092 3241/2616/3098 3244/3968/3101
f 3251/4117/3108 3255/2619/3112 3259/3694/3116
f 3260/4186/3117 3265/2622/3122 3269/4099/3126
f 3341/4286/3198 3346/4191/3203 3345/4101/3202
f 3453/4260/3310 3461/2643/3318 3455/3780/3312
f 3616/3974/3473 3621/4210/3478 3624/3917/3481
f 3703/4211/3560 3708/2798/3565 3707/3793/3564
f 3759/2673/3616 3764/3924/3621 3758/3796/3615
f 3794/3951/3651 3798/2882/3655 3803/4018/3660
f 3809/3926/3666 3814/4266/3671 3813/3845/3670
f 3833/4153/3690 3839/4333/3696 3842/3952/3699
f 3875/2777/3732 3878/2680/3735 3883/4194/3740
f 3936/4087/3793 3941/4293/3798 3944/3802/3801
f 3976/4154/3833 3979/4214/3836 3981/3890/3838
f 4034/4313/3891 4042/4241/3899 4039/3980/3896
f 4119/4199/3976 4128/4122/3985 4122/4121/3979
f 4146/3985/4003 4151/4242/4008 4149/3810/4006
f 4244/4126/4101 4249/4202/4106 4248/4127/4105
f 4326/4271/4183 4330/4246/4187 4336/4094/4193
f 4399/3988/4256 4404/4275/4261 4406/4095/4263
f 4489/4067/4346 4490/2747/4347 4497/4110/4354
f 4552/4132/4409 4557/4205/4414 4561/3862/4418
f 2801/4178/2658 2806/2828/2663 2808/4180/2665
f 2806/2828/2663 2814/4336/2671 2808/4180/2665
f 3000/3966/2857 3007/4283/2864 3006/3834/2863
f 3013/4030/2870 3018/2590/2875 3016/3900/2873
f 3030/2594/2887 3034/2593/2891 3033/3877/2890
f 3082/4007/2939 3084/2596/2941 3089/3645/2946
f 3170/2610/3027 3174/2609/3031 3178/4076/3035
f 3182/4357/3039 3189/4332/3046 3187/4401/3044
f 3201/2792/3058 3207/4207/3064 3206/4116/3063
f 3378/3970/3235 3375/4346/3232 3379/4208/3236
f 3335/4146/3192 3341/4286/3198 3345/4101/3202
f 3399/4147/3256 3406/4288/3263 3411/3971/3268
f 3420/2634/3277 3424/4228/3281 3426/3702/3283
f 3443/4327/3300 3445/2640/3302 3449/4414/3306
f 3496/3884/3353 3502/4231/3359 3501/3781/3358
f 3536/4119/3393 3541/4232/3398 3544/3914/3401
f 3573/3885/3430 3578/4235/3435 3581/3915/3438
f 3667/2668/3524 3672/4237/3529 3669/3919/3526
f 3723/4193/3580 3729/2671/3586 3731/4015/3588
f 4079/3807/3936 4083/4217/3940 4082/4158/3939
f 3770/4081/3627 3774/4292/3631 3780/4082/3637
f 3788/4421/3645 3790/2975/3647 3794/3951/3651
f 3827/4051/3684 3831/2925/3688 3833/4153/3690
f 3831/2925/3688 3839/4333/3696 3833/4153/3690
f 3842/3952/3699 3845/4238/3702 3852/4083/3709
f 3853/2677/3710 3860/4328/3717 3861/3953/3718
f 3878/2680/3735 3884/4195/3741 3883/4194/3740
f 3893/2801/3750 3899/2683/3756 3898/3927/3755
f 3932/2686/3789 3937/2688/3794 3936/4087/3793
f 3965/4020/3822 3967/4239/3824 3970/3928/3827
f 4077/2696/3934 4083/4217/3940 4079/3807/3936
f 4089/3982/3946 4095/2699/3952 4094/4021/3951
f 4107/4108/3964 4114/2892/3971 4111/3961/3968
f 4162/4200/4019 4164/4330/4021 4172/3892/4029
f 4164/4330/4021 4173/4243/4030 4172/3892/4029
f 4173/4243/4030 4177/2712/4034 4181/4022/4038
f 4195/4159/4052 4200/2899/4057 4206/4055/4063
f 4200/2899/4057 4207/2717/4064 4206/4055/4063
f 4249/4202/4106 4255/4244/4112 4252/3737/4109
f 4370/4066/4227 4373/4343/4230 4376/4273/4233
f 4423/4425/4280 4431/4203/4288 4429/4027/4286
f 4431/4203/4288 4438/4247/4295 4434/3893/4291
f 4452/4276/4309 4457/2815/4314 4456/3940/4313
f 4472/4169/4329 4478/2744/4335 4482/3991/4339
f 2920/2850/2777 2925/4345/2782 2924/4096/2781
f 2965/4222/2822 2970/2921/2827 2969/4223/2826
f 3034/2593/2891 3043/2857/2900 3045/4031/2902
f 3097/4115/2954 3090/4224/2947 3095/4338/2952
f 3053/4427/2910 3058/4251/2915 3056/4033/2913
f 3153/2607/3010 3157/2606/3014 3156/4036/3013
f 3346/4191/3203 3350/2770/3207 3349/3948/3206
f 3356/4256/3213 3362/2865/3219 3361/4257/3218
f 3385/4209/3242 3390/4307/3247 3389/3907/3246
f 3406/4288/3263 3412/4347/3269 3411/3971/3268
f 3428/4148/3285 3435/2637/3292 3432/3909/3289
f 3445/2640/3302 3453/4260/3310 3449/4414/3306
f 3486/4229/3343 3492/4349/3349 3491/4230/3348
f 3569/4233/3426 3574/4263/3431 3573/3885/3430
f 3578/4235/3435 3584/4339/3441 3588/3916/3445
f 3610/4236/3467 3617/4264/3474 3616/3974/3473
f 3621/4210/3478 3626/4361/3483 3630/3918/3487
f 3649/2665/3506 3655/4428/3512 3654/4106/3511
f 3658/4429/3515 3664/4363/3521 3661/4120/3518
f 3677/4152/3534 3685/2879/3542 3682/4290/3539
f 3691/2795/3548 3696/4430/3553 3695/3921/3552
f 3714/4308/3571 3719/4265/3576 3718/3949/3575
f 3731/4015/3588 3734/2670/3591 3739/4402/3596
f 3734/2670/3591 3740/4352/3597 3739/4402/3596
f 3755/2674/3612 3759/2673/3616 3758/3796/3615
f 3803/4018/3660 3810/2885/3667 3809/3926/3666
f 3823/4353/3680 3825/2999/3682 3827/4051/3684
f 3839/4333/3696 3845/4238/3702 3842/3952/3699
f 3903/4196/3760 3910/4312/3767 3909/3976/3766
f 3920/4107/3777 3927/4213/3784 3926/4019/3783
f 3990/4089/3847 3994/3139/3851 3996/3958/3853
f 4048/4091/3905 4055/2807/3912 4054/3930/3911
f 4083/4217/3940 4090/2700/3947 4089/3982/3946
f 4095/2699/3952 4098/4267/3955 4103/4092/3960
f 4143/2706/4000 4147/4268/4004 4146/3985/4003
f 4290/4161/4147 4295/4245/4152 4297/3741/4154
f 4282/4315/4139 4288/2903/4145 4284/4270/4141
f 4358/4165/4215 4362/2735/4219 4365/4130/4222
f 4367/4431/4224 4373/4343/4230 4370/4066/4227
f 4373/4343/4230 4381/4272/4238 4376/4273/4233
f 4394/4166/4251 4400/4274/4257 4399/3988/4256
f 4417/2741/4274 4422/4432/4279 4423/4425/4280
f 4438/4247/4295 4443/2931/4300 4439/3989/4296
f 4444/4422/4301 4448/2787/4305 4456/3940/4313
f 4443/2931/4300 4448/2787/4305 4444/4422/4301
f 4568/4071/4425 4564/4133/4421 4569/4280/4426
f 4594/2915/4451 4598/4303/4455 4601/4175/4458
f 4605/4250/4462 4613/2759/4470 4608/4074/4465
f 2914/4135/2771 2916/2848/2773 2919/3964/2776
f 2937/4221/2794 2942/3550/2799 2940/4028/2797
f 2942/3550/2799 2947/2853/2804 2945/4029/2802
f 2955/4322/2812 2958/2762/2815 2964/4006/2821
f 2995/4185/2852 3001/4282/2858 3000/3966/2857
f 3018/2590/2875 3021/2855/2878 3024/4136/2881
f 3021/2855/2878 3026/4355/2883 3024/4136/2881
f 3082/4007/2939 3078/2597/2935 3084/2596/2941
f 3118/4008/2975 3123/2602/2980 3127/4097/2984
f 3156/4036/3013 3164/4225/3021 3167/4226/3024
f 3221/4038/3078 3223/3180/3080 3225/4098/3082
f 3270/4187/3127 3274/2625/3131 3280/3969/3137
f 3323/2767/3180 3328/4285/3185 3327/4079/3184
f 3362/2865/3219 3370/4433/3227 3369/4039/3226
f 3435/2637/3292 3443/4327/3300 3438/3973/3295
f 3461/2643/3318 3467/2646/3324 3466/4042/3323
f 3502/4231/3359 3507/4262/3364 3506/4011/3363
f 3507/4262/3364 3514/2872/3371 3513/4012/3370
f 3517/2651/3374 3523/2650/3380 3520/3912/3377
f 3584/4339/3441 3589/4340/3446 3588/3916/3445
f 3596/4046/3453 3601/4350/3458 3600/4192/3457
f 3595/4351/3452 3601/4350/3458 3596/4046/3453
f 3601/4350/3458 3605/4360/3462 3600/4192/3457
f 3605/4360/3462 3610/4236/3467 3609/4047/3466
f 3626/4361/3483 3631/4359/3488 3630/3918/3487
f 3636/4362/3493 3644/2662/3501 3639/4049/3496
f 3719/4265/3576 3723/4193/3580 3722/4050/3579
f 3729/2671/3586 3734/2670/3591 3731/4015/3588
f 3825/2999/3682 3828/3000/3685 3827/4051/3684
f 3865/4053/3722 3866/2977/3723 3868/3975/3725
f 3957/4197/3814 3963/2694/3820 3965/4020/3822
f 4042/4241/3899 4049/4314/3906 4048/4091/3905
f 4264/4062/4121 4259/4160/4116 4265/2723/4122
f 4177/2712/4034 4182/2711/4039 4181/4022/4038
f 4213/2716/4070 4216/4364/4073 4220/3933/4077
f 4216/4364/4073 4222/4295/4079 4220/3933/4077
f 4232/2719/4089 4236/4296/4093 4239/4061/4096
f 4265/2723/4122 4272/2726/4129 4271/4418/4128
f 4295/4245/4152 4299/4365/4156 4302/3934/4159
f 4381/4272/4238 4387/2738/4244 4386/4025/4243
f 4457/2815/4314 4463/4277/4320 4462/3990/4319
f 4467/4204/4324 4473/4300/4330 4472/4169/4329
f 4504/4279/4361 4510/2750/4367 4509/4069/4366
f 4510/2750/4367 4513/2749/4370 4518/4111/4375
f 4522/4131/4379 4528/4316/4385 4527/4070/4384
f 4575/4171/4432 4582/2756/4439 4581/4174/4438
f 3084/2596/2941 3087/4434/2944 3090/4224/2947
f 3189/4332/3046 3195/4254/3052 3194/3904/3051
f 3759/2673/3616 3765/2772/3622 3764/3924/3621
f 3798/2882/3655 3804/2775/3661 3803/4018/3660
f 3884/4195/3741 3886/4309/3743 3892/4085/3749
f 3949/4088/3806 3953/3136/3810 3954/3851/3811
f 3963/2694/3820 3967/4239/3824 3965/4020/3822
f 4006/4090/3863 4004/2780/3861 4010/2779/3867
f 4490/2747/4347 4493/2746/4350 4497/4110/4354
f 3060/4137/2917 3068/4337/2925 3067/4424/2924
f 3101/4206/2958 3105/3247/2962 3109/4138/2966
f 3296/4189/3153 3303/4326/3160 3302/4078/3159
f 3379/4208/3236 3386/4306/3243 3385/4209/3242
f 3529/2653/3386 3531/2873/3388 3536/4119/3393
f 3745/4341/3602 3749/3133/3606 3748/4017/3605
f 3774/4292/3631 3781/2973/3638 3780/4082/3637
f 3790/2975/3647 3795/2883/3652 3794/3951/3651
f 3997/4215/3854 4004/2780/3861 4006/4090/3863
f 4190/4201/4047 4196/2900/4053 4195/4159/4052
f 4404/4275/4261 4407/3143/4264 4411/4167/4268
f 3350/2770/3207 3357/2866/3214 3356/4256/3213
f 3899/2683/3756 3901/2682/3758 3903/4196/3760
f 3946/2691/3803 3950/2690/3807 3949/4088/3806
f 3953/3136/3810 3958/4329/3815 3957/4197/3814
f 3983/2804/3840 3986/2803/3843 3990/4089/3847
f 4569/4280/4426 4572/2933/4429 4575/4171/4432
f 2761/4218/2618 2765/2818/2622 2766/4219/2623
f 2765/2818/2622 2773/2822/2630 2766/4219/2623
f 2790/2826/2647 2794/3011/2651 2793/4176/2650
f 2801/4178/2658 2799/3013/2656 2803/2829/2660
f 2832/2582/2689 2840/2581/2697 2839/4181/2696
f 2854/4435/2711 2848/2838/2705 2849/4368/2706
f 2863/4436/2720 2866/2841/2723 2869/4321/2726
f 2879/4320/2736 2874/2982/2731 2880/2985/2737
f 2866/2841/2723 2870/2934/2727 2869/4321/2726
f 2870/2934/2727 2874/2982/2731 2879/4320/2736
f 2896/4182/2753 2890/2918/2747 2897/2917/2754
f 2888/4220/2745 2890/2918/2747 2896/4182/2753
f 2905/2846/2762 2910/2845/2767 2914/4135/2771
f 2914/4135/2771 2910/2845/2767 2916/2848/2773
f 2947/2853/2804 2954/2852/2811 2950/4281/2807
f 2954/2852/2811 2958/2762/2815 2955/4322/2812
f 2985/2588/2842 2987/2587/2844 2991/4423/2848
f 3178/4076/3035 3180/2859/3037 3182/4357/3039
f 3114/2599/2971 3123/2602/2980 3118/4008/2975
f 3136/2963/2993 3139/2962/2996 3141/4075/2998
f 3174/2609/3031 3180/2859/3037 3178/4076/3035
f 3212/4142/3069 3217/4324/3074 3216/4077/3073
f 3241/2616/3098 3247/2615/3104 3251/4117/3108
f 3472/2645/3329 3478/2648/3335 3477/4149/3334
f 3551/2659/3408 3555/2658/3412 3558/4289/3415
f 3558/4289/3415 3563/2876/3420 3562/4014/3419
f 4162/4200/4019 4157/2709/4014 4160/2708/4017
f 3901/2682/3758 3905/2950/3762 3903/4196/3760
f 3986/2803/3843 3991/4294/3848 3990/4089/3847
f 3994/3139/3851 3998/3138/3855 3997/4215/3854
f 4014/4216/3871 4017/2887/3874 4022/4240/3879
f 4024/4155/3881 4027/3081/3884 4029/4198/3886
f 4114/2892/3971 4120/2891/3977 4119/4199/3976
f 4131/2703/3988 4136/2702/3993 4139/4123/3996
f 4190/4201/4047 4186/2714/4043 4191/2897/4048
f 4304/4297/4161 4305/3106/4162 4311/4164/4168
f 4483/4278/4340 4486/3146/4343 4489/4067/4346
f 4546/4302/4403 4553/2910/4410 4552/4132/4409
f 3182/4357/3039 3184/2861/3041 3189/4332/3046
f 3236/4305/3093 3240/3035/3097 3241/2616/3098
f 3278/2624/3135 3283/4325/3140 3282/4188/3139
f 3314/2630/3171 3317/2863/3174 3320/4145/3177
f 3810/2885/3667 3815/2884/3672 3814/4266/3671
f 3915/4311/3772 3917/3074/3774 3920/4107/3777
f 3917/3074/3774 3921/3075/3778 3920/4107/3777
f 3937/2688/3794 3942/2687/3799 3941/4293/3798
f 4034/4313/3891 4037/3085/3894 4042/4241/3899
f 4056/4156/3913 4061/2806/3918 4060/4334/3917
f 4120/2891/3977 4125/2894/3982 4128/4122/3985
f 4348/2906/4205 4353/2905/4210 4352/4024/4209
f 4400/4274/4257 4402/3144/4259 4404/4275/4261
f 4423/4425/4280 4427/3008/4284 4431/4203/4288
f 2884/2984/2741 2890/2918/2747 2888/4220/2745
f 2930/2585/2787 2935/2584/2792 2937/4221/2794
f 3058/4251/2915 3061/3245/2918 3060/4137/2917
f 3217/4324/3074 3218/3031/3075 3221/4038/3078
f 3400/4287/3257 3404/2869/3261 3406/4288/3263
f 3420/2634/3277 3425/2633/3282 3424/4228/3281
f 3497/4261/3354 3499/2967/3356 3502/4231/3359
f 3537/2656/3394 3542/2655/3399 3541/4232/3398
f 3667/2668/3524 3673/2667/3530 3672/4237/3529
f 3771/4291/3628 3775/2971/3632 3774/4292/3631
f 3866/2977/3723 3869/3134/3726 3868/3975/3725
f 3932/2686/3789 3935/2685/3792 3937/2688/3794
f 4010/2779/3867 4017/2887/3874 4014/4216/3871
f 4022/4240/3879 4027/3081/3884 4024/4155/3881
f 4037/3085/3894 4043/3084/3900 4042/4241/3899
f 4147/4268/4004 4152/4342/4009 4151/4242/4008
f 4160/2708/4017 4165/3212/4022 4164/4330/4021
f 4407/3143/4264 4412/2812/4269 4411/4167/4268
f 4422/4432/4279 4427/3008/4284 4423/4425/4280
f 2920/2850/2777 2923/4344/2780 2925/4345/2782
f 2958/2762/2815 2960/2761/2817 2965/4222/2822
f 2970/2921/2827 2975/2920/2832 2974/4183/2831
f 3001/4282/2858 3003/3169/2860 3007/4283/2864
f 3087/4434/2944 3088/4369/2945 3090/4224/2947
f 3096/2960/2953 3098/2959/2955 3101/4206/2958
f 3123/2602/2980 3125/2604/2982 3129/4253/2986
f 3129/4253/2986 3130/2961/2987 3133/4139/2990
f 3157/2606/3014 3158/2936/3015 3164/4225/3021
f 3256/2618/3113 3258/2965/3115 3260/4186/3117
f 3289/2628/3146 3290/2627/3147 3293/4227/3150
f 3336/4255/3193 3329/2766/3186 3337/2989/3194
f 3317/2863/3174 3321/2765/3178 3323/2767/3180
f 3328/4285/3185 3329/2766/3186 3336/4255/3193
f 3336/4255/3193 3337/2989/3194 3341/4286/3198
f 3412/4347/3269 3407/2993/3264 3413/4348/3270
f 3390/4307/3247 3393/2868/3250 3395/2870/3252
f 3404/2869/3261 3407/2993/3264 3406/4288/3263
f 3453/4260/3310 3446/2639/3303 3450/3127/3307
f 3611/3053/3468 3614/3199/3471 3617/4264/3474
f 3649/2665/3506 3651/2664/3508 3655/4428/3512
f 3658/4429/3515 3659/3058/3516 3664/4363/3521
f 3691/2795/3548 3693/2794/3550 3696/4430/3553
f 3724/3064/3581 3727/2669/3584 3729/2671/3586
f 3815/2884/3672 3820/2944/3677 3819/4317/3676
f 3963/2694/3820 3968/2693/3825 3967/4239/3824
f 4055/2807/3912 4061/2806/3918 4056/4156/3913
f 4066/2929/3923 4070/2928/3927 4069/4157/3926
f 4095/2699/3952 4099/2889/3956 4098/4267/3955
f 4136/2702/3993 4140/2704/3997 4143/2706/4000
f 4143/2706/4000 4144/2705/4001 4147/4268/4004
f 4200/2899/4057 4202/3214/4059 4207/2717/4064
f 4236/4296/4093 4237/3216/4094 4244/4126/4101
f 4277/2725/4134 4280/4374/4137 4282/4315/4139
f 4321/4299/4178 4312/3223/4169 4322/2727/4179
f 4315/4298/4172 4312/3223/4169 4321/4299/4178
f 4340/2732/4197 4343/2731/4200 4348/2906/4205
f 4353/2905/4210 4355/3227/4212 4358/4165/4215
f 4400/4274/4257 4396/2784/4253 4402/3144/4259
f 4362/2735/4219 4368/2734/4225 4367/4431/4224
f 4367/4431/4224 4368/2734/4225 4373/4343/4230
f 4395/2737/4252 4396/2784/4253 4400/4274/4257
f 4422/4432/4279 4418/2740/4275 4427/3008/4284
f 4417/2741/4274 4418/2740/4275 4422/4432/4279
f 4432/4335/4289 4435/3231/4292 4438/4247/4295
f 4448/2787/4305 4449/2786/4306 4452/4276/4309
f 4558/2909/4415 4562/2911/4419 4564/4133/4421
f 4594/2915/4451 4596/2914/4453 4598/4303/4455
f 4598/4303/4455 4602/3241/4459 4605/4250/4462
f 2905/2846/2762 2900/4354/2757 2901/3016/2758
f 2942/3550/2799 2937/4221/2794 2941/3019/2798
f 2976/2952/2833 2982/2586/2839 2985/2588/2842 2980/4184/2837
f 3025/2954/2882 3031/2592/2888 3030/2594/2887 3026/4355/2883
f 3054/3244/2911 3058/4251/2915 3053/4427/2910 3051/3172/2908
f 3162/4356/3019 3168/2608/3025 3170/2610/3027 3164/4225/3021
f 3203/2791/3060 3209/3029/3066 3212/4142/3069 3207/4207/3064
f 3710/2797/3567 3715/3132/3572 3719/4265/3576 3714/4308/3571
f 3435/2637/3292 3428/4148/3285 3429/2635/3286
f 3467/2646/3324 3463/2642/3320 3468/2644/3325
f 3507/4262/3364 3502/4231/3359 3503/4358/3360
f 3514/2872/3371 3507/4262/3364 3508/3047/3365
f 3551/2659/3408 3546/4150/3403 3547/2657/3404
f 3595/4351/3452 3589/4340/3446 3591/3050/3448
f 3605/4360/3462 3601/4350/3458 3602/3054/3459
f 3636/4362/3493 3631/4359/3488 3632/3056/3489
f 3644/2662/3501 3636/4362/3493 3637/2660/3494
f 3667/2668/3524 3664/4363/3521 3665/2666/3522
f 3685/2879/3542 3677/4152/3534 3678/2997/3535
f 3714/4308/3571 3708/2798/3565 3710/2797/3567
f 4377/3113/4234 4382/2736/4239 4387/2738/4244 4381/4272/4238
f 3899/2683/3756 3893/2801/3750 3894/2681/3751
f 4216/4364/4073 4213/2716/4070 4214/2782/4071
f 4222/4295/4079 4216/4364/4073 4217/3096/4074
f 4265/2723/4122 4259/4160/4116 4260/2721/4117
f 4304/4297/4161 4299/4365/4156 4300/3104/4157
f 4455/2814/4312 4461/3115/4318 4463/4277/4320 4457/2815/4314
f 2762/3465/2619 2767/3151/2624 2773/2822/2630 2765/2818/2622
f 4490/2747/4347 4486/3146/4343 4487/2745/4344
f 4504/4279/4361 4499/4301/4356 4500/3122/4357
f 4510/2750/4367 4504/4279/4361 4505/2748/4362
f 3795/2883/3652 3790/2975/3647 3792/2881/3649
f 2765/2818/2622 2757/2817/2614 2762/3465/2619
f 2997/4373/2854 3001/4282/2858 2996/4323/2853 2992/3166/2849
f 2916/2848/2773 2911/2847/2768 2917/2849/2774
f 2920/2850/2777 2917/2849/2774 2923/4344/2780
f 3079/3176/2936 3088/4369/2945 3087/4434/2944 3084/2596/2941
f 3003/3169/2860 3001/4282/2858 2997/4373/2854
f 3040/4437/2897 3043/2857/2900 3035/2856/2892
f 3275/2623/3132 3284/2626/3141 3283/4325/3140 3278/2624/3135
f 3201/2792/3058 3195/4254/3052 3197/2790/3054
f 3481/4438/3338 3486/4229/3343 3478/2648/3335 3474/2647/3331
f 4229/2718/4086 4237/3216/4094 4236/4296/4093 4232/2719/4089
f 4120/2891/3977 4115/2890/3972 4121/2893/3978
f 4200/2899/4057 4197/2898/4054 4202/3214/4059
f 2977/3164/2834 2983/3021/2840 2982/2586/2839 2976/2952/2833
f 4280/4374/4137 4277/2725/4134 4275/3101/4132
f 4432/4335/4289 4430/3007/4287 4435/3231/4292
f 4594/2915/4451 4589/2755/4446 4591/2913/4448
f 4602/3241/4459 4598/4303/4455 4596/2914/4453
f 3862/2978/3719 3857/2948/3714 3863/2976/3720
f 3120/3023/2977 3131/3024/2988 3125/2604/2982 3119/2603/2976
f 3159/3321/3016 3163/3608/3020 3162/4356/3019 3158/2936/3015
f 3163/3608/3020 3171/3025/3028 3168/2608/3025 3162/4356/3019
f 3285/3484/3142 3291/3038/3148 3290/2627/3147 3284/2626/3141
f 3509/3046/3366 3508/3047/3365 3503/4358/3360 3504/3783/3361
f 3955/3256/3812 3961/3206/3818 3960/2692/3817 3958/4329/3815
f 4530/3232/4387 4536/3233/4393 4532/2751/4389 4529/3148/4386
f 4197/2898/4054 4191/2897/4048 4192/3303/4049
f 2850/3467/2707 2856/3470/2713 2855/2842/2712 2849/4368/2706
f 2912/4371/2769 2918/4399/2775 2917/2849/2774 2911/2847/2768
f 2860/2840/2717 2855/2842/2712 2856/3470/2713
f 2918/4399/2775 2929/3017/2786 2923/4344/2780 2917/2849/2774
f 3036/3170/2893 3041/3281/2898 3040/4437/2897 3035/2856/2892
f 2997/4373/2854 2998/4372/2855 3004/3167/2861
f 3041/3281/2898 3048/3171/2905 3046/3173/2903 3040/4437/2897
f 3419/3286/3276 3427/3185/3284 3425/2633/3282 3418/2632/3275
f 3304/3041/3161 3300/3571/3157 3305/3487/3162
f 3393/2868/3250 3391/3043/3248 3394/3184/3251
f 3413/4348/3270 3407/2993/3264 3408/3330/3265
f 3482/3499/3339 3481/4438/3338 3474/2647/3331 3475/3289/3332
f 3450/3127/3307 3446/2639/3303 3447/3333/3304
f 3457/2641/3314 3454/3126/3311 3458/3186/3315
f 3482/3499/3339 3488/3188/3345 3487/3189/3344 3481/4438/3338
f 3526/3191/3383 3535/3292/3392 3534/2654/3391 3531/2873/3388
f 3518/2649/3375 3512/2871/3369 3519/3190/3376
f 3535/3292/3392 3543/3294/3400 3542/2655/3399 3534/2654/3391
f 3694/3201/3551 3693/2794/3550 3687/2793/3544 3688/3395/3545
f 3641/2877/3498 3637/2660/3494 3640/3393/3497
f 3659/3058/3516 3651/2664/3508 3656/3200/3513
f 3716/3263/3573 3725/3063/3582 3724/3064/3581 3715/3132/3572
f 4286/3102/4143 4285/2901/4142 4280/4374/4137 4281/3452/4138
f 3876/2678/3733 3873/3559/3730 3879/3202/3736
f 4269/2724/4126 4266/2722/4123 4270/3100/4127
f 4356/3226/4213 4363/3367/4220 4360/2733/4217 4355/3227/4212
f 3099/3568/2956 3102/3246/2959 3105/3247/2962 3098/2959/2955
f 4541/2816/4398 4536/3233/4393 4542/3234/4399
f 3099/3568/2956 3098/2959/2955 3092/2958/2949
f 3285/3484/3142 3284/2626/3141 3275/2623/3132 3276/4370/3133
f 2872/3472/2729 2877/4396/2734 2876/2983/2733 2871/2981/2728
f 4007/2886/3864 4001/2778/3858 4002/3267/3859
f 3799/2922/3656 3792/2881/3649 3793/3797/3650
f 2768/3598/2625 2770/3150/2627 2762/3465/2619
f 2797/3012/2654 2791/3010/2648 2795/4392/2652
f 2810/3603/2667 2812/3155/2669 2807/3154/2664
f 2841/3014/2698 2834/3158/2691 2836/4394/2693
f 2856/3470/2713 2850/3467/2707 2851/3468/2708
f 2876/2983/2733 2877/4396/2734 2882/4398/2739 2885/3159/2742
f 4154/2707/4011 4155/3671/4012 4158/3625/4015 4163/3211/4020
f 3165/3533/3022 3171/3025/3028 3163/3608/3020
f 3650/3506/3507 3656/3200/3513 3647/2663/3504
f 4123/3357/3980 4130/3088/3987 4121/2893/3978
f 4458/3114/4315 4459/3370/4316 4464/3678/4321 4469/3116/4326
f 4169/3090/4026 4163/3211/4020 4166/3628/4023
f 4174/4375/4031 4176/2710/4033 4169/3090/4026
f 2966/3163/2823 2959/3162/2816 2961/3639/2818
f 3120/3023/2977 3115/2601/2972 3116/3551/2973
f 3559/3387/3416 3564/3389/3421 3556/2969/3413
f 3681/2996/3538 3675/3060/3532 3679/3576/3536
f 3776/2972/3633 3767/2970/3624 3772/3400/3629
f 4187/3544/4044 4192/3303/4049 4184/2896/4041
f 4345/3674/4202 4349/2904/4206 4344/3005/4201
f 4351/3521/4208 4356/3226/4213 4349/2904/4206
f 3176/4439/3033 3181/3479/3038 3179/2860/3036 3175/3248/3032
f 3137/3762/2994 3140/2986/2997 3134/3178/2991
f 3305/3487/3162 3306/3486/3163 3311/3773/3168 3310/2862/3167
f 4078/3355/3935 4071/3086/3928 4076/3728/3933
f 4543/3526/4400 4549/3009/4406 4542/3234/4399
f 2986/3640/2843 2989/3165/2846 2983/3021/2840
f 3052/4385/2909 3057/3243/2914 3048/3171/2905
f 3272/3769/3129 3276/4370/3133 3267/3036/3124
f 3310/2862/3167 3311/3773/3168 3315/3488/3172 3318/3324/3175
f 3592/3196/3449 3593/3503/3450 3598/3651/3455 3597/3197/3454
f 3383/3491/3240 3391/3043/3248 3382/3125/3239
f 3459/3495/3316 3458/3186/3315 3454/3126/3311
f 3662/3057/3519 3663/3575/3520 3668/4387/3525 3670/3059/3527
f 4530/3232/4387 4531/3943/4388 4533/4389/4390 4536/3233/4393
f 3799/2922/3656 3793/3797/3650 3796/3658/3653
f 3995/3804/3852 4002/3267/3859 3993/3137/3850
f 4038/3514/3895 4046/3258/3903 4035/3083/3892
f 4101/3444/3958 4104/3300/3961 4100/3087/3957
f 4226/4382/4083 4230/3215/4087 4224/3097/4081
f 4405/4383/4262 4408/2907/4265 4401/3229/4258
f 4525/3460/4382 4530/3232/4387 4524/3147/4381
f 2934/3897/2791 2939/4384/2796 2938/3161/2795 2933/3160/2790
f 2921/3830/2778 2929/3017/2786 2918/4399/2775
f 3482/3499/3339 3483/3498/3340 3489/4386/3346 3488/3188/3345
f 3392/3493/3249 3394/3184/3251 3391/3043/3248
f 3582/3194/3439 3583/3501/3440 3586/3502/3443 3590/3049/3447
f 3628/3128/3485 3625/3504/3482 3629/3505/3486 3633/3055/3490
f 2768/3598/2625 2769/3597/2626 2775/3275/2632 2770/3150/2627
f 3858/3954/3715 3863/2976/3720 3855/3070/3712
f 4378/3112/4235 4372/3110/4229 4375/3938/4232
f 4329/3592/4186 4332/3107/4189 4324/3225/4181
f 2781/4408/2638 2787/3599/2644 2786/3153/2643 2780/3152/2637
f 2781/4408/2638 2780/3152/2637 2775/3275/2632
f 2797/3012/2654 2798/4391/2655 2802/4393/2659 2807/3154/2664
f 2792/4390/2649 2795/4392/2652 2791/3010/2648
f 2798/4391/2655 2797/3012/2654 2795/4392/2652
f 2810/3603/2667 2811/3602/2668 2817/3276/2674 2812/3155/2669
f 2823/4412/2680 2824/3866/2681 2828/3157/2685 2822/3156/2679
f 2823/4412/2680 2822/3156/2679 2817/3276/2674
f 2850/3467/2707 2847/3604/2704 2852/3870/2709 2851/3468/2708
f 2835/3994/2692 2836/4394/2693 2834/3158/2691
f 2838/3995/2695 2841/3014/2698 2836/4394/2693
f 2912/4371/2769 2913/3963/2770 2915/3828/2772 2918/4399/2775
f 2875/4397/2732 2877/4396/2734 2872/3472/2729
f 2881/4395/2738 2882/4398/2739 2877/4396/2734
f 4166/3628/4023 4167/3627/4024 4170/4400/4027 4174/4375/4031
f 2902/3312/2759 2903/4000/2760 2908/4002/2765 2907/4376/2764
f 2907/4376/2764 2908/4002/2765 2913/3963/2770 2912/4371/2769
f 2961/3639/2818 2962/3638/2819 2967/3831/2824 2966/3163/2823
f 3433/3332/3290 3434/3703/3291 3437/3972/3294 3441/2994/3298
f 2993/3965/2850 2998/4372/2855 2990/3876/2847
f 3552/3338/3409 3553/3711/3410 3557/4013/3414 3559/3387/3416
f 3476/3648/3333 3479/3497/3336 3475/3289/3332
f 3948/3135/3805 3947/3803/3804 3952/3850/3809 3951/3440/3808
f 4345/3674/4202 4346/3673/4203 4350/4023/4207 4351/3521/4208
f 4093/3667/3950 4096/3443/3953 4091/3668/3948
f 4185/4125/4042 4187/3544/4044 4183/3361/4040
f 4188/3734/4045 4193/3545/4050 4187/3544/4044
f 3137/3762/2994 3138/3761/2995 3143/3763/3000 3142/3319/2999
f 3112/3689/2969 3116/3551/2973 3111/3177/2968
f 4262/3449/4119 4263/3739/4120 4268/4063/4125 4267/3450/4124
f 3340/4102/3197 3342/3262/3199 3338/3429/3195
f 3638/3887/3495 3640/3393/3497 3635/3392/3492
f 3751/3922/3608 3753/3265/3610 3750/3067/3607
f 4080/3729/3937 4081/3356/3938 4078/3355/3935
f 4180/3733/4037 4183/3361/4040 4179/3092/4036
f 4231/4059/4088 4230/3215/4087 4226/4382/4083
f 4384/3413/4241 4385/3743/4242 4390/3814/4247 4389/3369/4246
f 4308/3935/4165 4307/4379/4164 4303/4378/4160
f 2926/4380/2783 2927/4003/2784 2931/3895/2788 2933/3160/2790
f 3093/4381/2950 3094/3758/2951 3100/3944/2957 3099/3568/2956
f 3012/3754/2869 3015/3279/2872 3010/3314/2867
f 3044/3755/2901 3047/3282/2904 3042/3756/2899
f 3049/4032/2906 3052/4385/2909 3047/3282/2904
f 3055/4034/2912 3057/3243/2914 3052/4385/2909
f 3094/3758/2951 3093/4381/2950 3091/3318/2948
f 3176/4439/3033 3177/4420/3034 3187/4401/3044 3181/3479/3038
f 3330/2988/3187 3326/3775/3183 3333/3776/3190 3332/3327/3189
f 3307/3771/3164 3306/3486/3163 3301/3485/3158
f 3326/3775/3183 3330/2988/3187 3325/3325/3182
f 3409/3331/3266 3410/3779/3267 3415/4041/3272 3414/3432/3271
f 3447/3333/3304 3448/3705/3305 3452/4406/3309 3451/3334/3308
f 3454/3126/3311 3455/3780/3312 3460/3910/3317 3459/3495/3316
f 3697/3344/3554 3698/3792/3555 3701/4080/3558 3702/3396/3559
f 3577/3786/3434 3580/3390/3437 3575/3339/3432
f 3620/3789/3477 3623/3391/3480 3618/3341/3475
f 3924/3512/3781 3925/3724/3782 3931/4086/3788 3928/3513/3785
f 2921/3830/2778 2922/3829/2779 2927/4003/2784 2926/4380/2783
f 4097/3808/3954 4101/3444/3958 4096/3443/3953
f 4287/4403/4144 4289/3269/4146 4283/3453/4140
f 4319/4404/4176 4323/3365/4180 4318/3547/4175
f 4361/4405/4218 4364/3456/4221 4359/3366/4216
f 4403/3816/4260 4405/4383/4262 4401/3229/4258
f 4567/3824/4424 4571/3373/4428 4566/3372/4423
f 4597/3826/4454 4600/4388/4457 4595/3375/4452
f 3175/3248/3032 3172/3534/3029 3177/4420/3034 3176/4439/3033
f 3483/3498/3340 3484/3841/3341 3490/3883/3347 3489/4386/3346
f 4511/3309/4368 4512/3682/4369 4517/3820/4374 4516/3311/4373
f 3525/4105/3382 3526/3191/3383 3522/3649/3379
f 4240/3856/4097 4243/3589/4100 4238/3520/4095
f 2805/3601/2662 2808/4180/2665 2813/4410/2670 2811/3602/2668
f 2755/3864/2612 2758/3462/2615 2754/3274/2611
f 2808/4180/2665 2805/3601/2662 2802/4393/2659
f 4167/3627/4024 4172/3892/4029 4171/4109/4028 4170/4400/4027
f 2846/3997/2703 2847/3604/2704 2842/3466/2699
f 3496/3884/3353 3498/3385/3355 3493/3290/3350
f 4127/3983/3984 4126/3358/3983 4124/3730/3981
f 2962/3638/2819 2963/3898/2820 2968/4417/2825 2967/3831/2824
f 2936/3896/2793 2939/4384/2796 2934/3897/2791
f 2940/4028/2797 2944/3417/2801 2939/4384/2796
f 3545/3337/3402 3544/3914/3401 3549/4043/3406 3548/3434/3405
f 2984/3899/2841 2986/3640/2843 2981/3420/2838
f 3062/4035/2919 3065/3476/2922 3059/3421/2916
f 3066/4413/2923 3071/3477/2928 3065/3476/2922
f 3288/4144/3145 3292/3556/3149 3287/3554/3144
f 3466/4042/3323 3470/3647/3327 3464/3496/3321
f 3544/3914/3401 3545/3337/3402 3540/3500/3397
f 3583/3501/3440 3588/3916/3445 3587/4440/3444 3586/3502/3443
f 3586/3502/3443 3587/4440/3444 3594/4045/3451 3593/3503/3450
f 3625/3504/3482 3630/3918/3487 3634/4048/3491 3629/3505/3486
f 4409/3567/4266 4410/4168/4267 4416/4441/4273 4415/3523/4272
f 3634/4048/3491 3635/3392/3492 3629/3505/3486
f 3666/4151/3523 3668/4387/3525 3663/3575/3520
f 3674/3920/3531 3676/3509/3533 3671/3508/3528
f 4220/3933/4077 4219/3448/4076 4215/3447/4072
f 4221/4056/4078 4225/4058/4082 4219/3448/4076
f 4302/3934/4159 4303/4378/4160 4298/3362/4155
f 4339/3937/4196 4341/3566/4198 4335/3455/4192
f 4376/4273/4233 4375/3938/4232 4371/3593/4228
f 4415/3523/4272 4416/4441/4273 4421/4026/4278 4420/3633/4277
f 4533/4389/4390 4534/3942/4391 4538/4415/4395 4537/3748/4394
f 4498/3941/4355 4501/3525/4358 4496/3524/4353
f 4534/3942/4391 4533/4389/4390 4531/3943/4388
f 4573/3374/4430 4574/4172/4431 4579/4173/4436 4578/3529/4435
f 3779/3925/3636 3780/4082/3637 3785/4442/3642 3784/3718/3641
f 3962/3663/3819 3956/3441/3813 3959/3956/3816
f 4116/3962/3973 4118/3669/3975 4113/3445/3970
f 3097/4115/2954 3100/3944/2957 3094/3758/2951
f 4509/4069/4366 4512/3682/4369 4507/3747/4364
f 3864/3511/3721 3861/3953/3718 3865/4053/3722
f 3784/3718/3641 3785/4442/3642 3788/4421/3645 3791/3402/3648
f 3484/3841/3341 3485/4103/3342 3491/4230/3348 3490/3883/3347
f 3044/3755/2901 3045/4031/2902 3050/4284/2907 3049/4032/2906
f 3448/3705/3305 3449/4414/3306 3453/4260/3310 3452/4406/3309
f 4319/4404/4176 4320/4128/4177 4326/4271/4183 4325/4093/4182
f 4172/3892/4029 4161/3672/4018 4162/4200/4019
f 4320/4128/4177 4319/4404/4176 4316/4129/4173
f 4358/4165/4215 4365/4130/4222 4361/4405/4218 4357/3813/4214
f 4352/4024/4209 4350/4023/4207 4347/3987/4204
f 2963/3898/2820 2964/4006/2821 2969/4223/2826 2968/4417/2825
f 3108/3759/2965 3109/4138/2966 3113/4252/2970 3112/3689/2969
f 2991/4423/2848 2994/3875/2851 2984/3899/2841
f 3066/4413/2923 3062/4035/2919 3067/4424/2924
f 3072/4114/2929 3066/4413/2923 3067/4424/2924
f 3356/4256/3213 3361/4257/3218 3360/3698/3217 3353/3695/3210
f 3295/4100/3152 3288/4144/3145 3289/2628/3146
f 3587/4440/3444 3588/3916/3445 3596/4046/3453 3594/4045/3451
f 3443/4327/3300 3449/4414/3306 3438/3973/3295
f 3819/4317/3676 3823/4353/3680 3822/3539/3679 3818/3799/3675
f 4195/4159/4052 4206/4055/4063 4201/3855/4058 4194/3735/4051
f 4410/4168/4267 4411/4167/4268 4417/2741/4274 4416/4441/4273
f 4416/4441/4273 4417/2741/4274 4423/4425/4280 4421/4026/4278
f 4534/3942/4391 4535/2753/4392 4539/4249/4396 4538/4415/4395
f 4538/4415/4395 4539/4249/4396 4545/4170/4402 4544/3749/4401
f 2777/4443/2634 2776/4407/2633 2771/3993/2628 2772/4444/2629
f 2771/3993/2628 2766/4219/2623 2772/4444/2629
f 2783/4445/2640 2782/4409/2639 2776/4407/2633 2777/4443/2634
f 2788/4318/2645 2789/3600/2646 2782/4409/2639 2783/4445/2640
f 2819/4446/2676 2818/4411/2675 2813/4410/2670 2814/4336/2671
f 2825/4447/2682 2824/3866/2681 2818/4411/2675 2819/4446/2676
f 2830/4319/2687 2831/3867/2688 2824/3866/2681 2825/4447/2682
f 2859/4448/2716 2858/3871/2715 2853/3869/2710 2854/4435/2711
f 2853/3869/2710 2848/2838/2705 2854/4435/2711
f 2863/4436/2720 2862/3872/2719 2858/3871/2715 2859/4448/2716
f 2869/4321/2726 2868/3873/2725 2862/3872/2719 2863/4436/2720
f 2879/4320/2736 2873/3874/2730 2868/3873/2725 2869/4321/2726
f 2914/4135/2771 2909/4134/2766 2904/4001/2761 2905/2846/2762
f 2878/4113/2735 2879/4320/2736 2887/3998/2744
f 3899/2683/3756 3903/4196/3760 3900/3662/3757 3898/3927/3755
f 2953/4005/2810 2950/4281/2807 2955/4322/2812
f 3915/4311/3772 3914/3622/3771 3909/3976/3766 3910/4312/3767
f 4074/2697/3931 4077/2696/3934 4079/3807/3936 4073/3960/3930
f 3740/4352/3597 3745/4341/3602 3744/4419/3601 3739/4402/3596
f 4116/3962/3973 4114/2892/3971 4119/4199/3976
f 4189/4124/4046 4186/2714/4043 4190/4201/4047
f 3235/3947/3092 3230/2613/3087 3236/4305/3093
f 2925/4345/2782 2930/2585/2787 2932/4004/2789 2924/4096/2781
f 3748/4017/3605 3744/4419/3601 3745/4341/3602
f 4107/4108/3964 4103/4092/3960 4108/2810/3965
f 4146/3985/4003 4139/4123/3996 4143/2706/4000
f 3014/2591/2871 3013/4030/2870 3006/3834/2863 3007/4283/2864
f 3110/2600/2967 3114/2599/2971 3113/4252/2970 3109/4138/2966
f 3056/4033/2913 3050/4284/2907 3053/4427/2910
f 3370/4433/3227 3375/4346/3232 3378/3970/3235 3369/4039/3226
f 3156/4036/3013 3148/4141/3005 3153/2607/3010
f 3390/4307/3247 3395/2870/3252 3397/3881/3254 3389/3907/3246
f 3412/4347/3269 3417/4258/3274 3416/4040/3273 3411/3971/3268
f 3492/4349/3349 3497/4261/3354 3496/3884/3353 3491/4230/3348
f 3658/4429/3515 3661/4120/3518 3654/4106/3511 3655/4428/3512
f 3703/4211/3560 3701/4080/3558 3695/3921/3552 3696/4430/3553
f 3667/2668/3524 3661/4120/3518 3664/4363/3521
f 4321/4299/4178 4327/2729/4184 4326/4271/4183 4320/4128/4177
f 4284/4270/4141 4279/4064/4136 4282/4315/4139
f 4367/4431/4224 4370/4066/4227 4365/4130/4222 4362/2735/4219
f 3073/2763/2930 3072/4114/2929 3067/4424/2924 3068/4337/2925
f 4444/4422/4301 4439/3989/4296 4443/2931/4300
f 4482/3991/4339 4478/2744/4335 4483/4278/4340
f 2945/4029/2802 2940/4028/2797 2942/3550/2799
f 3030/2594/2887 3024/4136/2881 3026/4355/2883
f 3308/2631/3165 3313/4190/3170 3302/4078/3159 3303/4326/3160
f 3078/2597/2935 3072/4114/2929 3073/2763/2930
f 3127/4097/2984 3123/2602/2980 3129/4253/2986
f 3395/2870/3252 3400/4287/3257 3399/4147/3256 3397/3881/3254
f 3467/2646/3324 3472/2645/3329 3473/3882/3330 3466/4042/3323
f 3563/2876/3420 3569/4233/3426 3568/4234/3425 3562/4014/3419
f 3520/3912/3377 3514/2872/3371 3517/2651/3374
f 3528/4104/3385 3520/3912/3377 3523/2650/3380
f 3528/4104/3385 3523/2650/3380 3529/2653/3386
f 3589/4340/3446 3595/4351/3452 3596/4046/3453 3588/3916/3445
f 3631/4359/3488 3636/4362/3493 3639/4049/3496 3630/3918/3487
f 3609/4047/3466 3600/4192/3457 3605/4360/3462
f 3765/2772/3622 3771/4291/3628 3770/4081/3627 3764/3924/3621
f 4272/2726/4129 4277/2725/4134 4279/4064/4136 4271/4418/4128
f 4139/4123/3996 4128/4122/3985 4131/2703/3988
f 4299/4365/4156 4304/4297/4161 4309/4163/4166 4302/3934/4159
f 4387/2738/4244 4395/2737/4252 4394/4166/4251 4386/4025/4243
f 4320/4128/4177 4311/4164/4168 4315/4298/4172
f 4342/3986/4199 4336/4094/4193 4340/2732/4197
f 4546/4302/4403 4545/4170/4402 4539/4249/4396 4540/2752/4397
f 4502/4068/4359 4497/4110/4354 4499/4301/4356
f 4518/4111/4375 4513/2749/4370 4519/4248/4376
f 4582/2756/4439 4589/2755/4446 4588/4072/4445 4581/4174/4438
f 2756/2819/2613 2760/3992/2617 2751/4426/2608 2752/4367/2609
f 4594/2915/4451 4588/4072/4445 4589/2755/4446
f 2756/2819/2613 2765/2818/2622 2761/4218/2618 2760/3992/2617
f 2773/2822/2630 2778/2821/2635 2777/4443/2634 2772/4444/2629
f 2772/4444/2629 2766/4219/2623 2773/2822/2630
f 2778/2821/2635 2784/2824/2641 2783/4445/2640 2777/4443/2634
f 2784/2824/2641 2790/2826/2647 2788/4318/2645 2783/4445/2640
f 2794/3011/2651 2799/3013/2656 2801/4178/2658 2793/4176/2650
f 2815/2831/2672 2820/2833/2677 2819/4446/2676 2814/4336/2671
f 2820/2833/2677 2826/2835/2683 2825/4447/2682 2819/4446/2676
f 2826/2835/2683 2832/2582/2689 2830/4319/2687 2825/4447/2682
f 2840/2581/2697 2844/2839/2701 2843/3996/2700 2839/4181/2696
f 2849/4368/2706 2855/2842/2712 2859/4448/2716 2854/4435/2711
f 2855/2842/2712 2866/2841/2723 2863/4436/2720 2859/4448/2716
f 2880/2985/2737 2884/2984/2741 2887/3998/2744 2879/4320/2736
f 3478/2648/3335 3486/4229/3343 3485/4103/3342 3477/4149/3334
f 2900/4354/2757 2896/4182/2753 2897/2917/2754
f 2991/4423/2848 2987/2587/2844 2996/4323/2853
f 2995/4185/2852 2991/4423/2848 2996/4323/2853
f 3786/3069/3643 3785/4442/3642 3780/4082/3637 3781/2973/3638
f 3786/3069/3643 3790/2975/3647 3788/4421/3645 3785/4442/3642
f 3968/2693/3825 3971/3208/3828 3976/4154/3833 3967/4239/3824
f 2960/2761/2817 2971/2919/2828 2970/2921/2827 2965/4222/2822
f 3040/4437/2897 3046/3173/2903 3050/4284/2907 3043/2857/2900
f 3046/3173/2903 3051/3172/2908 3053/4427/2910 3050/4284/2907
f 3088/4369/2945 3096/2960/2953 3095/4338/2952 3090/4224/2947
f 3481/4438/3338 3487/3189/3344 3492/4349/3349 3486/4229/3343
f 3370/4433/3227 3362/2865/3219 3365/2867/3222
f 3370/4433/3227 3365/2867/3222 3372/2939/3229
f 3375/4346/3232 3370/4433/3227 3372/2939/3229
f 3456/4259/3313 3453/4260/3310 3450/3127/3307
f 3566/2875/3423 3571/3193/3428 3574/4263/3431 3569/4233/3426
f 3659/3058/3516 3658/4429/3515 3655/4428/3512 3651/2664/3508
f 3699/3062/3556 3703/4211/3560 3696/4430/3553 3693/2794/3550
f 3732/3066/3589 3737/2942/3594 3740/4352/3597 3734/2670/3591
f 4237/3216/4094 4241/3218/4098 4245/4269/4102 4244/4126/4101
f 3823/4353/3680 3819/4317/3676 3820/2944/3677
f 4285/2901/4142 4288/2903/4145 4282/4315/4139 4280/4374/4137
f 4360/2733/4217 4362/2735/4219 4358/4165/4215 4355/3227/4212
f 4515/2789/4372 4523/3149/4380 4522/4131/4379 4519/4248/4376
f 4443/2931/4300 4438/4247/4295 4435/3231/4292
f 4483/4278/4340 4478/2744/4335 4479/2743/4336
o テキスト
v 0.283130 0.942905 0.089640
v 0.274765 0.942905 0.089640
v 0.274765 0.917134 0.141839
v 0.283130 0.917134 0.141839
vn -0.0000 0.8967 0.4427
vt 0.666667 0.000000
vt 0.000000 0.000000
vt 0.333333 0.000000
vt 1.000000 0.000000
s 0
usemtl banngou
f 4619/4449/4474 4617/4450/4474 4618/4451/4474
f 4619/4449/4474 4620/4452/4474 4617/4450/4474
o テキスト.001
v 0.170039 0.963789 0.046621
v 0.147760 0.963789 0.046621
v 0.150842 0.965432 0.043293
v 0.153606 0.966950 0.040218
v 0.156061 0.968357 0.037367
v 0.158218 0.969668 0.034712
v 0.160086 0.970896 0.032225
v 0.161674 0.972055 0.029878
v 0.162991 0.973158 0.027643
v 0.164048 0.974221 0.025491
v 0.164853 0.975256 0.023394
v 0.165417 0.976278 0.021324
v 0.165748 0.977300 0.019254
v 0.165856 0.978337 0.017154
v 0.165707 0.979495 0.014807
v 0.165270 0.980586 0.012597
v 0.164558 0.981603 0.010538
v 0.163586 0.982539 0.008641
v 0.162368 0.983389 0.006919
v 0.160916 0.984146 0.005386
v 0.159246 0.984804 0.004053
v 0.157371 0.985356 0.002935
v 0.155305 0.985797 0.002042
v 0.153062 0.986120 0.001389
v 0.150657 0.986318 0.000988
v 0.148102 0.986385 0.000851
v 0.146935 0.986368 0.000885
v 0.145780 0.986319 0.000986
v 0.144634 0.986235 0.001155
v 0.143496 0.986118 0.001392
v 0.142362 0.985966 0.001699
v 0.141231 0.985780 0.002076
v 0.140099 0.985560 0.002522
v 0.138965 0.985305 0.003039
v 0.137827 0.985014 0.003628
v 0.136681 0.984688 0.004288
v 0.135526 0.984327 0.005021
v 0.134359 0.983929 0.005826
v 0.134359 0.979281 0.015240
v 0.135524 0.979905 0.013976
v 0.136673 0.980457 0.012858
v 0.137806 0.980940 0.011880
v 0.138924 0.981358 0.011033
v 0.140030 0.981714 0.010313
v 0.141124 0.982011 0.009710
v 0.142207 0.982254 0.009220
v 0.143281 0.982444 0.008834
v 0.144346 0.982586 0.008545
v 0.145404 0.982684 0.008348
v 0.146457 0.982740 0.008235
v 0.147504 0.982758 0.008199
v 0.148902 0.982717 0.008282
v 0.150230 0.982596 0.008526
v 0.151477 0.982400 0.008922
v 0.152635 0.982133 0.009463
v 0.153693 0.981799 0.010140
v 0.154642 0.981402 0.010944
v 0.155472 0.980946 0.011869
v 0.156173 0.980434 0.012904
v 0.156735 0.979872 0.014043
v 0.157149 0.979263 0.015277
v 0.157404 0.978611 0.016597
v 0.157491 0.977921 0.017996
v 0.157463 0.977400 0.019051
v 0.157377 0.976909 0.020046
v 0.157235 0.976443 0.020990
v 0.157036 0.975995 0.021896
v 0.156780 0.975561 0.022776
v 0.156467 0.975134 0.023640
v 0.156097 0.974709 0.024502
v 0.155670 0.974279 0.025372
v 0.155186 0.973840 0.026262
v 0.154646 0.973385 0.027184
v 0.154048 0.972908 0.028149
v 0.153394 0.972404 0.029170
v 0.152078 0.971451 0.031102
v 0.150621 0.970465 0.033098
v 0.149045 0.969456 0.035142
v 0.147372 0.968430 0.037221
v 0.145624 0.967395 0.039317
v 0.143823 0.966358 0.041416
v 0.141993 0.965328 0.043502
v 0.140154 0.964312 0.045561
v 0.138330 0.963318 0.047575
v 0.136542 0.962352 0.049531
v 0.134813 0.961424 0.051412
v 0.133164 0.960539 0.053203
v 0.133164 0.960275 0.053739
v 0.170039 0.960275 0.053739
vn -0.0000 0.8967 0.4427
vt 0.295455 0.000000
vt 0.272727 0.000000
vt 0.284091 0.000000
vt 0.306818 0.000000
vt 0.318182 0.000000
vt 0.261364 0.000000
vt 0.329545 0.000000
vt 0.250000 0.000000
vt 0.340909 0.000000
vt 0.352273 0.000000
vt 0.238636 0.000000
vt 0.363636 0.000000
vt 0.375000 0.000000
vt 0.227273 0.000000
vt 0.386364 0.000000
vt 0.397727 0.000000
vt 0.215909 0.000000
vt 0.409091 0.000000
vt 0.420455 0.000000
vt 0.204545 0.000000
vt 0.431818 0.000000
vt 0.443182 0.000000
vt 0.454545 0.000000
vt 0.465909 0.000000
vt 0.477273 0.000000
vt 0.488636 0.000000
vt 0.500000 0.000000
vt 0.511364 0.000000
vt 0.522727 0.000000
vt 0.534091 0.000000
vt 0.545455 0.000000
vt 0.556818 0.000000
vt 0.568182 0.000000
vt 0.193182 0.000000
vt 0.579545 0.000000
vt 0.590909 0.000000
vt 0.602273 0.000000
vt 0.181818 0.000000
vt 0.613636 0.000000
vt 0.625000 0.000000
vt 0.636364 0.000000
vt 0.170455 0.000000
vt 0.647727 0.000000
vt 0.659091 0.000000
vt 0.159091 0.000000
vt 0.670455 0.000000
vt 0.681818 0.000000
vt 0.147727 0.000000
vt 0.693182 0.000000
vt 0.704545 0.000000
vt 0.136364 0.000000
vt 0.715909 0.000000
vt 0.727273 0.000000
vt 0.125000 0.000000
vt 0.738636 0.000000
vt 0.750000 0.000000
vt 0.113636 0.000000
vt 0.761364 0.000000
vt 0.772727 0.000000
vt 0.102273 0.000000
vt 0.784091 0.000000
vt 0.795455 0.000000
vt 0.806818 0.000000
vt 0.090909 0.000000
vt 0.818182 0.000000
vt 0.829545 0.000000
vt 0.079545 0.000000
vt 0.840909 0.000000
vt 0.852273 0.000000
vt 0.068182 0.000000
vt 0.863636 0.000000
vt 0.056818 0.000000
vt 0.875000 0.000000
vt 0.045455 0.000000
vt 0.886364 0.000000
vt 0.897727 0.000000
vt 0.034091 0.000000
vt 0.909091 0.000000
vt 0.022727 0.000000
vt 0.920455 0.000000
vt 0.011364 0.000000
vt 0.931818 0.000000
vt 0.943182 0.000000
vt 0.000000 0.000000
vt 1.000000 0.000000
vt 0.954545 0.000000
vt 0.965909 0.000000
vt 0.977273 0.000000
vt 0.988636 0.000000
s 0
usemtl banngou.001
f 4647/4453/4475 4645/4454/4475 4646/4455/4475
f 4648/4456/4475 4645/4454/4475 4647/4453/4475
f 4649/4457/4475 4645/4454/4475 4648/4456/4475
f 4649/4457/4475 4644/4458/4475 4645/4454/4475
f 4650/4459/4475 4644/4458/4475 4649/4457/4475
f 4650/4459/4475 4643/4460/4475 4644/4458/4475
f 4651/4461/4475 4643/4460/4475 4650/4459/4475
f 4652/4462/4475 4643/4460/4475 4651/4461/4475
f 4652/4462/4475 4642/4463/4475 4643/4460/4475
f 4653/4464/4475 4642/4463/4475 4652/4462/4475
f 4654/4465/4475 4642/4463/4475 4653/4464/4475
f 4654/4465/4475 4641/4466/4475 4642/4463/4475
f 4655/4467/4475 4641/4466/4475 4654/4465/4475
f 4656/4468/4475 4641/4466/4475 4655/4467/4475
f 4656/4468/4475 4640/4469/4475 4641/4466/4475
f 4657/4470/4475 4640/4469/4475 4656/4468/4475
f 4658/4471/4475 4640/4469/4475 4657/4470/4475
f 4658/4471/4475 4639/4472/4475 4640/4469/4475
f 4659/4473/4475 4660/4474/4475 4658/4471/4475
f 4660/4474/4475 4661/4475/4475 4658/4471/4475
f 4661/4475/4475 4662/4476/4475 4658/4471/4475
f 4662/4476/4475 4663/4477/4475 4658/4471/4475
f 4663/4477/4475 4664/4478/4475 4658/4471/4475
f 4664/4478/4475 4665/4479/4475 4658/4471/4475
f 4665/4479/4475 4666/4480/4475 4658/4471/4475
f 4666/4480/4475 4667/4481/4475 4658/4471/4475
f 4667/4481/4475 4668/4482/4475 4658/4471/4475
f 4668/4482/4475 4669/4483/4475 4658/4471/4475
f 4669/4483/4475 4670/4484/4475 4658/4471/4475
f 4670/4484/4475 4639/4472/4475 4658/4471/4475
f 4670/4484/4475 4671/4485/4475 4639/4472/4475
f 4671/4485/4475 4638/4486/4475 4639/4472/4475
f 4672/4487/4475 4638/4486/4475 4671/4485/4475
f 4673/4488/4475 4638/4486/4475 4672/4487/4475
f 4674/4489/4475 4638/4486/4475 4673/4488/4475
f 4674/4489/4475 4637/4490/4475 4638/4486/4475
f 4675/4491/4475 4637/4490/4475 4674/4489/4475
f 4676/4492/4475 4637/4490/4475 4675/4491/4475
f 4677/4493/4475 4637/4490/4475 4676/4492/4475
f 4677/4493/4475 4636/4494/4475 4637/4490/4475
f 4678/4495/4475 4636/4494/4475 4677/4493/4475
f 4679/4496/4475 4636/4494/4475 4678/4495/4475
f 4679/4496/4475 4635/4497/4475 4636/4494/4475
f 4680/4498/4475 4635/4497/4475 4679/4496/4475
f 4681/4499/4475 4635/4497/4475 4680/4498/4475
f 4681/4499/4475 4634/4500/4475 4635/4497/4475
f 4682/4501/4475 4634/4500/4475 4681/4499/4475
f 4683/4502/4475 4634/4500/4475 4682/4501/4475
f 4683/4502/4475 4633/4503/4475 4634/4500/4475
f 4684/4504/4475 4633/4503/4475 4683/4502/4475
f 4685/4505/4475 4633/4503/4475 4684/4504/4475
f 4685/4505/4475 4632/4506/4475 4633/4503/4475
f 4686/4507/4475 4632/4506/4475 4685/4505/4475
f 4687/4508/4475 4632/4506/4475 4686/4507/4475
f 4687/4508/4475 4631/4509/4475 4632/4506/4475
f 4688/4510/4475 4631/4509/4475 4687/4508/4475
f 4689/4511/4475 4631/4509/4475 4688/4510/4475
f 4689/4511/4475 4630/4512/4475 4631/4509/4475
f 4690/4513/4475 4630/4512/4475 4689/4511/4475
f 4691/4514/4475 4630/4512/4475 4690/4513/4475
f 4692/4515/4475 4630/4512/4475 4691/4514/4475
f 4692/4515/4475 4629/4516/4475 4630/4512/4475
f 4693/4517/4475 4629/4516/4475 4692/4515/4475
f 4694/4518/4475 4629/4516/4475 4693/4517/4475
f 4694/4518/4475 4628/4519/4475 4629/4516/4475
f 4695/4520/4475 4628/4519/4475 4694/4518/4475
f 4696/4521/4475 4628/4519/4475 4695/4520/4475
f 4696/4521/4475 4627/4522/4475 4628/4519/4475
f 4697/4523/4475 4627/4522/4475 4696/4521/4475
f 4697/4523/4475 4626/4524/4475 4627/4522/4475
f 4698/4525/4475 4626/4524/4475 4697/4523/4475
f 4698/4525/4475 4625/4526/4475 4626/4524/4475
f 4699/4527/4475 4625/4526/4475 4698/4525/4475
f 4700/4528/4475 4625/4526/4475 4699/4527/4475
f 4700/4528/4475 4624/4529/4475 4625/4526/4475
f 4701/4530/4475 4624/4529/4475 4700/4528/4475
f 4701/4530/4475 4623/4531/4475 4624/4529/4475
f 4702/4532/4475 4623/4531/4475 4701/4530/4475
f 4702/4532/4475 4622/4533/4475 4623/4531/4475
f 4703/4534/4475 4622/4533/4475 4702/4532/4475
f 4704/4535/4475 4622/4533/4475 4703/4534/4475
f 4704/4535/4475 4621/4536/4475 4622/4533/4475
f 4704/4535/4475 4709/4537/4475 4621/4536/4475
f 4705/4538/4475 4709/4537/4475 4704/4535/4475
f 4706/4539/4475 4709/4537/4475 4705/4538/4475
f 4707/4540/4475 4709/4537/4475 4706/4539/4475
f 4708/4541/4475 4709/4537/4475 4707/4540/4475
o テキスト.002
v -0.025616 0.999708 -0.024755
v -0.024639 0.999897 -0.025136
v -0.023709 1.000065 -0.025477
v -0.022821 1.000214 -0.025780
v -0.021968 1.000345 -0.026045
v -0.021145 1.000458 -0.026274
v -0.020345 1.000554 -0.026467
v -0.019564 1.000633 -0.026628
v -0.018794 1.000696 -0.026756
v -0.018030 1.000744 -0.026854
v -0.017266 1.000778 -0.026922
v -0.016496 1.000798 -0.026962
v -0.015715 1.000804 -0.026975
v -0.014225 1.000774 -0.026913
v -0.012835 1.000684 -0.026731
v -0.011548 1.000537 -0.026433
v -0.010372 1.000334 -0.026022
v -0.009312 1.000078 -0.025503
v -0.008374 0.999770 -0.024879
v -0.007564 0.999412 -0.024155
v -0.006888 0.999007 -0.023335
v -0.006352 0.998556 -0.022422
v -0.005962 0.998062 -0.021420
v -0.005723 0.997526 -0.020334
v -0.005643 0.996950 -0.019168
v -0.005723 0.996384 -0.018022
v -0.005963 0.995859 -0.016959
v -0.006363 0.995377 -0.015982
v -0.006923 0.994939 -0.015094
v -0.007643 0.994546 -0.014299
v -0.008523 0.994201 -0.013599
v -0.009564 0.993904 -0.012999
v -0.010764 0.993658 -0.012500
v -0.012124 0.993464 -0.012107
v -0.013645 0.993324 -0.011822
v -0.015325 0.993238 -0.011649
v -0.017166 0.993209 -0.011590
v -0.017166 0.989808 -0.004702
v -0.015181 0.989812 -0.004709
v -0.013368 0.989731 -0.004545
v -0.011726 0.989571 -0.004221
v -0.010255 0.989338 -0.003749
v -0.008956 0.989038 -0.003141
v -0.007830 0.988675 -0.002406
v -0.006876 0.988255 -0.001556
v -0.006095 0.987785 -0.000603
v -0.005486 0.987268 0.000443
v -0.005052 0.986712 0.001570
v -0.004791 0.986121 0.002767
v -0.004704 0.985501 0.004023
v -0.004779 0.984896 0.005249
v -0.005002 0.984330 0.006395
v -0.005366 0.983805 0.007458
v -0.005867 0.983324 0.008431
v -0.006498 0.982891 0.009310
v -0.007254 0.982506 0.010089
v -0.008128 0.982174 0.010763
v -0.009117 0.981896 0.011326
v -0.010213 0.981675 0.011773
v -0.011412 0.981514 0.012099
v -0.012707 0.981415 0.012298
v -0.014093 0.981382 0.012366
v -0.015160 0.981395 0.012339
v -0.016228 0.981436 0.012257
v -0.017296 0.981503 0.012121
v -0.018367 0.981597 0.011930
v -0.019440 0.981719 0.011683
v -0.020516 0.981869 0.011381
v -0.021596 0.982045 0.011023
v -0.022679 0.982250 0.010609
v -0.023768 0.982482 0.010138
v -0.024861 0.982742 0.009611
v -0.025961 0.983030 0.009027
v -0.027067 0.983347 0.008386
v -0.027067 0.979342 0.016499
v -0.026022 0.979114 0.016960
v -0.024977 0.978904 0.017385
v -0.023933 0.978713 0.017773
v -0.022891 0.978540 0.018123
v -0.021851 0.978385 0.018436
v -0.020815 0.978250 0.018709
v -0.019782 0.978135 0.018943
v -0.018753 0.978040 0.019135
v -0.017729 0.977965 0.019287
v -0.016710 0.977911 0.019396
v -0.015697 0.977879 0.019462
v -0.014690 0.977868 0.019484
v -0.012070 0.977934 0.019351
v -0.009597 0.978127 0.018959
v -0.007286 0.978442 0.018322
v -0.005153 0.978871 0.017452
v -0.003213 0.979410 0.016361
v -0.001481 0.980050 0.015064
v 0.000026 0.980787 0.013572
v 0.001294 0.981613 0.011898
v 0.002306 0.982523 0.010056
v 0.003049 0.983510 0.008057
v 0.003506 0.984567 0.005914
v 0.003661 0.985690 0.003641
v 0.003608 0.986351 0.002302
v 0.003445 0.987006 0.000974
v 0.003171 0.987650 -0.000331
v 0.002783 0.988276 -0.001598
v 0.002278 0.988876 -0.002814
v 0.001656 0.989445 -0.003965
v 0.000912 0.989974 -0.005039
v 0.000045 0.990459 -0.006020
v -0.000948 0.990892 -0.006896
v -0.002069 0.991266 -0.007654
v -0.003320 0.991574 -0.008279
v -0.004704 0.991811 -0.008758
v -0.003446 0.992140 -0.009424
v -0.002316 0.992486 -0.010126
v -0.001311 0.992852 -0.010868
v -0.000426 0.993243 -0.011658
v 0.000341 0.993660 -0.012503
v 0.000994 0.994107 -0.013408
v 0.001537 0.994586 -0.014380
v 0.001973 0.995103 -0.015426
v 0.002306 0.995658 -0.016551
v 0.002540 0.996256 -0.017762
v 0.002677 0.996900 -0.019066
v 0.002723 0.997592 -0.020469
v 0.002584 0.998582 -0.022473
v 0.002175 0.999507 -0.024348
v 0.001506 1.000365 -0.026085
v 0.000589 1.001150 -0.027675
v -0.000567 1.001858 -0.029109
v -0.001951 1.002486 -0.030380
v -0.003551 1.003028 -0.031479
v -0.005358 1.003481 -0.032397
v -0.007360 1.003841 -0.033126
v -0.009548 1.004103 -0.033657
v -0.011909 1.004264 -0.033982
v -0.014434 1.004318 -0.034093
v -0.015502 1.004311 -0.034078
v -0.016531 1.004290 -0.034034
v -0.017526 1.004253 -0.033961
v -0.018490 1.004202 -0.033857
v -0.019429 1.004136 -0.033723
v -0.020345 1.004054 -0.033557
v -0.021244 1.003956 -0.033359
v -0.022129 1.003842 -0.033129
v -0.023005 1.003712 -0.032866
v -0.023875 1.003566 -0.032569
v -0.024744 1.003403 -0.032238
v -0.025616 1.003222 -0.031873
vn -0.0000 0.8967 0.4427
vt 0.924658 0.000000
vt 0.910959 0.000000
vt 0.917808 0.000000
vt 0.931507 0.000000
vt 0.938356 0.000000
vt 0.904110 0.000000
vt 0.945205 0.000000
vt 0.952055 0.000000
vt 0.958904 0.000000
vt 0.897260 0.000000
vt 0.965753 0.000000
vt 0.972603 0.000000
vt 0.979452 0.000000
vt 0.890411 0.000000
vt 0.986301 0.000000
vt 0.993151 0.000000
vt 0.883562 0.000000
vt 1.000000 0.000000
vt 0.000000 0.000000
vt 0.006849 0.000000
vt 0.013699 0.000000
vt 0.020548 0.000000
vt 0.027397 0.000000
vt 0.034247 0.000000
vt 0.041096 0.000000
vt 0.876712 0.000000
vt 0.047945 0.000000
vt 0.054795 0.000000
vt 0.869863 0.000000
vt 0.061644 0.000000
vt 0.068493 0.000000
vt 0.075342 0.000000
vt 0.863014 0.000000
vt 0.082192 0.000000
vt 0.089041 0.000000
vt 0.856164 0.000000
vt 0.095890 0.000000
vt 0.102740 0.000000
vt 0.109589 0.000000
vt 0.849315 0.000000
vt 0.116438 0.000000
vt 0.123288 0.000000
vt 0.130137 0.000000
vt 0.842466 0.000000
vt 0.136986 0.000000
vt 0.143836 0.000000
vt 0.835616 0.000000
vt 0.150685 0.000000
vt 0.157534 0.000000
vt 0.828767 0.000000
vt 0.164384 0.000000
vt 0.171233 0.000000
vt 0.821918 0.000000
vt 0.178082 0.000000
vt 0.815068 0.000000
vt 0.184932 0.000000
vt 0.808219 0.000000
vt 0.191781 0.000000
vt 0.801370 0.000000
vt 0.198630 0.000000
vt 0.794521 0.000000
vt 0.205479 0.000000
vt 0.212329 0.000000
vt 0.787671 0.000000
vt 0.219178 0.000000
vt 0.780822 0.000000
vt 0.226027 0.000000
vt 0.232877 0.000000
vt 0.239726 0.000000
vt 0.773973 0.000000
vt 0.246575 0.000000
vt 0.253425 0.000000
vt 0.767123 0.000000
vt 0.760274 0.000000
vt 0.753425 0.000000
vt 0.746575 0.000000
vt 0.739726 0.000000
vt 0.732877 0.000000
vt 0.726027 0.000000
vt 0.719178 0.000000
vt 0.260274 0.000000
vt 0.712329 0.000000
vt 0.267123 0.000000
vt 0.273973 0.000000
vt 0.280822 0.000000
vt 0.705479 0.000000
vt 0.287671 0.000000
vt 0.294521 0.000000
vt 0.698630 0.000000
vt 0.301370 0.000000
vt 0.691781 0.000000
vt 0.308219 0.000000
vt 0.315068 0.000000
vt 0.684932 0.000000
vt 0.321918 0.000000
vt 0.678082 0.000000
vt 0.328767 0.000000
vt 0.671233 0.000000
vt 0.335616 0.000000
vt 0.664384 0.000000
vt 0.342466 0.000000
vt 0.349315 0.000000
vt 0.657534 0.000000
vt 0.356164 0.000000
vt 0.363014 0.000000
vt 0.650685 0.000000
vt 0.506849 0.000000
vt 0.493151 0.000000
vt 0.500000 0.000000
vt 0.369863 0.000000
vt 0.486301 0.000000
vt 0.376712 0.000000
vt 0.479452 0.000000
vt 0.643836 0.000000
vt 0.383562 0.000000
vt 0.472603 0.000000
vt 0.465753 0.000000
vt 0.390411 0.000000
vt 0.458904 0.000000
vt 0.397260 0.000000
vt 0.452055 0.000000
vt 0.445205 0.000000
vt 0.404110 0.000000
vt 0.636986 0.000000
vt 0.438356 0.000000
vt 0.410959 0.000000
vt 0.431507 0.000000
vt 0.424658 0.000000
vt 0.417808 0.000000
vt 0.630137 0.000000
vt 0.623288 0.000000
vt 0.616438 0.000000
vt 0.513699 0.000000
vt 0.520548 0.000000
vt 0.527397 0.000000
vt 0.609589 0.000000
vt 0.534247 0.000000
vt 0.541096 0.000000
vt 0.602740 0.000000
vt 0.547945 0.000000
vt 0.554795 0.000000
vt 0.561644 0.000000
vt 0.595890 0.000000
vt 0.568493 0.000000
vt 0.575342 0.000000
vt 0.589041 0.000000
vt 0.582192 0.000000
s 0
usemtl banngou.002
f 4845/4542/4476 4843/4543/4476 4844/4544/4476
f 4846/4545/4476 4843/4543/4476 4845/4542/4476
f 4847/4546/4476 4843/4543/4476 4846/4545/4476
f 4847/4546/4476 4842/4547/4476 4843/4543/4476
f 4848/4548/4476 4842/4547/4476 4847/4546/4476
f 4849/4549/4476 4842/4547/4476 4848/4548/4476
f 4850/4550/4476 4842/4547/4476 4849/4549/4476
f 4850/4550/4476 4841/4551/4476 4842/4547/4476
f 4851/4552/4476 4841/4551/4476 4850/4550/4476
f 4852/4553/4476 4841/4551/4476 4851/4552/4476
f 4853/4554/4476 4841/4551/4476 4852/4553/4476
f 4853/4554/4476 4840/4555/4476 4841/4551/4476
f 4854/4556/4476 4840/4555/4476 4853/4554/4476
f 4855/4557/4476 4840/4555/4476 4854/4556/4476
f 4855/4557/4476 4839/4558/4476 4840/4555/4476
f 4856/4559/4476 4839/4558/4476 4855/4557/4476
f 4710/4560/4476 4711/4561/4476 4856/4559/4476
f 4711/4561/4476 4712/4562/4476 4856/4559/4476
f 4712/4562/4476 4713/4563/4476 4856/4559/4476
f 4713/4563/4476 4714/4564/4476 4856/4559/4476
f 4714/4564/4476 4839/4558/4476 4856/4559/4476
f 4714/4564/4476 4715/4565/4476 4839/4558/4476
f 4715/4565/4476 4716/4566/4476 4839/4558/4476
f 4716/4566/4476 4838/4567/4476 4839/4558/4476
f 4716/4566/4476 4717/4568/4476 4838/4567/4476
f 4717/4568/4476 4718/4569/4476 4838/4567/4476
f 4718/4569/4476 4837/4570/4476 4838/4567/4476
f 4718/4569/4476 4719/4571/4476 4837/4570/4476
f 4719/4571/4476 4720/4572/4476 4837/4570/4476
f 4720/4572/4476 4721/4573/4476 4837/4570/4476
f 4721/4573/4476 4836/4574/4476 4837/4570/4476
f 4721/4573/4476 4722/4575/4476 4836/4574/4476
f 4722/4575/4476 4723/4576/4476 4836/4574/4476
f 4723/4576/4476 4835/4577/4476 4836/4574/4476
f 4724/4578/4476 4835/4577/4476 4723/4576/4476
f 4725/4579/4476 4835/4577/4476 4724/4578/4476
f 4726/4580/4476 4835/4577/4476 4725/4579/4476
f 4726/4580/4476 4834/4581/4476 4835/4577/4476
f 4727/4582/4476 4834/4581/4476 4726/4580/4476
f 4728/4583/4476 4834/4581/4476 4727/4582/4476
f 4729/4584/4476 4834/4581/4476 4728/4583/4476
f 4729/4584/4476 4833/4585/4476 4834/4581/4476
f 4730/4586/4476 4833/4585/4476 4729/4584/4476
f 4731/4587/4476 4833/4585/4476 4730/4586/4476
f 4731/4587/4476 4832/4588/4476 4833/4585/4476
f 4732/4589/4476 4832/4588/4476 4731/4587/4476
f 4733/4590/4476 4832/4588/4476 4732/4589/4476
f 4733/4590/4476 4831/4591/4476 4832/4588/4476
f 4734/4592/4476 4831/4591/4476 4733/4590/4476
f 4735/4593/4476 4831/4591/4476 4734/4592/4476
f 4735/4593/4476 4830/4594/4476 4831/4591/4476
f 4736/4595/4476 4830/4594/4476 4735/4593/4476
f 4736/4595/4476 4829/4596/4476 4830/4594/4476
f 4737/4597/4476 4829/4596/4476 4736/4595/4476
f 4737/4597/4476 4828/4598/4476 4829/4596/4476
f 4738/4599/4476 4828/4598/4476 4737/4597/4476
f 4738/4599/4476 4827/4600/4476 4828/4598/4476
f 4739/4601/4476 4827/4600/4476 4738/4599/4476
f 4739/4601/4476 4826/4602/4476 4827/4600/4476
f 4740/4603/4476 4826/4602/4476 4739/4601/4476
f 4741/4604/4476 4826/4602/4476 4740/4603/4476
f 4741/4604/4476 4825/4605/4476 4826/4602/4476
f 4742/4606/4476 4825/4605/4476 4741/4604/4476
f 4742/4606/4476 4824/4607/4476 4825/4605/4476
f 4743/4608/4476 4824/4607/4476 4742/4606/4476
f 4744/4609/4476 4824/4607/4476 4743/4608/4476
f 4745/4610/4476 4824/4607/4476 4744/4609/4476
f 4745/4610/4476 4823/4611/4476 4824/4607/4476
f 4746/4612/4476 4823/4611/4476 4745/4610/4476
f 4747/4613/4476 4823/4611/4476 4746/4612/4476
f 4747/4613/4476 4822/4614/4476 4823/4611/4476
f 4747/4613/4476 4821/4615/4476 4822/4614/4476
f 4747/4613/4476 4820/4616/4476 4821/4615/4476
f 4747/4613/4476 4819/4617/4476 4820/4616/4476
f 4747/4613/4476 4818/4618/4476 4819/4617/4476
f 4747/4613/4476 4817/4619/4476 4818/4618/4476
f 4747/4613/4476 4816/4620/4476 4817/4619/4476
f 4747/4613/4476 4815/4621/4476 4816/4620/4476
f 4747/4613/4476 4748/4622/4476 4815/4621/4476
f 4748/4622/4476 4814/4623/4476 4815/4621/4476
f 4749/4624/4476 4814/4623/4476 4748/4622/4476
f 4750/4625/4476 4814/4623/4476 4749/4624/4476
f 4751/4626/4476 4814/4623/4476 4750/4625/4476
f 4751/4626/4476 4813/4627/4476 4814/4623/4476
f 4752/4628/4476 4813/4627/4476 4751/4626/4476
f 4753/4629/4476 4813/4627/4476 4752/4628/4476
f 4753/4629/4476 4812/4630/4476 4813/4627/4476
f 4754/4631/4476 4812/4630/4476 4753/4629/4476
f 4754/4631/4476 4811/4632/4476 4812/4630/4476
f 4755/4633/4476 4811/4632/4476 4754/4631/4476
f 4756/4634/4476 4811/4632/4476 4755/4633/4476
f 4756/4634/4476 4810/4635/4476 4811/4632/4476
f 4757/4636/4476 4810/4635/4476 4756/4634/4476
f 4757/4636/4476 4809/4637/4476 4810/4635/4476
f 4758/4638/4476 4809/4637/4476 4757/4636/4476
f 4758/4638/4476 4808/4639/4476 4809/4637/4476
f 4759/4640/4476 4808/4639/4476 4758/4638/4476
f 4759/4640/4476 4807/4641/4476 4808/4639/4476
f 4760/4642/4476 4807/4641/4476 4759/4640/4476
f 4761/4643/4476 4807/4641/4476 4760/4642/4476
f 4761/4643/4476 4806/4644/4476 4807/4641/4476
f 4762/4645/4476 4806/4644/4476 4761/4643/4476
f 4763/4646/4476 4806/4644/4476 4762/4645/4476
f 4763/4646/4476 4805/4647/4476 4806/4644/4476
f 4784/4648/4476 4782/4649/4476 4783/4650/4476
f 4764/4651/4476 4805/4647/4476 4763/4646/4476
f 4784/4648/4476 4781/4652/4476 4782/4649/4476
f 4765/4653/4476 4805/4647/4476 4764/4651/4476
f 4784/4648/4476 4780/4654/4476 4781/4652/4476
f 4765/4653/4476 4804/4655/4476 4805/4647/4476
f 4766/4656/4476 4804/4655/4476 4765/4653/4476
f 4784/4648/4476 4779/4657/4476 4780/4654/4476
f 4784/4648/4476 4778/4658/4476 4779/4657/4476
f 4767/4659/4476 4804/4655/4476 4766/4656/4476
f 4784/4648/4476 4777/4660/4476 4778/4658/4476
f 4768/4661/4476 4804/4655/4476 4767/4659/4476
f 4784/4648/4476 4776/4662/4476 4777/4660/4476
f 4784/4648/4476 4775/4663/4476 4776/4662/4476
f 4769/4664/4476 4804/4655/4476 4768/4661/4476
f 4769/4664/4476 4803/4665/4476 4804/4655/4476
f 4784/4648/4476 4774/4666/4476 4775/4663/4476
f 4770/4667/4476 4803/4665/4476 4769/4664/4476
f 4784/4648/4476 4773/4668/4476 4774/4666/4476
f 4784/4648/4476 4772/4669/4476 4773/4668/4476
f 4771/4670/4476 4803/4665/4476 4770/4667/4476
f 4784/4648/4476 4771/4670/4476 4772/4669/4476
f 4784/4648/4476 4803/4665/4476 4771/4670/4476
f 4784/4648/4476 4802/4671/4476 4803/4665/4476
f 4784/4648/4476 4801/4672/4476 4802/4671/4476
f 4784/4648/4476 4800/4673/4476 4801/4672/4476
f 4785/4674/4476 4800/4673/4476 4784/4648/4476
f 4786/4675/4476 4800/4673/4476 4785/4674/4476
f 4787/4676/4476 4800/4673/4476 4786/4675/4476
f 4787/4676/4476 4799/4677/4476 4800/4673/4476
f 4788/4678/4476 4799/4677/4476 4787/4676/4476
f 4789/4679/4476 4799/4677/4476 4788/4678/4476
f 4789/4679/4476 4798/4680/4476 4799/4677/4476
f 4790/4681/4476 4798/4680/4476 4789/4679/4476
f 4791/4682/4476 4798/4680/4476 4790/4681/4476
f 4792/4683/4476 4798/4680/4476 4791/4682/4476
f 4792/4683/4476 4797/4684/4476 4798/4680/4476
f 4793/4685/4476 4797/4684/4476 4792/4683/4476
f 4794/4686/4476 4797/4684/4476 4793/4685/4476
f 4794/4686/4476 4796/4687/4476 4797/4684/4476
f 4795/4688/4476 4796/4687/4476 4794/4686/4476
o テキスト.003
v -0.160003 0.986040 0.003350
v -0.163588 0.986040 0.003350
v -0.193037 0.970094 0.035649
v -0.193037 0.968394 0.039094
v -0.168368 0.968394 0.039094
v -0.168368 0.959930 0.056238
v -0.160003 0.959930 0.056238
v -0.160003 0.968394 0.039094
v -0.153772 0.968394 0.039094
v -0.153772 0.971719 0.032358
v -0.160003 0.971719 0.032358
v -0.168539 0.979050 0.017510
v -0.168368 0.979050 0.017510
v -0.168368 0.971719 0.032358
v -0.181855 0.971719 0.032358
vn -0.0000 0.8967 0.4427
vt 0.142857 0.000000
vt 0.000000 0.000000
vt 0.071429 0.000000
vt 0.785714 0.000000
vt 0.857143 0.000000
vt 0.714286 0.000000
vt 1.000000 0.000000
vt 0.928571 0.000000
vt 0.642857 0.000000
vt 0.571429 0.000000
vt 0.214286 0.000000
vt 0.285714 0.000000
vt 0.357143 0.000000
vt 0.500000 0.000000
vt 0.428571 0.000000
s 0
usemtl banngou.003
f 4859/4689/4477 4857/4690/4477 4858/4691/4477
f 4859/4689/4477 4868/4692/4477 4857/4690/4477
f 4868/4692/4477 4869/4693/4477 4857/4690/4477
f 4869/4693/4477 4867/4694/4477 4857/4690/4477
f 4859/4689/4477 4871/4695/4477 4868/4692/4477
f 4870/4696/4477 4867/4694/4477 4869/4693/4477
f 4859/4689/4477 4870/4696/4477 4871/4695/4477
f 4859/4689/4477 4867/4694/4477 4870/4696/4477
f 4859/4689/4477 4866/4697/4477 4867/4694/4477
f 4859/4689/4477 4865/4698/4477 4866/4697/4477
f 4860/4699/4477 4865/4698/4477 4859/4689/4477
f 4861/4700/4477 4865/4698/4477 4860/4699/4477
f 4862/4701/4477 4864/4702/4477 4861/4700/4477
f 4864/4702/4477 4865/4698/4477 4861/4700/4477
f 4862/4701/4477 4863/4703/4477 4864/4702/4477
o テキスト.004
v -0.283698 0.939008 0.097352
v -0.309562 0.939008 0.097352
v -0.309562 0.925594 0.124523
v -0.306471 0.925853 0.123998
v -0.303605 0.925958 0.123784
v -0.300973 0.925921 0.123859
v -0.298582 0.925753 0.124200
v -0.296442 0.925465 0.124783
v -0.294560 0.925069 0.125585
v -0.292945 0.924577 0.126583
v -0.291605 0.923998 0.127755
v -0.290548 0.923346 0.129076
v -0.289783 0.922631 0.130524
v -0.289318 0.921865 0.132075
v -0.289161 0.921059 0.133708
v -0.289272 0.920436 0.134970
v -0.289596 0.919836 0.136186
v -0.290117 0.919265 0.137342
v -0.290821 0.918729 0.138427
v -0.291692 0.918234 0.139430
v -0.292714 0.917786 0.140338
v -0.293874 0.917391 0.141139
v -0.295155 0.917054 0.141821
v -0.296543 0.916782 0.142372
v -0.298023 0.916580 0.142781
v -0.299579 0.916455 0.143035
v -0.301197 0.916412 0.143122
v -0.302263 0.916425 0.143095
v -0.303330 0.916465 0.143014
v -0.304396 0.916532 0.142879
v -0.305461 0.916624 0.142691
v -0.306525 0.916744 0.142450
v -0.307588 0.916889 0.142156
v -0.308648 0.917060 0.141809
v -0.309707 0.917257 0.141410
v -0.310763 0.917480 0.140958
v -0.311817 0.917728 0.140455
v -0.312867 0.918002 0.139901
v -0.313915 0.918301 0.139295
v -0.313915 0.914485 0.147025
v -0.312676 0.914215 0.147571
v -0.311473 0.913973 0.148061
v -0.310298 0.913758 0.148496
v -0.309144 0.913569 0.148879
v -0.308005 0.913405 0.149211
v -0.306873 0.913266 0.149494
v -0.305741 0.913150 0.149728
v -0.304601 0.913057 0.149917
v -0.303448 0.912986 0.150060
v -0.302273 0.912936 0.150161
v -0.301070 0.912907 0.150220
v -0.299831 0.912898 0.150240
v -0.297143 0.912969 0.150096
v -0.294598 0.913177 0.149674
v -0.292211 0.913515 0.148989
v -0.290002 0.913975 0.148057
v -0.287987 0.914550 0.146894
v -0.286184 0.915231 0.145514
v -0.284611 0.916011 0.143933
v -0.283284 0.916883 0.142166
v -0.282222 0.917839 0.140230
v -0.281441 0.918872 0.138139
v -0.280960 0.919973 0.135909
v -0.280796 0.921135 0.133555
v -0.280962 0.922301 0.131193
v -0.281451 0.923411 0.128945
v -0.282255 0.924455 0.126830
v -0.283363 0.925423 0.124869
v -0.284765 0.926305 0.123082
v -0.286451 0.927091 0.121490
v -0.288411 0.927771 0.120114
v -0.290634 0.928334 0.118973
v -0.293112 0.928771 0.118088
v -0.295833 0.929071 0.117480
v -0.298787 0.929224 0.117169
v -0.301965 0.929221 0.117175
v -0.301965 0.935683 0.104087
v -0.283698 0.935683 0.104087
vn -0.0000 0.8967 0.4427
vt 0.025974 0.000000
vt 0.987013 0.000000
vt 0.012987 0.000000
vt 0.000000 0.000000
vt 1.000000 0.000000
vt 0.974026 0.000000
vt 0.948052 0.000000
vt 0.961039 0.000000
vt 0.935065 0.000000
vt 0.922078 0.000000
vt 0.909091 0.000000
vt 0.038961 0.000000
vt 0.896104 0.000000
vt 0.051948 0.000000
vt 0.883117 0.000000
vt 0.064935 0.000000
vt 0.870130 0.000000
vt 0.077922 0.000000
vt 0.090909 0.000000
vt 0.103896 0.000000
vt 0.857143 0.000000
vt 0.116883 0.000000
vt 0.129870 0.000000
vt 0.844156 0.000000
vt 0.142857 0.000000
vt 0.831169 0.000000
vt 0.155844 0.000000
vt 0.168831 0.000000
vt 0.818182 0.000000
vt 0.181818 0.000000
vt 0.805195 0.000000
vt 0.194805 0.000000
vt 0.207792 0.000000
vt 0.792208 0.000000
vt 0.220779 0.000000
vt 0.233766 0.000000
vt 0.779221 0.000000
vt 0.246753 0.000000
vt 0.506494 0.000000
vt 0.480519 0.000000
vt 0.493506 0.000000
vt 0.259740 0.000000
vt 0.467532 0.000000
vt 0.766234 0.000000
vt 0.272727 0.000000
vt 0.454545 0.000000
vt 0.441558 0.000000
vt 0.285714 0.000000
vt 0.428571 0.000000
vt 0.415584 0.000000
vt 0.298701 0.000000
vt 0.402597 0.000000
vt 0.753247 0.000000
vt 0.311688 0.000000
vt 0.389610 0.000000
vt 0.376623 0.000000
vt 0.324675 0.000000
vt 0.363636 0.000000
vt 0.350649 0.000000
vt 0.337662 0.000000
vt 0.740260 0.000000
vt 0.727273 0.000000
vt 0.714286 0.000000
vt 0.519481 0.000000
vt 0.532468 0.000000
vt 0.701299 0.000000
vt 0.545455 0.000000
vt 0.558442 0.000000
vt 0.571429 0.000000
vt 0.688312 0.000000
vt 0.584416 0.000000
vt 0.597403 0.000000
vt 0.675325 0.000000
vt 0.610390 0.000000
vt 0.623377 0.000000
vt 0.636364 0.000000
vt 0.662338 0.000000
vt 0.649351 0.000000
s 0
usemtl banngou.004
f 4874/4704/4478 4948/4705/4478 4873/4706/4478
f 4948/4705/4478 4872/4707/4478 4873/4706/4478
f 4948/4705/4478 4949/4708/4478 4872/4707/4478
f 4874/4704/4478 4947/4709/4478 4948/4705/4478
f 4947/4709/4478 4945/4710/4478 4946/4711/4478
f 4874/4704/4478 4945/4710/4478 4947/4709/4478
f 4874/4704/4478 4944/4712/4478 4945/4710/4478
f 4874/4704/4478 4943/4713/4478 4944/4712/4478
f 4874/4704/4478 4942/4714/4478 4943/4713/4478
f 4874/4704/4478 4875/4715/4478 4942/4714/4478
f 4875/4715/4478 4941/4716/4478 4942/4714/4478
f 4875/4715/4478 4876/4717/4478 4941/4716/4478
f 4876/4717/4478 4940/4718/4478 4941/4716/4478
f 4876/4717/4478 4877/4719/4478 4940/4718/4478
f 4877/4719/4478 4939/4720/4478 4940/4718/4478
f 4878/4721/4478 4939/4720/4478 4877/4719/4478
f 4879/4722/4478 4939/4720/4478 4878/4721/4478
f 4880/4723/4478 4939/4720/4478 4879/4722/4478
f 4880/4723/4478 4938/4724/4478 4939/4720/4478
f 4881/4725/4478 4938/4724/4478 4880/4723/4478
f 4882/4726/4478 4938/4724/4478 4881/4725/4478
f 4882/4726/4478 4937/4727/4478 4938/4724/4478
f 4883/4728/4478 4937/4727/4478 4882/4726/4478
f 4883/4728/4478 4936/4729/4478 4937/4727/4478
f 4884/4730/4478 4936/4729/4478 4883/4728/4478
f 4885/4731/4478 4936/4729/4478 4884/4730/4478
f 4885/4731/4478 4935/4732/4478 4936/4729/4478
f 4886/4733/4478 4935/4732/4478 4885/4731/4478
f 4886/4733/4478 4934/4734/4478 4935/4732/4478
f 4887/4735/4478 4934/4734/4478 4886/4733/4478
f 4888/4736/4478 4934/4734/4478 4887/4735/4478
f 4888/4736/4478 4933/4737/4478 4934/4734/4478
f 4889/4738/4478 4933/4737/4478 4888/4736/4478
f 4890/4739/4478 4933/4737/4478 4889/4738/4478
f 4890/4739/4478 4932/4740/4478 4933/4737/4478
f 4891/4741/4478 4932/4740/4478 4890/4739/4478
f 4911/4742/4478 4909/4743/4478 4910/4744/4478
f 4892/4745/4478 4932/4740/4478 4891/4741/4478
f 4911/4742/4478 4908/4746/4478 4909/4743/4478
f 4892/4745/4478 4931/4747/4478 4932/4740/4478
f 4893/4748/4478 4931/4747/4478 4892/4745/4478
f 4911/4742/4478 4907/4749/4478 4908/4746/4478
f 4911/4742/4478 4906/4750/4478 4907/4749/4478
f 4894/4751/4478 4931/4747/4478 4893/4748/4478
f 4911/4742/4478 4905/4752/4478 4906/4750/4478
f 4911/4742/4478 4904/4753/4478 4905/4752/4478
f 4895/4754/4478 4931/4747/4478 4894/4751/4478
f 4911/4742/4478 4903/4755/4478 4904/4753/4478
f 4895/4754/4478 4930/4756/4478 4931/4747/4478
f 4896/4757/4478 4930/4756/4478 4895/4754/4478
f 4911/4742/4478 4902/4758/4478 4903/4755/4478
f 4911/4742/4478 4901/4759/4478 4902/4758/4478
f 4897/4760/4478 4930/4756/4478 4896/4757/4478
f 4911/4742/4478 4900/4761/4478 4901/4759/4478
f 4911/4742/4478 4899/4762/4478 4900/4761/4478
f 4898/4763/4478 4930/4756/4478 4897/4760/4478
f 4911/4742/4478 4898/4763/4478 4899/4762/4478
f 4911/4742/4478 4930/4756/4478 4898/4763/4478
f 4911/4742/4478 4929/4764/4478 4930/4756/4478
f 4911/4742/4478 4928/4765/4478 4929/4764/4478
f 4911/4742/4478 4927/4766/4478 4928/4765/4478
f 4912/4767/4478 4927/4766/4478 4911/4742/4478
f 4913/4768/4478 4927/4766/4478 4912/4767/4478
f 4913/4768/4478 4926/4769/4478 4927/4766/4478
f 4914/4770/4478 4926/4769/4478 4913/4768/4478
f 4915/4771/4478 4926/4769/4478 4914/4770/4478
f 4916/4772/4478 4926/4769/4478 4915/4771/4478
f 4916/4772/4478 4925/4773/4478 4926/4769/4478
f 4917/4774/4478 4925/4773/4478 4916/4772/4478
f 4918/4775/4478 4925/4773/4478 4917/4774/4478
f 4918/4775/4478 4924/4776/4478 4925/4773/4478
f 4919/4777/4478 4924/4776/4478 4918/4775/4478
f 4920/4778/4478 4924/4776/4478 4919/4777/4478
f 4921/4779/4478 4924/4776/4478 4920/4778/4478
f 4921/4779/4478 4923/4780/4478 4924/4776/4478
f 4922/4781/4478 4923/4780/4478 4921/4779/4478
o テキスト.005
v -0.364348 0.874545 0.229047
v -0.367980 0.873391 0.231384
v -0.371320 0.872163 0.233871
v -0.374363 0.870868 0.236494
v -0.377104 0.869512 0.239241
v -0.379539 0.868101 0.242098
v -0.381665 0.866643 0.245053
v -0.383475 0.865142 0.248092
v -0.384966 0.863606 0.251203
v -0.386134 0.862042 0.254373
v -0.386973 0.860454 0.257588
v -0.387480 0.858851 0.260835
v -0.387650 0.857239 0.264101
v -0.387494 0.855916 0.266781
v -0.387036 0.854672 0.269300
v -0.386289 0.853514 0.271645
v -0.385267 0.852450 0.273802
v -0.383984 0.851484 0.275757
v -0.382454 0.850626 0.277496
v -0.380692 0.849881 0.279005
v -0.378710 0.849256 0.280271
v -0.376523 0.848758 0.281280
v -0.374145 0.848394 0.282017
v -0.371590 0.848170 0.282470
v -0.368872 0.848094 0.282624
v -0.366580 0.848166 0.282479
v -0.364370 0.848374 0.282057
v -0.362266 0.848709 0.281379
v -0.360289 0.849161 0.280464
v -0.358461 0.849720 0.279332
v -0.356804 0.850376 0.278003
v -0.355342 0.851119 0.276497
v -0.354095 0.851940 0.274834
v -0.353087 0.852829 0.273034
v -0.352340 0.853775 0.271116
v -0.351875 0.854770 0.269102
v -0.351715 0.855803 0.267010
v -0.351858 0.856848 0.264893
v -0.352276 0.857842 0.262879
v -0.352954 0.858779 0.260981
v -0.353874 0.859650 0.259217
v -0.355021 0.860447 0.257602
v -0.356378 0.861164 0.256151
v -0.357928 0.861791 0.254880
v -0.359656 0.862322 0.253806
v -0.361546 0.862748 0.252942
v -0.363580 0.863062 0.252306
v -0.365743 0.863256 0.251913
v -0.368018 0.863322 0.251779
v -0.368961 0.863311 0.251801
v -0.369868 0.863281 0.251863
v -0.370742 0.863231 0.251963
v -0.371581 0.863165 0.252096
v -0.372387 0.863085 0.252259
v -0.373161 0.862992 0.252449
v -0.373903 0.862887 0.252660
v -0.374613 0.862774 0.252890
v -0.375292 0.862653 0.253135
v -0.375941 0.862526 0.253391
v -0.376561 0.862396 0.253655
v -0.377151 0.862264 0.253922
v -0.376455 0.863164 0.252100
v -0.375569 0.864063 0.250277
v -0.374508 0.864957 0.248467
v -0.373285 0.865838 0.246682
v -0.371914 0.866702 0.244934
v -0.370408 0.867540 0.243235
v -0.368782 0.868348 0.241599
v -0.367048 0.869119 0.240037
v -0.365220 0.869847 0.238563
v -0.363312 0.870526 0.237188
v -0.361338 0.871149 0.235925
v -0.359312 0.871711 0.234787
v -0.378944 0.858448 0.261652
v -0.378060 0.858697 0.261148
v -0.377236 0.858916 0.260704
v -0.376459 0.859107 0.260318
v -0.375719 0.859271 0.259985
v -0.375004 0.859409 0.259704
v -0.374303 0.859525 0.259471
v -0.373603 0.859618 0.259282
v -0.372893 0.859690 0.259135
v -0.372162 0.859744 0.259026
v -0.371398 0.859781 0.258952
v -0.370590 0.859801 0.258910
v -0.369725 0.859808 0.258897
v -0.368370 0.859773 0.258967
v -0.367084 0.859672 0.259173
v -0.365878 0.859507 0.259507
v -0.364759 0.859283 0.259960
v -0.363737 0.859004 0.260525
v -0.362822 0.858674 0.261193
v -0.362022 0.858297 0.261957
v -0.361348 0.857877 0.262809
v -0.360807 0.857417 0.263740
v -0.360409 0.856922 0.264744
v -0.360164 0.856395 0.265811
v -0.360080 0.855841 0.266933
v -0.360157 0.855225 0.268179
v -0.360384 0.854648 0.269349
v -0.360753 0.854111 0.270436
v -0.361259 0.853618 0.271435
v -0.361894 0.853172 0.272339
v -0.362651 0.852775 0.273143
v -0.363524 0.852431 0.273839
v -0.364506 0.852143 0.274423
v -0.365589 0.851914 0.274887
v -0.366768 0.851746 0.275227
v -0.368035 0.851643 0.275435
v -0.369384 0.851608 0.275506
v -0.370887 0.851662 0.275397
v -0.372350 0.851821 0.275075
v -0.373746 0.852082 0.274547
v -0.375049 0.852441 0.273819
v -0.376232 0.852895 0.272899
v -0.377269 0.853441 0.271794
v -0.378133 0.854075 0.270510
v -0.378798 0.854794 0.269054
v -0.379239 0.855594 0.267433
v -0.379427 0.856472 0.265655
v -0.379338 0.857424 0.263726
vn -0.0000 0.8967 0.4427
vt 0.008333 0.000000
vt 0.600000 0.000000
vt 0.000000 0.000000
vt 0.016667 0.000000
vt 0.025000 0.000000
vt 0.591667 0.000000
vt 0.583333 0.000000
vt 0.033333 0.000000
vt 0.575000 0.000000
vt 0.566667 0.000000
vt 0.041667 0.000000
vt 0.558333 0.000000
vt 0.550000 0.000000
vt 0.050000 0.000000
vt 0.541667 0.000000
vt 0.533333 0.000000
vt 0.058333 0.000000
vt 0.525000 0.000000
vt 0.066667 0.000000
vt 0.516667 0.000000
vt 0.508333 0.000000
vt 0.075000 0.000000
vt 0.408333 0.000000
vt 0.391667 0.000000
vt 0.400000 0.000000
vt 0.416667 0.000000
vt 0.425000 0.000000
vt 0.383333 0.000000
vt 0.433333 0.000000
vt 0.441667 0.000000
vt 0.500000 0.000000
vt 0.450000 0.000000
vt 0.375000 0.000000
vt 0.458333 0.000000
vt 0.466667 0.000000
vt 0.475000 0.000000
vt 0.366667 0.000000
vt 0.483333 0.000000
vt 0.491667 0.000000
vt 0.358333 0.000000
vt 0.083333 0.000000
vt 0.350000 0.000000
vt 0.341667 0.000000
vt 0.091667 0.000000
vt 0.683333 0.000000
vt 0.691667 0.000000
vt 0.700000 0.000000
vt 0.708333 0.000000
vt 0.333333 0.000000
vt 0.716667 0.000000
vt 0.725000 0.000000
vt 0.675000 0.000000
vt 0.666667 0.000000
vt 0.733333 0.000000
vt 0.325000 0.000000
vt 0.658333 0.000000
vt 0.650000 0.000000
vt 0.741667 0.000000
vt 0.641667 0.000000
vt 0.750000 0.000000
vt 0.633333 0.000000
vt 0.625000 0.000000
vt 0.758333 0.000000
vt 0.616667 0.000000
vt 0.100000 0.000000
vt 0.316667 0.000000
vt 0.608333 0.000000
vt 0.766667 0.000000
vt 1.000000 0.000000
vt 0.775000 0.000000
vt 0.783333 0.000000
vt 0.308333 0.000000
vt 0.991667 0.000000
vt 0.791667 0.000000
vt 0.108333 0.000000
vt 0.800000 0.000000
vt 0.300000 0.000000
vt 0.983333 0.000000
vt 0.808333 0.000000
vt 0.116667 0.000000
vt 0.816667 0.000000
vt 0.291667 0.000000
vt 0.975000 0.000000
vt 0.825000 0.000000
vt 0.966667 0.000000
vt 0.283333 0.000000
vt 0.125000 0.000000
vt 0.833333 0.000000
vt 0.841667 0.000000
vt 0.958333 0.000000
vt 0.275000 0.000000
vt 0.850000 0.000000
vt 0.133333 0.000000
vt 0.950000 0.000000
vt 0.858333 0.000000
vt 0.941667 0.000000
vt 0.266667 0.000000
vt 0.866667 0.000000
vt 0.141667 0.000000
vt 0.933333 0.000000
vt 0.875000 0.000000
vt 0.883333 0.000000
vt 0.925000 0.000000
vt 0.258333 0.000000
vt 0.891667 0.000000
vt 0.916667 0.000000
vt 0.900000 0.000000
vt 0.908333 0.000000
vt 0.150000 0.000000
vt 0.250000 0.000000
vt 0.158333 0.000000
vt 0.241667 0.000000
vt 0.166667 0.000000
vt 0.233333 0.000000
vt 0.175000 0.000000
vt 0.225000 0.000000
vt 0.183333 0.000000
vt 0.216667 0.000000
vt 0.191667 0.000000
vt 0.208333 0.000000
vt 0.200000 0.000000
s 0
usemtl banngou.005
f 4951/4782/4479 5022/4783/4479 4950/4784/4479
f 4952/4785/4479 5022/4783/4479 4951/4782/4479
f 4953/4786/4479 5022/4783/4479 4952/4785/4479
f 4953/4786/4479 5021/4787/4479 5022/4783/4479
f 4953/4786/4479 5020/4788/4479 5021/4787/4479
f 4954/4789/4479 5020/4788/4479 4953/4786/4479
f 4954/4789/4479 5019/4790/4479 5020/4788/4479
f 4954/4789/4479 5018/4791/4479 5019/4790/4479
f 4955/4792/4479 5018/4791/4479 4954/4789/4479
f 4955/4792/4479 5017/4793/4479 5018/4791/4479
f 4955/4792/4479 5016/4794/4479 5017/4793/4479
f 4956/4795/4479 5016/4794/4479 4955/4792/4479
f 4956/4795/4479 5015/4796/4479 5016/4794/4479
f 4956/4795/4479 5014/4797/4479 5015/4796/4479
f 4957/4798/4479 5014/4797/4479 4956/4795/4479
f 4957/4798/4479 5013/4799/4479 5014/4797/4479
f 4958/4800/4479 5013/4799/4479 4957/4798/4479
f 4958/4800/4479 5012/4801/4479 5013/4799/4479
f 4958/4800/4479 5011/4802/4479 5012/4801/4479
f 4959/4803/4479 5011/4802/4479 4958/4800/4479
f 4999/4804/4479 4997/4805/4479 4998/4806/4479
f 5000/4807/4479 4997/4805/4479 4999/4804/4479
f 5001/4808/4479 4997/4805/4479 5000/4807/4479
f 5001/4808/4479 4996/4809/4479 4997/4805/4479
f 5002/4810/4479 4996/4809/4479 5001/4808/4479
f 5003/4811/4479 4996/4809/4479 5002/4810/4479
f 4959/4803/4479 5010/4812/4479 5011/4802/4479
f 5004/4813/4479 4996/4809/4479 5003/4811/4479
f 5004/4813/4479 4995/4814/4479 4996/4809/4479
f 5005/4815/4479 4995/4814/4479 5004/4813/4479
f 5006/4816/4479 4995/4814/4479 5005/4815/4479
f 5007/4817/4479 4995/4814/4479 5006/4816/4479
f 5007/4817/4479 4994/4818/4479 4995/4814/4479
f 5008/4819/4479 4994/4818/4479 5007/4817/4479
f 5009/4820/4479 4994/4818/4479 5008/4819/4479
f 5010/4812/4479 4994/4818/4479 5009/4820/4479
f 5010/4812/4479 4993/4821/4479 4994/4818/4479
f 4959/4803/4479 4993/4821/4479 5010/4812/4479
f 4960/4822/4479 4993/4821/4479 4959/4803/4479
f 4960/4822/4479 4992/4823/4479 4993/4821/4479
f 4960/4822/4479 4991/4824/4479 4992/4823/4479
f 4961/4825/4479 5032/4826/4479 4960/4822/4479
f 5032/4826/4479 5033/4827/4479 4960/4822/4479
f 5033/4827/4479 4991/4824/4479 4960/4822/4479
f 5033/4827/4479 5034/4828/4479 4991/4824/4479
f 5034/4828/4479 5035/4829/4479 4991/4824/4479
f 5035/4829/4479 4990/4830/4479 4991/4824/4479
f 5036/4831/4479 4990/4830/4479 5035/4829/4479
f 5037/4832/4479 4990/4830/4479 5036/4831/4479
f 4961/4825/4479 5031/4833/4479 5032/4826/4479
f 4961/4825/4479 5030/4834/4479 5031/4833/4479
f 5038/4835/4479 4990/4830/4479 5037/4832/4479
f 5038/4835/4479 4989/4836/4479 4990/4830/4479
f 4961/4825/4479 5029/4837/4479 5030/4834/4479
f 4961/4825/4479 5028/4838/4479 5029/4837/4479
f 5039/4839/4479 4989/4836/4479 5038/4835/4479
f 4961/4825/4479 5027/4840/4479 5028/4838/4479
f 5040/4841/4479 4989/4836/4479 5039/4839/4479
f 4961/4825/4479 5026/4842/4479 5027/4840/4479
f 4961/4825/4479 5025/4843/4479 5026/4842/4479
f 5041/4844/4479 4989/4836/4479 5040/4841/4479
f 4961/4825/4479 5024/4845/4479 5025/4843/4479
f 4962/4846/4479 5024/4845/4479 4961/4825/4479
f 5041/4844/4479 4988/4847/4479 4989/4836/4479
f 4962/4846/4479 5023/4848/4479 5024/4845/4479
f 5042/4849/4479 4988/4847/4479 5041/4844/4479
f 4962/4846/4479 5070/4850/4479 5023/4848/4479
f 5043/4851/4479 4988/4847/4479 5042/4849/4479
f 5044/4852/4479 4988/4847/4479 5043/4851/4479
f 5044/4852/4479 4987/4853/4479 4988/4847/4479
f 4962/4846/4479 5069/4854/4479 5070/4850/4479
f 5045/4855/4479 4987/4853/4479 5044/4852/4479
f 4963/4856/4479 5069/4854/4479 4962/4846/4479
f 5046/4857/4479 4987/4853/4479 5045/4855/4479
f 5046/4857/4479 4986/4858/4479 4987/4853/4479
f 4963/4856/4479 5068/4859/4479 5069/4854/4479
f 5047/4860/4479 4986/4858/4479 5046/4857/4479
f 4964/4861/4479 5068/4859/4479 4963/4856/4479
f 5048/4862/4479 4986/4858/4479 5047/4860/4479
f 5048/4862/4479 4985/4863/4479 4986/4858/4479
f 4964/4861/4479 5067/4864/4479 5068/4859/4479
f 5049/4865/4479 4985/4863/4479 5048/4862/4479
f 4964/4861/4479 5066/4866/4479 5067/4864/4479
f 5049/4865/4479 4984/4867/4479 4985/4863/4479
f 4965/4868/4479 5066/4866/4479 4964/4861/4479
f 5050/4869/4479 4984/4867/4479 5049/4865/4479
f 5051/4870/4479 4984/4867/4479 5050/4869/4479
f 4965/4868/4479 5065/4871/4479 5066/4866/4479
f 5051/4870/4479 4983/4872/4479 4984/4867/4479
f 5052/4873/4479 4983/4872/4479 5051/4870/4479
f 4966/4874/4479 5065/4871/4479 4965/4868/4479
f 4966/4874/4479 5064/4875/4479 5065/4871/4479
f 5053/4876/4479 4983/4872/4479 5052/4873/4479
f 4966/4874/4479 5063/4877/4479 5064/4875/4479
f 5053/4876/4479 4982/4878/4479 4983/4872/4479
f 5054/4879/4479 4982/4878/4479 5053/4876/4479
f 4967/4880/4479 5063/4877/4479 4966/4874/4479
f 4967/4880/4479 5062/4881/4479 5063/4877/4479
f 5055/4882/4479 4982/4878/4479 5054/4879/4479
f 5056/4883/4479 4982/4878/4479 5055/4882/4479
f 4967/4880/4479 5061/4884/4479 5062/4881/4479
f 5056/4883/4479 4981/4885/4479 4982/4878/4479
f 5057/4886/4479 4981/4885/4479 5056/4883/4479
f 4967/4880/4479 5060/4887/4479 5061/4884/4479
f 5058/4888/4479 4981/4885/4479 5057/4886/4479
f 4967/4880/4479 5059/4889/4479 5060/4887/4479
f 5059/4889/4479 4981/4885/4479 5058/4888/4479
f 4967/4880/4479 4981/4885/4479 5059/4889/4479
f 4968/4890/4479 4981/4885/4479 4967/4880/4479
f 4968/4890/4479 4980/4891/4479 4981/4885/4479
f 4969/4892/4479 4980/4891/4479 4968/4890/4479
f 4969/4892/4479 4979/4893/4479 4980/4891/4479
f 4970/4894/4479 4979/4893/4479 4969/4892/4479
f 4970/4894/4479 4978/4895/4479 4979/4893/4479
f 4971/4896/4479 4978/4895/4479 4970/4894/4479
f 4971/4896/4479 4977/4897/4479 4978/4895/4479
f 4972/4898/4479 4977/4897/4479 4971/4896/4479
f 4972/4898/4479 4976/4899/4479 4977/4897/4479
f 4973/4900/4479 4976/4899/4479 4972/4898/4479
f 4973/4900/4479 4975/4901/4479 4976/4899/4479
f 4974/4902/4479 4975/4901/4479 4973/4900/4479
o テキスト.006
v -0.346453 0.804440 0.379372
v -0.384095 0.804440 0.379372
v -0.384095 0.800926 0.386490
v -0.358915 0.800926 0.386490
v -0.380254 0.779766 0.429351
v -0.372828 0.778330 0.432260
vn -0.0000 0.8967 0.4427
vt 0.400000 0.000000
vt 0.000000 0.000000
vt 0.200000 0.000000
vt 0.600000 0.000000
vt 1.000000 0.000000
vt 0.800000 0.000000
s 0
usemtl banngou.006
f 5073/4903/4480 5071/4904/4480 5072/4905/4480
f 5073/4903/4480 5074/4906/4480 5071/4904/4480
f 5074/4906/4480 5076/4907/4480 5071/4904/4480
f 5075/4908/4480 5076/4907/4480 5074/4906/4480
o テキスト.007
v -0.274689 0.716784 0.551864
v -0.274746 0.717430 0.550556
v -0.274916 0.718062 0.549276
v -0.275200 0.718677 0.548030
v -0.275596 0.719272 0.546824
v -0.276105 0.719845 0.545663
v -0.276727 0.720393 0.544555
v -0.277460 0.720912 0.543503
v -0.278305 0.721399 0.542515
v -0.279262 0.721853 0.541596
v -0.280330 0.722270 0.540752
v -0.281508 0.722647 0.539988
v -0.282798 0.722981 0.539312
v -0.281615 0.723354 0.538557
v -0.280541 0.723751 0.537751
v -0.279575 0.724172 0.536900
v -0.278716 0.724611 0.536009
v -0.277963 0.725067 0.535086
v -0.277313 0.725536 0.534136
v -0.276767 0.726016 0.533165
v -0.276323 0.726502 0.532179
v -0.275980 0.726993 0.531185
v -0.275736 0.727485 0.530189
v -0.275591 0.727975 0.529196
v -0.275542 0.728460 0.528214
v -0.275692 0.729504 0.526099
v -0.276132 0.730497 0.524088
v -0.276843 0.731430 0.522197
v -0.277809 0.732297 0.520441
v -0.279014 0.733090 0.518834
v -0.280440 0.733802 0.517393
v -0.282070 0.734425 0.516132
v -0.283888 0.734951 0.515066
v -0.285877 0.735373 0.514211
v -0.288020 0.735684 0.513581
v -0.290300 0.735876 0.513192
v -0.292699 0.735942 0.513059
v -0.295184 0.735877 0.513191
v -0.297548 0.735687 0.513575
v -0.299772 0.735380 0.514198
v -0.301839 0.734962 0.515043
v -0.303730 0.734442 0.516098
v -0.305428 0.733826 0.517345
v -0.306914 0.733121 0.518771
v -0.308171 0.732337 0.520361
v -0.309180 0.731478 0.522100
v -0.309923 0.730554 0.523973
v -0.310382 0.729570 0.525965
v -0.310539 0.728535 0.528061
v -0.310486 0.727993 0.529160
v -0.310329 0.727460 0.530239
v -0.310071 0.726940 0.531293
v -0.309714 0.726432 0.532321
v -0.309261 0.725939 0.533321
v -0.308714 0.725461 0.534289
v -0.308077 0.724999 0.535224
v -0.307352 0.724555 0.536123
v -0.306542 0.724130 0.536983
v -0.305649 0.723726 0.537803
v -0.304675 0.723342 0.538580
v -0.303625 0.722981 0.539312
v -0.304953 0.722610 0.540063
v -0.306165 0.722215 0.540863
v -0.307259 0.721795 0.541713
v -0.308237 0.721350 0.542614
v -0.309099 0.720880 0.543567
v -0.309845 0.720383 0.544574
v -0.310476 0.719860 0.545634
v -0.310991 0.719309 0.546750
v -0.311391 0.718730 0.547922
v -0.311677 0.718123 0.549152
v -0.311848 0.717487 0.550440
v -0.311905 0.716822 0.551787
v -0.311737 0.715812 0.553832
v -0.311249 0.714849 0.555784
v -0.310459 0.713939 0.557627
v -0.309388 0.713091 0.559345
v -0.308057 0.712312 0.560921
v -0.306484 0.711612 0.562340
v -0.304692 0.710997 0.563585
v -0.302699 0.710476 0.564640
v -0.300525 0.710057 0.565489
v -0.298192 0.709748 0.566115
v -0.295719 0.709557 0.566503
v -0.293126 0.709491 0.566636
v -0.290576 0.709556 0.566504
v -0.288144 0.709745 0.566121
v -0.285852 0.710052 0.565501
v -0.283718 0.710467 0.564660
v -0.281761 0.710983 0.563614
v -0.280002 0.711593 0.562378
v -0.278460 0.712289 0.560969
v -0.277155 0.713063 0.559402
v -0.276105 0.713907 0.557692
v -0.275331 0.714814 0.555855
v -0.274853 0.715775 0.553907
v -0.283907 0.728535 0.528061
v -0.283991 0.728023 0.529099
v -0.284234 0.727528 0.530101
v -0.284626 0.727057 0.531056
v -0.285156 0.726613 0.531955
v -0.285813 0.726202 0.532788
v -0.286585 0.725829 0.533543
v -0.287463 0.725500 0.534210
v -0.288434 0.725219 0.534779
v -0.289489 0.724991 0.535240
v -0.290615 0.724822 0.535581
v -0.291803 0.724717 0.535794
v -0.293041 0.724681 0.535867
v -0.294260 0.724718 0.535793
v -0.295436 0.724825 0.535575
v -0.296556 0.724998 0.535226
v -0.297609 0.725230 0.534756
v -0.298582 0.725517 0.534175
v -0.299464 0.725853 0.533495
v -0.300242 0.726233 0.532725
v -0.300906 0.726652 0.531876
v -0.301443 0.727104 0.530959
v -0.301841 0.727585 0.529985
v -0.302089 0.728089 0.528965
v -0.302174 0.728611 0.527907
v -0.302097 0.729170 0.526775
v -0.301870 0.729694 0.525714
v -0.301500 0.730180 0.524730
v -0.300995 0.730625 0.523828
v -0.300360 0.731027 0.523014
v -0.299602 0.731384 0.522292
v -0.298730 0.731692 0.521667
v -0.297748 0.731950 0.521144
v -0.296664 0.732155 0.520728
v -0.295485 0.732305 0.520426
v -0.294218 0.732396 0.520240
v -0.292870 0.732427 0.520177
v -0.291600 0.732393 0.520246
v -0.290398 0.732294 0.520447
v -0.289273 0.732133 0.520774
v -0.288232 0.731914 0.521217
v -0.287284 0.731641 0.521771
v -0.286436 0.731318 0.522425
v -0.285697 0.730948 0.523174
v -0.285074 0.730535 0.524010
v -0.284576 0.730084 0.524924
v -0.284210 0.729598 0.525909
v -0.283984 0.729080 0.526957
v -0.283054 0.717086 0.551252
v -0.283127 0.716554 0.552331
v -0.283344 0.716036 0.553379
v -0.283706 0.715540 0.554384
v -0.284211 0.715071 0.555334
v -0.284858 0.714635 0.556217
v -0.285646 0.714238 0.557021
v -0.286575 0.713886 0.557734
v -0.287644 0.713585 0.558344
v -0.288851 0.713340 0.558840
v -0.290197 0.713158 0.559208
v -0.291679 0.713045 0.559438
v -0.293297 0.713005 0.559518
v -0.294753 0.713040 0.559447
v -0.296130 0.713142 0.559240
v -0.297418 0.713308 0.558904
v -0.298608 0.713534 0.558446
v -0.299691 0.713817 0.557873
v -0.300659 0.714153 0.557193
v -0.301502 0.714539 0.556412
v -0.302212 0.714970 0.555538
v -0.302779 0.715444 0.554577
v -0.303196 0.715957 0.553538
v -0.303452 0.716506 0.552427
v -0.303540 0.717086 0.551252
v -0.303455 0.717675 0.550060
v -0.303207 0.718228 0.548938
v -0.302801 0.718744 0.547894
v -0.302243 0.719219 0.546931
v -0.301541 0.719650 0.546059
v -0.300701 0.720034 0.545282
v -0.299730 0.720367 0.544607
v -0.298633 0.720647 0.544040
v -0.297418 0.720870 0.543588
v -0.296091 0.721033 0.543258
v -0.294658 0.721133 0.543055
v -0.293126 0.721167 0.542985
v -0.291691 0.721132 0.543058
v -0.290335 0.721028 0.543268
v -0.289067 0.720859 0.543610
v -0.287897 0.720630 0.544074
v -0.286832 0.720344 0.544653
v -0.285881 0.720005 0.545339
v -0.285053 0.719618 0.546124
v -0.284356 0.719185 0.547000
v -0.283799 0.718712 0.547958
v -0.283391 0.718202 0.548992
v -0.283139 0.717659 0.550092
vn -0.0000 0.8967 0.4427
vt 0.193717 0.000000
vt 0.183246 0.000000
vt 0.188482 0.000000
vt 0.198953 0.000000
vt 0.178010 0.000000
vt 0.204188 0.000000
vt 0.172775 0.000000
vt 0.209424 0.000000
vt 0.167539 0.000000
vt 0.214660 0.000000
vt 0.162304 0.000000
vt 0.219895 0.000000
vt 0.157068 0.000000
vt 0.225131 0.000000
vt 0.151832 0.000000
vt 0.230366 0.000000
vt 0.691099 0.000000
vt 0.146597 0.000000
vt 0.685864 0.000000
vt 0.696335 0.000000
vt 0.680628 0.000000
vt 0.701571 0.000000
vt 0.235602 0.000000
vt 0.675393 0.000000
vt 0.141361 0.000000
vt 0.706806 0.000000
vt 0.670157 0.000000
vt 0.712042 0.000000
vt 0.664921 0.000000
vt 0.717277 0.000000
vt 0.659686 0.000000
vt 0.722513 0.000000
vt 0.240838 0.000000
vt 0.136126 0.000000
vt 0.654450 0.000000
vt 0.727749 0.000000
vt 0.649215 0.000000
vt 0.732984 0.000000
vt 0.643979 0.000000
vt 0.246073 0.000000
vt 0.738220 0.000000
vt 0.130890 0.000000
vt 0.638743 0.000000
vt 0.743455 0.000000
vt 0.633508 0.000000
vt 0.748691 0.000000
vt 0.251309 0.000000
vt 0.125654 0.000000
vt 0.628272 0.000000
vt 0.502618 0.000000
vt 0.623037 0.000000
vt 0.256545 0.000000
vt 0.507853 0.000000
vt 0.120419 0.000000
vt 0.617801 0.000000
vt 0.513089 0.000000
vt 0.261780 0.000000
vt 0.115183 0.000000
vt 0.612565 0.000000
vt 0.518325 0.000000
vt 0.109948 0.000000
vt 0.267016 0.000000
vt 0.607330 0.000000
vt 0.523560 0.000000
vt 0.104712 0.000000
vt 0.272251 0.000000
vt 0.602094 0.000000
vt 0.528796 0.000000
vt 0.099476 0.000000
vt 0.277487 0.000000
vt 0.596859 0.000000
vt 0.534031 0.000000
vt 0.094241 0.000000
vt 0.282723 0.000000
vt 0.591623 0.000000
vt 0.539267 0.000000
vt 0.089005 0.000000
vt 0.586387 0.000000
vt 0.544503 0.000000
vt 0.287958 0.000000
vt 0.581152 0.000000
vt 0.549738 0.000000
vt 0.083770 0.000000
vt 0.293194 0.000000
vt 0.575916 0.000000
vt 0.554974 0.000000
vt 0.570681 0.000000
vt 0.560209 0.000000
vt 0.565445 0.000000
vt 0.078534 0.000000
vt 0.298429 0.000000
vt 0.073298 0.000000
vt 0.303665 0.000000
vt 0.068063 0.000000
vt 0.308901 0.000000
vt 0.062827 0.000000
vt 0.314136 0.000000
vt 0.319372 0.000000
vt 0.057592 0.000000
vt 0.052356 0.000000
vt 0.324607 0.000000
vt 0.047120 0.000000
vt 0.329843 0.000000
vt 0.041885 0.000000
vt 0.335079 0.000000
vt 0.942408 0.000000
vt 0.036649 0.000000
vt 0.340314 0.000000
vt 0.937173 0.000000
vt 0.947644 0.000000
vt 0.931937 0.000000
vt 0.952880 0.000000
vt 0.926702 0.000000
vt 0.958115 0.000000
vt 0.031414 0.000000
vt 0.345550 0.000000
vt 0.921466 0.000000
vt 0.963351 0.000000
vt 0.916230 0.000000
vt 0.968586 0.000000
vt 0.026178 0.000000
vt 0.350785 0.000000
vt 0.910995 0.000000
vt 0.973822 0.000000
vt 0.905759 0.000000
vt 0.979058 0.000000
vt 0.356021 0.000000
vt 0.020942 0.000000
vt 0.900524 0.000000
vt 0.984293 0.000000
vt 0.361257 0.000000
vt 0.015707 0.000000
vt 0.895288 0.000000
vt 0.989529 0.000000
vt 0.890052 0.000000
vt 0.366492 0.000000
vt 0.994764 0.000000
vt 0.010471 0.000000
vt 0.884817 0.000000
vt 1.000000 0.000000
vt 0.371728 0.000000
vt 0.005236 0.000000
vt 0.879581 0.000000
vt 0.753927 0.000000
vt 0.376963 0.000000
vt 0.000000 0.000000
vt 0.874346 0.000000
vt 0.759162 0.000000
vt 0.382199 0.000000
vt 0.497382 0.000000
vt 0.764398 0.000000
vt 0.869110 0.000000
vt 0.769634 0.000000
vt 0.863874 0.000000
vt 0.387435 0.000000
vt 0.492147 0.000000
vt 0.774869 0.000000
vt 0.858639 0.000000
vt 0.780105 0.000000
vt 0.853403 0.000000
vt 0.392670 0.000000
vt 0.486911 0.000000
vt 0.785340 0.000000
vt 0.848168 0.000000
vt 0.790576 0.000000
vt 0.842932 0.000000
vt 0.397906 0.000000
vt 0.481675 0.000000
vt 0.795812 0.000000
vt 0.837696 0.000000
vt 0.801047 0.000000
vt 0.832461 0.000000
vt 0.806283 0.000000
vt 0.827225 0.000000
vt 0.811518 0.000000
vt 0.821990 0.000000
vt 0.403141 0.000000
vt 0.476440 0.000000
vt 0.816754 0.000000
vt 0.408377 0.000000
vt 0.471204 0.000000
vt 0.413613 0.000000
vt 0.465969 0.000000
vt 0.418848 0.000000
vt 0.460733 0.000000
vt 0.424084 0.000000
vt 0.455497 0.000000
vt 0.429319 0.000000
vt 0.450262 0.000000
vt 0.434555 0.000000
vt 0.445026 0.000000
vt 0.439791 0.000000
s 0
usemtl banngou.007
f 5114/4909/4481 5112/4910/4481 5113/4911/4481
f 5115/4912/4481 5112/4910/4481 5114/4909/4481
f 5115/4912/4481 5111/4913/4481 5112/4910/4481
f 5116/4914/4481 5111/4913/4481 5115/4912/4481
f 5116/4914/4481 5110/4915/4481 5111/4913/4481
f 5117/4916/4481 5110/4915/4481 5116/4914/4481
f 5117/4916/4481 5109/4917/4481 5110/4915/4481
f 5118/4918/4481 5109/4917/4481 5117/4916/4481
f 5118/4918/4481 5108/4919/4481 5109/4917/4481
f 5119/4920/4481 5108/4919/4481 5118/4918/4481
f 5119/4920/4481 5107/4921/4481 5108/4919/4481
f 5120/4922/4481 5107/4921/4481 5119/4920/4481
f 5120/4922/4481 5106/4923/4481 5107/4921/4481
f 5121/4924/4481 5106/4923/4481 5120/4922/4481
f 5121/4924/4481 5209/4925/4481 5106/4923/4481
f 5209/4925/4481 5105/4926/4481 5106/4923/4481
f 5121/4924/4481 5208/4927/4481 5209/4925/4481
f 5210/4928/4481 5105/4926/4481 5209/4925/4481
f 5121/4924/4481 5207/4929/4481 5208/4927/4481
f 5211/4930/4481 5105/4926/4481 5210/4928/4481
f 5122/4931/4481 5207/4929/4481 5121/4924/4481
f 5122/4931/4481 5206/4932/4481 5207/4929/4481
f 5211/4930/4481 5104/4933/4481 5105/4926/4481
f 5212/4934/4481 5104/4933/4481 5211/4930/4481
f 5122/4931/4481 5205/4935/4481 5206/4932/4481
f 5213/4936/4481 5104/4933/4481 5212/4934/4481
f 5122/4931/4481 5204/4937/4481 5205/4935/4481
f 5214/4938/4481 5104/4933/4481 5213/4936/4481
f 5122/4931/4481 5203/4939/4481 5204/4937/4481
f 5215/4940/4481 5104/4933/4481 5214/4938/4481
f 5123/4941/4481 5203/4939/4481 5122/4931/4481
f 5215/4940/4481 5103/4942/4481 5104/4933/4481
f 5123/4941/4481 5202/4943/4481 5203/4939/4481
f 5216/4944/4481 5103/4942/4481 5215/4940/4481
f 5123/4941/4481 5201/4945/4481 5202/4943/4481
f 5217/4946/4481 5103/4942/4481 5216/4944/4481
f 5123/4941/4481 5200/4947/4481 5201/4945/4481
f 5124/4948/4481 5200/4947/4481 5123/4941/4481
f 5218/4949/4481 5103/4942/4481 5217/4946/4481
f 5218/4949/4481 5102/4950/4481 5103/4942/4481
f 5124/4948/4481 5199/4951/4481 5200/4947/4481
f 5219/4952/4481 5102/4950/4481 5218/4949/4481
f 5124/4948/4481 5198/4953/4481 5199/4951/4481
f 5220/4954/4481 5102/4950/4481 5219/4952/4481
f 5125/4955/4481 5198/4953/4481 5124/4948/4481
f 5220/4954/4481 5101/4956/4481 5102/4950/4481
f 5125/4955/4481 5197/4957/4481 5198/4953/4481
f 5173/4958/4481 5101/4956/4481 5220/4954/4481
f 5125/4955/4481 5196/4959/4481 5197/4957/4481
f 5126/4960/4481 5196/4959/4481 5125/4955/4481
f 5174/4961/4481 5101/4956/4481 5173/4958/4481
f 5174/4961/4481 5100/4962/4481 5101/4956/4481
f 5126/4960/4481 5195/4963/4481 5196/4959/4481
f 5175/4964/4481 5100/4962/4481 5174/4961/4481
f 5127/4965/4481 5195/4963/4481 5126/4960/4481
f 5175/4964/4481 5099/4966/4481 5100/4962/4481
f 5127/4965/4481 5194/4967/4481 5195/4963/4481
f 5176/4968/4481 5099/4966/4481 5175/4964/4481
f 5176/4968/4481 5098/4969/4481 5099/4966/4481
f 5128/4970/4481 5194/4967/4481 5127/4965/4481
f 5128/4970/4481 5193/4971/4481 5194/4967/4481
f 5177/4972/4481 5098/4969/4481 5176/4968/4481
f 5177/4972/4481 5097/4973/4481 5098/4969/4481
f 5129/4974/4481 5193/4971/4481 5128/4970/4481
f 5129/4974/4481 5192/4975/4481 5193/4971/4481
f 5178/4976/4481 5097/4973/4481 5177/4972/4481
f 5178/4976/4481 5096/4977/4481 5097/4973/4481
f 5130/4978/4481 5192/4975/4481 5129/4974/4481
f 5130/4978/4481 5191/4979/4481 5192/4975/4481
f 5179/4980/4481 5096/4977/4481 5178/4976/4481
f 5179/4980/4481 5095/4981/4481 5096/4977/4481
f 5131/4982/4481 5191/4979/4481 5130/4978/4481
f 5131/4982/4481 5190/4983/4481 5191/4979/4481
f 5180/4984/4481 5095/4981/4481 5179/4980/4481
f 5180/4984/4481 5094/4985/4481 5095/4981/4481
f 5131/4982/4481 5189/4986/4481 5190/4983/4481
f 5181/4987/4481 5094/4985/4481 5180/4984/4481
f 5132/4988/4481 5189/4986/4481 5131/4982/4481
f 5132/4988/4481 5188/4989/4481 5189/4986/4481
f 5182/4990/4481 5094/4985/4481 5181/4987/4481
f 5182/4990/4481 5093/4991/4481 5094/4985/4481
f 5133/4992/4481 5188/4989/4481 5132/4988/4481
f 5133/4992/4481 5187/4993/4481 5188/4989/4481
f 5183/4994/4481 5093/4991/4481 5182/4990/4481
f 5133/4992/4481 5186/4995/4481 5187/4993/4481
f 5184/4996/4481 5093/4991/4481 5183/4994/4481
f 5133/4992/4481 5185/4997/4481 5186/4995/4481
f 5185/4997/4481 5093/4991/4481 5184/4996/4481
f 5133/4992/4481 5093/4991/4481 5185/4997/4481
f 5133/4992/4481 5092/4998/4481 5093/4991/4481
f 5134/4999/4481 5092/4998/4481 5133/4992/4481
f 5134/4999/4481 5091/5000/4481 5092/4998/4481
f 5135/5001/4481 5091/5000/4481 5134/4999/4481
f 5135/5001/4481 5090/5002/4481 5091/5000/4481
f 5136/5003/4481 5090/5002/4481 5135/5001/4481
f 5136/5003/4481 5089/5004/4481 5090/5002/4481
f 5137/5005/4481 5089/5004/4481 5136/5003/4481
f 5138/5006/4481 5089/5004/4481 5137/5005/4481
f 5138/5006/4481 5088/5007/4481 5089/5004/4481
f 5138/5006/4481 5087/5008/4481 5088/5007/4481
f 5139/5009/4481 5087/5008/4481 5138/5006/4481
f 5139/5009/4481 5086/5010/4481 5087/5008/4481
f 5140/5011/4481 5086/5010/4481 5139/5009/4481
f 5140/5011/4481 5085/5012/4481 5086/5010/4481
f 5141/5013/4481 5085/5012/4481 5140/5011/4481
f 5141/5013/4481 5257/5014/4481 5085/5012/4481
f 5257/5014/4481 5084/5015/4481 5085/5012/4481
f 5142/5016/4481 5257/5014/4481 5141/5013/4481
f 5142/5016/4481 5256/5017/4481 5257/5014/4481
f 5258/5018/4481 5084/5015/4481 5257/5014/4481
f 5142/5016/4481 5255/5019/4481 5256/5017/4481
f 5259/5020/4481 5084/5015/4481 5258/5018/4481
f 5142/5016/4481 5254/5021/4481 5255/5019/4481
f 5260/5022/4481 5084/5015/4481 5259/5020/4481
f 5260/5022/4481 5083/5023/4481 5084/5015/4481
f 5143/5024/4481 5254/5021/4481 5142/5016/4481
f 5143/5024/4481 5253/5025/4481 5254/5021/4481
f 5261/5026/4481 5083/5023/4481 5260/5022/4481
f 5143/5024/4481 5252/5027/4481 5253/5025/4481
f 5262/5028/4481 5083/5023/4481 5261/5026/4481
f 5262/5028/4481 5082/5029/4481 5083/5023/4481
f 5144/5030/4481 5252/5027/4481 5143/5024/4481
f 5144/5030/4481 5251/5031/4481 5252/5027/4481
f 5263/5032/4481 5082/5029/4481 5262/5028/4481
f 5144/5030/4481 5250/5033/4481 5251/5031/4481
f 5264/5034/4481 5082/5029/4481 5263/5032/4481
f 5145/5035/4481 5250/5033/4481 5144/5030/4481
f 5264/5034/4481 5081/5036/4481 5082/5029/4481
f 5145/5035/4481 5249/5037/4481 5250/5033/4481
f 5265/5038/4481 5081/5036/4481 5264/5034/4481
f 5146/5039/4481 5249/5037/4481 5145/5035/4481
f 5265/5038/4481 5080/5040/4481 5081/5036/4481
f 5146/5039/4481 5248/5041/4481 5249/5037/4481
f 5266/5042/4481 5080/5040/4481 5265/5038/4481
f 5146/5039/4481 5247/5043/4481 5248/5041/4481
f 5147/5044/4481 5247/5043/4481 5146/5039/4481
f 5267/5045/4481 5080/5040/4481 5266/5042/4481
f 5267/5045/4481 5079/5046/4481 5080/5040/4481
f 5147/5044/4481 5246/5047/4481 5247/5043/4481
f 5268/5048/4481 5079/5046/4481 5267/5045/4481
f 5148/5049/4481 5246/5047/4481 5147/5044/4481
f 5268/5048/4481 5078/5050/4481 5079/5046/4481
f 5148/5049/4481 5245/5051/4481 5246/5047/4481
f 5221/5052/4481 5078/5050/4481 5268/5048/4481
f 5149/5053/4481 5245/5051/4481 5148/5049/4481
f 5221/5052/4481 5077/5054/4481 5078/5050/4481
f 5149/5053/4481 5244/5055/4481 5245/5051/4481
f 5222/5056/4481 5077/5054/4481 5221/5052/4481
f 5150/5057/4481 5244/5055/4481 5149/5053/4481
f 5222/5056/4481 5172/5058/4481 5077/5054/4481
f 5223/5059/4481 5172/5058/4481 5222/5056/4481
f 5150/5057/4481 5243/5060/4481 5244/5055/4481
f 5224/5061/4481 5172/5058/4481 5223/5059/4481
f 5150/5057/4481 5242/5062/4481 5243/5060/4481
f 5151/5063/4481 5242/5062/4481 5150/5057/4481
f 5224/5061/4481 5171/5064/4481 5172/5058/4481
f 5225/5065/4481 5171/5064/4481 5224/5061/4481
f 5151/5063/4481 5241/5066/4481 5242/5062/4481
f 5226/5067/4481 5171/5064/4481 5225/5065/4481
f 5151/5063/4481 5240/5068/4481 5241/5066/4481
f 5152/5069/4481 5240/5068/4481 5151/5063/4481
f 5226/5067/4481 5170/5070/4481 5171/5064/4481
f 5227/5071/4481 5170/5070/4481 5226/5067/4481
f 5152/5069/4481 5239/5072/4481 5240/5068/4481
f 5228/5073/4481 5170/5070/4481 5227/5071/4481
f 5152/5069/4481 5238/5074/4481 5239/5072/4481
f 5153/5075/4481 5238/5074/4481 5152/5069/4481
f 5228/5073/4481 5169/5076/4481 5170/5070/4481
f 5229/5077/4481 5169/5076/4481 5228/5073/4481
f 5153/5075/4481 5237/5078/4481 5238/5074/4481
f 5230/5079/4481 5169/5076/4481 5229/5077/4481
f 5153/5075/4481 5236/5080/4481 5237/5078/4481
f 5231/5081/4481 5169/5076/4481 5230/5079/4481
f 5153/5075/4481 5235/5082/4481 5236/5080/4481
f 5232/5083/4481 5169/5076/4481 5231/5081/4481
f 5153/5075/4481 5234/5084/4481 5235/5082/4481
f 5154/5085/4481 5234/5084/4481 5153/5075/4481
f 5232/5083/4481 5168/5086/4481 5169/5076/4481
f 5233/5087/4481 5168/5086/4481 5232/5083/4481
f 5154/5085/4481 5233/5087/4481 5234/5084/4481
f 5154/5085/4481 5168/5086/4481 5233/5087/4481
f 5155/5088/4481 5168/5086/4481 5154/5085/4481
f 5155/5088/4481 5167/5089/4481 5168/5086/4481
f 5156/5090/4481 5167/5089/4481 5155/5088/4481
f 5156/5090/4481 5166/5091/4481 5167/5089/4481
f 5157/5092/4481 5166/5091/4481 5156/5090/4481
f 5157/5092/4481 5165/5093/4481 5166/5091/4481
f 5158/5094/4481 5165/5093/4481 5157/5092/4481
f 5158/5094/4481 5164/5095/4481 5165/5093/4481
f 5159/5096/4481 5164/5095/4481 5158/5094/4481
f 5159/5096/4481 5163/5097/4481 5164/5095/4481
f 5160/5098/4481 5163/5097/4481 5159/5096/4481
f 5160/5098/4481 5162/5099/4481 5163/5097/4481
f 5161/5100/4481 5162/5099/4481 5160/5098/4481
o テキスト.008
v -0.169619 0.667035 0.656983
v -0.166290 0.668030 0.654970
v -0.163144 0.669151 0.652699
v -0.160203 0.670384 0.650201
v -0.157486 0.671714 0.647507
v -0.155012 0.673127 0.644645
v -0.152804 0.674607 0.641647
v -0.150879 0.676140 0.638542
v -0.149260 0.677711 0.635360
v -0.147965 0.679305 0.632131
v -0.147015 0.680907 0.628886
v -0.146430 0.682503 0.625654
v -0.146231 0.684077 0.622465
v -0.146390 0.685397 0.619790
v -0.146856 0.686650 0.617253
v -0.147613 0.687827 0.614869
v -0.148643 0.688918 0.612659
v -0.149931 0.689915 0.610640
v -0.151459 0.690808 0.608831
v -0.153212 0.691588 0.607250
v -0.155171 0.692247 0.605915
v -0.157322 0.692776 0.604845
v -0.159647 0.693164 0.604058
v -0.162130 0.693404 0.603573
v -0.164754 0.693486 0.603407
v -0.167362 0.693409 0.603563
v -0.169803 0.693186 0.604015
v -0.172065 0.692830 0.604735
v -0.174137 0.692355 0.605697
v -0.176007 0.691774 0.606874
v -0.177664 0.691101 0.608238
v -0.179097 0.690347 0.609764
v -0.180295 0.689528 0.611423
v -0.181246 0.688656 0.613190
v -0.181940 0.687744 0.615038
v -0.182364 0.686805 0.616939
v -0.182508 0.685853 0.618867
v -0.182360 0.684824 0.620952
v -0.181928 0.683840 0.622945
v -0.181230 0.682909 0.624831
v -0.180285 0.682039 0.626592
v -0.179112 0.681240 0.628210
v -0.177728 0.680520 0.629669
v -0.176152 0.679888 0.630950
v -0.174402 0.679351 0.632038
v -0.172497 0.678919 0.632913
v -0.170455 0.678599 0.633560
v -0.168295 0.678401 0.633961
v -0.166034 0.678334 0.634098
v -0.165259 0.678342 0.634081
v -0.164475 0.678367 0.634030
v -0.163684 0.678409 0.633945
v -0.162891 0.678466 0.633829
v -0.162101 0.678539 0.633682
v -0.161318 0.678626 0.633505
v -0.160545 0.678728 0.633300
v -0.159787 0.678843 0.633067
v -0.159048 0.678971 0.632807
v -0.158332 0.679112 0.632522
v -0.157643 0.679265 0.632212
v -0.156986 0.679429 0.631879
v -0.157489 0.678611 0.633537
v -0.158183 0.677781 0.635217
v -0.159064 0.676946 0.636910
v -0.160128 0.676107 0.638609
v -0.161372 0.675269 0.640305
v -0.162790 0.674437 0.641991
v -0.164379 0.673613 0.643660
v -0.166135 0.672801 0.645304
v -0.168053 0.672006 0.646915
v -0.170129 0.671231 0.648485
v -0.172360 0.670480 0.650007
v -0.174740 0.669756 0.651473
v -0.174143 0.685891 0.618791
v -0.174061 0.686471 0.617615
v -0.173820 0.687020 0.616504
v -0.173429 0.687533 0.615465
v -0.172897 0.688007 0.614505
v -0.172232 0.688438 0.613630
v -0.171443 0.688824 0.612850
v -0.170539 0.689160 0.612169
v -0.169527 0.689443 0.611596
v -0.168417 0.689669 0.611138
v -0.167217 0.689835 0.610802
v -0.165936 0.689937 0.610595
v -0.164583 0.689972 0.610525
v -0.163262 0.689928 0.610613
v -0.161995 0.689801 0.610871
v -0.160794 0.689596 0.611285
v -0.159670 0.689321 0.611843
v -0.158635 0.688981 0.612531
v -0.157701 0.688583 0.613337
v -0.156879 0.688133 0.614249
v -0.156180 0.687637 0.615253
v -0.155616 0.687102 0.616337
v -0.155199 0.686534 0.617487
v -0.154941 0.685939 0.618692
v -0.154852 0.685324 0.619939
v -0.154852 0.685166 0.620260
v -0.154854 0.685010 0.620575
v -0.154859 0.684856 0.620887
v -0.154868 0.684701 0.621200
v -0.154883 0.684545 0.621518
v -0.154905 0.684384 0.621843
v -0.154937 0.684218 0.622179
v -0.154979 0.684045 0.622530
v -0.155032 0.683863 0.622899
v -0.155099 0.683670 0.623289
v -0.155181 0.683465 0.623705
v -0.155279 0.683246 0.624148
v -0.156071 0.683012 0.624622
v -0.156867 0.682801 0.625049
v -0.157664 0.682613 0.625430
v -0.158456 0.682447 0.625767
v -0.159241 0.682302 0.626060
v -0.160016 0.682178 0.626311
v -0.160777 0.682075 0.626520
v -0.161519 0.681992 0.626688
v -0.162241 0.681928 0.626818
v -0.162937 0.681883 0.626909
v -0.163605 0.681856 0.626963
v -0.164241 0.681848 0.626980
v -0.165584 0.681885 0.626905
v -0.166872 0.681992 0.626687
v -0.168093 0.682166 0.626336
v -0.169236 0.682400 0.625861
v -0.170290 0.682691 0.625272
v -0.171241 0.683033 0.624579
v -0.172078 0.683422 0.623792
v -0.172790 0.683852 0.622921
v -0.173364 0.684319 0.621975
v -0.173789 0.684817 0.620965
v -0.174052 0.685343 0.619901
vn -0.0000 0.8967 0.4427
vt 0.189394 0.000000
vt 0.174242 0.000000
vt 0.181818 0.000000
vt 0.196970 0.000000
vt 0.166667 0.000000
vt 0.204545 0.000000
vt 0.159091 0.000000
vt 0.212121 0.000000
vt 0.151515 0.000000
vt 0.219697 0.000000
vt 0.143939 0.000000
vt 0.227273 0.000000
vt 0.136364 0.000000
vt 0.234848 0.000000
vt 0.128788 0.000000
vt 0.242424 0.000000
vt 0.636364 0.000000
vt 0.643939 0.000000
vt 0.651515 0.000000
vt 0.628788 0.000000
vt 0.659091 0.000000
vt 0.121212 0.000000
vt 0.621212 0.000000
vt 0.666667 0.000000
vt 0.613636 0.000000
vt 0.674242 0.000000
vt 0.250000 0.000000
vt 0.606061 0.000000
vt 0.681818 0.000000
vt 0.598485 0.000000
vt 0.689394 0.000000
vt 0.113636 0.000000
vt 0.590909 0.000000
vt 0.257576 0.000000
vt 0.696970 0.000000
vt 0.583333 0.000000
vt 0.704545 0.000000
vt 0.575758 0.000000
vt 0.106061 0.000000
vt 0.265152 0.000000
vt 0.712121 0.000000
vt 0.568182 0.000000
vt 0.719697 0.000000
vt 0.560606 0.000000
vt 0.272727 0.000000
vt 0.098485 0.000000
vt 0.727273 0.000000
vt 0.553030 0.000000
vt 0.734848 0.000000
vt 1.000000 0.000000
vt 0.280303 0.000000
vt 0.090909 0.000000
vt 0.992424 0.000000
vt 0.742424 0.000000
vt 0.750000 0.000000
vt 0.757576 0.000000
vt 0.765152 0.000000
vt 0.287879 0.000000
vt 0.984848 0.000000
vt 0.772727 0.000000
vt 0.780303 0.000000
vt 0.787879 0.000000
vt 0.977273 0.000000
vt 0.795455 0.000000
vt 0.083333 0.000000
vt 0.803030 0.000000
vt 0.810606 0.000000
vt 0.969697 0.000000
vt 0.295455 0.000000
vt 0.818182 0.000000
vt 0.825758 0.000000
vt 0.962121 0.000000
vt 0.833333 0.000000
vt 0.954545 0.000000
vt 0.840909 0.000000
vt 0.303030 0.000000
vt 0.848485 0.000000
vt 0.946970 0.000000
vt 0.856061 0.000000
vt 0.075758 0.000000
vt 0.863636 0.000000
vt 0.939394 0.000000
vt 0.871212 0.000000
vt 0.878788 0.000000
vt 0.931818 0.000000
vt 0.886364 0.000000
vt 0.310606 0.000000
vt 0.924242 0.000000
vt 0.893939 0.000000
vt 0.901515 0.000000
vt 0.916667 0.000000
vt 0.909091 0.000000
vt 0.318182 0.000000
vt 0.068182 0.000000
vt 0.325758 0.000000
vt 0.333333 0.000000
vt 0.454545 0.000000
vt 0.446970 0.000000
vt 0.462121 0.000000
vt 0.340909 0.000000
vt 0.060606 0.000000
vt 0.439394 0.000000
vt 0.431818 0.000000
vt 0.424242 0.000000
vt 0.348485 0.000000
vt 0.416667 0.000000
vt 0.409091 0.000000
vt 0.401515 0.000000
vt 0.469697 0.000000
vt 0.356061 0.000000
vt 0.393939 0.000000
vt 0.386364 0.000000
vt 0.378788 0.000000
vt 0.363636 0.000000
vt 0.371212 0.000000
vt 0.477273 0.000000
vt 0.053030 0.000000
vt 0.484848 0.000000
vt 0.045455 0.000000
vt 0.492424 0.000000
vt 0.500000 0.000000
vt 0.037879 0.000000
vt 0.507576 0.000000
vt 0.515152 0.000000
vt 0.030303 0.000000
vt 0.522727 0.000000
vt 0.530303 0.000000
vt 0.022727 0.000000
vt 0.537879 0.000000
vt 0.545455 0.000000
vt 0.015152 0.000000
vt 0.000000 0.000000
vt 0.007576 0.000000
s 0
usemtl banngou.008
f 5294/5101/4482 5292/5102/4482 5293/5103/4482
f 5295/5104/4482 5292/5102/4482 5294/5101/4482
f 5295/5104/4482 5291/5105/4482 5292/5102/4482
f 5296/5106/4482 5291/5105/4482 5295/5104/4482
f 5296/5106/4482 5290/5107/4482 5291/5105/4482
f 5297/5108/4482 5290/5107/4482 5296/5106/4482
f 5297/5108/4482 5289/5109/4482 5290/5107/4482
f 5298/5110/4482 5289/5109/4482 5297/5108/4482
f 5298/5110/4482 5288/5111/4482 5289/5109/4482
f 5299/5112/4482 5288/5111/4482 5298/5110/4482
f 5299/5112/4482 5287/5113/4482 5288/5111/4482
f 5300/5114/4482 5287/5113/4482 5299/5112/4482
f 5300/5114/4482 5286/5115/4482 5287/5113/4482
f 5301/5116/4482 5353/5117/4482 5300/5114/4482
f 5353/5117/4482 5354/5118/4482 5300/5114/4482
f 5354/5118/4482 5286/5115/4482 5300/5114/4482
f 5355/5119/4482 5286/5115/4482 5354/5118/4482
f 5301/5116/4482 5352/5120/4482 5353/5117/4482
f 5356/5121/4482 5286/5115/4482 5355/5119/4482
f 5356/5121/4482 5285/5122/4482 5286/5115/4482
f 5301/5116/4482 5351/5123/4482 5352/5120/4482
f 5357/5124/4482 5285/5122/4482 5356/5121/4482
f 5301/5116/4482 5350/5125/4482 5351/5123/4482
f 5358/5126/4482 5285/5122/4482 5357/5124/4482
f 5302/5127/4482 5350/5125/4482 5301/5116/4482
f 5302/5127/4482 5349/5128/4482 5350/5125/4482
f 5359/5129/4482 5285/5122/4482 5358/5126/4482
f 5302/5127/4482 5348/5130/4482 5349/5128/4482
f 5360/5131/4482 5285/5122/4482 5359/5129/4482
f 5360/5131/4482 5284/5132/4482 5285/5122/4482
f 5302/5127/4482 5347/5133/4482 5348/5130/4482
f 5303/5134/4482 5347/5133/4482 5302/5127/4482
f 5361/5135/4482 5284/5132/4482 5360/5131/4482
f 5303/5134/4482 5346/5136/4482 5347/5133/4482
f 5362/5137/4482 5284/5132/4482 5361/5135/4482
f 5303/5134/4482 5345/5138/4482 5346/5136/4482
f 5362/5137/4482 5283/5139/4482 5284/5132/4482
f 5304/5140/4482 5345/5138/4482 5303/5134/4482
f 5363/5141/4482 5283/5139/4482 5362/5137/4482
f 5304/5140/4482 5344/5142/4482 5345/5138/4482
f 5364/5143/4482 5283/5139/4482 5363/5141/4482
f 5304/5140/4482 5343/5144/4482 5344/5142/4482
f 5305/5145/4482 5343/5144/4482 5304/5140/4482
f 5364/5143/4482 5282/5146/4482 5283/5139/4482
f 5365/5147/4482 5282/5146/4482 5364/5143/4482
f 5305/5145/4482 5342/5148/4482 5343/5144/4482
f 5366/5149/4482 5282/5146/4482 5365/5147/4482
f 5305/5145/4482 5401/5150/4482 5342/5148/4482
f 5306/5151/4482 5401/5150/4482 5305/5145/4482
f 5366/5149/4482 5281/5152/4482 5282/5146/4482
f 5306/5151/4482 5400/5153/4482 5401/5150/4482
f 5367/5154/4482 5281/5152/4482 5366/5149/4482
f 5368/5155/4482 5281/5152/4482 5367/5154/4482
f 5369/5156/4482 5281/5152/4482 5368/5155/4482
f 5370/5157/4482 5281/5152/4482 5369/5156/4482
f 5307/5158/4482 5400/5153/4482 5306/5151/4482
f 5307/5158/4482 5399/5159/4482 5400/5153/4482
f 5371/5160/4482 5281/5152/4482 5370/5157/4482
f 5372/5161/4482 5281/5152/4482 5371/5160/4482
f 5373/5162/4482 5281/5152/4482 5372/5161/4482
f 5307/5158/4482 5398/5163/4482 5399/5159/4482
f 5374/5164/4482 5281/5152/4482 5373/5162/4482
f 5374/5164/4482 5280/5165/4482 5281/5152/4482
f 5375/5166/4482 5280/5165/4482 5374/5164/4482
f 5376/5167/4482 5280/5165/4482 5375/5166/4482
f 5307/5158/4482 5397/5168/4482 5398/5163/4482
f 5308/5169/4482 5397/5168/4482 5307/5158/4482
f 5377/5170/4482 5280/5165/4482 5376/5167/4482
f 5378/5171/4482 5280/5165/4482 5377/5170/4482
f 5308/5169/4482 5396/5172/4482 5397/5168/4482
f 5379/5173/4482 5280/5165/4482 5378/5171/4482
f 5308/5169/4482 5395/5174/4482 5396/5172/4482
f 5380/5175/4482 5280/5165/4482 5379/5173/4482
f 5309/5176/4482 5395/5174/4482 5308/5169/4482
f 5381/5177/4482 5280/5165/4482 5380/5175/4482
f 5309/5176/4482 5394/5178/4482 5395/5174/4482
f 5382/5179/4482 5280/5165/4482 5381/5177/4482
f 5382/5179/4482 5279/5180/4482 5280/5165/4482
f 5383/5181/4482 5279/5180/4482 5382/5179/4482
f 5309/5176/4482 5393/5182/4482 5394/5178/4482
f 5384/5183/4482 5279/5180/4482 5383/5181/4482
f 5385/5184/4482 5279/5180/4482 5384/5183/4482
f 5309/5176/4482 5392/5185/4482 5393/5182/4482
f 5386/5186/4482 5279/5180/4482 5385/5184/4482
f 5310/5187/4482 5392/5185/4482 5309/5176/4482
f 5310/5187/4482 5391/5188/4482 5392/5185/4482
f 5387/5189/4482 5279/5180/4482 5386/5186/4482
f 5388/5190/4482 5279/5180/4482 5387/5189/4482
f 5310/5187/4482 5390/5191/4482 5391/5188/4482
f 5389/5192/4482 5279/5180/4482 5388/5190/4482
f 5390/5191/4482 5279/5180/4482 5389/5192/4482
f 5310/5187/4482 5279/5180/4482 5390/5191/4482
f 5311/5193/4482 5279/5180/4482 5310/5187/4482
f 5311/5193/4482 5278/5194/4482 5279/5180/4482
f 5312/5195/4482 5278/5194/4482 5311/5193/4482
f 5313/5196/4482 5329/5197/4482 5312/5195/4482
f 5329/5197/4482 5278/5194/4482 5312/5195/4482
f 5313/5196/4482 5328/5198/4482 5329/5197/4482
f 5330/5199/4482 5278/5194/4482 5329/5197/4482
f 5314/5200/4482 5328/5198/4482 5313/5196/4482
f 5330/5199/4482 5277/5201/4482 5278/5194/4482
f 5314/5200/4482 5327/5202/4482 5328/5198/4482
f 5314/5200/4482 5326/5203/4482 5327/5202/4482
f 5314/5200/4482 5325/5204/4482 5326/5203/4482
f 5315/5205/4482 5325/5204/4482 5314/5200/4482
f 5315/5205/4482 5324/5206/4482 5325/5204/4482
f 5315/5205/4482 5323/5207/4482 5324/5206/4482
f 5315/5205/4482 5322/5208/4482 5323/5207/4482
f 5331/5209/4482 5277/5201/4482 5330/5199/4482
f 5316/5210/4482 5322/5208/4482 5315/5205/4482
f 5316/5210/4482 5321/5211/4482 5322/5208/4482
f 5316/5210/4482 5320/5212/4482 5321/5211/4482
f 5316/5210/4482 5319/5213/4482 5320/5212/4482
f 5317/5214/4482 5319/5213/4482 5316/5210/4482
f 5317/5214/4482 5318/5215/4482 5319/5213/4482
f 5332/5216/4482 5277/5201/4482 5331/5209/4482
f 5332/5216/4482 5276/5217/4482 5277/5201/4482
f 5333/5218/4482 5276/5217/4482 5332/5216/4482
f 5333/5218/4482 5275/5219/4482 5276/5217/4482
f 5334/5220/4482 5275/5219/4482 5333/5218/4482
f 5335/5221/4482 5275/5219/4482 5334/5220/4482
f 5335/5221/4482 5274/5222/4482 5275/5219/4482
f 5336/5223/4482 5274/5222/4482 5335/5221/4482
f 5337/5224/4482 5274/5222/4482 5336/5223/4482
f 5337/5224/4482 5273/5225/4482 5274/5222/4482
f 5338/5226/4482 5273/5225/4482 5337/5224/4482
f 5339/5227/4482 5273/5225/4482 5338/5226/4482
f 5339/5227/4482 5272/5228/4482 5273/5225/4482
f 5340/5229/4482 5272/5228/4482 5339/5227/4482
f 5341/5230/4482 5272/5228/4482 5340/5229/4482
f 5341/5230/4482 5271/5231/4482 5272/5228/4482
f 5269/5232/4482 5271/5231/4482 5341/5230/4482
f 5269/5232/4482 5270/5233/4482 5271/5231/4482
o テキスト.009
v 0.016997 0.663576 0.659239
v 0.016843 0.665503 0.655335
v 0.016388 0.667311 0.651673
v 0.015647 0.668990 0.648272
v 0.014632 0.670531 0.645150
v 0.013356 0.671926 0.642325
v 0.011833 0.673164 0.639817
v 0.010074 0.674237 0.637644
v 0.008094 0.675136 0.635824
v 0.005906 0.675850 0.634376
v 0.003521 0.676372 0.633318
v 0.000955 0.676692 0.632670
v -0.001782 0.676801 0.632450
v -0.004518 0.676692 0.632670
v -0.007085 0.676372 0.633318
v -0.009469 0.675850 0.634376
v -0.011658 0.675136 0.635824
v -0.013638 0.674237 0.637644
v -0.015396 0.673164 0.639817
v -0.016920 0.671926 0.642325
v -0.018196 0.670531 0.645150
v -0.019211 0.668990 0.648272
v -0.019952 0.667311 0.651673
v -0.020406 0.665503 0.655335
v -0.020560 0.663576 0.659239
v -0.020406 0.661649 0.663142
v -0.019952 0.659841 0.666804
v -0.019211 0.658162 0.670205
v -0.018196 0.656620 0.673327
v -0.016920 0.655226 0.676152
v -0.015396 0.653988 0.678660
v -0.013638 0.652915 0.680834
v -0.011658 0.652016 0.682654
v -0.009469 0.651301 0.684102
v -0.007085 0.650779 0.685159
v -0.004518 0.650459 0.685807
v -0.001782 0.650351 0.686027
v 0.000955 0.650459 0.685807
v 0.003521 0.650779 0.685159
v 0.005906 0.651301 0.684102
v 0.008094 0.652016 0.682654
v 0.010074 0.652915 0.680834
v 0.011833 0.653988 0.678660
v 0.013356 0.655226 0.676152
v 0.014632 0.656620 0.673327
v 0.015647 0.658162 0.670205
v 0.016388 0.659841 0.666804
v 0.016843 0.661649 0.663142
v 0.008632 0.663576 0.659239
v 0.008551 0.662115 0.662198
v 0.008311 0.660757 0.664948
v 0.007917 0.659508 0.667478
v 0.007374 0.658371 0.669781
v 0.006686 0.657351 0.671847
v 0.005858 0.656453 0.673666
v 0.004895 0.655681 0.675230
v 0.003801 0.655039 0.676531
v 0.002582 0.654532 0.677558
v 0.001242 0.654164 0.678302
v -0.000214 0.653940 0.678756
v -0.001782 0.653865 0.678909
v -0.003349 0.653940 0.678756
v -0.004806 0.654164 0.678302
v -0.006146 0.654532 0.677558
v -0.007365 0.655039 0.676531
v -0.008458 0.655681 0.675230
v -0.009421 0.656453 0.673666
v -0.010249 0.657351 0.671847
v -0.010937 0.658371 0.669781
v -0.011480 0.659508 0.667478
v -0.011874 0.660757 0.664948
v -0.012114 0.662115 0.662198
v -0.012195 0.663576 0.659239
v -0.012114 0.665037 0.656279
v -0.011874 0.666394 0.653529
v -0.011480 0.667644 0.650999
v -0.010937 0.668781 0.648696
v -0.010249 0.669800 0.646631
v -0.009421 0.670699 0.644811
v -0.008458 0.671471 0.643247
v -0.007365 0.672113 0.641947
v -0.006146 0.672620 0.640920
v -0.004806 0.672987 0.640175
v -0.003349 0.673211 0.639721
v -0.001782 0.673287 0.639568
v -0.000214 0.673211 0.639721
v 0.001242 0.672987 0.640175
v 0.002582 0.672620 0.640920
v 0.003801 0.672113 0.641947
v 0.004895 0.671471 0.643247
v 0.005858 0.670699 0.644811
v 0.006686 0.669800 0.646631
v 0.007374 0.668781 0.648696
v 0.007917 0.667644 0.650999
v 0.008311 0.666394 0.653529
v 0.008551 0.665037 0.656279
vn -0.0000 0.8967 0.4427
vt 0.136842 0.000000
vt 0.115789 0.000000
vt 0.126316 0.000000
vt 0.105263 0.000000
vt 0.147368 0.000000
vt 0.094737 0.000000
vt 0.157895 0.000000
vt 0.084211 0.000000
vt 0.168421 0.000000
vt 0.178947 0.000000
vt 0.073684 0.000000
vt 0.189474 0.000000
vt 0.884211 0.000000
vt 0.063158 0.000000
vt 0.873684 0.000000
vt 0.894737 0.000000
vt 0.863158 0.000000
vt 0.905263 0.000000
vt 0.200000 0.000000
vt 0.052632 0.000000
vt 0.852632 0.000000
vt 0.915789 0.000000
vt 0.842105 0.000000
vt 0.926316 0.000000
vt 0.831579 0.000000
vt 0.936842 0.000000
vt 0.210526 0.000000
vt 0.042105 0.000000
vt 0.821053 0.000000
vt 0.947368 0.000000
vt 0.810526 0.000000
vt 0.957895 0.000000
vt 0.221053 0.000000
vt 0.031579 0.000000
vt 0.800000 0.000000
vt 0.968421 0.000000
vt 0.231579 0.000000
vt 0.021053 0.000000
vt 0.789474 0.000000
vt 0.978947 0.000000
vt 0.778947 0.000000
vt 0.989474 0.000000
vt 0.242105 0.000000
vt 0.010526 0.000000
vt 0.768421 0.000000
vt 1.000000 0.000000
vt 0.252632 0.000000
vt 0.000000 0.000000
vt 0.757895 0.000000
vt 0.505263 0.000000
vt 0.263158 0.000000
vt 0.747368 0.000000
vt 0.515789 0.000000
vt 0.494737 0.000000
vt 0.736842 0.000000
vt 0.526316 0.000000
vt 0.273684 0.000000
vt 0.484211 0.000000
vt 0.726316 0.000000
vt 0.536842 0.000000
vt 0.284211 0.000000
vt 0.473684 0.000000
vt 0.547368 0.000000
vt 0.715789 0.000000
vt 0.557895 0.000000
vt 0.705263 0.000000
vt 0.294737 0.000000
vt 0.463158 0.000000
vt 0.568421 0.000000
vt 0.694737 0.000000
vt 0.305263 0.000000
vt 0.452632 0.000000
vt 0.578947 0.000000
vt 0.684211 0.000000
vt 0.589474 0.000000
vt 0.673684 0.000000
vt 0.315789 0.000000
vt 0.442105 0.000000
vt 0.600000 0.000000
vt 0.663158 0.000000
vt 0.610526 0.000000
vt 0.652632 0.000000
vt 0.621053 0.000000
vt 0.642105 0.000000
vt 0.326316 0.000000
vt 0.431579 0.000000
vt 0.631579 0.000000
vt 0.336842 0.000000
vt 0.421053 0.000000
vt 0.347368 0.000000
vt 0.410526 0.000000
vt 0.357895 0.000000
vt 0.400000 0.000000
vt 0.368421 0.000000
vt 0.389474 0.000000
vt 0.378947 0.000000
s 0
usemtl banngou.009
f 5415/5234/4483 5413/5235/4483 5414/5236/4483
f 5415/5234/4483 5412/5237/4483 5413/5235/4483
f 5416/5238/4483 5412/5237/4483 5415/5234/4483
f 5416/5238/4483 5411/5239/4483 5412/5237/4483
f 5417/5240/4483 5411/5239/4483 5416/5238/4483
f 5417/5240/4483 5410/5241/4483 5411/5239/4483
f 5418/5242/4483 5410/5241/4483 5417/5240/4483
f 5419/5243/4483 5410/5241/4483 5418/5242/4483
f 5419/5243/4483 5409/5244/4483 5410/5241/4483
f 5420/5245/4483 5409/5244/4483 5419/5243/4483
f 5420/5245/4483 5486/5246/4483 5409/5244/4483
f 5486/5246/4483 5408/5247/4483 5409/5244/4483
f 5420/5245/4483 5485/5248/4483 5486/5246/4483
f 5487/5249/4483 5408/5247/4483 5486/5246/4483
f 5420/5245/4483 5484/5250/4483 5485/5248/4483
f 5488/5251/4483 5408/5247/4483 5487/5249/4483
f 5421/5252/4483 5484/5250/4483 5420/5245/4483
f 5488/5251/4483 5407/5253/4483 5408/5247/4483
f 5421/5252/4483 5483/5254/4483 5484/5250/4483
f 5489/5255/4483 5407/5253/4483 5488/5251/4483
f 5421/5252/4483 5482/5256/4483 5483/5254/4483
f 5490/5257/4483 5407/5253/4483 5489/5255/4483
f 5421/5252/4483 5481/5258/4483 5482/5256/4483
f 5491/5259/4483 5407/5253/4483 5490/5257/4483
f 5422/5260/4483 5481/5258/4483 5421/5252/4483
f 5491/5259/4483 5406/5261/4483 5407/5253/4483
f 5422/5260/4483 5480/5262/4483 5481/5258/4483
f 5492/5263/4483 5406/5261/4483 5491/5259/4483
f 5422/5260/4483 5479/5264/4483 5480/5262/4483
f 5493/5265/4483 5406/5261/4483 5492/5263/4483
f 5423/5266/4483 5479/5264/4483 5422/5260/4483
f 5493/5265/4483 5405/5267/4483 5406/5261/4483
f 5423/5266/4483 5478/5268/4483 5479/5264/4483
f 5494/5269/4483 5405/5267/4483 5493/5265/4483
f 5424/5270/4483 5478/5268/4483 5423/5266/4483
f 5494/5269/4483 5404/5271/4483 5405/5267/4483
f 5424/5270/4483 5477/5272/4483 5478/5268/4483
f 5495/5273/4483 5404/5271/4483 5494/5269/4483
f 5424/5270/4483 5476/5274/4483 5477/5272/4483
f 5496/5275/4483 5404/5271/4483 5495/5273/4483
f 5425/5276/4483 5476/5274/4483 5424/5270/4483
f 5496/5275/4483 5403/5277/4483 5404/5271/4483
f 5425/5276/4483 5475/5278/4483 5476/5274/4483
f 5497/5279/4483 5403/5277/4483 5496/5275/4483
f 5426/5280/4483 5475/5278/4483 5425/5276/4483
f 5497/5279/4483 5402/5281/4483 5403/5277/4483
f 5426/5280/4483 5474/5282/4483 5475/5278/4483
f 5450/5283/4483 5402/5281/4483 5497/5279/4483
f 5427/5284/4483 5474/5282/4483 5426/5280/4483
f 5427/5284/4483 5473/5285/4483 5474/5282/4483
f 5451/5286/4483 5402/5281/4483 5450/5283/4483
f 5451/5286/4483 5449/5287/4483 5402/5281/4483
f 5427/5284/4483 5472/5288/4483 5473/5285/4483
f 5452/5289/4483 5449/5287/4483 5451/5286/4483
f 5428/5290/4483 5472/5288/4483 5427/5284/4483
f 5452/5289/4483 5448/5291/4483 5449/5287/4483
f 5428/5290/4483 5471/5292/4483 5472/5288/4483
f 5453/5293/4483 5448/5291/4483 5452/5289/4483
f 5429/5294/4483 5471/5292/4483 5428/5290/4483
f 5453/5293/4483 5447/5295/4483 5448/5291/4483
f 5454/5296/4483 5447/5295/4483 5453/5293/4483
f 5429/5294/4483 5470/5297/4483 5471/5292/4483
f 5455/5298/4483 5447/5295/4483 5454/5296/4483
f 5429/5294/4483 5469/5299/4483 5470/5297/4483
f 5430/5300/4483 5469/5299/4483 5429/5294/4483
f 5455/5298/4483 5446/5301/4483 5447/5295/4483
f 5456/5302/4483 5446/5301/4483 5455/5298/4483
f 5430/5300/4483 5468/5303/4483 5469/5299/4483
f 5431/5304/4483 5468/5303/4483 5430/5300/4483
f 5456/5302/4483 5445/5305/4483 5446/5301/4483
f 5457/5306/4483 5445/5305/4483 5456/5302/4483
f 5431/5304/4483 5467/5307/4483 5468/5303/4483
f 5458/5308/4483 5445/5305/4483 5457/5306/4483
f 5431/5304/4483 5466/5309/4483 5467/5307/4483
f 5432/5310/4483 5466/5309/4483 5431/5304/4483
f 5458/5308/4483 5444/5311/4483 5445/5305/4483
f 5459/5312/4483 5444/5311/4483 5458/5308/4483
f 5432/5310/4483 5465/5313/4483 5466/5309/4483
f 5460/5314/4483 5444/5311/4483 5459/5312/4483
f 5432/5310/4483 5464/5315/4483 5465/5313/4483
f 5461/5316/4483 5444/5311/4483 5460/5314/4483
f 5432/5310/4483 5463/5317/4483 5464/5315/4483
f 5433/5318/4483 5463/5317/4483 5432/5310/4483
f 5461/5316/4483 5443/5319/4483 5444/5311/4483
f 5462/5320/4483 5443/5319/4483 5461/5316/4483
f 5433/5318/4483 5462/5320/4483 5463/5317/4483
f 5433/5318/4483 5443/5319/4483 5462/5320/4483
f 5434/5321/4483 5443/5319/4483 5433/5318/4483
f 5434/5321/4483 5442/5322/4483 5443/5319/4483
f 5435/5323/4483 5442/5322/4483 5434/5321/4483
f 5435/5323/4483 5441/5324/4483 5442/5322/4483
f 5436/5325/4483 5441/5324/4483 5435/5323/4483
f 5436/5325/4483 5440/5326/4483 5441/5324/4483
f 5437/5327/4483 5440/5326/4483 5436/5325/4483
f 5437/5327/4483 5439/5328/4483 5440/5326/4483
f 5438/5329/4483 5439/5328/4483 5437/5327/4483
