# Blender 4.5.3 LTS
# www.blender.org
mtllib sekken.mtl
o 立方体.001
v -0.397351 0.003880 0.474008
v -0.242916 0.337442 0.291846
v -0.242916 0.386521 0.531549
v -0.397351 0.057548 0.655482
v -0.400514 0.386521 0.291846
v -0.528684 0.057548 0.474008
v -0.397351 0.006508 0.530097
v -0.242916 0.339845 0.365932
v -0.397351 0.014126 0.580658
v -0.242916 0.346811 0.432716
v -0.437942 0.006508 0.474008
v -0.291626 0.339845 0.291846
v -0.439018 0.009619 0.531909
v -0.292917 0.342690 0.368324
v -0.437660 0.016811 0.578201
v -0.291287 0.349267 0.429470
v -0.474533 0.014126 0.474008
v -0.335535 0.346811 0.291846
v -0.333481 0.349302 0.365607
v -0.472822 0.016849 0.529851
v -0.466841 0.021946 0.570029
v -0.326304 0.353963 0.418677
v -0.291626 0.386521 0.519812
v -0.437942 0.057548 0.646597
v -0.335535 0.386521 0.485787
v -0.474533 0.057548 0.620837
v -0.242916 0.371351 0.519812
v -0.397351 0.040960 0.646597
v -0.293199 0.370949 0.505913
v -0.439253 0.040521 0.636074
v -0.472755 0.041076 0.611756
v -0.333400 0.371457 0.473792
v -0.397351 0.026008 0.620837
v -0.242916 0.357677 0.485787
v -0.437764 0.026707 0.611627
v -0.291412 0.358317 0.473622
v -0.326304 0.360552 0.450859
v -0.466841 0.029151 0.594394
v -0.392798 0.371351 0.291846
v -0.522253 0.040960 0.474008
v -0.370427 0.357677 0.291846
v -0.503611 0.026008 0.474008
v -0.392798 0.386521 0.365932
v -0.522253 0.057548 0.530097
v -0.514638 0.040425 0.531584
v -0.383660 0.370862 0.367896
v -0.362541 0.358342 0.365417
v -0.497039 0.026735 0.529708
v -0.503611 0.057548 0.580658
v -0.370427 0.386521 0.432716
v -0.496946 0.041033 0.578293
v -0.362429 0.371418 0.429592
v -0.484474 0.029151 0.570029
v -0.347463 0.360552 0.418677
v -0.397351 0.367138 0.655482
v -0.397351 0.420806 0.474008
v -0.528684 0.367138 0.474008
v -0.397351 0.383726 0.646597
v -0.397351 0.398678 0.620837
v -0.437942 0.367138 0.646597
v -0.439018 0.384261 0.636074
v -0.437660 0.397952 0.611756
v -0.474533 0.367138 0.620837
v -0.472822 0.383653 0.611627
v -0.466841 0.395535 0.594394
v -0.437942 0.418179 0.474008
v -0.474533 0.410561 0.474008
v -0.397351 0.418179 0.530097
v -0.439253 0.415067 0.531584
v -0.472755 0.407875 0.529708
v -0.397351 0.410561 0.580658
v -0.437764 0.407837 0.578293
v -0.466841 0.402740 0.570029
v -0.522253 0.367138 0.530097
v -0.503611 0.367138 0.580658
v -0.522253 0.383726 0.474008
v -0.514638 0.384166 0.531909
v -0.497039 0.383611 0.578201
v -0.503611 0.398678 0.474008
v -0.496946 0.397979 0.529851
v -0.484474 0.395535 0.570029
v -0.397351 0.003880 -0.572847
v -0.242916 0.337442 -0.390685
v -0.528684 0.057548 -0.572847
v -0.400514 0.386521 -0.390685
v -0.242916 0.386521 -0.630388
v -0.397351 0.057548 -0.754321
v -0.437942 0.006508 -0.572847
v -0.291626 0.339845 -0.390685
v -0.474533 0.014126 -0.572847
v -0.335535 0.346811 -0.390685
v -0.397351 0.006508 -0.628936
v -0.242916 0.339845 -0.464771
v -0.439253 0.009619 -0.630423
v -0.293199 0.342690 -0.466735
v -0.472755 0.016811 -0.628546
v -0.333400 0.349267 -0.464256
v -0.397351 0.014126 -0.679497
v -0.242916 0.346811 -0.531555
v -0.437764 0.016849 -0.677132
v -0.291412 0.349302 -0.528431
v -0.466841 0.021946 -0.668868
v -0.326304 0.353963 -0.517516
v -0.522253 0.057548 -0.628936
v -0.392798 0.386521 -0.464771
v -0.370427 0.386521 -0.531555
v -0.503611 0.057548 -0.679497
v -0.522253 0.040960 -0.572847
v -0.392798 0.371351 -0.390685
v -0.514638 0.040521 -0.630747
v -0.383660 0.370949 -0.467163
v -0.362541 0.371457 -0.528309
v -0.497039 0.041076 -0.677039
v -0.503611 0.026008 -0.572847
v -0.370427 0.357677 -0.390685
v -0.496946 0.026707 -0.628690
v -0.362429 0.358317 -0.464446
v -0.484474 0.029151 -0.668868
v -0.347463 0.360552 -0.517516
v -0.397351 0.040960 -0.745436
v -0.242916 0.371351 -0.618651
v -0.397351 0.026008 -0.719675
v -0.242916 0.357677 -0.584625
v -0.437942 0.057548 -0.745436
v -0.291626 0.386521 -0.618651
v -0.439018 0.040425 -0.734913
v -0.292917 0.370862 -0.604752
v -0.291287 0.358342 -0.572631
v -0.437660 0.026735 -0.710594
v -0.335535 0.386521 -0.584625
v -0.474533 0.057548 -0.719675
v -0.333481 0.371418 -0.572461
v -0.472822 0.041033 -0.710466
v -0.466841 0.029151 -0.693232
v -0.326304 0.360552 -0.549698
v -0.397351 0.420806 -0.572847
v -0.397351 0.367138 -0.754321
v -0.528684 0.367138 -0.572847
v -0.397351 0.418179 -0.628936
v -0.397351 0.410561 -0.679497
v -0.437942 0.418179 -0.572847
v -0.439018 0.415067 -0.630747
v -0.437660 0.407875 -0.677039
v -0.474533 0.410561 -0.572847
v -0.472822 0.407837 -0.628690
v -0.466841 0.402740 -0.668868
v -0.437942 0.367138 -0.745436
v -0.474533 0.367138 -0.719675
v -0.397351 0.383726 -0.745436
v -0.439253 0.384166 -0.734913
v -0.472755 0.383611 -0.710594
v -0.397351 0.398678 -0.719675
v -0.437764 0.397979 -0.710466
v -0.466841 0.395535 -0.693232
v -0.522253 0.383726 -0.572847
v -0.503611 0.398678 -0.572847
v -0.522253 0.367138 -0.628936
v -0.514638 0.384261 -0.630423
v -0.497039 0.397952 -0.628546
v -0.503611 0.367138 -0.679497
v -0.496946 0.383653 -0.677132
v -0.484474 0.395535 -0.668868
v 0.360263 0.003880 0.474008
v 0.205829 0.337442 0.291846
v 0.363427 0.386521 0.291846
v 0.491596 0.057548 0.474008
v 0.205829 0.386521 0.531549
v 0.360263 0.057548 0.655482
v 0.400855 0.006508 0.474008
v 0.254538 0.339845 0.291846
v 0.437446 0.014126 0.474008
v 0.298447 0.346811 0.291846
v 0.360263 0.006508 0.530097
v 0.205829 0.339845 0.365932
v 0.402166 0.009619 0.531584
v 0.256111 0.342690 0.367896
v 0.435667 0.016811 0.529708
v 0.296313 0.349267 0.365417
v 0.205829 0.346811 0.432716
v 0.360263 0.014126 0.580658
v 0.254325 0.349302 0.429592
v 0.400677 0.016849 0.578293
v 0.429754 0.021946 0.570029
v 0.289217 0.353963 0.418677
v 0.485166 0.057548 0.530097
v 0.355710 0.386521 0.365932
v 0.466523 0.057548 0.580658
v 0.333339 0.386521 0.432716
v 0.355710 0.371351 0.291846
v 0.485166 0.040960 0.474008
v 0.346572 0.370949 0.368324
v 0.477551 0.040521 0.531909
v 0.459951 0.041076 0.578201
v 0.325453 0.371457 0.429470
v 0.333339 0.357677 0.291846
v 0.466523 0.026008 0.474008
v 0.325342 0.358317 0.365607
v 0.459858 0.026707 0.529851
v 0.310375 0.360552 0.418677
v 0.447386 0.029151 0.570029
v 0.360263 0.040960 0.646597
v 0.205829 0.371351 0.519812
v 0.360263 0.026008 0.620837
v 0.205829 0.357677 0.485787
v 0.400855 0.057548 0.646597
v 0.254538 0.386521 0.519812
v 0.401931 0.040425 0.636074
v 0.255830 0.370862 0.505913
v 0.400573 0.026735 0.611756
v 0.254200 0.358342 0.473792
v 0.298447 0.386521 0.485787
v 0.437446 0.057548 0.620837
v 0.435734 0.041033 0.611627
v 0.296393 0.371418 0.473622
v 0.429754 0.029151 0.594394
v 0.289217 0.360552 0.450859
v 0.360263 0.420806 0.474008
v 0.360263 0.367138 0.655482
v 0.491596 0.367138 0.474008
v 0.360263 0.418179 0.530097
v 0.360263 0.410561 0.580658
v 0.400855 0.418179 0.474008
v 0.401931 0.415067 0.531909
v 0.400573 0.407875 0.578201
v 0.437446 0.410561 0.474008
v 0.435734 0.407837 0.529851
v 0.429754 0.402740 0.570029
v 0.400855 0.367138 0.646597
v 0.437446 0.367138 0.620837
v 0.360263 0.383726 0.646597
v 0.402166 0.384166 0.636074
v 0.435667 0.383611 0.611756
v 0.360263 0.398678 0.620837
v 0.400677 0.397979 0.611627
v 0.429754 0.395535 0.594394
v 0.485166 0.383726 0.474008
v 0.466523 0.398678 0.474008
v 0.485166 0.367138 0.530097
v 0.477551 0.384261 0.531584
v 0.459951 0.397952 0.529708
v 0.466523 0.367138 0.580658
v 0.459858 0.383653 0.578293
v 0.447386 0.395535 0.570029
v 0.205829 0.337442 -0.390685
v 0.360263 0.003880 -0.572847
v 0.360263 0.057548 -0.754321
v 0.205829 0.386521 -0.630388
v 0.491596 0.057548 -0.572847
v 0.363427 0.386521 -0.390685
v 0.205829 0.339845 -0.464771
v 0.360263 0.006508 -0.628936
v 0.205829 0.346811 -0.531555
v 0.360263 0.014126 -0.679497
v 0.254538 0.339845 -0.390685
v 0.400855 0.006508 -0.572847
v 0.255830 0.342690 -0.467163
v 0.401931 0.009619 -0.630747
v 0.400573 0.016811 -0.677039
v 0.254200 0.349267 -0.528309
v 0.298447 0.346811 -0.390685
v 0.437446 0.014126 -0.572847
v 0.296393 0.349302 -0.464446
v 0.435734 0.016849 -0.628690
v 0.289217 0.353963 -0.517516
v 0.429754 0.021946 -0.668868
v 0.254538 0.386521 -0.618651
v 0.400855 0.057548 -0.745436
v 0.437446 0.057548 -0.719675
v 0.298447 0.386521 -0.584625
v 0.205829 0.371351 -0.618651
v 0.360263 0.040960 -0.745436
v 0.402166 0.040521 -0.734913
v 0.256111 0.370949 -0.604752
v 0.435667 0.041076 -0.710594
v 0.296313 0.371457 -0.572631
v 0.360263 0.026008 -0.719675
v 0.205829 0.357677 -0.584625
v 0.400677 0.026707 -0.710466
v 0.254325 0.358317 -0.572461
v 0.289217 0.360552 -0.549698
v 0.429754 0.029151 -0.693232
v 0.485166 0.040960 -0.572847
v 0.355710 0.371351 -0.390685
v 0.466523 0.026008 -0.572847
v 0.333339 0.357677 -0.390685
v 0.485166 0.057548 -0.628936
v 0.355710 0.386521 -0.464771
v 0.477551 0.040425 -0.630423
v 0.346572 0.370862 -0.466735
v 0.459951 0.026735 -0.628546
v 0.325453 0.358342 -0.464256
v 0.333339 0.386521 -0.531555
v 0.466523 0.057548 -0.679497
v 0.459858 0.041033 -0.677132
v 0.325342 0.371418 -0.528431
v 0.447386 0.029151 -0.668868
v 0.310375 0.360552 -0.517516
v 0.360263 0.420806 -0.572847
v 0.491596 0.367138 -0.572847
v 0.360263 0.367138 -0.754321
v 0.400855 0.418179 -0.572847
v 0.437446 0.410561 -0.572847
v 0.360263 0.418179 -0.628936
v 0.402166 0.415067 -0.630423
v 0.435667 0.407875 -0.628546
v 0.360263 0.410561 -0.679497
v 0.400677 0.407837 -0.677132
v 0.429754 0.402740 -0.668868
v 0.485166 0.367138 -0.628936
v 0.466523 0.367138 -0.679497
v 0.485166 0.383726 -0.572847
v 0.477551 0.384166 -0.630747
v 0.459951 0.383611 -0.677039
v 0.466523 0.398678 -0.572847
v 0.459858 0.397979 -0.628690
v 0.447386 0.395535 -0.668868
v 0.360263 0.383726 -0.745436
v 0.360263 0.398678 -0.719675
v 0.400855 0.367138 -0.745436
v 0.401931 0.384261 -0.734913
v 0.400573 0.397952 -0.710594
v 0.437446 0.367138 -0.719675
v 0.435734 0.383653 -0.710466
v 0.429754 0.395535 -0.693232
v -0.400514 0.420602 0.291846
v -0.400514 0.420602 -0.390685
v -0.397351 0.420806 0.322222
v -0.397351 0.420806 -0.421061
v -0.343278 0.420806 -0.572847
v 0.306191 0.420806 -0.572847
v 0.298447 0.420255 -0.584625
v 0.254538 0.418661 -0.618651
v -0.335535 0.420255 -0.584625
v -0.291626 0.418661 -0.618651
v 0.211852 0.418179 -0.628936
v -0.248940 0.418179 -0.628936
v -0.242916 0.417960 -0.630388
v 0.205829 0.417960 -0.630388
v 0.363427 0.420602 -0.390685
v 0.363427 0.420602 0.291846
v 0.360263 0.420806 0.322222
v 0.360263 0.420806 -0.421061
v -0.343278 0.420806 0.474008
v -0.335535 0.420255 0.485787
v 0.306191 0.420806 0.474008
v -0.291626 0.418661 0.519812
v -0.248940 0.418179 0.530097
v 0.254538 0.418661 0.519812
v 0.298447 0.420255 0.485787
v 0.211852 0.418179 0.530097
v -0.242916 0.417960 0.531549
v 0.205829 0.417960 0.531549
v -0.392798 0.420806 0.365932
v -0.392798 0.420806 -0.464771
v -0.370427 0.420806 0.432716
v -0.370427 0.420806 -0.531555
v 0.355710 0.420806 0.365932
v 0.355710 0.420806 -0.464771
v 0.333339 0.420806 0.432716
v 0.333339 0.420806 -0.531555
vn -0.0330 -0.9992 0.0238
vn 0.0252 0.9995 -0.0166
vn 0.1131 0.3614 -0.9255
vn -0.1070 -0.2618 0.9592
vn 0.9671 0.2493 -0.0513
vn -0.9794 -0.1934 0.0572
vn -0.0344 -0.9948 0.0957
vn 0.0264 0.9974 -0.0676
vn -0.0373 -0.9771 0.2096
vn 0.0290 0.9883 -0.1497
vn -0.1318 -0.9910 0.0249
vn 0.1023 0.9946 -0.0174
vn -0.1372 -0.9855 0.0996
vn 0.1069 0.9917 -0.0708
vn -0.1463 -0.9664 0.2112
vn 0.1149 0.9817 -0.1515
vn -0.2840 -0.9585 0.0266
vn 0.2235 0.9745 -0.0189
vn 0.2270 0.9710 -0.0750
vn -0.2877 -0.9520 0.1045
vn -0.2877 -0.9348 0.2082
vn 0.2273 0.9623 -0.1494
vn 0.4125 0.3445 -0.8433
vn -0.3966 -0.2524 0.8826
vn 0.7061 0.2916 -0.6453
vn -0.6910 -0.2178 0.6893
vn 0.0696 0.8378 -0.5415
vn -0.0786 -0.7378 0.6705
vn 0.2629 0.8201 -0.5082
vn -0.2957 -0.7214 0.6262
vn -0.5374 -0.6590 0.5262
vn 0.4821 0.7628 -0.4309
vn -0.0489 -0.9248 0.3772
vn 0.0395 0.9599 -0.2774
vn -0.1870 -0.9121 0.3647
vn 0.1517 0.9510 -0.2695
vn 0.2897 0.9231 -0.2529
vn -0.3555 -0.8700 0.3416
vn 0.6968 0.7162 -0.0387
vn -0.7815 -0.6220 0.0478
vn 0.3995 0.9164 -0.0245
vn -0.4905 -0.8708 0.0332
vn 0.9453 0.2560 -0.2024
vn -0.9541 -0.1982 0.2247
vn -0.7538 -0.6303 0.1858
vn 0.6736 0.7233 -0.1520
vn 0.3921 0.9149 -0.0958
vn -0.4798 -0.8679 0.1286
vn -0.8677 -0.1993 0.4554
vn 0.8708 0.2608 -0.4168
vn -0.6883 -0.6249 0.3684
vn 0.6184 0.7252 -0.3028
vn -0.4615 -0.8507 0.2516
vn 0.3775 0.9069 -0.1870
vn -0.1070 0.2618 0.9592
vn -0.0330 0.9992 0.0238
vn -0.9794 0.1934 0.0572
vn -0.0784 0.7376 0.6707
vn -0.0487 0.9249 0.3770
vn -0.3967 0.2532 0.8823
vn -0.2944 0.7226 0.6254
vn -0.1868 0.9121 0.3650
vn -0.6907 0.2188 0.6893
vn -0.5373 0.6595 0.5257
vn -0.3556 0.8700 0.3416
vn -0.1317 0.9910 0.0248
vn -0.2841 0.9584 0.0265
vn -0.0345 0.9948 0.0957
vn -0.1376 0.9855 0.0993
vn -0.2876 0.9521 0.1043
vn -0.0375 0.9771 0.2095
vn -0.1465 0.9664 0.2114
vn -0.2877 0.9348 0.2082
vn -0.9542 0.1975 0.2246
vn -0.8678 0.1984 0.4556
vn -0.7814 0.6222 0.0480
vn -0.7546 0.6291 0.1866
vn -0.6889 0.6243 0.3685
vn -0.4907 0.8707 0.0333
vn -0.4796 0.8680 0.1288
vn -0.4615 0.8507 0.2516
vn -0.0330 -0.9992 -0.0238
vn 0.0252 0.9995 0.0166
vn -0.9794 -0.1934 -0.0572
vn 0.9671 0.2493 0.0513
vn 0.1131 0.3614 0.9255
vn -0.1070 -0.2618 -0.9592
vn -0.1317 -0.9910 -0.0248
vn 0.1023 0.9946 0.0173
vn -0.2841 -0.9584 -0.0265
vn 0.2236 0.9745 0.0188
vn -0.0345 -0.9948 -0.0957
vn 0.0265 0.9974 0.0676
vn -0.1376 -0.9855 -0.0993
vn 0.1072 0.9917 0.0706
vn -0.2876 -0.9521 -0.1043
vn 0.2268 0.9711 0.0748
vn -0.0375 -0.9771 -0.2095
vn 0.0291 0.9883 0.1497
vn -0.1465 -0.9664 -0.2114
vn 0.1152 0.9817 0.1517
vn -0.2877 -0.9348 -0.2082
vn 0.2273 0.9623 0.1495
vn -0.9542 -0.1975 -0.2246
vn 0.9455 0.2551 0.2023
vn 0.8710 0.2598 0.4171
vn -0.8678 -0.1984 -0.4556
vn -0.7814 -0.6222 -0.0480
vn 0.6967 0.7163 0.0389
vn -0.7546 -0.6291 -0.1866
vn 0.6745 0.7223 0.1528
vn 0.6191 0.7246 0.3028
vn -0.6889 -0.6243 -0.3685
vn -0.4907 -0.8707 -0.0333
vn 0.3997 0.9163 0.0247
vn -0.4796 -0.8680 -0.1288
vn 0.3919 0.9150 0.0959
vn -0.4615 -0.8507 -0.2516
vn 0.3774 0.9070 0.1870
vn -0.0784 -0.7376 -0.6707
vn 0.0694 0.8377 0.5417
vn -0.0487 -0.9249 -0.3770
vn 0.0393 0.9600 0.2773
vn -0.3967 -0.2532 -0.8823
vn 0.4126 0.3455 0.8429
vn -0.2944 -0.7226 -0.6254
vn 0.2616 0.8210 0.5074
vn 0.1515 0.9510 0.2696
vn -0.1868 -0.9121 -0.3650
vn 0.7056 0.2928 0.6453
vn -0.6907 -0.2188 -0.6893
vn 0.4819 0.7632 0.4304
vn -0.5373 -0.6595 -0.5257
vn -0.3556 -0.8700 -0.3416
vn 0.2897 0.9231 0.2529
vn -0.0330 0.9992 -0.0238
vn -0.1070 0.2618 -0.9592
vn -0.9794 0.1934 -0.0572
vn -0.0344 0.9948 -0.0957
vn -0.0373 0.9771 -0.2096
vn -0.1318 0.9910 -0.0249
vn -0.1372 0.9855 -0.0996
vn -0.1463 0.9664 -0.2112
vn -0.2840 0.9585 -0.0266
vn -0.2877 0.9520 -0.1045
vn -0.2877 0.9348 -0.2082
vn -0.3966 0.2524 -0.8826
vn -0.6910 0.2178 -0.6893
vn -0.0786 0.7378 -0.6705
vn -0.2957 0.7214 -0.6262
vn -0.5374 0.6590 -0.5262
vn -0.0489 0.9248 -0.3772
vn -0.1870 0.9121 -0.3647
vn -0.3555 0.8700 -0.3416
vn -0.7815 0.6220 -0.0478
vn -0.4905 0.8708 -0.0332
vn -0.9541 0.1982 -0.2247
vn -0.7538 0.6303 -0.1858
vn -0.4798 0.8679 -0.1286
vn -0.8677 0.1993 -0.4554
vn -0.6883 0.6249 -0.3684
vn -0.4615 0.8507 -0.2516
vn 0.0330 -0.9992 0.0238
vn -0.0252 0.9995 -0.0166
vn -0.9671 0.2493 -0.0513
vn 0.9794 -0.1934 0.0572
vn -0.1131 0.3614 -0.9255
vn 0.1070 -0.2618 0.9592
vn 0.1317 -0.9910 0.0248
vn -0.1023 0.9946 -0.0173
vn 0.2841 -0.9584 0.0265
vn -0.2236 0.9745 -0.0188
vn 0.0345 -0.9948 0.0957
vn -0.0265 0.9974 -0.0676
vn 0.1376 -0.9855 0.0993
vn -0.1072 0.9917 -0.0706
vn 0.2876 -0.9521 0.1043
vn -0.2268 0.9711 -0.0748
vn -0.0291 0.9883 -0.1497
vn 0.0375 -0.9771 0.2095
vn -0.1152 0.9817 -0.1517
vn 0.1465 -0.9664 0.2114
vn 0.2877 -0.9348 0.2082
vn -0.2273 0.9623 -0.1495
vn 0.9542 -0.1975 0.2246
vn -0.9455 0.2551 -0.2023
vn 0.8678 -0.1984 0.4556
vn -0.8710 0.2598 -0.4171
vn -0.6967 0.7163 -0.0389
vn 0.7814 -0.6222 0.0480
vn -0.6745 0.7223 -0.1528
vn 0.7546 -0.6291 0.1866
vn 0.6889 -0.6243 0.3685
vn -0.6191 0.7246 -0.3028
vn -0.3997 0.9163 -0.0247
vn 0.4907 -0.8707 0.0333
vn -0.3919 0.9150 -0.0959
vn 0.4796 -0.8680 0.1288
vn -0.3774 0.9070 -0.1870
vn 0.4615 -0.8507 0.2516
vn 0.0784 -0.7376 0.6707
vn -0.0694 0.8377 -0.5417
vn 0.0487 -0.9249 0.3770
vn -0.0393 0.9600 -0.2773
vn 0.3967 -0.2532 0.8823
vn -0.4126 0.3455 -0.8429
vn 0.2944 -0.7226 0.6254
vn -0.2616 0.8210 -0.5074
vn 0.1868 -0.9121 0.3650
vn -0.1515 0.9510 -0.2696
vn -0.7056 0.2928 -0.6453
vn 0.6907 -0.2188 0.6893
vn 0.5373 -0.6595 0.5257
vn -0.4819 0.7632 -0.4304
vn 0.3556 -0.8700 0.3416
vn -0.2897 0.9231 -0.2529
vn 0.0330 0.9992 0.0238
vn 0.1070 0.2618 0.9592
vn 0.9794 0.1934 0.0572
vn 0.0344 0.9948 0.0957
vn 0.0373 0.9771 0.2096
vn 0.1318 0.9910 0.0249
vn 0.1372 0.9855 0.0996
vn 0.1463 0.9664 0.2112
vn 0.2840 0.9585 0.0266
vn 0.2877 0.9520 0.1045
vn 0.2877 0.9348 0.2082
vn 0.3966 0.2524 0.8826
vn 0.6910 0.2178 0.6893
vn 0.0786 0.7378 0.6705
vn 0.2957 0.7214 0.6262
vn 0.5374 0.6590 0.5262
vn 0.0489 0.9248 0.3772
vn 0.1870 0.9121 0.3647
vn 0.3555 0.8700 0.3416
vn 0.7815 0.6220 0.0478
vn 0.4905 0.8708 0.0332
vn 0.9541 0.1982 0.2247
vn 0.7538 0.6303 0.1858
vn 0.4798 0.8679 0.1286
vn 0.8677 0.1993 0.4554
vn 0.6883 0.6249 0.3684
vn 0.4615 0.8507 0.2516
vn -0.0252 0.9995 0.0166
vn 0.0330 -0.9992 -0.0238
vn 0.1070 -0.2618 -0.9592
vn -0.1131 0.3614 0.9255
vn 0.9794 -0.1934 -0.0572
vn -0.9671 0.2493 0.0513
vn -0.0264 0.9974 0.0676
vn 0.0344 -0.9948 -0.0957
vn -0.0290 0.9883 0.1497
vn 0.0373 -0.9771 -0.2096
vn -0.1023 0.9946 0.0174
vn 0.1318 -0.9910 -0.0249
vn -0.1069 0.9917 0.0708
vn 0.1372 -0.9855 -0.0996
vn 0.1463 -0.9664 -0.2112
vn -0.1149 0.9817 0.1515
vn -0.2235 0.9745 0.0189
vn 0.2840 -0.9585 -0.0266
vn -0.2270 0.9710 0.0750
vn 0.2877 -0.9520 -0.1045
vn -0.2273 0.9623 0.1494
vn 0.2877 -0.9348 -0.2082
vn -0.4125 0.3445 0.8433
vn 0.3966 -0.2524 -0.8826
vn 0.6910 -0.2178 -0.6893
vn -0.7061 0.2916 0.6453
vn -0.0696 0.8378 0.5415
vn 0.0786 -0.7378 -0.6705
vn 0.2957 -0.7214 -0.6262
vn -0.2629 0.8201 0.5082
vn 0.5374 -0.6590 -0.5262
vn -0.4821 0.7628 0.4309
vn 0.0489 -0.9248 -0.3772
vn -0.0395 0.9599 0.2774
vn 0.1870 -0.9121 -0.3647
vn -0.1517 0.9510 0.2695
vn -0.2897 0.9231 0.2529
vn 0.3555 -0.8700 -0.3416
vn 0.7815 -0.6220 -0.0478
vn -0.6968 0.7162 0.0387
vn 0.4905 -0.8708 -0.0332
vn -0.3995 0.9164 0.0245
vn 0.9541 -0.1982 -0.2247
vn -0.9453 0.2560 0.2024
vn 0.7538 -0.6303 -0.1858
vn -0.6736 0.7233 0.1520
vn 0.4798 -0.8679 -0.1286
vn -0.3921 0.9149 0.0958
vn -0.8708 0.2608 0.4168
vn 0.8677 -0.1993 -0.4554
vn 0.6883 -0.6249 -0.3684
vn -0.6184 0.7252 0.3028
vn 0.4615 -0.8507 -0.2516
vn -0.3775 0.9069 0.1870
vn 0.0330 0.9992 -0.0238
vn 0.9794 0.1934 -0.0572
vn 0.1070 0.2618 -0.9592
vn 0.1317 0.9910 -0.0248
vn 0.2841 0.9584 -0.0265
vn 0.0345 0.9948 -0.0957
vn 0.1376 0.9855 -0.0993
vn 0.2876 0.9521 -0.1043
vn 0.0375 0.9771 -0.2095
vn 0.1465 0.9664 -0.2114
vn 0.2877 0.9348 -0.2082
vn 0.9542 0.1975 -0.2246
vn 0.8678 0.1984 -0.4556
vn 0.7814 0.6222 -0.0480
vn 0.7546 0.6291 -0.1866
vn 0.6889 0.6243 -0.3685
vn 0.4907 0.8707 -0.0333
vn 0.4796 0.8680 -0.1288
vn 0.4615 0.8507 -0.2516
vn 0.0784 0.7376 -0.6707
vn 0.0487 0.9249 -0.3770
vn 0.3967 0.2532 -0.8823
vn 0.2944 0.7226 -0.6254
vn 0.1868 0.9121 -0.3650
vn 0.6907 0.2188 -0.6893
vn 0.5373 0.6595 -0.5257
vn 0.3556 0.8700 -0.3416
vn 0.3468 0.9377 -0.0213
vn 0.3468 0.9377 0.0213
vn 0.3257 0.9446 -0.0400
vn 0.3257 0.9446 0.0400
vn 0.2792 0.9483 0.1511
vn -0.2792 0.9483 0.1511
vn -0.2734 0.9410 0.1996
vn -0.1511 0.9545 0.2572
vn 0.2734 0.9410 0.1996
vn 0.1511 0.9545 0.2572
vn -0.0759 0.9820 0.1732
vn 0.0759 0.9820 0.1732
vn 0.0433 0.9777 0.2054
vn -0.0433 0.9777 0.2054
vn -0.3468 0.9377 0.0213
vn -0.3468 0.9377 -0.0213
vn -0.3257 0.9446 -0.0400
vn -0.3257 0.9446 0.0400
vn 0.2792 0.9483 -0.1511
vn 0.2734 0.9410 -0.1996
vn -0.2792 0.9483 -0.1511
vn 0.1511 0.9545 -0.2572
vn 0.0759 0.9820 -0.1732
vn -0.1511 0.9545 -0.2572
vn -0.2734 0.9410 -0.1996
vn -0.0759 0.9820 -0.1732
vn 0.0433 0.9777 -0.2054
vn -0.0433 0.9777 -0.2054
vn 0.3914 0.9164 -0.0840
vn 0.3914 0.9164 0.0840
vn 0.3444 0.9241 -0.1653
vn 0.3444 0.9241 0.1653
vn -0.3914 0.9164 -0.0840
vn -0.3914 0.9164 0.0840
vn -0.3444 0.9241 -0.1653
vn -0.3444 0.9241 0.1653
vt 0.157181 0.717819
vt 0.157181 0.727766
vt 0.146971 0.728087
vt 0.147234 0.717819
vt 0.157181 0.736731
vt 0.147304 0.736296
vt 0.157181 0.750000
vt 0.147278 0.750000
vt 0.138688 0.727722
vt 0.138269 0.717819
vt 0.140153 0.734847
vt 0.140153 0.750000
vt 0.407181 0.967819
vt 0.407181 0.977765
vt 0.396971 0.978087
vt 0.397234 0.967819
vt 0.407181 1.000000
vt 0.397304 1.000000
vt 0.407181 0.000000
vt 0.407181 0.013269
vt 0.397278 0.013688
vt 0.397304 0.000000
vt 0.375000 0.977722
vt 0.375000 0.967819
vt 0.375000 0.984847
vt 0.375000 0.015153
vt 0.375000 0.000000
vt 0.407181 0.032181
vt 0.397234 0.032181
vt 0.396913 0.021971
vt 0.407181 0.022234
vt 0.375000 0.032181
vt 0.375000 0.022304
vt 0.125000 0.717819
vt 0.125000 0.727696
vt 0.125000 0.734847
vt 0.592819 0.967819
vt 0.602766 0.967820
vt 0.603087 0.978029
vt 0.592819 0.977766
vt 0.611731 0.967819
vt 0.611296 0.977696
vt 0.625000 0.967819
vt 0.625000 0.977722
vt 0.602722 1.000000
vt 0.592819 1.000000
vt 0.609847 1.000000
vt 0.625000 1.000000
vt 0.842819 0.717819
vt 0.852766 0.717819
vt 0.853087 0.728029
vt 0.842819 0.727766
vt 0.875000 0.717819
vt 0.875000 0.727697
vt 0.625000 0.032181
vt 0.611731 0.032181
vt 0.611312 0.022278
vt 0.625000 0.022304
vt 0.852722 0.750000
vt 0.842819 0.750000
vt 0.875000 0.734847
vt 0.609847 0.015153
vt 0.625000 0.015153
vt 0.592819 0.032181
vt 0.592819 0.022234
vt 0.603029 0.021913
vt 0.602766 0.032181
vt 0.592819 0.013269
vt 0.602696 0.013704
vt 0.592819 0.000000
vt 0.602722 0.000000
vt 0.609847 0.000000
vt 0.157181 0.532181
vt 0.147234 0.532181
vt 0.146913 0.521971
vt 0.157181 0.522235
vt 0.138269 0.532181
vt 0.138704 0.522304
vt 0.125000 0.532181
vt 0.125000 0.522278
vt 0.147278 0.513688
vt 0.157181 0.513268
vt 0.140153 0.515153
vt 0.125000 0.515153
vt 0.407181 0.217819
vt 0.407181 0.227766
vt 0.396971 0.228087
vt 0.397234 0.217819
vt 0.407181 0.236731
vt 0.397303 0.236296
vt 0.407181 0.263269
vt 0.397278 0.263688
vt 0.375000 0.227722
vt 0.375000 0.217819
vt 0.375000 0.234847
vt 0.375000 0.265153
vt 0.407181 0.282181
vt 0.397234 0.282181
vt 0.396913 0.271971
vt 0.407181 0.272234
vt 0.375000 0.282181
vt 0.375000 0.272304
vt 0.157181 0.500000
vt 0.147304 0.500000
vt 0.140153 0.500000
vt 0.842819 0.532181
vt 0.842819 0.522234
vt 0.853029 0.521913
vt 0.852766 0.532181
vt 0.842819 0.500000
vt 0.852696 0.500000
vt 0.625000 0.282181
vt 0.611731 0.282181
vt 0.611312 0.272278
vt 0.625000 0.272304
vt 0.875000 0.522278
vt 0.875000 0.532181
vt 0.875000 0.515153
vt 0.609847 0.263086
vt 0.625000 0.241478
vt 0.592819 0.282181
vt 0.592819 0.272234
vt 0.603029 0.271913
vt 0.602766 0.282181
vt 0.592819 0.263268
vt 0.602696 0.263704
vt 0.592819 0.236731
vt 0.602722 0.236312
vt 0.609847 0.234847
vt 0.592819 0.217819
vt 0.602766 0.217819
vt 0.603087 0.228029
vt 0.592819 0.227766
vt 0.611731 0.217819
vt 0.611296 0.227696
vt 0.625000 0.217819
vt 0.625000 0.227722
vt 0.342819 0.717819
vt 0.352766 0.717819
vt 0.353087 0.728029
vt 0.342819 0.727766
vt 0.361731 0.717819
vt 0.361296 0.727696
vt 0.388269 0.717819
vt 0.388688 0.727722
vt 0.352722 0.736312
vt 0.342819 0.736732
vt 0.359847 0.734847
vt 0.388086 0.734847
vt 0.407181 0.717819
vt 0.407181 0.727765
vt 0.396971 0.728087
vt 0.397234 0.717819
vt 0.407181 0.736732
vt 0.397303 0.736296
vt 0.407181 0.763269
vt 0.397278 0.763688
vt 0.369566 0.759719
vt 0.407181 0.782181
vt 0.397234 0.782181
vt 0.396913 0.771971
vt 0.407181 0.772234
vt 0.358924 0.766105
vt 0.364649 0.761953
vt 0.657181 0.717819
vt 0.657181 0.727766
vt 0.646971 0.728087
vt 0.647234 0.717819
vt 0.641105 0.766075
vt 0.636953 0.760351
vt 0.611731 0.782181
vt 0.611312 0.772278
vt 0.638688 0.727722
vt 0.638269 0.717819
vt 0.634720 0.755434
vt 0.609847 0.765153
vt 0.592819 0.782181
vt 0.592819 0.772234
vt 0.603029 0.771913
vt 0.602766 0.782181
vt 0.592819 0.763268
vt 0.602696 0.763704
vt 0.592819 0.736732
vt 0.602722 0.736312
vt 0.609847 0.736914
vt 0.592819 0.717819
vt 0.602766 0.717819
vt 0.603087 0.728029
vt 0.592819 0.727766
vt 0.611731 0.717819
vt 0.611296 0.727696
vt 0.342819 0.532181
vt 0.342819 0.522234
vt 0.353029 0.521913
vt 0.352766 0.532181
vt 0.342819 0.513269
vt 0.352696 0.513704
vt 0.358928 0.483891
vt 0.364688 0.488034
vt 0.361312 0.522278
vt 0.361731 0.532181
vt 0.359847 0.515153
vt 0.369566 0.490281
vt 0.407181 0.467819
vt 0.407181 0.477766
vt 0.396971 0.478087
vt 0.397234 0.467819
vt 0.407181 0.486731
vt 0.397304 0.486296
vt 0.407181 0.513269
vt 0.397278 0.513688
vt 0.388086 0.515153
vt 0.407181 0.532181
vt 0.397234 0.532181
vt 0.396913 0.521971
vt 0.407181 0.522234
vt 0.388269 0.532181
vt 0.388704 0.522304
vt 0.657181 0.532181
vt 0.647234 0.532181
vt 0.646913 0.521971
vt 0.657181 0.522234
vt 0.638268 0.532181
vt 0.638704 0.522304
vt 0.611731 0.532181
vt 0.611312 0.522278
vt 0.636966 0.489688
vt 0.641109 0.483928
vt 0.634720 0.494566
vt 0.609847 0.513086
vt 0.592819 0.532181
vt 0.592819 0.522234
vt 0.603029 0.521913
vt 0.602766 0.532181
vt 0.592819 0.513269
vt 0.602696 0.513704
vt 0.592819 0.486732
vt 0.602722 0.486312
vt 0.609847 0.484847
vt 0.592819 0.467819
vt 0.602766 0.467819
vt 0.603087 0.478029
vt 0.592819 0.477766
vt 0.611732 0.467819
vt 0.611296 0.477696
vt 0.842819 0.559097
vt 0.842819 0.690903
vt 0.843595 0.685516
vt 0.843595 0.564484
vt 0.670430 0.532181
vt 0.693546 0.522234
vt 0.683087 0.524058
vt 0.672328 0.530092
vt 0.806454 0.522234
vt 0.829570 0.532181
vt 0.827672 0.530092
vt 0.816913 0.524058
vt 0.804883 0.521501
vt 0.694656 0.521230
vt 0.657181 0.690903
vt 0.657181 0.559097
vt 0.656406 0.564484
vt 0.656406 0.685517
vt 0.806454 0.727766
vt 0.816913 0.725942
vt 0.827673 0.719908
vt 0.829570 0.717819
vt 0.693546 0.727766
vt 0.670430 0.717819
vt 0.672328 0.719908
vt 0.683087 0.725942
vt 0.694656 0.728770
vt 0.804883 0.728499
vt 0.836222 0.710497
vt 0.841704 0.698654
vt 0.841704 0.551346
vt 0.836222 0.539503
vt 0.663778 0.539503
vt 0.658296 0.551346
vt 0.658296 0.698654
vt 0.663778 0.710497
vt 0.176574 0.698426
vt 0.160634 0.698426
vt 0.160211 0.714881
vt 0.176574 0.714366
vt 0.160745 0.728037
vt 0.176574 0.728735
vt 0.160704 0.750000
vt 0.176574 0.750000
vt 0.146265 0.698426
vt 0.146937 0.714296
vt 0.149285 0.725715
vt 0.149285 0.750000
vt 0.426574 0.948426
vt 0.410634 0.948426
vt 0.410211 0.964881
vt 0.426574 0.964366
vt 0.410745 1.000000
vt 0.426574 1.000000
vt 0.426574 0.000000
vt 0.410745 0.000000
vt 0.410704 0.021937
vt 0.426574 0.021265
vt 0.375000 0.948426
vt 0.375000 0.964296
vt 0.375000 0.975715
vt 0.375000 0.024285
vt 0.426574 0.051574
vt 0.426574 0.035634
vt 0.410119 0.035211
vt 0.410634 0.051574
vt 0.375000 0.035745
vt 0.375000 0.051574
vt 0.125000 0.698426
vt 0.125000 0.714255
vt 0.125000 0.725715
vt 0.176574 0.551574
vt 0.176574 0.535634
vt 0.160119 0.535211
vt 0.160634 0.551574
vt 0.146963 0.535745
vt 0.146265 0.551574
vt 0.125000 0.535704
vt 0.125000 0.551574
vt 0.176574 0.521265
vt 0.160704 0.521937
vt 0.149285 0.524285
vt 0.125000 0.524285
vt 0.426574 0.198426
vt 0.410634 0.198426
vt 0.410211 0.214881
vt 0.426574 0.214366
vt 0.410745 0.228037
vt 0.426574 0.228735
vt 0.410704 0.271937
vt 0.426574 0.271265
vt 0.375000 0.198426
vt 0.375000 0.214296
vt 0.375000 0.225715
vt 0.375000 0.274285
vt 0.426574 0.301574
vt 0.426574 0.285634
vt 0.410119 0.285211
vt 0.410634 0.301574
vt 0.375000 0.285745
vt 0.375000 0.301574
vt 0.176574 0.500000
vt 0.160745 0.500000
vt 0.149285 0.500000
vt 0.323426 0.698426
vt 0.323426 0.714366
vt 0.339881 0.714789
vt 0.339366 0.698426
vt 0.353037 0.714256
vt 0.353735 0.698426
vt 0.396937 0.714296
vt 0.396265 0.698426
vt 0.323426 0.728735
vt 0.339296 0.728063
vt 0.350715 0.725715
vt 0.395972 0.725715
vt 0.426574 0.698426
vt 0.410634 0.698426
vt 0.410211 0.714881
vt 0.426574 0.714366
vt 0.410745 0.728037
vt 0.426574 0.728735
vt 0.410704 0.771937
vt 0.426574 0.771265
vt 0.366292 0.765577
vt 0.426574 0.801574
vt 0.426574 0.785634
vt 0.410119 0.785211
vt 0.410634 0.801574
vt 0.358412 0.769156
vt 0.349275 0.775849
vt 0.323426 0.551574
vt 0.339366 0.551574
vt 0.339789 0.535119
vt 0.323426 0.535634
vt 0.339255 0.521963
vt 0.323426 0.521265
vt 0.358473 0.480823
vt 0.349285 0.474141
vt 0.353735 0.551574
vt 0.353063 0.535704
vt 0.350715 0.524285
vt 0.366292 0.484423
vt 0.426574 0.448426
vt 0.410634 0.448426
vt 0.410211 0.464881
vt 0.426574 0.464366
vt 0.410745 0.478037
vt 0.426574 0.478735
vt 0.410704 0.521937
vt 0.426574 0.521265
vt 0.395972 0.524285
vt 0.426574 0.551574
vt 0.426574 0.535634
vt 0.410119 0.535211
vt 0.410634 0.551574
vt 0.396963 0.535745
vt 0.396265 0.551574
vt 0.460348 0.964366
vt 0.459842 0.950397
vt 0.459612 0.948426
vt 0.462023 1.000000
vt 0.462603 0.004719
vt 0.462023 0.000000
vt 0.462603 0.021265
vt 0.462603 0.035634
vt 0.462388 0.051574
vt 0.462603 0.045038
vt 0.460348 0.285634
vt 0.459612 0.301574
vt 0.459842 0.299603
vt 0.462023 0.271265
vt 0.462603 0.228735
vt 0.462603 0.261826
vt 0.462603 0.214366
vt 0.462388 0.198426
vt 0.462603 0.204962
vt 0.462388 0.551574
vt 0.462603 0.545038
vt 0.462603 0.535634
vt 0.462603 0.521265
vt 0.462603 0.488174
vt 0.462023 0.478735
vt 0.460348 0.464366
vt 0.459612 0.448426
vt 0.459842 0.450397
vt 0.459612 0.801574
vt 0.459842 0.799603
vt 0.460348 0.785634
vt 0.462023 0.771265
vt 0.462603 0.761826
vt 0.462603 0.728735
vt 0.462603 0.714366
vt 0.462603 0.704962
vt 0.462388 0.698426
s 1
usemtl sekken
f 1/1/1 7/2/7 13/3/13 11/4/11
f 7/2/7 9/5/9 15/6/15 13/3/13
f 9/5/9 33/7/33 35/8/35 15/6/15
f 11/4/11 13/3/13 20/9/20 17/10/17
f 13/3/13 15/6/15 21/11/21 20/9/20
f 15/6/15 35/8/35 38/12/38 21/11/21
f 4/13/4 24/14/24 30/15/30 28/16/28
f 24/14/24 26/17/26 31/18/31 30/15/30
f 26/19/26 49/20/49 51/21/51 31/22/31
f 28/16/28 30/15/30 35/23/35 33/24/33
f 30/15/30 31/18/31 38/25/38 35/23/35
f 31/22/31 51/21/51 53/26/53 38/27/38
f 6/28/6 40/29/40 45/30/45 44/31/44
f 40/29/40 42/32/42 48/33/48 45/30/45
f 42/34/42 17/10/17 20/9/20 48/35/48
f 44/31/44 45/30/45 51/21/51 49/20/49
f 45/30/45 48/33/48 53/26/53 51/21/51
f 48/35/48 20/9/20 21/11/21 53/36/53
f 21/11/21 38/12/38 53/36/53
f 55/37/55 58/38/58 61/39/61 60/40/60
f 58/38/58 59/41/59 62/42/62 61/39/61
f 59/41/59 71/43/71 72/44/72 62/42/62
f 60/40/60 61/39/61 64/45/64 63/46/63
f 61/39/61 62/42/62 65/47/65 64/45/64
f 62/42/62 72/44/72 73/48/73 65/47/65
f 56/49/56 66/50/66 69/51/69 68/52/68
f 66/50/66 67/53/67 70/54/70 69/51/69
f 67/55/67 79/56/79 80/57/80 70/58/70
f 68/52/68 69/51/69 72/59/72 71/60/71
f 69/51/69 70/54/70 73/61/73 72/59/72
f 70/58/70 80/57/80 81/62/81 73/63/73
f 57/64/57 74/65/74 77/66/77 76/67/76
f 74/65/74 75/68/75 78/69/78 77/66/77
f 75/68/75 63/70/63 64/71/64 78/69/78
f 76/67/76 77/66/77 80/57/80 79/56/79
f 77/66/77 78/69/78 81/62/81 80/57/80
f 78/69/78 64/71/64 65/72/65 81/62/81
f 65/72/65 73/63/73 81/62/81
f 82/73/82 88/74/88 94/75/94 92/76/92
f 88/74/88 90/77/90 96/78/96 94/75/94
f 90/77/90 114/79/114 116/80/116 96/78/96
f 92/76/92 94/75/94 100/81/100 98/82/98
f 94/75/94 96/78/96 102/83/102 100/81/100
f 96/78/96 116/80/116 118/84/118 102/83/102
f 84/85/84 104/86/104 110/87/110 108/88/108
f 104/86/104 107/89/107 113/90/113 110/87/110
f 107/89/107 131/91/131 133/92/133 113/90/113
f 108/88/108 110/87/110 116/93/116 114/94/114
f 110/87/110 113/90/113 118/95/118 116/93/116
f 113/90/113 133/92/133 134/96/134 118/95/118
f 87/97/87 120/98/120 126/99/126 124/100/124
f 120/98/120 122/101/122 129/102/129 126/99/126
f 122/103/122 98/82/98 100/81/100 129/104/129
f 124/100/124 126/99/126 133/92/133 131/91/131
f 126/99/126 129/102/129 134/96/134 133/92/133
f 129/104/129 100/81/100 102/83/102 134/105/134
f 102/83/102 118/84/118 134/105/134
f 136/106/136 139/107/139 142/108/142 141/109/141
f 139/107/139 140/110/140 143/111/143 142/108/142
f 140/112/140 152/113/152 153/114/153 143/115/143
f 141/109/141 142/108/142 145/116/145 144/117/144
f 142/108/142 143/111/143 146/118/146 145/116/145
f 143/115/143 153/114/153 154/119/154 146/120/146
f 137/121/137 147/122/147 150/123/150 149/124/149
f 147/122/147 148/125/148 151/126/151 150/123/150
f 148/125/148 160/127/160 161/128/161 151/126/151
f 149/124/149 150/123/150 153/114/153 152/113/152
f 150/123/150 151/126/151 154/119/154 153/114/153
f 151/126/151 161/128/161 162/129/162 154/119/154
f 138/130/138 155/131/155 158/132/158 157/133/157
f 155/131/155 156/134/156 159/135/159 158/132/158
f 156/134/156 144/136/144 145/137/145 159/135/159
f 157/133/157 158/132/158 161/128/161 160/127/160
f 158/132/158 159/135/159 162/129/162 161/128/161
f 159/135/159 145/137/145 146/120/146 162/129/162
f 146/120/146 154/119/154 162/129/162
f 163/138/163 169/139/169 175/140/175 173/141/173
f 169/139/169 171/142/171 177/143/177 175/140/175
f 171/142/171 196/144/196 198/145/198 177/143/177
f 173/141/173 175/140/175 182/146/182 180/147/180
f 175/140/175 177/143/177 183/148/183 182/146/182
f 177/143/177 198/145/198 200/149/200 183/148/183
f 166/150/166 185/151/185 192/152/192 190/153/190
f 185/151/185 187/154/187 193/155/193 192/152/192
f 187/154/187 212/156/212 213/157/213 193/155/193
f 190/153/190 192/152/192 198/145/198 196/144/196
f 192/152/192 193/155/193 200/149/200 198/145/198
f 193/155/193 213/157/213 215/158/215 200/149/200
f 168/159/168 201/160/201 207/161/207 205/162/205
f 201/160/201 203/163/203 209/164/209 207/161/207
f 203/163/203 180/147/180 182/146/182 209/164/209
f 205/162/205 207/161/207 213/157/213 212/156/212
f 207/161/207 209/164/209 215/158/215 213/157/213
f 209/164/209 182/146/182 183/148/183 215/158/215
f 183/148/183 200/149/200 215/158/215
f 217/165/217 220/166/220 223/167/223 222/168/222
f 220/166/220 221/169/221 224/170/224 223/167/223
f 221/169/221 233/171/233 234/172/234 224/170/224
f 222/168/222 223/167/223 226/173/226 225/174/225
f 223/167/223 224/170/224 227/175/227 226/173/226
f 224/170/224 234/172/234 235/176/235 227/175/227
f 218/177/218 228/178/228 231/179/231 230/180/230
f 228/178/228 229/181/229 232/182/232 231/179/231
f 229/181/229 241/183/241 242/184/242 232/182/232
f 230/180/230 231/179/231 234/172/234 233/171/233
f 231/179/231 232/182/232 235/176/235 234/172/234
f 232/182/232 242/184/242 243/185/243 235/176/235
f 219/186/219 236/187/236 239/188/239 238/189/238
f 236/187/236 237/190/237 240/191/240 239/188/239
f 237/190/237 225/174/225 226/173/226 240/191/240
f 238/189/238 239/188/239 242/184/242 241/183/241
f 239/188/239 240/191/240 243/185/243 242/184/242
f 240/191/240 226/173/226 227/175/227 243/185/243
f 227/175/227 235/176/235 243/185/243
f 245/192/245 251/193/251 257/194/257 255/195/255
f 251/193/251 253/196/253 258/197/258 257/194/257
f 253/196/253 276/198/276 278/199/278 258/197/258
f 255/195/255 257/194/257 263/200/263 261/201/261
f 257/194/257 258/197/258 265/202/265 263/200/263
f 258/197/258 278/199/278 281/203/281 265/202/265
f 246/204/246 267/205/267 272/206/272 271/207/271
f 267/205/267 268/208/268 274/209/274 272/206/272
f 268/208/268 293/210/293 294/211/294 274/209/274
f 271/207/271 272/206/272 278/199/278 276/198/276
f 272/206/272 274/209/274 281/203/281 278/199/278
f 274/209/274 294/211/294 296/212/296 281/203/281
f 248/213/248 282/214/282 288/215/288 286/216/286
f 282/214/282 284/217/284 290/218/290 288/215/288
f 284/217/284 261/201/261 263/200/263 290/218/290
f 286/216/286 288/215/288 294/211/294 293/210/293
f 288/215/288 290/218/290 296/212/296 294/211/294
f 290/218/290 263/200/263 265/202/265 296/212/296
f 265/202/265 281/203/281 296/212/296
f 298/219/298 301/220/301 304/221/304 303/222/303
f 301/220/301 302/223/302 305/224/305 304/221/304
f 302/223/302 314/225/314 315/226/315 305/224/305
f 303/222/303 304/221/304 307/227/307 306/228/306
f 304/221/304 305/224/305 308/229/308 307/227/307
f 305/224/305 315/226/315 316/230/316 308/229/308
f 299/231/299 309/232/309 312/233/312 311/234/311
f 309/232/309 310/235/310 313/236/313 312/233/312
f 310/235/310 322/237/322 323/238/323 313/236/313
f 311/234/311 312/233/312 315/226/315 314/225/314
f 312/233/312 313/236/313 316/230/316 315/226/315
f 313/236/313 323/238/323 324/239/324 316/230/316
f 300/240/300 317/241/317 320/242/320 319/243/319
f 317/241/317 318/244/318 321/245/321 320/242/320
f 318/244/318 306/228/306 307/227/307 321/245/321
f 319/243/319 320/242/320 323/238/323 322/237/322
f 320/242/320 321/245/321 324/239/324 323/238/323
f 321/245/321 307/227/307 308/229/308 324/239/324
f 308/229/308 316/230/316 324/239/324
f 82/73/82 1/1/1 11/4/11 88/74/88
f 88/74/88 11/4/11 17/10/17 90/77/90
f 90/77/90 17/10/17 42/34/42 114/79/114
f 114/94/114 42/32/42 40/29/40 108/88/108
f 108/88/108 40/29/40 6/28/6 84/85/84
f 4/13/4 55/37/55 60/40/60 24/14/24
f 24/14/24 60/40/60 63/46/63 26/17/26
f 26/19/26 63/70/63 75/68/75 49/20/49
f 49/20/49 75/68/75 74/65/74 44/31/44
f 44/31/44 74/65/74 57/64/57 6/28/6
f 328/246/328 136/106/136 141/109/141 66/50/66 56/49/56 327/247/327 325/248/325 326/249/326
f 66/50/66 141/109/141 144/117/144 67/53/67
f 67/55/67 144/136/144 156/134/156 79/56/79
f 79/56/79 156/134/156 155/131/155 76/67/76
f 76/67/76 155/131/155 138/130/138 57/64/57
f 137/121/137 87/97/87 124/100/124 147/122/147
f 147/122/147 124/100/124 131/91/131 148/125/148
f 148/125/148 131/91/131 107/89/107 160/127/160
f 160/127/160 107/89/107 104/86/104 157/133/157
f 157/133/157 104/86/104 84/85/84 138/130/138
f 245/192/245 82/73/82 92/76/92 251/193/251
f 251/193/251 92/76/92 98/82/98 253/196/253
f 253/196/253 98/82/98 122/103/122 276/198/276
f 276/198/276 122/101/122 120/98/120 271/207/271
f 271/207/271 120/98/120 87/97/87 246/204/246
f 330/250/330 298/219/298 303/222/303 335/251/335 332/252/332 331/253/331
f 336/254/336 139/107/139 136/106/136 329/255/329 333/256/333 334/257/334
f 303/222/303 306/228/306 140/110/140 139/107/139 336/254/336 337/258/337 338/259/338 335/251/335
f 140/112/140 306/228/306 318/244/318 152/113/152
f 152/113/152 318/244/318 317/241/317 149/124/149
f 149/124/149 317/241/317 300/240/300 137/121/137
f 299/231/299 248/213/248 286/216/286 309/232/309
f 309/232/309 286/216/286 293/210/293 310/235/310
f 310/235/310 293/210/293 268/208/268 322/237/322
f 322/237/322 268/208/268 267/205/267 319/243/319
f 319/243/319 267/205/267 246/204/246 300/240/300
f 163/138/163 245/192/245 255/195/255 169/139/169
f 169/139/169 255/195/255 261/201/261 171/142/171
f 171/142/171 261/201/261 284/217/284 196/144/196
f 196/144/196 284/217/284 282/214/282 190/153/190
f 190/153/190 282/214/282 248/213/248 166/150/166
f 341/260/341 217/165/217 222/168/222 301/220/301 298/219/298 342/261/342 339/262/339 340/263/340
f 301/220/301 222/168/222 225/174/225 302/223/302
f 302/223/302 225/174/225 237/190/237 314/225/314
f 314/225/314 237/190/237 236/187/236 311/234/311
f 311/234/311 236/187/236 219/186/219 299/231/299
f 218/177/218 168/159/168 205/162/205 228/178/228
f 228/178/228 205/162/205 212/156/212 229/181/229
f 229/181/229 212/156/212 187/154/187 241/183/241
f 241/183/241 187/154/187 185/151/185 238/189/238
f 238/189/238 185/151/185 166/150/166 219/186/219
f 1/1/1 163/138/163 173/141/173 7/2/7
f 7/2/7 173/141/173 180/147/180 9/5/9
f 9/5/9 180/147/180 203/163/203 33/7/33
f 33/24/33 203/163/203 201/160/201 28/16/28
f 28/16/28 201/160/201 168/159/168 4/13/4
f 56/49/56 68/52/68 347/264/347 346/265/346 344/266/344 343/267/343
f 350/268/350 220/166/220 217/165/217 345/269/345 349/270/349 348/271/348
f 68/52/68 71/60/71 221/169/221 220/166/220 350/268/350 352/272/352 351/273/351 347/264/347
f 221/169/221 71/43/71 59/41/59 233/171/233
f 233/171/233 59/41/59 58/38/58 230/180/230
f 230/180/230 58/38/58 55/37/55 218/177/218
f 82/73/82 245/192/245 163/138/163 1/1/1
f 6/28/6 57/64/57 138/130/138 84/85/84
f 168/159/168 218/177/218 55/37/55 4/13/4
f 327/247/327 56/49/56 343/267/343 355/274/355 353/275/353
f 329/255/329 136/106/136 328/246/328 354/276/354 356/277/356
f 342/261/342 298/219/298 330/250/330 360/278/360 358/279/358
f 345/269/345 217/165/217 341/260/341 357/280/357 359/281/359
f 87/97/87 137/121/137 300/240/300 246/204/246
f 248/213/248 299/231/299 219/186/219 166/150/166
f 2/282/2 12/283/12 14/284/14 8/285/8
f 8/285/8 14/284/14 16/286/16 10/287/10
f 10/287/10 16/286/16 36/288/36 34/289/34
f 12/283/12 18/290/18 19/291/19 14/284/14
f 14/284/14 19/291/19 22/292/22 16/286/16
f 16/286/16 22/292/22 37/293/37 36/288/36
f 3/294/3 27/295/27 29/296/29 23/297/23
f 23/297/23 29/296/29 32/298/32 25/299/25
f 25/300/25 32/301/32 52/302/52 50/303/50
f 27/295/27 34/304/34 36/305/36 29/296/29
f 29/296/29 36/305/36 37/306/37 32/298/32
f 32/301/32 37/27/37 54/307/54 52/302/52
f 5/308/5 43/309/43 46/310/46 39/311/39
f 39/311/39 46/310/46 47/312/47 41/313/41
f 41/314/41 47/315/47 19/291/19 18/290/18
f 43/309/43 50/303/50 52/302/52 46/310/46
f 46/310/46 52/302/52 54/307/54 47/312/47
f 47/315/47 54/316/54 22/292/22 19/291/19
f 22/292/22 54/316/54 37/293/37
f 83/317/83 93/318/93 95/319/95 89/320/89
f 89/320/89 95/319/95 97/321/97 91/322/91
f 91/322/91 97/321/97 117/323/117 115/324/115
f 93/318/93 99/325/99 101/326/101 95/319/95
f 95/319/95 101/326/101 103/327/103 97/321/97
f 97/321/97 103/327/103 119/328/119 117/323/117
f 85/329/85 109/330/109 111/331/111 105/332/105
f 105/332/105 111/331/111 112/333/112 106/334/106
f 106/334/106 112/333/112 132/335/132 130/336/130
f 109/330/109 115/337/115 117/338/117 111/331/111
f 111/331/111 117/338/117 119/339/119 112/333/112
f 112/333/112 119/339/119 135/340/135 132/335/132
f 86/341/86 125/342/125 127/343/127 121/344/121
f 121/344/121 127/343/127 128/345/128 123/346/123
f 123/347/123 128/348/128 101/326/101 99/325/99
f 125/342/125 130/336/130 132/335/132 127/343/127
f 127/343/127 132/335/132 135/340/135 128/345/128
f 128/348/128 135/349/135 103/327/103 101/326/101
f 103/327/103 135/349/135 119/328/119
f 164/350/164 174/351/174 176/352/176 170/353/170
f 170/353/170 176/352/176 178/354/178 172/355/172
f 172/355/172 178/354/178 197/356/197 195/357/195
f 174/351/174 179/358/179 181/359/181 176/352/176
f 176/352/176 181/359/181 184/360/184 178/354/178
f 178/354/178 184/360/184 199/361/199 197/356/197
f 165/362/165 189/363/189 191/364/191 186/365/186
f 186/365/186 191/364/191 194/366/194 188/367/188
f 188/367/188 194/366/194 214/368/214 211/369/211
f 189/363/189 195/357/195 197/356/197 191/364/191
f 191/364/191 197/356/197 199/361/199 194/366/194
f 194/366/194 199/361/199 216/370/216 214/368/214
f 167/371/167 206/372/206 208/373/208 202/374/202
f 202/374/202 208/373/208 210/375/210 204/376/204
f 204/376/204 210/375/210 181/359/181 179/358/179
f 206/372/206 211/369/211 214/368/214 208/373/208
f 208/373/208 214/368/214 216/370/216 210/375/210
f 210/375/210 216/370/216 184/360/184 181/359/181
f 184/360/184 216/370/216 199/361/199
f 244/377/244 254/378/254 256/379/256 250/380/250
f 250/380/250 256/379/256 259/381/259 252/382/252
f 252/382/252 259/381/259 279/383/279 277/384/277
f 254/378/254 260/385/260 262/386/262 256/379/256
f 256/379/256 262/386/262 264/387/264 259/381/259
f 259/381/259 264/387/264 280/388/280 279/383/279
f 247/389/247 270/390/270 273/391/273 266/392/266
f 266/392/266 273/391/273 275/393/275 269/394/269
f 269/394/269 275/393/275 295/395/295 292/396/292
f 270/390/270 277/384/277 279/383/279 273/391/273
f 273/391/273 279/383/279 280/388/280 275/393/275
f 275/393/275 280/388/280 297/397/297 295/395/295
f 249/398/249 287/399/287 289/400/289 283/401/283
f 283/401/283 289/400/289 291/402/291 285/403/285
f 285/403/285 291/402/291 262/386/262 260/385/260
f 287/399/287 292/396/292 295/395/295 289/400/289
f 289/400/289 295/395/295 297/397/297 291/402/291
f 291/402/291 297/397/297 264/387/264 262/386/262
f 264/387/264 297/397/297 280/388/280
f 83/317/83 89/320/89 12/283/12 2/282/2
f 89/320/89 91/322/91 18/290/18 12/283/12
f 91/322/91 115/324/115 41/314/41 18/290/18
f 115/337/115 109/330/109 39/311/39 41/313/41
f 109/330/109 85/329/85 5/308/5 39/311/39
f 3/294/3 23/297/23 346/404/346 347/405/347 351/406/351
f 23/297/23 25/299/25 344/407/344 346/404/346
f 343/408/343 344/409/344 25/300/25 50/303/50 355/410/355
f 355/410/355 50/303/50 43/309/43 353/411/353
f 353/411/353 43/309/43 5/308/5 325/412/325 327/413/327
f 334/414/334 125/342/125 86/341/86 337/415/337 336/416/336
f 333/417/333 130/336/130 125/342/125 334/414/334
f 356/418/356 106/334/106 130/336/130 333/417/333 329/419/329
f 354/420/354 105/332/105 106/334/106 356/418/356
f 326/421/326 85/329/85 105/332/105 354/420/354 328/422/328
f 244/377/244 250/380/250 93/318/93 83/317/83
f 250/380/250 252/382/252 99/325/99 93/318/93
f 252/382/252 277/384/277 123/347/123 99/325/99
f 277/384/277 270/390/270 121/344/121 123/346/123
f 270/390/270 247/389/247 86/341/86 121/344/121
f 287/399/287 249/398/249 339/423/339 342/424/342 358/425/358
f 292/396/292 287/399/287 358/425/358 360/426/360
f 330/427/330 331/428/331 269/394/269 292/396/292 360/426/360
f 332/429/332 266/392/266 269/394/269 331/428/331
f 338/430/338 247/389/247 266/392/266 332/429/332 335/431/335
f 164/350/164 170/353/170 254/378/254 244/377/244
f 170/353/170 172/355/172 260/385/260 254/378/254
f 172/355/172 195/357/195 285/403/285 260/385/260
f 195/357/195 189/363/189 283/401/283 285/403/285
f 189/363/189 165/362/165 249/398/249 283/401/283
f 206/372/206 167/371/167 352/432/352 350/433/350 348/434/348
f 211/369/211 206/372/206 348/434/348 349/435/349
f 188/367/188 211/369/211 349/435/349 345/436/345 359/437/359
f 186/365/186 188/367/188 359/437/359 357/438/357
f 165/362/165 186/365/186 357/438/357 341/439/341 340/440/340
f 2/282/2 8/285/8 174/351/174 164/350/164
f 8/285/8 10/287/10 179/358/179 174/351/174
f 10/287/10 34/289/34 204/376/204 179/358/179
f 34/304/34 27/295/27 202/374/202 204/376/204
f 27/295/27 3/294/3 167/371/167 202/374/202
f 83/317/83 2/282/2 164/350/164 244/377/244
f 325/412/325 5/308/5 85/329/85 326/421/326
f 167/371/167 3/294/3 351/406/351 352/432/352
f 337/415/337 86/341/86 247/389/247 338/430/338
f 249/398/249 165/362/165 340/440/340 339/423/339
o テキスト
v -0.097171 0.321798 -0.403316
v -0.105083 0.321798 -0.383739
v -0.103488 0.321798 -0.383075
v -0.101929 0.321798 -0.382403
v -0.100404 0.321798 -0.381725
v -0.098911 0.321798 -0.381042
v -0.097448 0.321798 -0.380356
v -0.096016 0.321798 -0.379669
v -0.094610 0.321798 -0.378981
v -0.093232 0.321798 -0.378295
v -0.091877 0.321798 -0.377611
v -0.090546 0.321798 -0.376932
v -0.089237 0.321798 -0.376260
v -0.087948 0.321798 -0.375594
v -0.081165 0.321798 -0.371902
v -0.071882 0.321798 -0.366932
v -0.060503 0.321798 -0.360925
v -0.047428 0.321798 -0.354117
v -0.033062 0.321798 -0.346747
v -0.017807 0.321798 -0.339054
v -0.002066 0.321798 -0.331274
v 0.013759 0.321798 -0.323647
v 0.029264 0.321798 -0.316410
v 0.044047 0.321798 -0.309801
v 0.057705 0.321798 -0.304060
v 0.069836 0.321798 -0.299423
v 0.076417 0.321798 -0.318550
v 0.073339 0.321798 -0.319392
v 0.069728 0.321798 -0.320476
v 0.065681 0.321798 -0.321770
v 0.061295 0.321798 -0.323240
v 0.056668 0.321798 -0.324854
v 0.051898 0.321798 -0.326580
v 0.047081 0.321798 -0.328384
v 0.042314 0.321798 -0.330233
v 0.037696 0.321798 -0.332096
v 0.033322 0.321798 -0.333939
v 0.029292 0.321798 -0.335729
v 0.025701 0.321798 -0.337434
v 0.021353 0.321798 -0.339744
v 0.017033 0.321798 -0.342363
v 0.012807 0.321798 -0.345270
v 0.008743 0.321798 -0.348442
v 0.004905 0.321798 -0.351855
v 0.001361 0.321798 -0.355486
v -0.001823 0.321798 -0.359314
v -0.004580 0.321798 -0.363314
v -0.006844 0.321798 -0.367465
v -0.008550 0.321798 -0.371743
v -0.009629 0.321798 -0.376125
v -0.010016 0.321798 -0.380589
v -0.009907 0.321798 -0.382995
v -0.009563 0.321798 -0.385216
v -0.008990 0.321798 -0.387249
v -0.008193 0.321798 -0.389094
v -0.007181 0.321798 -0.390748
v -0.005957 0.321798 -0.392210
v -0.004529 0.321798 -0.393479
v -0.002903 0.321798 -0.394553
v -0.001085 0.321798 -0.395431
v 0.000919 0.321798 -0.396110
v 0.003103 0.321798 -0.396589
v 0.005461 0.321798 -0.396867
v 0.008610 0.321798 -0.397025
v 0.011932 0.321798 -0.397146
v 0.015394 0.321798 -0.397236
v 0.018965 0.321798 -0.397303
v 0.022613 0.321798 -0.397355
v 0.026307 0.321798 -0.397400
v 0.030014 0.321798 -0.397445
v 0.033704 0.321798 -0.397497
v 0.037345 0.321798 -0.397565
v 0.040904 0.321798 -0.397655
v 0.044350 0.321798 -0.397776
v 0.047653 0.321798 -0.397935
v 0.050959 0.321798 -0.398315
v 0.054287 0.321798 -0.399007
v 0.057579 0.321798 -0.400042
v 0.060774 0.321798 -0.401454
v 0.063813 0.321798 -0.403275
v 0.066637 0.321798 -0.405539
v 0.069185 0.321798 -0.408278
v 0.071399 0.321798 -0.411526
v 0.073219 0.321798 -0.415314
v 0.074586 0.321798 -0.419677
v 0.075439 0.321798 -0.424647
v 0.075720 0.321798 -0.430257
v 0.075177 0.321798 -0.438027
v 0.073649 0.321798 -0.445251
v 0.071183 0.321798 -0.451953
v 0.067829 0.321798 -0.458157
v 0.063635 0.321798 -0.463885
v 0.058649 0.321798 -0.469160
v 0.052920 0.321798 -0.474007
v 0.046496 0.321798 -0.478449
v 0.039427 0.321798 -0.482508
v 0.031759 0.321798 -0.486209
v 0.023543 0.321798 -0.489574
v 0.014826 0.321798 -0.492627
v 0.002895 0.321798 -0.477918
v 0.008914 0.321798 -0.476314
v 0.015099 0.321798 -0.474337
v 0.021319 0.321798 -0.471983
v 0.027444 0.321798 -0.469246
v 0.033342 0.321798 -0.466122
v 0.038883 0.321798 -0.462608
v 0.043935 0.321798 -0.458699
v 0.048367 0.321798 -0.454389
v 0.052048 0.321798 -0.449675
v 0.054847 0.321798 -0.444553
v 0.056633 0.321798 -0.439018
v 0.057275 0.321798 -0.433066
v 0.057187 0.321798 -0.430671
v 0.056898 0.321798 -0.428385
v 0.056402 0.321798 -0.426222
v 0.055692 0.321798 -0.424200
v 0.054763 0.321798 -0.422334
v 0.053608 0.321798 -0.420641
v 0.052221 0.321798 -0.419136
v 0.050595 0.321798 -0.417837
v 0.048725 0.321798 -0.416758
v 0.046604 0.321798 -0.415916
v 0.044225 0.321798 -0.415328
v 0.041584 0.321798 -0.415010
v 0.038740 0.321798 -0.414849
v 0.035673 0.321798 -0.414718
v 0.032417 0.321798 -0.414614
v 0.029009 0.321798 -0.414529
v 0.025484 0.321798 -0.414459
v 0.021876 0.321798 -0.414399
v 0.018222 0.321798 -0.414343
v 0.014558 0.321798 -0.414286
v 0.010918 0.321798 -0.414224
v 0.007339 0.321798 -0.414150
v 0.003855 0.321798 -0.414059
v 0.000502 0.321798 -0.413947
v -0.003711 0.321798 -0.413558
v -0.007575 0.321798 -0.412774
v -0.011088 0.321798 -0.411618
v -0.014246 0.321798 -0.410109
v -0.017045 0.321798 -0.408268
v -0.019480 0.321798 -0.406117
v -0.021549 0.321798 -0.403675
v -0.023247 0.321798 -0.400965
v -0.024571 0.321798 -0.398006
v -0.025517 0.321798 -0.394820
v -0.026081 0.321798 -0.391428
v -0.026259 0.321798 -0.387849
v -0.026164 0.321798 -0.385163
v -0.025895 0.321798 -0.382438
v -0.025447 0.321798 -0.379684
v -0.024815 0.321798 -0.376907
v -0.023991 0.321798 -0.374116
v -0.022969 0.321798 -0.371318
v -0.021744 0.321798 -0.368520
v -0.020309 0.321798 -0.365731
v -0.018658 0.321798 -0.362959
v -0.016786 0.321798 -0.360211
v -0.014685 0.321798 -0.357494
v -0.012350 0.321798 -0.354817
v -0.018046 0.321798 -0.357854
v -0.024254 0.321798 -0.361191
v -0.030846 0.321798 -0.364760
v -0.037693 0.321798 -0.368495
v -0.044667 0.321798 -0.372329
v -0.051639 0.321798 -0.376193
v -0.058482 0.321798 -0.380020
v -0.065066 0.321798 -0.383744
v -0.071264 0.321798 -0.387297
v -0.076948 0.321798 -0.390611
v -0.081989 0.321798 -0.393620
v -0.086259 0.321798 -0.396256
v -0.087311 0.321798 -0.396913
v -0.088350 0.321798 -0.397560
v -0.089373 0.321798 -0.398196
v -0.090374 0.321798 -0.398821
v -0.091351 0.321798 -0.399434
v -0.092299 0.321798 -0.400033
v -0.093214 0.321798 -0.400619
v -0.094094 0.321798 -0.401190
v -0.094933 0.321798 -0.401747
v -0.095728 0.321798 -0.402287
v -0.096475 0.321798 -0.402810
v -0.058553 0.321798 -0.147858
v -0.040786 0.321798 -0.147933
v -0.040631 0.321798 -0.150445
v -0.040479 0.321798 -0.153175
v -0.040332 0.321798 -0.156087
v -0.040192 0.321798 -0.159139
v -0.040063 0.321798 -0.162293
v -0.039945 0.321798 -0.165510
v -0.039841 0.321798 -0.168749
v -0.039753 0.321798 -0.171973
v -0.039684 0.321798 -0.175140
v -0.039635 0.321798 -0.178213
v -0.039608 0.321798 -0.181152
v -0.039607 0.321798 -0.183917
v -0.039621 0.321798 -0.186202
v -0.039645 0.321798 -0.188504
v -0.039678 0.321798 -0.190822
v -0.039720 0.321798 -0.193153
v -0.039772 0.321798 -0.195497
v -0.039832 0.321798 -0.197852
v -0.039903 0.321798 -0.200215
v -0.039982 0.321798 -0.202587
v -0.040071 0.321798 -0.204964
v -0.040169 0.321798 -0.207346
v -0.040276 0.321798 -0.209732
v -0.040393 0.321798 -0.212118
v -0.033508 0.321798 -0.212148
v -0.023206 0.321798 -0.212151
v -0.013588 0.321798 -0.212023
v -0.004607 0.321798 -0.211691
v 0.003782 0.321798 -0.211080
v 0.011627 0.321798 -0.210119
v 0.018974 0.321798 -0.208734
v 0.025870 0.321798 -0.206851
v 0.032361 0.321798 -0.204399
v 0.038494 0.321798 -0.201304
v 0.044315 0.321798 -0.197492
v 0.049872 0.321798 -0.192892
v 0.055209 0.321798 -0.187429
v 0.056551 0.321798 -0.186026
v 0.057892 0.321798 -0.184487
v 0.059223 0.321798 -0.182830
v 0.060534 0.321798 -0.181077
v 0.061814 0.321798 -0.179245
v 0.063053 0.321798 -0.177357
v 0.064242 0.321798 -0.175431
v 0.065370 0.321798 -0.173489
v 0.066426 0.321798 -0.171548
v 0.067402 0.321798 -0.169631
v 0.068287 0.321798 -0.167757
v 0.069070 0.321798 -0.165945
v 0.081660 0.321798 -0.182211
v 0.074494 0.321798 -0.192997
v 0.066962 0.321798 -0.201984
v 0.059041 0.321798 -0.209334
v 0.050707 0.321798 -0.215212
v 0.041938 0.321798 -0.219779
v 0.032710 0.321798 -0.223200
v 0.023000 0.321798 -0.225638
v 0.012786 0.321798 -0.227257
v 0.002044 0.321798 -0.228219
v -0.009249 0.321798 -0.228689
v -0.021115 0.321798 -0.228829
v -0.033579 0.321798 -0.228804
v -0.041352 0.321798 -0.228771
v -0.041597 0.321798 -0.232082
v -0.041860 0.321798 -0.235351
v -0.042140 0.321798 -0.238574
v -0.042435 0.321798 -0.241746
v -0.042746 0.321798 -0.244862
v -0.043071 0.321798 -0.247918
v -0.043410 0.321798 -0.250910
v -0.043761 0.321798 -0.253832
v -0.044125 0.321798 -0.256679
v -0.044500 0.321798 -0.259448
v -0.044885 0.321798 -0.262134
v -0.045280 0.321798 -0.264732
v -0.063491 0.321798 -0.264655
v -0.062887 0.321798 -0.262003
v -0.062319 0.321798 -0.259264
v -0.061783 0.321798 -0.256445
v -0.061280 0.321798 -0.253552
v -0.060808 0.321798 -0.250590
v -0.060365 0.321798 -0.247567
v -0.059949 0.321798 -0.244489
v -0.059559 0.321798 -0.241361
v -0.059194 0.321798 -0.238189
v -0.058851 0.321798 -0.234981
v -0.058530 0.321798 -0.231741
v -0.058229 0.321798 -0.228477
v -0.091763 0.321798 -0.228112
v -0.092975 0.321798 -0.228112
v -0.094168 0.321798 -0.228121
v -0.095341 0.321798 -0.228139
v -0.096493 0.321798 -0.228166
v -0.097623 0.321798 -0.228203
v -0.098731 0.321798 -0.228249
v -0.099816 0.321798 -0.228305
v -0.100878 0.321798 -0.228370
v -0.101914 0.321798 -0.228444
v -0.102926 0.321798 -0.228528
v -0.103910 0.321798 -0.228621
v -0.104869 0.321798 -0.228723
v -0.104781 0.321798 -0.208069
v -0.103870 0.321798 -0.208244
v -0.102916 0.321798 -0.208426
v -0.101920 0.321798 -0.208612
v -0.100885 0.321798 -0.208801
v -0.099813 0.321798 -0.208991
v -0.098706 0.321798 -0.209178
v -0.097567 0.321798 -0.209360
v -0.096397 0.321798 -0.209536
v -0.095200 0.321798 -0.209703
v -0.093977 0.321798 -0.209858
v -0.092731 0.321798 -0.209999
v -0.091464 0.321798 -0.210125
v -0.089888 0.321798 -0.210247
v -0.087959 0.321798 -0.210377
v -0.085713 0.321798 -0.210513
v -0.083184 0.321798 -0.210653
v -0.080408 0.321798 -0.210794
v -0.077421 0.321798 -0.210934
v -0.074258 0.321798 -0.211069
v -0.070955 0.321798 -0.211199
v -0.067546 0.321798 -0.211319
v -0.064069 0.321798 -0.211428
v -0.060557 0.321798 -0.211524
v -0.057047 0.321798 -0.211603
v -0.056931 0.321798 -0.209268
v -0.056824 0.321798 -0.206925
v -0.056726 0.321798 -0.204578
v -0.056637 0.321798 -0.202228
v -0.056558 0.321798 -0.199878
v -0.056488 0.321798 -0.197531
v -0.056427 0.321798 -0.195188
v -0.056375 0.321798 -0.192852
v -0.056333 0.321798 -0.190526
v -0.056300 0.321798 -0.188210
v -0.056276 0.321798 -0.185909
v -0.056262 0.321798 -0.183624
v -0.056267 0.321798 -0.180583
v -0.056309 0.321798 -0.177474
v -0.056386 0.321798 -0.174320
v -0.056497 0.321798 -0.171145
v -0.056642 0.321798 -0.167973
v -0.056821 0.321798 -0.164827
v -0.057032 0.321798 -0.161733
v -0.057275 0.321798 -0.158713
v -0.057549 0.321798 -0.155791
v -0.057854 0.321798 -0.152993
v -0.058189 0.321798 -0.150340
v -0.101060 0.321798 -0.116363
v -0.102971 0.321798 -0.095701
v -0.101936 0.321798 -0.095700
v -0.100835 0.321798 -0.095689
v -0.099678 0.321798 -0.095666
v -0.098471 0.321798 -0.095630
v -0.097225 0.321798 -0.095578
v -0.095947 0.321798 -0.095509
v -0.094645 0.321798 -0.095421
v -0.093329 0.321798 -0.095314
v -0.092007 0.321798 -0.095185
v -0.090686 0.321798 -0.095033
v -0.089377 0.321798 -0.094857
v -0.088087 0.321798 -0.094654
v -0.083155 0.321798 -0.093949
v -0.077614 0.321798 -0.093148
v -0.071514 0.321798 -0.092281
v -0.064902 0.321798 -0.091380
v -0.057827 0.321798 -0.090474
v -0.050338 0.321798 -0.089595
v -0.042484 0.321798 -0.088773
v -0.034314 0.321798 -0.088039
v -0.025875 0.321798 -0.087423
v -0.017217 0.321798 -0.086956
v -0.008389 0.321798 -0.086668
v 0.000560 0.321798 -0.086591
v 0.007564 0.321798 -0.086768
v 0.014548 0.321798 -0.087214
v 0.021455 0.321798 -0.087894
v 0.028230 0.321798 -0.088773
v 0.034815 0.321798 -0.089815
v 0.041156 0.321798 -0.090983
v 0.047195 0.321798 -0.092243
v 0.052877 0.321798 -0.093558
v 0.058146 0.321798 -0.094893
v 0.062945 0.321798 -0.096212
v 0.067219 0.321798 -0.097480
v 0.070911 0.321798 -0.098660
v 0.069070 0.321798 -0.113755
v 0.068497 0.321798 -0.113697
v 0.067894 0.321798 -0.113638
v 0.067266 0.321798 -0.113580
v 0.066620 0.321798 -0.113522
v 0.065961 0.321798 -0.113464
v 0.065296 0.321798 -0.113405
v 0.064631 0.321798 -0.113347
v 0.063972 0.321798 -0.113289
v 0.063326 0.321798 -0.113230
v 0.062698 0.321798 -0.113172
v 0.062094 0.321798 -0.113114
v 0.061522 0.321798 -0.113056
v 0.060876 0.321798 -0.113012
v 0.060165 0.321798 -0.112994
v 0.059398 0.321798 -0.113002
v 0.058585 0.321798 -0.113036
v 0.057735 0.321798 -0.113094
v 0.056857 0.321798 -0.113175
v 0.055961 0.321798 -0.113280
v 0.055055 0.321798 -0.113407
v 0.054149 0.321798 -0.113556
v 0.053252 0.321798 -0.113725
v 0.052374 0.321798 -0.113915
v 0.051523 0.321798 -0.114124
v 0.048566 0.321798 -0.114807
v 0.045182 0.321798 -0.115645
v 0.041439 0.321798 -0.116618
v 0.037401 0.321798 -0.117708
v 0.033135 0.321798 -0.118896
v 0.028706 0.321798 -0.120162
v 0.024179 0.321798 -0.121489
v 0.019621 0.321798 -0.122856
v 0.015096 0.321798 -0.124244
v 0.010671 0.321798 -0.125636
v 0.006411 0.321798 -0.127011
v 0.002382 0.321798 -0.128351
v -0.003352 0.321798 -0.118777
v -0.000524 0.321798 -0.117726
v 0.002382 0.321798 -0.116664
v 0.005344 0.321798 -0.115597
v 0.008338 0.321798 -0.114533
v 0.011341 0.321798 -0.113478
v 0.014331 0.321798 -0.112439
v 0.017283 0.321798 -0.111424
v 0.020175 0.321798 -0.110438
v 0.022984 0.321798 -0.109488
v 0.025686 0.321798 -0.108583
v 0.028258 0.321798 -0.107727
v 0.030678 0.321798 -0.106929
v 0.021342 0.321798 -0.105103
v 0.011594 0.321798 -0.103885
v 0.001534 0.321798 -0.103217
v -0.008739 0.321798 -0.103043
v -0.019124 0.321798 -0.103308
v -0.029523 0.321798 -0.103953
v -0.039835 0.321798 -0.104922
v -0.049961 0.321798 -0.106159
v -0.059801 0.321798 -0.107606
v -0.069256 0.321798 -0.109208
v -0.078225 0.321798 -0.110908
v -0.086608 0.321798 -0.112649
v -0.087699 0.321798 -0.112884
v -0.088852 0.321798 -0.113151
v -0.090054 0.321798 -0.113443
v -0.091293 0.321798 -0.113756
v -0.092557 0.321798 -0.114084
v -0.093834 0.321798 -0.114423
v -0.095110 0.321798 -0.114766
v -0.096374 0.321798 -0.115108
v -0.097614 0.321798 -0.115444
v -0.098816 0.321798 -0.115769
v -0.099969 0.321798 -0.116077
v -0.018745 0.321798 0.126472
v -0.000566 0.321798 0.118844
v -0.002261 0.321798 0.114613
v -0.004460 0.321798 0.109142
v -0.007037 0.321798 0.102625
v -0.009870 0.321798 0.095252
v -0.012836 0.321798 0.087217
v -0.015810 0.321798 0.078711
v -0.018670 0.321798 0.069928
v -0.021293 0.321798 0.061058
v -0.023553 0.321798 0.052295
v -0.025329 0.321798 0.043831
v -0.026497 0.321798 0.035857
v -0.026933 0.321798 0.028567
v -0.026666 0.321798 0.023069
v -0.025839 0.321798 0.017916
v -0.024487 0.321798 0.013135
v -0.022642 0.321798 0.008750
v -0.020338 0.321798 0.004785
v -0.017611 0.321798 0.001266
v -0.014492 0.321798 -0.001783
v -0.011017 0.321798 -0.004337
v -0.007219 0.321798 -0.006371
v -0.003132 0.321798 -0.007860
v 0.001211 0.321798 -0.008780
v 0.005775 0.321798 -0.009105
v 0.014368 0.321798 -0.008283
v 0.022067 0.321798 -0.005826
v 0.028910 0.321798 -0.001860
v 0.034930 0.321798 0.003488
v 0.040163 0.321798 0.010092
v 0.044644 0.321798 0.017825
v 0.048407 0.321798 0.026560
v 0.051487 0.321798 0.036171
v 0.053920 0.321798 0.046532
v 0.055740 0.321798 0.057515
v 0.056982 0.321798 0.068994
v 0.057682 0.321798 0.080842
v 0.074752 0.321798 0.073663
v 0.073370 0.321798 0.059084
v 0.071231 0.321798 0.045372
v 0.068328 0.321798 0.032604
v 0.064649 0.321798 0.020857
v 0.060185 0.321798 0.010209
v 0.054926 0.321798 0.000736
v 0.048863 0.321798 -0.007484
v 0.041986 0.321798 -0.014375
v 0.034285 0.321798 -0.019858
v 0.025751 0.321798 -0.023858
v 0.016373 0.321798 -0.026296
v 0.006143 0.321798 -0.027095
v -0.001216 0.321798 -0.026600
v -0.008066 0.321798 -0.025211
v -0.014379 0.321798 -0.022976
v -0.020131 0.321798 -0.019943
v -0.025298 0.321798 -0.016160
v -0.029853 0.321798 -0.011674
v -0.033771 0.321798 -0.006534
v -0.037027 0.321798 -0.000788
v -0.039597 0.321798 0.005517
v -0.041453 0.321798 0.012332
v -0.042573 0.321798 0.019610
v -0.042929 0.321798 0.027302
v -0.042635 0.321798 0.034048
v -0.041861 0.321798 0.041109
v -0.040681 0.321798 0.048381
v -0.039173 0.321798 0.055755
v -0.037411 0.321798 0.063124
v -0.035473 0.321798 0.070383
v -0.033434 0.321798 0.077424
v -0.031369 0.321798 0.084140
v -0.029357 0.321798 0.090425
v -0.027471 0.321798 0.096171
v -0.025788 0.321798 0.101272
v -0.024385 0.321798 0.105620
v -0.023827 0.321798 0.107394
v -0.023280 0.321798 0.109167
v -0.022746 0.321798 0.110936
v -0.022225 0.321798 0.112701
v -0.021719 0.321798 0.114460
v -0.021231 0.321798 0.116211
v -0.020761 0.321798 0.117954
v -0.020312 0.321798 0.119685
v -0.019883 0.321798 0.121404
v -0.019479 0.321798 0.123109
v -0.019098 0.321798 0.124799
v -0.040123 0.321798 0.374190
v -0.021921 0.321798 0.372114
v -0.022158 0.321798 0.370546
v -0.022412 0.321798 0.368851
v -0.022678 0.321798 0.367051
v -0.022954 0.321798 0.365168
v -0.023236 0.321798 0.363223
v -0.023521 0.321798 0.361239
v -0.023807 0.321798 0.359235
v -0.024090 0.321798 0.357235
v -0.024366 0.321798 0.355260
v -0.024633 0.321798 0.353330
v -0.024887 0.321798 0.351469
v -0.025125 0.321798 0.349697
v -0.027891 0.321798 0.325945
v -0.022320 0.321798 0.325922
v -0.016747 0.321798 0.325897
v -0.011224 0.321798 0.325871
v -0.005806 0.321798 0.325843
v -0.000545 0.321798 0.325813
v 0.004505 0.321798 0.325780
v 0.009292 0.321798 0.325743
v 0.013762 0.321798 0.325703
v 0.017861 0.321798 0.325657
v 0.021537 0.321798 0.325607
v 0.024737 0.321798 0.325551
v 0.027407 0.321798 0.325488
v 0.035749 0.321798 0.325072
v 0.043150 0.321798 0.324354
v 0.049651 0.321798 0.323187
v 0.055290 0.321798 0.321422
v 0.060109 0.321798 0.318910
v 0.064147 0.321798 0.315505
v 0.067446 0.321798 0.311057
v 0.070044 0.321798 0.305418
v 0.071983 0.321798 0.298440
v 0.073303 0.321798 0.289975
v 0.074043 0.321798 0.279875
v 0.074245 0.321798 0.267991
v 0.074180 0.321798 0.262296
v 0.074041 0.321798 0.256466
v 0.073834 0.321798 0.250559
v 0.073570 0.321798 0.244634
v 0.073256 0.321798 0.238749
v 0.072902 0.321798 0.232962
v 0.072517 0.321798 0.227334
v 0.072108 0.321798 0.221921
v 0.071685 0.321798 0.216783
v 0.071257 0.321798 0.211978
v 0.070831 0.321798 0.207565
v 0.070418 0.321798 0.203602
v 0.051538 0.321798 0.203016
v 0.052219 0.321798 0.206885
v 0.052893 0.321798 0.211243
v 0.053550 0.321798 0.216031
v 0.054182 0.321798 0.221191
v 0.054777 0.321798 0.226666
v 0.055327 0.321798 0.232399
v 0.055823 0.321798 0.238330
v 0.056254 0.321798 0.244403
v 0.056612 0.321798 0.250559
v 0.056887 0.321798 0.256741
v 0.057069 0.321798 0.262892
v 0.057148 0.321798 0.268952
v 0.057006 0.321798 0.277789
v 0.056481 0.321798 0.285177
v 0.055550 0.321798 0.291251
v 0.054187 0.321798 0.296141
v 0.052371 0.321798 0.299982
v 0.050075 0.321798 0.302906
v 0.047276 0.321798 0.305045
v 0.043950 0.321798 0.306532
v 0.040073 0.321798 0.307501
v 0.035620 0.321798 0.308083
v 0.030568 0.321798 0.308412
v 0.024892 0.321798 0.308620
v 0.022435 0.321798 0.308682
v 0.019427 0.321798 0.308736
v 0.015919 0.321798 0.308783
v 0.011963 0.321798 0.308823
v 0.007608 0.321798 0.308856
v 0.002907 0.321798 0.308880
v -0.002091 0.321798 0.308897
v -0.007334 0.321798 0.308905
v -0.012771 0.321798 0.308905
v -0.018352 0.321798 0.308897
v -0.024025 0.321798 0.308879
v -0.029740 0.321798 0.308852
v -0.030328 0.321798 0.303228
v -0.030930 0.321798 0.297470
v -0.031542 0.321798 0.291603
v -0.032158 0.321798 0.285651
v -0.032775 0.321798 0.279636
v -0.033388 0.321798 0.273584
v -0.033991 0.321798 0.267518
v -0.034581 0.321798 0.261462
v -0.035152 0.321798 0.255439
v -0.035699 0.321798 0.249475
v -0.036218 0.321798 0.243592
v -0.036705 0.321798 0.237814
v -0.033188 0.321798 0.237919
v -0.029657 0.321798 0.238042
v -0.026140 0.321798 0.238182
v -0.022670 0.321798 0.238339
v -0.019277 0.321798 0.238511
v -0.015991 0.321798 0.238698
v -0.012845 0.321798 0.238900
v -0.009868 0.321798 0.239115
v -0.007091 0.321798 0.239344
v -0.004546 0.321798 0.239585
v -0.002263 0.321798 0.239838
v -0.000273 0.321798 0.240102
v 0.000919 0.321798 0.240302
v 0.001947 0.321798 0.240579
v 0.002823 0.321798 0.240939
v 0.003558 0.321798 0.241386
v 0.004163 0.321798 0.241922
v 0.004651 0.321798 0.242552
v 0.005033 0.321798 0.243280
v 0.005321 0.321798 0.244109
v 0.005526 0.321798 0.245044
v 0.005660 0.321798 0.246087
v 0.005733 0.321798 0.247243
v 0.005759 0.321798 0.248516
v 0.005742 0.321798 0.249882
v 0.005681 0.321798 0.251411
v 0.005577 0.321798 0.253080
v 0.005433 0.321798 0.254868
v 0.005248 0.321798 0.256751
v 0.005025 0.321798 0.258707
v 0.004766 0.321798 0.260715
v 0.004471 0.321798 0.262752
v 0.004142 0.321798 0.264794
v 0.003781 0.321798 0.266821
v 0.003388 0.321798 0.268809
v 0.002967 0.321798 0.270737
v 0.018292 0.321798 0.271116
v 0.018580 0.321798 0.269431
v 0.018892 0.321798 0.267415
v 0.019221 0.321798 0.265126
v 0.019556 0.321798 0.262622
v 0.019887 0.321798 0.259960
v 0.020204 0.321798 0.257199
v 0.020498 0.321798 0.254397
v 0.020759 0.321798 0.251611
v 0.020977 0.321798 0.248899
v 0.021143 0.321798 0.246319
v 0.021246 0.321798 0.243930
v 0.021277 0.321798 0.241788
v 0.021204 0.321798 0.239344
v 0.020998 0.321798 0.237114
v 0.020645 0.321798 0.235089
v 0.020130 0.321798 0.233263
v 0.019441 0.321798 0.231625
v 0.018562 0.321798 0.230167
v 0.017481 0.321798 0.228882
v 0.016183 0.321798 0.227760
v 0.014655 0.321798 0.226794
v 0.012881 0.321798 0.225974
v 0.010850 0.321798 0.225292
v 0.008545 0.321798 0.224741
v 0.005747 0.321798 0.224234
v 0.002605 0.321798 0.223796
v -0.000836 0.321798 0.223421
v -0.004532 0.321798 0.223102
v -0.008437 0.321798 0.222834
v -0.012506 0.321798 0.222610
v -0.016696 0.321798 0.222423
v -0.020961 0.321798 0.222267
v -0.025258 0.321798 0.222136
v -0.029540 0.321798 0.222024
v -0.033763 0.321798 0.221924
v -0.037883 0.321798 0.221829
v -0.038055 0.321798 0.219415
v -0.038218 0.321798 0.217058
v -0.038371 0.321798 0.214759
v -0.038515 0.321798 0.212520
v -0.038649 0.321798 0.210344
v -0.038774 0.321798 0.208230
v -0.038889 0.321798 0.206181
v -0.038994 0.321798 0.204198
v -0.039090 0.321798 0.202284
v -0.039177 0.321798 0.200438
v -0.039254 0.321798 0.198663
v -0.039321 0.321798 0.196961
v -0.039332 0.321798 0.195518
v -0.039349 0.321798 0.193981
v -0.039372 0.321798 0.192378
v -0.039397 0.321798 0.190735
v -0.039422 0.321798 0.189080
v -0.039445 0.321798 0.187440
v -0.039463 0.321798 0.185841
v -0.039474 0.321798 0.184311
v -0.039475 0.321798 0.182877
v -0.039464 0.321798 0.181565
v -0.039438 0.321798 0.180403
v -0.039396 0.321798 0.179417
v -0.056718 0.321798 0.179490
v -0.056652 0.321798 0.180840
v -0.056578 0.321798 0.182223
v -0.056496 0.321798 0.183633
v -0.056407 0.321798 0.185066
v -0.056311 0.321798 0.186518
v -0.056210 0.321798 0.187983
v -0.056105 0.321798 0.189458
v -0.055995 0.321798 0.190937
v -0.055883 0.321798 0.192416
v -0.055768 0.321798 0.193891
v -0.055651 0.321798 0.195357
v -0.055534 0.321798 0.196808
v -0.053875 0.321798 0.221453
v -0.084968 0.321798 0.221141
v -0.086191 0.321798 0.221090
v -0.087511 0.321798 0.221038
v -0.088904 0.321798 0.220984
v -0.090349 0.321798 0.220925
v -0.091821 0.321798 0.220860
v -0.093298 0.321798 0.220787
v -0.094757 0.321798 0.220705
v -0.096174 0.321798 0.220613
v -0.097526 0.321798 0.220507
v -0.098790 0.321798 0.220387
v -0.099944 0.321798 0.220251
v -0.100963 0.321798 0.220098
v -0.100883 0.321798 0.238975
v -0.099856 0.321798 0.238809
v -0.098679 0.321798 0.238652
v -0.097377 0.321798 0.238506
v -0.095975 0.321798 0.238370
v -0.094499 0.321798 0.238247
v -0.092975 0.321798 0.238137
v -0.091427 0.321798 0.238040
v -0.089882 0.321798 0.237958
v -0.088364 0.321798 0.237891
v -0.086899 0.321798 0.237841
v -0.085513 0.321798 0.237809
v -0.084231 0.321798 0.237794
v -0.052474 0.321798 0.237659
v -0.051940 0.321798 0.243636
v -0.051390 0.321798 0.249675
v -0.050828 0.321798 0.255756
v -0.050257 0.321798 0.261857
v -0.049679 0.321798 0.267959
v -0.049099 0.321798 0.274039
v -0.048518 0.321798 0.280078
v -0.047941 0.321798 0.286055
v -0.047371 0.321798 0.291948
v -0.046810 0.321798 0.297737
v -0.046262 0.321798 0.303402
v -0.045730 0.321798 0.308920
v -0.075712 0.321798 0.308826
v -0.077415 0.321798 0.308824
v -0.079081 0.321798 0.308805
v -0.080710 0.321798 0.308771
v -0.082301 0.321798 0.308722
v -0.083856 0.321798 0.308661
v -0.085374 0.321798 0.308589
v -0.086855 0.321798 0.308508
v -0.088299 0.321798 0.308419
v -0.089706 0.321798 0.308323
v -0.091076 0.321798 0.308223
v -0.092409 0.321798 0.308119
v -0.093705 0.321798 0.308014
v -0.093623 0.321798 0.327335
v -0.091938 0.321798 0.327115
v -0.090314 0.321798 0.326914
v -0.088740 0.321798 0.326731
v -0.087202 0.321798 0.326567
v -0.085689 0.321798 0.326422
v -0.084189 0.321798 0.326296
v -0.082688 0.321798 0.326187
v -0.081175 0.321798 0.326098
v -0.079637 0.321798 0.326026
v -0.078062 0.321798 0.325973
v -0.076438 0.321798 0.325939
v -0.074751 0.321798 0.325922
v -0.043881 0.321798 0.326013
v -0.041554 0.321798 0.351099
v -0.041332 0.321798 0.353101
v -0.041129 0.321798 0.355106
v -0.040945 0.321798 0.357110
v -0.040779 0.321798 0.359107
v -0.040632 0.321798 0.361092
v -0.040503 0.321798 0.363060
v -0.040393 0.321798 0.365004
v -0.040302 0.321798 0.366920
v -0.040229 0.321798 0.368802
v -0.040175 0.321798 0.370644
v -0.040140 0.321798 0.372442
v -0.105083 0.364778 -0.383739
v -0.103488 0.364778 -0.383075
v -0.097171 0.364778 -0.403316
v -0.101929 0.364778 -0.382403
v -0.100404 0.364778 -0.381725
v -0.098911 0.364778 -0.381042
v -0.097448 0.364778 -0.380356
v -0.096016 0.364778 -0.379669
v -0.096475 0.364778 -0.402810
v -0.095728 0.364778 -0.402287
v -0.094610 0.364778 -0.378981
v -0.094933 0.364778 -0.401747
v -0.094094 0.364778 -0.401190
v -0.093232 0.364778 -0.378295
v -0.093214 0.364778 -0.400619
v -0.091877 0.364778 -0.377611
v -0.092299 0.364778 -0.400033
v -0.091351 0.364778 -0.399434
v -0.090546 0.364778 -0.376932
v -0.090374 0.364778 -0.398821
v -0.089237 0.364778 -0.376260
v -0.089373 0.364778 -0.398196
v -0.088350 0.364778 -0.397560
v -0.087948 0.364778 -0.375594
v -0.087311 0.364778 -0.396913
v -0.081165 0.364778 -0.371902
v -0.086259 0.364778 -0.396256
v -0.081989 0.364778 -0.393620
v -0.076948 0.364778 -0.390611
v -0.071882 0.364778 -0.366932
v -0.071264 0.364778 -0.387297
v -0.060503 0.364778 -0.360925
v -0.065066 0.364778 -0.383744
v -0.058482 0.364778 -0.380020
v -0.047428 0.364778 -0.354117
v -0.051639 0.364778 -0.376193
v -0.044667 0.364778 -0.372329
v -0.033062 0.364778 -0.346747
v -0.037693 0.364778 -0.368495
v -0.030846 0.364778 -0.364760
v -0.017807 0.364778 -0.339054
v -0.024254 0.364778 -0.361191
v -0.026259 0.364778 -0.387849
v -0.026164 0.364778 -0.385163
v -0.026081 0.364778 -0.391428
v -0.025895 0.364778 -0.382438
v -0.025517 0.364778 -0.394820
v -0.025447 0.364778 -0.379684
v -0.024571 0.364778 -0.398006
v -0.024815 0.364778 -0.376907
v -0.023991 0.364778 -0.374116
v -0.023247 0.364778 -0.400965
v -0.018046 0.364778 -0.357854
v -0.022969 0.364778 -0.371318
v -0.021549 0.364778 -0.403675
v -0.021744 0.364778 -0.368520
v -0.020309 0.364778 -0.365731
v -0.019480 0.364778 -0.406117
v -0.018658 0.364778 -0.362959
v -0.017045 0.364778 -0.408268
v -0.016786 0.364778 -0.360211
v -0.012350 0.364778 -0.354817
v -0.002066 0.364778 -0.331274
v -0.014246 0.364778 -0.410109
v -0.014685 0.364778 -0.357494
v -0.011088 0.364778 -0.411618
v -0.009629 0.364778 -0.376125
v -0.010016 0.364778 -0.380589
v -0.009907 0.364778 -0.382995
v -0.007575 0.364778 -0.412774
v -0.009563 0.364778 -0.385216
v -0.008550 0.364778 -0.371743
v -0.008990 0.364778 -0.387249
v -0.008193 0.364778 -0.389094
v -0.006844 0.364778 -0.367465
v -0.007181 0.364778 -0.390748
v -0.003711 0.364778 -0.413558
v -0.005957 0.364778 -0.392210
v -0.004580 0.364778 -0.363314
v -0.004529 0.364778 -0.393479
v -0.001823 0.364778 -0.359314
v -0.002903 0.364778 -0.394553
v 0.000502 0.364778 -0.413947
v -0.001085 0.364778 -0.395431
v 0.013759 0.364778 -0.323647
v 0.001361 0.364778 -0.355486
v 0.000919 0.364778 -0.396110
v 0.003855 0.364778 -0.414059
v 0.003103 0.364778 -0.396589
v 0.004905 0.364778 -0.351855
v 0.005461 0.364778 -0.396867
v 0.002895 0.364778 -0.477918
v 0.008914 0.364778 -0.476314
v 0.014826 0.364778 -0.492627
v 0.007339 0.364778 -0.414150
v 0.008743 0.364778 -0.348442
v 0.008610 0.364778 -0.397025
v 0.010918 0.364778 -0.414224
v 0.012807 0.364778 -0.345270
v 0.011932 0.364778 -0.397146
v 0.015099 0.364778 -0.474337
v 0.014558 0.364778 -0.414286
v 0.015394 0.364778 -0.397236
v 0.017033 0.364778 -0.342363
v 0.029264 0.364778 -0.316410
v 0.018222 0.364778 -0.414343
v 0.023543 0.364778 -0.489574
v 0.018965 0.364778 -0.397303
v 0.021319 0.364778 -0.471983
v 0.021353 0.364778 -0.339744
v 0.021876 0.364778 -0.414399
v 0.022613 0.364778 -0.397355
v 0.025701 0.364778 -0.337434
v 0.027444 0.364778 -0.469246
v 0.025484 0.364778 -0.414459
v 0.026307 0.364778 -0.397400
v 0.031759 0.364778 -0.486209
v 0.029292 0.364778 -0.335729
v 0.029009 0.364778 -0.414529
v 0.030014 0.364778 -0.397445
v 0.033342 0.364778 -0.466122
v 0.044047 0.364778 -0.309801
v 0.033322 0.364778 -0.333939
v 0.032417 0.364778 -0.414614
v 0.033704 0.364778 -0.397497
v 0.039427 0.364778 -0.482508
v 0.035673 0.364778 -0.414718
v 0.037696 0.364778 -0.332096
v 0.038883 0.364778 -0.462608
v 0.037345 0.364778 -0.397565
v 0.038740 0.364778 -0.414849
v 0.040904 0.364778 -0.397655
v 0.042314 0.364778 -0.330233
v 0.041584 0.364778 -0.415010
v 0.043935 0.364778 -0.458699
v 0.046496 0.364778 -0.478449
v 0.044350 0.364778 -0.397776
v 0.044225 0.364778 -0.415328
v 0.047081 0.364778 -0.328384
v 0.057705 0.364778 -0.304060
v 0.048367 0.364778 -0.454389
v 0.046604 0.364778 -0.415916
v 0.047653 0.364778 -0.397935
v 0.048725 0.364778 -0.416758
v 0.051898 0.364778 -0.326580
v 0.052920 0.364778 -0.474007
v 0.050959 0.364778 -0.398315
v 0.052048 0.364778 -0.449675
v 0.050595 0.364778 -0.417837
v 0.052221 0.364778 -0.419136
v 0.054287 0.364778 -0.399007
v 0.056668 0.364778 -0.324854
v 0.054847 0.364778 -0.444553
v 0.053608 0.364778 -0.420641
v 0.058649 0.364778 -0.469160
v 0.054763 0.364778 -0.422334
v 0.057579 0.364778 -0.400042
v 0.055692 0.364778 -0.424200
v 0.056633 0.364778 -0.439018
v 0.056402 0.364778 -0.426222
v 0.061295 0.364778 -0.323240
v 0.056898 0.364778 -0.428385
v 0.057275 0.364778 -0.433066
v 0.057187 0.364778 -0.430671
v 0.069836 0.364778 -0.299423
v 0.060774 0.364778 -0.401454
v 0.063635 0.364778 -0.463885
v 0.063813 0.364778 -0.403275
v 0.065681 0.364778 -0.321770
v 0.066637 0.364778 -0.405539
v 0.067829 0.364778 -0.458157
v 0.069728 0.364778 -0.320476
v 0.069185 0.364778 -0.408278
v 0.071183 0.364778 -0.451953
v 0.071399 0.364778 -0.411526
v 0.073339 0.364778 -0.319392
v 0.076417 0.364778 -0.318550
v 0.073649 0.364778 -0.445251
v 0.073219 0.364778 -0.415314
v 0.074586 0.364778 -0.419677
v 0.075177 0.364778 -0.438027
v 0.075439 0.364778 -0.424647
v 0.075720 0.364778 -0.430257
v -0.102971 0.364778 -0.095701
v -0.101936 0.364778 -0.095700
v -0.101060 0.364778 -0.116363
v -0.100835 0.364778 -0.095689
v -0.099969 0.364778 -0.116077
v -0.099678 0.364778 -0.095666
v -0.098816 0.364778 -0.115769
v -0.098471 0.364778 -0.095630
v -0.097614 0.364778 -0.115444
v -0.097225 0.364778 -0.095578
v -0.096374 0.364778 -0.115108
v -0.095947 0.364778 -0.095509
v -0.095110 0.364778 -0.114766
v -0.094645 0.364778 -0.095421
v -0.093834 0.364778 -0.114423
v -0.093329 0.364778 -0.095314
v -0.092557 0.364778 -0.114084
v -0.092007 0.364778 -0.095185
v -0.091293 0.364778 -0.113756
v -0.090686 0.364778 -0.095033
v -0.090054 0.364778 -0.113443
v -0.089377 0.364778 -0.094857
v -0.088852 0.364778 -0.113151
v -0.088087 0.364778 -0.094654
v -0.087699 0.364778 -0.112884
v -0.083155 0.364778 -0.093949
v -0.086608 0.364778 -0.112649
v -0.078225 0.364778 -0.110908
v -0.077614 0.364778 -0.093148
v -0.069256 0.364778 -0.109208
v -0.071514 0.364778 -0.092281
v -0.064902 0.364778 -0.091380
v -0.059801 0.364778 -0.107606
v -0.057827 0.364778 -0.090474
v -0.049961 0.364778 -0.106159
v -0.050338 0.364778 -0.089595
v -0.042484 0.364778 -0.088773
v -0.039835 0.364778 -0.104922
v -0.034314 0.364778 -0.088039
v -0.029523 0.364778 -0.103953
v -0.025875 0.364778 -0.087423
v -0.019124 0.364778 -0.103308
v -0.017217 0.364778 -0.086956
v -0.008739 0.364778 -0.103043
v -0.008389 0.364778 -0.086668
v 0.001534 0.364778 -0.103217
v 0.000560 0.364778 -0.086591
v -0.003352 0.364778 -0.118777
v -0.000524 0.364778 -0.117726
v 0.002382 0.364778 -0.128351
v 0.002382 0.364778 -0.116664
v 0.007564 0.364778 -0.086768
v 0.011594 0.364778 -0.103885
v 0.005344 0.364778 -0.115597
v 0.006411 0.364778 -0.127011
v 0.008338 0.364778 -0.114533
v 0.010671 0.364778 -0.125636
v 0.014548 0.364778 -0.087214
v 0.011341 0.364778 -0.113478
v 0.015096 0.364778 -0.124244
v 0.014331 0.364778 -0.112439
v 0.021342 0.364778 -0.105103
v 0.017283 0.364778 -0.111424
v 0.021455 0.364778 -0.087894
v 0.019621 0.364778 -0.122856
v 0.020175 0.364778 -0.110438
v 0.024179 0.364778 -0.121489
v 0.022984 0.364778 -0.109488
v 0.030678 0.364778 -0.106929
v 0.028230 0.364778 -0.088773
v 0.025686 0.364778 -0.108583
v 0.028706 0.364778 -0.120162
v 0.028258 0.364778 -0.107727
v 0.034815 0.364778 -0.089815
v 0.033135 0.364778 -0.118896
v 0.037401 0.364778 -0.117708
v 0.041156 0.364778 -0.090983
v 0.041439 0.364778 -0.116618
v 0.047195 0.364778 -0.092243
v 0.045182 0.364778 -0.115645
v 0.048566 0.364778 -0.114807
v 0.052877 0.364778 -0.093558
v 0.051523 0.364778 -0.114124
v 0.052374 0.364778 -0.113915
v 0.053252 0.364778 -0.113725
v 0.058146 0.364778 -0.094893
v 0.054149 0.364778 -0.113556
v 0.055055 0.364778 -0.113407
v 0.055961 0.364778 -0.113280
v 0.056857 0.364778 -0.113175
v 0.057735 0.364778 -0.113094
v 0.058585 0.364778 -0.113036
v 0.062945 0.364778 -0.096212
v 0.059398 0.364778 -0.113002
v 0.060165 0.364778 -0.112994
v 0.060876 0.364778 -0.113012
v 0.061522 0.364778 -0.113056
v 0.062094 0.364778 -0.113114
v 0.062698 0.364778 -0.113172
v 0.063326 0.364778 -0.113230
v 0.067219 0.364778 -0.097480
v 0.063972 0.364778 -0.113289
v 0.064631 0.364778 -0.113347
v 0.065296 0.364778 -0.113405
v 0.065961 0.364778 -0.113464
v 0.066620 0.364778 -0.113522
v 0.067266 0.364778 -0.113580
v 0.070911 0.364778 -0.098660
v 0.067894 0.364778 -0.113638
v 0.068497 0.364778 -0.113697
v 0.069070 0.364778 -0.113755
v -0.104781 0.364778 -0.208069
v -0.103870 0.364778 -0.208244
v -0.104869 0.364778 -0.228723
v -0.103910 0.364778 -0.228621
v -0.102916 0.364778 -0.208426
v -0.102926 0.364778 -0.228528
v -0.101920 0.364778 -0.208612
v -0.101914 0.364778 -0.228444
v -0.100885 0.364778 -0.208801
v -0.100878 0.364778 -0.228370
v -0.099813 0.364778 -0.208991
v -0.099816 0.364778 -0.228305
v -0.098706 0.364778 -0.209178
v -0.098731 0.364778 -0.228249
v -0.097567 0.364778 -0.209360
v -0.097623 0.364778 -0.228203
v -0.096397 0.364778 -0.209536
v -0.096493 0.364778 -0.228166
v -0.095341 0.364778 -0.228139
v -0.095200 0.364778 -0.209703
v -0.094168 0.364778 -0.228121
v -0.093977 0.364778 -0.209858
v -0.092975 0.364778 -0.228112
v -0.092731 0.364778 -0.209999
v -0.091763 0.364778 -0.228112
v -0.091464 0.364778 -0.210125
v -0.058229 0.364778 -0.228477
v -0.089888 0.364778 -0.210247
v -0.087959 0.364778 -0.210377
v -0.085713 0.364778 -0.210513
v -0.083184 0.364778 -0.210653
v -0.080408 0.364778 -0.210794
v -0.077421 0.364778 -0.210934
v -0.074258 0.364778 -0.211069
v -0.070955 0.364778 -0.211199
v -0.067546 0.364778 -0.211319
v -0.064069 0.364778 -0.211428
v -0.060557 0.364778 -0.211524
v -0.063491 0.364778 -0.264655
v -0.062887 0.364778 -0.262003
v -0.045280 0.364778 -0.264732
v -0.062319 0.364778 -0.259264
v -0.061783 0.364778 -0.256445
v -0.061280 0.364778 -0.253552
v -0.060808 0.364778 -0.250590
v -0.060365 0.364778 -0.247567
v -0.057047 0.364778 -0.211603
v -0.059949 0.364778 -0.244489
v -0.059559 0.364778 -0.241361
v -0.059194 0.364778 -0.238189
v -0.058851 0.364778 -0.234981
v -0.058553 0.364778 -0.147858
v -0.040786 0.364778 -0.147933
v -0.058189 0.364778 -0.150340
v -0.058530 0.364778 -0.231741
v -0.057854 0.364778 -0.152993
v -0.057549 0.364778 -0.155791
v -0.057275 0.364778 -0.158713
v -0.057032 0.364778 -0.161733
v -0.056821 0.364778 -0.164827
v -0.056931 0.364778 -0.209268
v -0.056642 0.364778 -0.167973
v -0.056824 0.364778 -0.206925
v -0.056726 0.364778 -0.204578
v -0.056497 0.364778 -0.171145
v -0.056637 0.364778 -0.202228
v -0.056558 0.364778 -0.199878
v -0.056386 0.364778 -0.174320
v -0.056488 0.364778 -0.197531
v -0.056427 0.364778 -0.195188
v -0.056309 0.364778 -0.177474
v -0.056375 0.364778 -0.192852
v -0.056333 0.364778 -0.190526
v -0.056267 0.364778 -0.180583
v -0.056300 0.364778 -0.188210
v -0.056276 0.364778 -0.185909
v -0.056262 0.364778 -0.183624
v -0.044885 0.364778 -0.262134
v -0.044500 0.364778 -0.259448
v -0.044125 0.364778 -0.256679
v -0.043761 0.364778 -0.253832
v -0.043410 0.364778 -0.250910
v -0.043071 0.364778 -0.247918
v -0.042746 0.364778 -0.244862
v -0.042435 0.364778 -0.241746
v -0.042140 0.364778 -0.238574
v -0.041860 0.364778 -0.235351
v -0.041597 0.364778 -0.232082
v -0.041352 0.364778 -0.228771
v -0.040393 0.364778 -0.212118
v -0.033579 0.364778 -0.228804
v -0.040631 0.364778 -0.150445
v -0.040479 0.364778 -0.153175
v -0.040332 0.364778 -0.156087
v -0.040192 0.364778 -0.159139
v -0.040063 0.364778 -0.162293
v -0.040276 0.364778 -0.209732
v -0.033508 0.364778 -0.212148
v -0.040169 0.364778 -0.207346
v -0.039945 0.364778 -0.165510
v -0.040071 0.364778 -0.204964
v -0.039841 0.364778 -0.168749
v -0.039982 0.364778 -0.202587
v -0.039753 0.364778 -0.171973
v -0.039903 0.364778 -0.200215
v -0.039832 0.364778 -0.197852
v -0.039684 0.364778 -0.175140
v -0.039772 0.364778 -0.195497
v -0.039720 0.364778 -0.193153
v -0.039635 0.364778 -0.178213
v -0.039678 0.364778 -0.190822
v -0.039608 0.364778 -0.181152
v -0.039645 0.364778 -0.188504
v -0.039621 0.364778 -0.186202
v -0.039607 0.364778 -0.183917
v -0.023206 0.364778 -0.212151
v -0.021115 0.364778 -0.228829
v -0.013588 0.364778 -0.212023
v -0.009249 0.364778 -0.228689
v -0.004607 0.364778 -0.211691
v 0.002044 0.364778 -0.228219
v 0.003782 0.364778 -0.211080
v 0.012786 0.364778 -0.227257
v 0.011627 0.364778 -0.210119
v 0.018974 0.364778 -0.208734
v 0.023000 0.364778 -0.225638
v 0.025870 0.364778 -0.206851
v 0.032710 0.364778 -0.223200
v 0.032361 0.364778 -0.204399
v 0.038494 0.364778 -0.201304
v 0.041938 0.364778 -0.219779
v 0.044315 0.364778 -0.197492
v 0.050707 0.364778 -0.215212
v 0.049872 0.364778 -0.192892
v 0.055209 0.364778 -0.187429
v 0.059041 0.364778 -0.209334
v 0.056551 0.364778 -0.186026
v 0.057892 0.364778 -0.184487
v 0.059223 0.364778 -0.182830
v 0.066962 0.364778 -0.201984
v 0.060534 0.364778 -0.181077
v 0.061814 0.364778 -0.179245
v 0.063053 0.364778 -0.177357
v 0.064242 0.364778 -0.175431
v 0.065370 0.364778 -0.173489
v 0.066426 0.364778 -0.171548
v 0.067402 0.364778 -0.169631
v 0.074494 0.364778 -0.192997
v 0.068287 0.364778 -0.167757
v 0.069070 0.364778 -0.165945
v 0.081660 0.364778 -0.182211
v -0.042929 0.364778 0.027302
v -0.042635 0.364778 0.034048
v -0.042573 0.364778 0.019610
v -0.041861 0.364778 0.041109
v -0.041453 0.364778 0.012332
v -0.040681 0.364778 0.048381
v -0.039597 0.364778 0.005517
v -0.039173 0.364778 0.055755
v -0.037027 0.364778 -0.000788
v -0.037411 0.364778 0.063124
v -0.035473 0.364778 0.070383
v -0.033771 0.364778 -0.006534
v -0.033434 0.364778 0.077424
v -0.031369 0.364778 0.084140
v -0.029853 0.364778 -0.011674
v -0.029357 0.364778 0.090425
v -0.025298 0.364778 -0.016160
v -0.027471 0.364778 0.096171
v -0.026933 0.364778 0.028567
v -0.025788 0.364778 0.101272
v -0.026497 0.364778 0.035857
v -0.026666 0.364778 0.023069
v -0.025839 0.364778 0.017916
v -0.025329 0.364778 0.043831
v -0.024385 0.364778 0.105620
v -0.024487 0.364778 0.013135
v -0.023553 0.364778 0.052295
v -0.020131 0.364778 -0.019943
v -0.023827 0.364778 0.107394
v -0.022642 0.364778 0.008750
v -0.023280 0.364778 0.109167
v -0.021293 0.364778 0.061058
v -0.022746 0.364778 0.110936
v -0.022225 0.364778 0.112701
v -0.021719 0.364778 0.114460
v -0.020338 0.364778 0.004785
v -0.021231 0.364778 0.116211
v -0.020761 0.364778 0.117954
v -0.018670 0.364778 0.069928
v -0.020312 0.364778 0.119685
v -0.019883 0.364778 0.121404
v -0.019479 0.364778 0.123109
v -0.017611 0.364778 0.001266
v -0.014379 0.364778 -0.022976
v -0.019098 0.364778 0.124799
v -0.018745 0.364778 0.126472
v -0.000566 0.364778 0.118844
v -0.004460 0.364778 0.109142
v -0.007037 0.364778 0.102625
v -0.009870 0.364778 0.095252
v -0.012836 0.364778 0.087217
v -0.015810 0.364778 0.078711
v -0.014492 0.364778 -0.001783
v -0.011017 0.364778 -0.004337
v -0.008066 0.364778 -0.025211
v -0.007219 0.364778 -0.006371
v -0.001216 0.364778 -0.026600
v -0.003132 0.364778 -0.007860
v -0.002261 0.364778 0.114613
v 0.001211 0.364778 -0.008780
v 0.006143 0.364778 -0.027095
v 0.005775 0.364778 -0.009105
v 0.014368 0.364778 -0.008283
v 0.016373 0.364778 -0.026296
v 0.022067 0.364778 -0.005826
v 0.025751 0.364778 -0.023858
v 0.028910 0.364778 -0.001860
v 0.034285 0.364778 -0.019858
v 0.034930 0.364778 0.003488
v 0.041986 0.364778 -0.014375
v 0.040163 0.364778 0.010092
v 0.044644 0.364778 0.017825
v 0.048863 0.364778 -0.007484
v 0.048407 0.364778 0.026560
v 0.051487 0.364778 0.036171
v 0.054926 0.364778 0.000736
v 0.053920 0.364778 0.046532
v 0.055740 0.364778 0.057515
v 0.060185 0.364778 0.010209
v 0.056982 0.364778 0.068994
v 0.057682 0.364778 0.080842
v 0.074752 0.364778 0.073663
v 0.064649 0.364778 0.020857
v 0.068328 0.364778 0.032604
v 0.071231 0.364778 0.045372
v 0.073370 0.364778 0.059084
v -0.100883 0.364778 0.238975
v -0.099856 0.364778 0.238809
v -0.100963 0.364778 0.220098
v -0.099944 0.364778 0.220251
v -0.098790 0.364778 0.220387
v -0.098679 0.364778 0.238652
v -0.097526 0.364778 0.220507
v -0.097377 0.364778 0.238506
v -0.096174 0.364778 0.220613
v -0.095975 0.364778 0.238370
v -0.094757 0.364778 0.220705
v -0.094499 0.364778 0.238247
v -0.093298 0.364778 0.220787
v -0.092975 0.364778 0.238137
v -0.093623 0.364778 0.327335
v -0.091938 0.364778 0.327115
v -0.093705 0.364778 0.308014
v -0.092409 0.364778 0.308119
v -0.091821 0.364778 0.220860
v -0.091427 0.364778 0.238040
v -0.091076 0.364778 0.308223
v -0.090314 0.364778 0.326914
v -0.090349 0.364778 0.220925
v -0.089882 0.364778 0.237958
v -0.089706 0.364778 0.308323
v -0.088740 0.364778 0.326731
v -0.088904 0.364778 0.220984
v -0.088299 0.364778 0.308419
v -0.088364 0.364778 0.237891
v -0.087202 0.364778 0.326567
v -0.087511 0.364778 0.221038
v -0.086855 0.364778 0.308508
v -0.086899 0.364778 0.237841
v -0.085689 0.364778 0.326422
v -0.086191 0.364778 0.221090
v -0.085374 0.364778 0.308589
v -0.085513 0.364778 0.237809
v -0.084968 0.364778 0.221141
v -0.084189 0.364778 0.326296
v -0.083856 0.364778 0.308661
v -0.084231 0.364778 0.237794
v -0.053875 0.364778 0.221453
v -0.082688 0.364778 0.326187
v -0.052474 0.364778 0.237659
v -0.082301 0.364778 0.308722
v -0.081175 0.364778 0.326098
v -0.080710 0.364778 0.308771
v -0.079637 0.364778 0.326026
v -0.079081 0.364778 0.308805
v -0.078062 0.364778 0.325973
v -0.077415 0.364778 0.308824
v -0.076438 0.364778 0.325939
v -0.075712 0.364778 0.308826
v -0.074751 0.364778 0.325922
v -0.045730 0.364778 0.308920
v -0.043881 0.364778 0.326013
v -0.056718 0.364778 0.179490
v -0.056652 0.364778 0.180840
v -0.039396 0.364778 0.179417
v -0.056578 0.364778 0.182223
v -0.056496 0.364778 0.183633
v -0.056407 0.364778 0.185066
v -0.056311 0.364778 0.186518
v -0.056210 0.364778 0.187983
v -0.056105 0.364778 0.189458
v -0.055995 0.364778 0.190937
v -0.055883 0.364778 0.192416
v -0.055768 0.364778 0.193891
v -0.055651 0.364778 0.195357
v -0.055534 0.364778 0.196808
v -0.051940 0.364778 0.243636
v -0.051390 0.364778 0.249675
v -0.050828 0.364778 0.255756
v -0.050257 0.364778 0.261857
v -0.049679 0.364778 0.267959
v -0.049099 0.364778 0.274039
v -0.048518 0.364778 0.280078
v -0.047941 0.364778 0.286055
v -0.047371 0.364778 0.291948
v -0.046810 0.364778 0.297737
v -0.046262 0.364778 0.303402
v -0.039438 0.364778 0.180403
v -0.041554 0.364778 0.351099
v -0.039464 0.364778 0.181565
v -0.041332 0.364778 0.353101
v -0.041129 0.364778 0.355106
v -0.040945 0.364778 0.357110
v -0.040779 0.364778 0.359107
v -0.039475 0.364778 0.182877
v -0.040632 0.364778 0.361092
v -0.040503 0.364778 0.363060
v -0.040393 0.364778 0.365004
v -0.040302 0.364778 0.366920
v -0.040229 0.364778 0.368802
v -0.040175 0.364778 0.370644
v -0.040140 0.364778 0.372442
v -0.040123 0.364778 0.374190
v -0.021921 0.364778 0.372114
v -0.022158 0.364778 0.370546
v -0.022412 0.364778 0.368851
v -0.022678 0.364778 0.367051
v -0.022954 0.364778 0.365168
v -0.023236 0.364778 0.363223
v -0.023521 0.364778 0.361239
v -0.023807 0.364778 0.359235
v -0.024090 0.364778 0.357235
v -0.024366 0.364778 0.355260
v -0.024633 0.364778 0.353330
v -0.024887 0.364778 0.351469
v -0.025125 0.364778 0.349697
v -0.027891 0.364778 0.325945
v -0.029740 0.364778 0.308852
v -0.030930 0.364778 0.297470
v -0.031542 0.364778 0.291603
v -0.032158 0.364778 0.285651
v -0.032775 0.364778 0.279636
v -0.033388 0.364778 0.273584
v -0.033991 0.364778 0.267518
v -0.034581 0.364778 0.261462
v -0.035152 0.364778 0.255439
v -0.035699 0.364778 0.249475
v -0.036218 0.364778 0.243592
v -0.036705 0.364778 0.237814
v -0.037883 0.364778 0.221829
v -0.038055 0.364778 0.219415
v -0.038218 0.364778 0.217058
v -0.038371 0.364778 0.214759
v -0.038515 0.364778 0.212520
v -0.038649 0.364778 0.210344
v -0.038774 0.364778 0.208230
v -0.038889 0.364778 0.206181
v -0.038994 0.364778 0.204198
v -0.039090 0.364778 0.202284
v -0.039177 0.364778 0.200438
v -0.039254 0.364778 0.198663
v -0.039321 0.364778 0.196961
v -0.039445 0.364778 0.187440
v -0.039463 0.364778 0.185841
v -0.039474 0.364778 0.184311
v -0.039422 0.364778 0.189080
v -0.039397 0.364778 0.190735
v -0.039372 0.364778 0.192378
v -0.039349 0.364778 0.193981
v -0.039332 0.364778 0.195518
v -0.033763 0.364778 0.221924
v -0.033188 0.364778 0.237919
v -0.029540 0.364778 0.222024
v -0.029657 0.364778 0.238042
v -0.030328 0.364778 0.303228
v -0.024025 0.364778 0.308879
v -0.026140 0.364778 0.238182
v -0.025258 0.364778 0.222136
v -0.022320 0.364778 0.325922
v -0.022670 0.364778 0.238339
v -0.020961 0.364778 0.222267
v -0.018352 0.364778 0.308897
v -0.016747 0.364778 0.325897
v -0.019277 0.364778 0.238511
v -0.016696 0.364778 0.222423
v -0.015991 0.364778 0.238698
v -0.012771 0.364778 0.308905
v -0.011224 0.364778 0.325871
v -0.012506 0.364778 0.222610
v -0.012845 0.364778 0.238900
v -0.007334 0.364778 0.308905
v -0.009868 0.364778 0.239115
v -0.008437 0.364778 0.222834
v -0.005806 0.364778 0.325843
v -0.007091 0.364778 0.239344
v -0.004532 0.364778 0.223102
v -0.002091 0.364778 0.308897
v -0.004546 0.364778 0.239585
v -0.000545 0.364778 0.325813
v -0.002263 0.364778 0.239838
v -0.000836 0.364778 0.223421
v 0.002907 0.364778 0.308880
v -0.000273 0.364778 0.240102
v 0.004505 0.364778 0.325780
v 0.002605 0.364778 0.223796
v 0.000919 0.364778 0.240302
v 0.001947 0.364778 0.240579
v 0.002823 0.364778 0.240939
v 0.007608 0.364778 0.308856
v 0.005747 0.364778 0.224234
v 0.003558 0.364778 0.241386
v 0.002967 0.364778 0.270737
v 0.018292 0.364778 0.271116
v 0.003388 0.364778 0.268809
v 0.003781 0.364778 0.266821
v 0.004163 0.364778 0.241922
v 0.004142 0.364778 0.264794
v 0.004471 0.364778 0.262752
v 0.009292 0.364778 0.325743
v 0.004651 0.364778 0.242552
v 0.004766 0.364778 0.260715
v 0.005033 0.364778 0.243280
v 0.005025 0.364778 0.258707
v 0.005248 0.364778 0.256751
v 0.005321 0.364778 0.244109
v 0.005433 0.364778 0.254868
v 0.005526 0.364778 0.245044
v 0.005577 0.364778 0.253080
v 0.005660 0.364778 0.246087
v 0.005681 0.364778 0.251411
v 0.005742 0.364778 0.249882
v 0.005733 0.364778 0.247243
v 0.005759 0.364778 0.248516
v 0.008545 0.364778 0.224741
v 0.011963 0.364778 0.308823
v 0.010850 0.364778 0.225292
v 0.013762 0.364778 0.325703
v 0.012881 0.364778 0.225974
v 0.015919 0.364778 0.308783
v 0.014655 0.364778 0.226794
v 0.017861 0.364778 0.325657
v 0.016183 0.364778 0.227760
v 0.019427 0.364778 0.308736
v 0.017481 0.364778 0.228882
v 0.021537 0.364778 0.325607
v 0.018562 0.364778 0.230167
v 0.018580 0.364778 0.269431
v 0.018892 0.364778 0.267415
v 0.019441 0.364778 0.231625
v 0.019221 0.364778 0.265126
v 0.019556 0.364778 0.262622
v 0.022435 0.364778 0.308682
v 0.019887 0.364778 0.259960
v 0.020130 0.364778 0.233263
v 0.020204 0.364778 0.257199
v 0.020498 0.364778 0.254397
v 0.020645 0.364778 0.235089
v 0.020759 0.364778 0.251611
v 0.020998 0.364778 0.237114
v 0.020977 0.364778 0.248899
v 0.021143 0.364778 0.246319
v 0.021204 0.364778 0.239344
v 0.021246 0.364778 0.243930
v 0.024737 0.364778 0.325551
v 0.021277 0.364778 0.241788
v 0.024892 0.364778 0.308620
v 0.027407 0.364778 0.325488
v 0.030568 0.364778 0.308412
v 0.035749 0.364778 0.325072
v 0.035620 0.364778 0.308083
v 0.040073 0.364778 0.307501
v 0.043150 0.364778 0.324354
v 0.043950 0.364778 0.306532
v 0.049651 0.364778 0.323187
v 0.047276 0.364778 0.305045
v 0.050075 0.364778 0.302906
v 0.055290 0.364778 0.321422
v 0.052371 0.364778 0.299982
v 0.051538 0.364778 0.203016
v 0.052219 0.364778 0.206885
v 0.070418 0.364778 0.203602
v 0.054187 0.364778 0.296141
v 0.052893 0.364778 0.211243
v 0.053550 0.364778 0.216031
v 0.054182 0.364778 0.221191
v 0.055550 0.364778 0.291251
v 0.054777 0.364778 0.226666
v 0.055327 0.364778 0.232399
v 0.060109 0.364778 0.318910
v 0.056481 0.364778 0.285177
v 0.055823 0.364778 0.238330
v 0.056254 0.364778 0.244403
v 0.056612 0.364778 0.250559
v 0.057006 0.364778 0.277789
v 0.056887 0.364778 0.256741
v 0.057069 0.364778 0.262892
v 0.057148 0.364778 0.268952
v 0.064147 0.364778 0.315505
v 0.067446 0.364778 0.311057
v 0.070044 0.364778 0.305418
v 0.071983 0.364778 0.298440
v 0.070831 0.364778 0.207565
v 0.071257 0.364778 0.211978
v 0.071685 0.364778 0.216783
v 0.073303 0.364778 0.289975
v 0.072108 0.364778 0.221921
v 0.072517 0.364778 0.227334
v 0.072902 0.364778 0.232962
v 0.073256 0.364778 0.238749
v 0.074043 0.364778 0.279875
v 0.073570 0.364778 0.244634
v 0.073834 0.364778 0.250559
v 0.074041 0.364778 0.256466
v 0.074245 0.364778 0.267991
v 0.074180 0.364778 0.262296
vn -0.2519 -0.4036 -0.8796
vn -0.8396 -0.4145 0.3511
vn -0.3276 -0.5425 0.7736
vn -0.3368 -0.5424 0.7697
vn -0.3454 -0.5423 0.7659
vn -0.3532 -0.5422 0.7624
vn -0.3603 -0.5420 0.7592
vn -0.3666 -0.5419 0.7563
vn -0.3720 -0.5418 0.7537
vn -0.3767 -0.5416 0.7515
vn -0.3804 -0.5415 0.7497
vn -0.3831 -0.5413 0.7484
vn -0.3849 -0.5412 0.7476
vn -0.3931 -0.5437 0.7415
vn -0.3998 -0.5401 0.7406
vn -0.3950 -0.5403 0.7430
vn -0.3907 -0.5403 0.7453
vn -0.3864 -0.5402 0.7476
vn -0.3816 -0.5401 0.7501
vn -0.3760 -0.5400 0.7531
vn -0.3692 -0.5398 0.7565
vn -0.3609 -0.5394 0.7608
vn -0.3500 -0.5390 0.7662
vn -0.3353 -0.5382 0.7732
vn -0.3141 -0.5370 0.7829
vn 0.3857 -0.4124 0.8253
vn 0.8060 -0.4111 -0.4260
vn 0.2314 -0.5440 -0.8066
vn 0.2486 -0.5431 -0.8020
vn 0.2614 -0.5427 -0.7982
vn 0.2719 -0.5425 -0.7949
vn 0.2813 -0.5423 -0.7917
vn 0.2902 -0.5423 -0.7885
vn 0.2993 -0.5424 -0.7850
vn 0.3090 -0.5426 -0.7811
vn 0.3201 -0.5429 -0.7764
vn 0.3334 -0.5433 -0.7705
vn 0.3503 -0.5441 -0.7624
vn 0.3761 -0.5465 -0.7482
vn 0.4132 -0.5480 -0.7273
vn 0.4541 -0.5481 -0.7024
vn 0.4944 -0.5484 -0.6744
vn 0.5351 -0.5489 -0.6421
vn 0.5769 -0.5497 -0.6042
vn 0.6200 -0.5508 -0.5588
vn 0.6644 -0.5522 -0.5037
vn 0.7091 -0.5540 -0.4362
vn 0.7522 -0.5560 -0.3535
vn 0.7900 -0.5583 -0.2534
vn 0.8170 -0.5606 -0.1352
vn 0.8300 -0.5576 -0.0171
vn 0.8280 -0.5545 0.0827
vn 0.8121 -0.5562 0.1768
vn 0.7822 -0.5577 0.2777
vn 0.7361 -0.5589 0.3818
vn 0.6731 -0.5596 0.4836
vn 0.5947 -0.5596 0.5772
vn 0.5052 -0.5590 0.6575
vn 0.4099 -0.5579 0.7216
vn 0.3145 -0.5564 0.7691
vn 0.2230 -0.5548 0.8015
vn 0.1383 -0.5533 0.8214
vn 0.0699 -0.5493 0.8327
vn 0.0363 -0.5427 0.8392
vn 0.0261 -0.5422 0.8398
vn 0.0188 -0.5418 0.8403
vn 0.0139 -0.5415 0.8406
vn 0.0111 -0.5412 0.8408
vn 0.0102 -0.5410 0.8410
vn 0.0111 -0.5407 0.8411
vn 0.0138 -0.5404 0.8413
vn 0.0185 -0.5401 0.8414
vn 0.0254 -0.5398 0.8414
vn 0.0350 -0.5394 0.8413
vn 0.0687 -0.5330 0.8433
vn 0.1348 -0.5302 0.8371
vn 0.2138 -0.5291 0.8212
vn 0.2995 -0.5278 0.7948
vn 0.3911 -0.5263 0.7550
vn 0.4861 -0.5250 0.6987
vn 0.5798 -0.5239 0.6241
vn 0.6659 -0.5233 0.5318
vn 0.7382 -0.5233 0.4257
vn 0.7923 -0.5240 0.3125
vn 0.8272 -0.5252 0.1996
vn 0.8449 -0.5268 0.0934
vn 0.8499 -0.5268 -0.0084
vn 0.8431 -0.5247 -0.1181
vn 0.8184 -0.5240 -0.2358
vn 0.7762 -0.5241 -0.3504
vn 0.7194 -0.5249 -0.4549
vn 0.6533 -0.5262 -0.5443
vn 0.5839 -0.5278 -0.6169
vn 0.5158 -0.5294 -0.6735
vn 0.4523 -0.5310 -0.7166
vn 0.3950 -0.5324 -0.7487
vn 0.3442 -0.5336 -0.7725
vn 0.2999 -0.5347 -0.7900
vn -0.2459 -0.4323 -0.8675
vn -0.8727 -0.3973 0.2838
vn -0.2353 -0.5470 0.8034
vn -0.2756 -0.5474 0.7902
vn -0.3188 -0.5482 0.7732
vn -0.3662 -0.5492 0.7512
vn -0.4192 -0.5507 0.7218
vn -0.4788 -0.5526 0.6822
vn -0.5453 -0.5551 0.6281
vn -0.6176 -0.5582 0.5541
vn -0.6914 -0.5616 0.4545
vn -0.7580 -0.5650 0.3260
vn -0.8055 -0.5672 0.1715
vn -0.8285 -0.5592 0.0293
vn -0.8311 -0.5520 -0.0677
vn -0.8201 -0.5534 -0.1455
vn -0.7991 -0.5550 -0.2311
vn -0.7653 -0.5566 -0.3233
vn -0.7157 -0.5582 -0.4197
vn -0.6488 -0.5594 -0.5159
vn -0.5648 -0.5601 -0.6060
vn -0.4669 -0.5601 -0.6843
vn -0.3608 -0.5593 -0.7463
vn -0.2532 -0.5580 -0.7903
vn -0.1497 -0.5563 -0.8173
vn -0.0737 -0.5488 -0.8327
vn -0.0416 -0.5427 -0.8389
vn -0.0314 -0.5422 -0.8397
vn -0.0240 -0.5419 -0.8401
vn -0.0188 -0.5416 -0.8404
vn -0.0153 -0.5413 -0.8407
vn -0.0134 -0.5411 -0.8408
vn -0.0129 -0.5409 -0.8410
vn -0.0137 -0.5407 -0.8411
vn -0.0159 -0.5405 -0.8412
vn -0.0196 -0.5403 -0.8412
vn -0.0250 -0.5400 -0.8413
vn -0.0531 -0.5339 -0.8439
vn -0.1236 -0.5282 -0.8401
vn -0.2177 -0.5270 -0.8215
vn -0.3170 -0.5259 -0.7893
vn -0.4183 -0.5250 -0.7412
vn -0.5171 -0.5243 -0.6765
vn -0.6084 -0.5240 -0.5960
vn -0.6875 -0.5241 -0.5027
vn -0.7511 -0.5246 -0.4008
vn -0.7979 -0.5254 -0.2955
vn -0.8285 -0.5263 -0.1911
vn -0.8448 -0.5274 -0.0910
vn -0.8475 -0.5308 -0.0060
vn -0.8439 -0.5335 0.0566
vn -0.8387 -0.5334 0.1094
vn -0.8302 -0.5334 0.1619
vn -0.8184 -0.5334 0.2138
vn -0.8033 -0.5334 0.2649
vn -0.7851 -0.5334 0.3149
vn -0.7638 -0.5335 0.3633
vn -0.7397 -0.5335 0.4100
vn -0.7131 -0.5336 0.4547
vn -0.6842 -0.5337 0.4970
vn -0.6533 -0.5339 0.5368
vn -0.1155 -0.9890 -0.0919
vn 0.3968 -0.5414 -0.7413
vn 0.3992 -0.5413 -0.7400
vn 0.4015 -0.5413 -0.7387
vn 0.4038 -0.5414 -0.7375
vn 0.4063 -0.5414 -0.7361
vn 0.4090 -0.5414 -0.7346
vn 0.4121 -0.5415 -0.7327
vn 0.4159 -0.5417 -0.7305
vn 0.4207 -0.5419 -0.7276
vn 0.4270 -0.5422 -0.7237
vn 0.4358 -0.5428 -0.7179
vn 0.4434 -0.5416 -0.7142
vn 0.4450 -0.5408 -0.7138
vn 0.4445 -0.5409 -0.7140
vn 0.4448 -0.5411 -0.7137
vn 0.4460 -0.5412 -0.7129
vn 0.4481 -0.5414 -0.7114
vn 0.4512 -0.5416 -0.7093
vn 0.4555 -0.5418 -0.7064
vn 0.4611 -0.5421 -0.7026
vn 0.4681 -0.5424 -0.6976
vn 0.4769 -0.5427 -0.6914
vn 0.4878 -0.5431 -0.6834
vn -0.6898 -0.4074 0.5985
vn 0.6239 -0.4171 0.6609
vn 0.8401 -0.5402 0.0494
vn 0.8403 -0.5403 0.0446
vn 0.8405 -0.5404 0.0404
vn 0.8406 -0.5404 0.0365
vn 0.8408 -0.5404 0.0327
vn 0.8409 -0.5404 0.0289
vn 0.8411 -0.5404 0.0249
vn 0.8412 -0.5403 0.0207
vn 0.8414 -0.5402 0.0159
vn 0.8415 -0.5401 0.0105
vn 0.8417 -0.5399 0.0041
vn 0.8416 -0.5401 -0.0024
vn 0.8413 -0.5405 -0.0070
vn 0.8413 -0.5405 -0.0103
vn 0.8412 -0.5405 -0.0136
vn 0.8412 -0.5405 -0.0169
vn 0.8411 -0.5405 -0.0201
vn 0.8410 -0.5405 -0.0234
vn 0.8409 -0.5405 -0.0266
vn 0.8408 -0.5405 -0.0298
vn 0.8407 -0.5405 -0.0330
vn 0.8406 -0.5405 -0.0362
vn 0.8404 -0.5405 -0.0394
vn 0.4200 -0.8155 0.3982
vn 0.0019 -0.5414 0.8407
vn -0.0054 -0.5426 0.8399
vn -0.0211 -0.5439 0.8389
vn -0.0459 -0.5453 0.8370
vn -0.0813 -0.5470 0.8331
vn -0.1283 -0.5489 0.8260
vn -0.1873 -0.5509 0.8133
vn -0.2573 -0.5528 0.7926
vn -0.3351 -0.5542 0.7619
vn -0.4159 -0.5550 0.7204
vn -0.4939 -0.5550 0.6694
vn -0.5639 -0.5541 0.6123
vn -0.6041 -0.5422 0.5840
vn -0.6183 -0.5467 0.5646
vn -0.6426 -0.5459 0.5377
vn -0.6626 -0.5453 0.5135
vn -0.6796 -0.5448 0.4912
vn -0.6944 -0.5446 0.4704
vn -0.7076 -0.5444 0.4505
vn -0.7198 -0.5443 0.4309
vn -0.7312 -0.5443 0.4113
vn -0.7422 -0.5444 0.3909
vn -0.7530 -0.5446 0.3692
vn -0.7640 -0.5450 0.3453
vn -0.1148 -0.3947 0.9116
vn 0.9016 -0.4312 0.0326
vn 0.6803 -0.5278 -0.5086
vn 0.6163 -0.5262 -0.5859
vn 0.5358 -0.5252 -0.6611
vn 0.4428 -0.5252 -0.7267
vn 0.3449 -0.5262 -0.7773
vn 0.2514 -0.5280 -0.8112
vn 0.1697 -0.5304 -0.8306
vn 0.1040 -0.5328 -0.8398
vn 0.0553 -0.5352 -0.8429
vn 0.0225 -0.5374 -0.8431
vn 0.0041 -0.5393 -0.8421
vn -0.0027 -0.5407 -0.8412
vn 0.4140 -0.7926 -0.4477
vn 0.8390 -0.5402 -0.0648
vn 0.8386 -0.5402 -0.0701
vn 0.8382 -0.5402 -0.0754
vn 0.8377 -0.5402 -0.0808
vn 0.8371 -0.5402 -0.0863
vn 0.8365 -0.5401 -0.0919
vn 0.8359 -0.5401 -0.0976
vn 0.8352 -0.5401 -0.1036
vn 0.8345 -0.5400 -0.1097
vn 0.8336 -0.5400 -0.1162
vn 0.8327 -0.5399 -0.1230
vn 0.5897 -0.4212 -0.6891
vn -0.7160 -0.4046 -0.5689
vn -0.8203 -0.5433 0.1785
vn -0.8236 -0.5431 0.1637
vn -0.8263 -0.5429 0.1502
vn -0.8285 -0.5427 0.1381
vn -0.8304 -0.5425 0.1271
vn -0.8319 -0.5423 0.1172
vn -0.8332 -0.5422 0.1082
vn -0.8343 -0.5421 0.1000
vn -0.8353 -0.5420 0.0927
vn -0.8360 -0.5419 0.0860
vn -0.8367 -0.5418 0.0800
vn -0.4220 -0.8228 -0.3807
vn -0.0047 -0.5422 -0.8402
vn 0.0029 -0.5419 -0.8404
vn 0.0096 -0.5420 -0.8404
vn 0.0165 -0.5420 -0.8402
vn 0.0237 -0.5420 -0.8400
vn 0.0312 -0.5421 -0.8398
vn 0.0390 -0.5421 -0.8394
vn 0.0471 -0.5422 -0.8389
vn 0.0557 -0.5422 -0.8384
vn 0.0646 -0.5423 -0.8377
vn 0.0741 -0.5424 -0.8369
vn 0.0841 -0.5425 -0.8359
vn -0.6115 -0.4090 -0.6774
vn -0.5807 -0.4059 0.7057
vn 0.1579 -0.5411 0.8260
vn 0.1561 -0.5413 0.8262
vn 0.1530 -0.5415 0.8267
vn 0.1486 -0.5417 0.8273
vn 0.1431 -0.5418 0.8282
vn 0.1365 -0.5420 0.8292
vn 0.1289 -0.5421 0.8303
vn 0.1203 -0.5423 0.8315
vn 0.1108 -0.5424 0.8328
vn 0.1003 -0.5426 0.8340
vn 0.0887 -0.5427 0.8352
vn 0.0737 -0.5436 0.8361
vn 0.0608 -0.5422 0.8381
vn 0.0538 -0.5418 0.8388
vn 0.0487 -0.5416 0.8392
vn 0.0445 -0.5415 0.8395
vn 0.0409 -0.5415 0.8397
vn 0.0376 -0.5414 0.8399
vn 0.0345 -0.5414 0.8400
vn 0.0313 -0.5414 0.8402
vn 0.0281 -0.5414 0.8403
vn 0.0246 -0.5415 0.8404
vn 0.0209 -0.5415 0.8404
vn -0.4076 -0.8011 0.4382
vn -0.8398 -0.5415 0.0401
vn -0.8399 -0.5415 0.0367
vn -0.8401 -0.5414 0.0334
vn -0.8402 -0.5414 0.0300
vn -0.8403 -0.5414 0.0267
vn -0.8404 -0.5414 0.0235
vn -0.8405 -0.5414 0.0202
vn -0.8406 -0.5414 0.0169
vn -0.8406 -0.5414 0.0136
vn -0.8407 -0.5414 0.0103
vn -0.8407 -0.5415 0.0070
vn -0.8404 -0.5419 0.0019
vn -0.8401 -0.5424 -0.0063
vn -0.8400 -0.5423 -0.0158
vn -0.8398 -0.5423 -0.0249
vn -0.8395 -0.5423 -0.0339
vn -0.8391 -0.5423 -0.0430
vn -0.8385 -0.5424 -0.0524
vn -0.8378 -0.5425 -0.0623
vn -0.8368 -0.5426 -0.0730
vn -0.8356 -0.5428 -0.0847
vn -0.8340 -0.5430 -0.0981
vn -0.8318 -0.5434 -0.1135
vn -0.5242 -0.4068 -0.7482
vn -0.6742 -0.4099 0.6144
vn -0.0044 -0.5421 0.8403
vn -0.0126 -0.5422 0.8402
vn -0.0212 -0.5422 0.8400
vn -0.0303 -0.5423 0.8396
vn -0.0401 -0.5424 0.8391
vn -0.0507 -0.5426 0.8385
vn -0.0622 -0.5427 0.8376
vn -0.0748 -0.5429 0.8365
vn -0.0887 -0.5431 0.8350
vn -0.1041 -0.5433 0.8330
vn -0.1213 -0.5436 0.8305
vn -0.1250 -0.5392 0.8328
vn -0.1197 -0.5412 0.8324
vn -0.1193 -0.5407 0.8327
vn -0.1160 -0.5403 0.8335
vn -0.1103 -0.5400 0.8344
vn -0.1025 -0.5397 0.8356
vn -0.0929 -0.5394 0.8369
vn -0.0815 -0.5392 0.8382
vn -0.0684 -0.5389 0.8396
vn -0.0534 -0.5387 0.8408
vn -0.0364 -0.5384 0.8419
vn -0.0173 -0.5381 0.8427
vn 0.0070 -0.5369 0.8436
vn 0.0376 -0.5363 0.8432
vn 0.0683 -0.5368 0.8409
vn 0.0956 -0.5372 0.8380
vn 0.1201 -0.5376 0.8346
vn 0.1422 -0.5379 0.8309
vn 0.1624 -0.5381 0.8271
vn 0.1811 -0.5383 0.8231
vn 0.1985 -0.5384 0.8189
vn 0.2152 -0.5385 0.8147
vn 0.2315 -0.5385 0.8102
vn 0.2482 -0.5384 0.8053
vn 0.7627 -0.4234 0.4889
vn 0.5680 -0.4150 -0.7107
vn -0.0827 -0.5416 -0.8366
vn -0.0791 -0.5414 -0.8370
vn -0.0766 -0.5413 -0.8374
vn -0.0748 -0.5412 -0.8376
vn -0.0739 -0.5411 -0.8377
vn -0.0736 -0.5410 -0.8378
vn -0.0739 -0.5409 -0.8379
vn -0.0749 -0.5408 -0.8378
vn -0.0766 -0.5407 -0.8377
vn -0.0791 -0.5405 -0.8376
vn -0.0825 -0.5404 -0.8373
vn -0.0709 -0.5448 -0.8355
vn -0.0393 -0.5464 -0.8366
vn -0.0060 -0.5454 -0.8382
vn 0.0217 -0.5447 -0.8383
vn 0.0458 -0.5443 -0.8377
vn 0.0674 -0.5440 -0.8364
vn 0.0876 -0.5438 -0.8346
vn 0.1070 -0.5438 -0.8324
vn 0.1263 -0.5438 -0.8297
vn 0.1459 -0.5439 -0.8263
vn 0.1665 -0.5441 -0.8223
vn 0.1887 -0.5444 -0.8173
vn 0.1953 -0.5392 -0.8192
vn 0.1954 -0.5429 -0.8168
vn 0.2067 -0.5424 -0.8143
vn 0.2153 -0.5421 -0.8123
vn 0.2222 -0.5419 -0.8105
vn 0.2283 -0.5418 -0.8089
vn 0.2337 -0.5417 -0.8074
vn 0.2389 -0.5417 -0.8059
vn 0.2440 -0.5417 -0.8043
vn 0.2494 -0.5418 -0.8027
vn 0.2552 -0.5419 -0.8008
vn 0.2617 -0.5420 -0.7986
vn -0.3147 -0.4251 -0.8487
vn -0.8623 -0.4060 0.3028
vn -0.2910 -0.5403 0.7895
vn -0.2870 -0.5404 0.7910
vn -0.2834 -0.5404 0.7922
vn -0.2803 -0.5405 0.7933
vn -0.2775 -0.5405 0.7942
vn -0.2749 -0.5406 0.7951
vn -0.2726 -0.5406 0.7959
vn -0.2704 -0.5406 0.7966
vn -0.2684 -0.5407 0.7973
vn -0.2664 -0.5407 0.7979
vn -0.2645 -0.5407 0.7986
vn -0.2091 -0.9778 -0.0131
vn -0.1321 -0.5495 -0.8250
vn -0.0796 -0.5481 -0.8326
vn -0.0348 -0.5470 -0.8364
vn 0.0036 -0.5462 -0.8377
vn 0.0366 -0.5454 -0.8373
vn 0.0652 -0.5449 -0.8360
vn 0.0901 -0.5444 -0.8340
vn 0.1119 -0.5440 -0.8316
vn 0.1312 -0.5436 -0.8290
vn 0.1483 -0.5433 -0.8263
vn 0.1635 -0.5431 -0.8236
vn 0.1740 -0.5419 -0.8223
vn 0.1830 -0.5428 -0.8197
vn 0.1939 -0.5424 -0.8175
vn 0.2022 -0.5420 -0.8157
vn 0.2086 -0.5418 -0.8142
vn 0.2134 -0.5416 -0.8131
vn 0.2168 -0.5414 -0.8123
vn 0.2190 -0.5412 -0.8119
vn 0.2200 -0.5410 -0.8117
vn 0.2198 -0.5408 -0.8119
vn 0.2183 -0.5406 -0.8125
vn 0.2153 -0.5404 -0.8134
vn -0.4241 -0.4057 0.8096
vn 0.8395 -0.4148 0.3511
vn 0.7806 -0.5408 -0.3132
vn 0.7809 -0.5416 -0.3113
vn 0.7829 -0.5421 -0.3052
vn 0.7861 -0.5426 -0.2961
vn 0.7902 -0.5431 -0.2840
vn 0.7952 -0.5436 -0.2685
vn 0.8011 -0.5443 -0.2488
vn 0.8079 -0.5453 -0.2236
vn 0.8154 -0.5466 -0.1906
vn 0.8232 -0.5486 -0.1465
vn 0.8297 -0.5516 -0.0854
vn 0.8322 -0.5545 -0.0047
vn 0.8275 -0.5548 0.0862
vn 0.8119 -0.5556 0.1794
vn 0.7842 -0.5563 0.2748
vn 0.7433 -0.5571 0.3704
vn 0.6884 -0.5577 0.4637
vn 0.6193 -0.5583 0.5520
vn 0.5368 -0.5587 0.6322
vn 0.4424 -0.5589 0.7014
vn 0.3385 -0.5589 0.7570
vn 0.2284 -0.5587 0.7973
vn 0.1157 -0.5583 0.8215
vn -0.0100 -0.5621 0.8270
vn -0.1652 -0.5684 0.8060
vn -0.3332 -0.5688 0.7520
vn -0.4826 -0.5667 0.6678
vn -0.6005 -0.5632 0.5677
vn -0.6853 -0.5593 0.4664
vn -0.7427 -0.5558 0.3735
vn -0.7802 -0.5530 0.2923
vn -0.8043 -0.5508 0.2229
vn -0.8195 -0.5492 0.1639
vn -0.8288 -0.5479 0.1134
vn -0.8342 -0.5470 0.0697
vn -0.4844 -0.4001 0.7780
vn 0.7748 -0.4299 0.4635
vn 0.8391 -0.5337 -0.1051
vn 0.8312 -0.5327 -0.1591
vn 0.8179 -0.5314 -0.2207
vn 0.7966 -0.5298 -0.2910
vn 0.7640 -0.5279 -0.3708
vn 0.7156 -0.5258 -0.4598
vn 0.6462 -0.5235 -0.5554
vn 0.5514 -0.5214 -0.6512
vn 0.4307 -0.5200 -0.7377
vn 0.2900 -0.5196 -0.8037
vn 0.1413 -0.5204 -0.8421
vn 0.0046 -0.5239 -0.8518
vn -0.1134 -0.5253 -0.8433
vn -0.2272 -0.5245 -0.8205
vn -0.3417 -0.5239 -0.7802
vn -0.4515 -0.5237 -0.7224
vn -0.5519 -0.5239 -0.6488
vn -0.6389 -0.5243 -0.5629
vn -0.7103 -0.5250 -0.4689
vn -0.7655 -0.5258 -0.3710
vn -0.8052 -0.5267 -0.2726
vn -0.8310 -0.5275 -0.1765
vn -0.8448 -0.5284 -0.0843
vn -0.8478 -0.5303 -0.0012
vn -0.8436 -0.5331 0.0646
vn -0.8373 -0.5348 0.1138
vn -0.8304 -0.5360 0.1522
vn -0.8236 -0.5370 0.1826
vn -0.8173 -0.5378 0.2068
vn -0.8118 -0.5384 0.2259
vn -0.8071 -0.5390 0.2409
vn -0.8033 -0.5395 0.2521
vn -0.8006 -0.5401 0.2596
vn -0.7990 -0.5408 0.2629
vn -0.7991 -0.5417 0.2607
vn -0.8008 -0.5419 0.2551
vn -0.8026 -0.5416 0.2500
vn -0.8039 -0.5417 0.2455
vn -0.8054 -0.5418 0.2405
vn -0.8070 -0.5418 0.2350
vn -0.8087 -0.5419 0.2289
vn -0.8104 -0.5420 0.2223
vn -0.8123 -0.5421 0.2150
vn -0.8143 -0.5422 0.2071
vn -0.8164 -0.5423 0.1986
vn -0.8185 -0.5424 0.1892
vn -0.8207 -0.5425 0.1791
vn -0.6043 -0.4093 0.6836
vn 0.7233 -0.4123 0.5539
vn 0.8315 -0.5412 -0.1251
vn 0.8318 -0.5412 -0.1237
vn 0.8320 -0.5411 -0.1225
vn 0.8321 -0.5411 -0.1213
vn 0.8323 -0.5411 -0.1203
vn 0.8325 -0.5411 -0.1192
vn 0.8326 -0.5411 -0.1182
vn 0.8328 -0.5411 -0.1170
vn 0.8329 -0.5411 -0.1158
vn 0.8331 -0.5412 -0.1145
vn 0.8333 -0.5412 -0.1129
vn 0.8331 -0.5431 -0.1045
vn 0.4186 -0.8289 0.3711
vn 0.0037 -0.5409 0.8411
vn 0.0038 -0.5409 0.8411
vn 0.0041 -0.5409 0.8411
vn 0.0046 -0.5409 0.8411
vn 0.0052 -0.5409 0.8411
vn 0.0060 -0.5408 0.8411
vn 0.0071 -0.5408 0.8411
vn 0.0085 -0.5407 0.8412
vn 0.0104 -0.5406 0.8412
vn 0.0132 -0.5405 0.8412
vn 0.0172 -0.5403 0.8413
vn 0.0309 -0.5378 0.8425
vn 0.0618 -0.5353 0.8424
vn 0.1159 -0.5313 0.8392
vn 0.2026 -0.5261 0.8259
vn 0.3262 -0.5203 0.7892
vn 0.4771 -0.5156 0.7117
vn 0.6251 -0.5143 0.5872
vn 0.7363 -0.5171 0.4363
vn 0.8007 -0.5222 0.2936
vn 0.8306 -0.5272 0.1795
vn 0.8417 -0.5312 0.0963
vn 0.8445 -0.5342 0.0381
vn 0.8432 -0.5375 0.0024
vn 0.8419 -0.5394 -0.0149
vn 0.8415 -0.5396 -0.0248
vn 0.8411 -0.5398 -0.0335
vn 0.8407 -0.5399 -0.0411
vn 0.8403 -0.5400 -0.0481
vn 0.8399 -0.5401 -0.0545
vn 0.8394 -0.5401 -0.0605
vn 0.8390 -0.5401 -0.0662
vn 0.8385 -0.5401 -0.0719
vn 0.8380 -0.5401 -0.0777
vn 0.8375 -0.5400 -0.0840
vn 0.6177 -0.4206 -0.6645
vn -0.6911 -0.4051 -0.5986
vn -0.8282 -0.5435 0.1369
vn -0.8309 -0.5430 0.1213
vn -0.8329 -0.5428 0.1081
vn -0.8344 -0.5426 0.0964
vn -0.8357 -0.5425 0.0855
vn -0.8367 -0.5425 0.0751
vn -0.8376 -0.5425 0.0647
vn -0.8383 -0.5425 0.0541
vn -0.8389 -0.5426 0.0430
vn -0.8393 -0.5428 0.0310
vn -0.8396 -0.5430 0.0179
vn -0.8387 -0.5446 -0.0012
vn -0.8359 -0.5477 -0.0364
vn -0.8293 -0.5511 -0.0929
vn -0.8126 -0.5560 -0.1748
vn -0.7747 -0.5626 -0.2887
vn -0.6990 -0.5698 -0.4322
vn -0.5754 -0.5737 -0.5829
vn -0.4197 -0.5709 -0.7056
vn -0.2698 -0.5633 -0.7809
vn -0.1550 -0.5553 -0.8171
vn -0.0814 -0.5490 -0.8318
vn -0.0426 -0.5444 -0.8377
vn -0.0259 -0.5424 -0.8397
vn -0.0181 -0.5418 -0.8403
vn -0.0133 -0.5415 -0.8406
vn -0.0099 -0.5414 -0.8407
vn -0.0074 -0.5413 -0.8408
vn -0.0053 -0.5412 -0.8409
vn -0.0036 -0.5412 -0.8409
vn -0.0021 -0.5412 -0.8409
vn -0.0007 -0.5412 -0.8409
vn 0.0007 -0.5411 -0.8409
vn 0.0020 -0.5411 -0.8409
vn 0.0033 -0.5412 -0.8409
vn 0.4160 -0.7847 -0.4595
vn 0.8365 -0.5410 -0.0874
vn 0.8365 -0.5410 -0.0873
vn 0.8365 -0.5410 -0.0869
vn 0.8365 -0.5411 -0.0862
vn 0.8366 -0.5411 -0.0852
vn 0.8367 -0.5412 -0.0840
vn 0.8368 -0.5412 -0.0823
vn 0.8370 -0.5413 -0.0804
vn 0.8372 -0.5413 -0.0781
vn 0.8374 -0.5414 -0.0754
vn 0.8376 -0.5415 -0.0722
vn 0.4056 -0.8293 0.3843
vn -0.0272 -0.5416 0.8402
vn -0.0313 -0.5416 0.8401
vn -0.0356 -0.5416 0.8399
vn -0.0402 -0.5417 0.8396
vn -0.0452 -0.5417 0.8393
vn -0.0508 -0.5418 0.8390
vn -0.0572 -0.5420 0.8384
vn -0.0648 -0.5422 0.8378
vn -0.0741 -0.5425 0.8368
vn -0.0859 -0.5429 0.8354
vn -0.1015 -0.5436 0.8332
vn -0.1243 -0.5451 0.8291
vn -0.1775 -0.5532 0.8139
vn -0.2668 -0.5568 0.7866
vn -0.3735 -0.5607 0.7390
vn -0.4901 -0.5638 0.6648
vn -0.6024 -0.5648 0.5640
vn -0.6950 -0.5633 0.4468
vn -0.7603 -0.5599 0.3293
vn -0.8001 -0.5558 0.2257
vn -0.8216 -0.5520 0.1424
vn -0.8321 -0.5488 0.0798
vn -0.8368 -0.5463 0.0352
vn -0.8384 -0.5450 0.0033
vn -0.8386 -0.5443 -0.0220
vn -0.8382 -0.5437 -0.0428
vn -0.8374 -0.5433 -0.0599
vn -0.8364 -0.5430 -0.0749
vn -0.8351 -0.5429 -0.0885
vn -0.8337 -0.5428 -0.1013
vn -0.8321 -0.5428 -0.1140
vn -0.8302 -0.5429 -0.1269
vn -0.8279 -0.5430 -0.1404
vn -0.8252 -0.5432 -0.1549
vn -0.8218 -0.5435 -0.1710
vn -0.7191 -0.4057 0.5642
vn 0.5764 -0.4211 0.7004
vn 0.8313 -0.5392 0.1354
vn 0.8327 -0.5396 0.1244
vn 0.8338 -0.5398 0.1156
vn 0.8348 -0.5398 0.1077
vn 0.8358 -0.5398 0.1000
vn 0.8368 -0.5398 0.0920
vn 0.8378 -0.5396 0.0832
vn 0.8389 -0.5394 0.0730
vn 0.8401 -0.5390 0.0607
vn 0.8415 -0.5384 0.0451
vn 0.8429 -0.5375 0.0242
vn 0.8444 -0.5356 -0.0065
vn 0.8442 -0.5335 -0.0515
vn 0.8397 -0.5313 -0.1119
vn 0.8276 -0.5289 -0.1882
vn 0.8026 -0.5263 -0.2807
vn 0.7592 -0.5240 -0.3860
vn 0.6935 -0.5226 -0.4960
vn 0.6070 -0.5224 -0.5989
vn 0.5076 -0.5235 -0.6843
vn 0.4067 -0.5256 -0.7473
vn 0.3137 -0.5280 -0.7892
vn 0.2337 -0.5304 -0.8149
vn 0.1738 -0.5343 -0.8272
vn 0.1336 -0.5360 -0.8336
vn 0.1039 -0.5373 -0.8369
vn 0.0818 -0.5382 -0.8388
vn 0.0650 -0.5388 -0.8399
vn 0.0520 -0.5393 -0.8405
vn 0.0419 -0.5397 -0.8408
vn 0.0341 -0.5400 -0.8410
vn 0.0282 -0.5402 -0.8410
vn 0.0238 -0.5404 -0.8410
vn 0.0210 -0.5406 -0.8410
vn 0.0196 -0.5409 -0.8409
vn 0.4250 -0.7877 -0.4460
vn 0.8388 -0.5412 -0.0589
vn 0.8389 -0.5412 -0.0569
vn 0.8391 -0.5413 -0.0549
vn 0.8392 -0.5413 -0.0528
vn 0.8393 -0.5413 -0.0506
vn 0.8394 -0.5413 -0.0483
vn 0.8396 -0.5413 -0.0459
vn 0.8397 -0.5413 -0.0434
vn 0.8398 -0.5414 -0.0407
vn 0.8399 -0.5414 -0.0379
vn 0.8400 -0.5414 -0.0348
vn 0.8383 -0.5449 -0.0196
vn 0.8413 -0.5404 -0.0079
vn 0.8412 -0.5407 -0.0108
vn 0.8410 -0.5408 -0.0124
vn 0.8409 -0.5410 -0.0128
vn 0.8409 -0.5411 -0.0122
vn 0.8408 -0.5413 -0.0106
vn 0.8407 -0.5415 -0.0077
vn 0.8405 -0.5417 -0.0033
vn 0.8404 -0.5420 0.0032
vn 0.8399 -0.5426 0.0127
vn 0.8389 -0.5435 0.0273
vn 0.6568 -0.4118 -0.6318
vn -0.6611 -0.4120 -0.6270
vn -0.8403 -0.5403 0.0431
vn -0.8401 -0.5404 0.0471
vn -0.8398 -0.5405 0.0506
vn -0.8396 -0.5405 0.0538
vn -0.8394 -0.5406 0.0565
vn -0.8392 -0.5406 0.0590
vn -0.8390 -0.5407 0.0611
vn -0.8389 -0.5407 0.0630
vn -0.8387 -0.5407 0.0646
vn -0.8386 -0.5408 0.0660
vn -0.8385 -0.5408 0.0671
vn -0.8377 -0.5426 0.0620
vn -0.4140 -0.8220 -0.3910
vn 0.0215 -0.5448 -0.8383
vn 0.0339 -0.5407 -0.8405
vn 0.0329 -0.5410 -0.8404
vn 0.0336 -0.5412 -0.8402
vn 0.0357 -0.5414 -0.8400
vn 0.0392 -0.5416 -0.8397
vn 0.0442 -0.5418 -0.8393
vn 0.0511 -0.5421 -0.8388
vn 0.0602 -0.5425 -0.8379
vn 0.0723 -0.5430 -0.8366
vn 0.0886 -0.5437 -0.8346
vn 0.1113 -0.5449 -0.8311
vn -0.5974 -0.4072 -0.6909
vn -0.5905 -0.4071 0.6968
vn 0.1224 -0.5444 0.8299
vn 0.1023 -0.5434 0.8332
vn 0.0873 -0.5429 0.8353
vn 0.0754 -0.5425 0.8366
vn 0.0653 -0.5423 0.8376
vn 0.0566 -0.5422 0.8384
vn 0.0485 -0.5421 0.8389
vn 0.0406 -0.5421 0.8393
vn 0.0327 -0.5421 0.8397
vn 0.0243 -0.5423 0.8399
vn 0.0147 -0.5425 0.8400
vn 0.0066 -0.5418 0.8405
vn -0.4132 -0.7895 0.4537
vn -0.8378 -0.5408 0.0755
vn -0.8376 -0.5408 0.0768
vn -0.8375 -0.5408 0.0779
vn -0.8374 -0.5408 0.0788
vn -0.8373 -0.5409 0.0796
vn -0.8373 -0.5409 0.0802
vn -0.8372 -0.5409 0.0806
vn -0.8372 -0.5409 0.0809
vn -0.8371 -0.5410 0.0811
vn -0.8371 -0.5410 0.0810
vn -0.8371 -0.5410 0.0808
vn -0.4162 -0.8264 -0.3792
vn 0.0018 -0.5407 -0.8412
vn 0.0052 -0.5422 -0.8402
vn 0.0137 -0.5422 -0.8402
vn 0.0217 -0.5421 -0.8400
vn 0.0293 -0.5420 -0.8398
vn 0.0364 -0.5420 -0.8396
vn 0.0429 -0.5419 -0.8394
vn 0.0490 -0.5418 -0.8391
vn 0.0544 -0.5417 -0.8388
vn 0.0592 -0.5416 -0.8385
vn 0.0633 -0.5415 -0.8383
vn 0.0666 -0.5414 -0.8381
vn -0.6197 -0.4101 -0.6692
vn -0.6008 -0.4084 0.6872
vn 0.1061 -0.5417 0.8338
vn 0.1001 -0.5419 0.8345
vn 0.0929 -0.5421 0.8352
vn 0.0847 -0.5422 0.8359
vn 0.0755 -0.5424 0.8367
vn 0.0655 -0.5425 0.8375
vn 0.0551 -0.5425 0.8382
vn 0.0443 -0.5425 0.8389
vn 0.0336 -0.5425 0.8394
vn 0.0231 -0.5425 0.8398
vn 0.0131 -0.5424 0.8400
vn 0.0029 -0.5425 0.8400
vn -0.4159 -0.7874 0.4550
vn -0.8381 -0.5388 0.0852
vn -0.8356 -0.5421 0.0885
vn -0.8364 -0.5421 0.0808
vn -0.8371 -0.5420 0.0732
vn -0.8378 -0.5420 0.0658
vn -0.8383 -0.5420 0.0585
vn -0.8388 -0.5420 0.0512
vn -0.8392 -0.5420 0.0438
vn -0.8396 -0.5421 0.0363
vn -0.8398 -0.5421 0.0286
vn -0.8400 -0.5421 0.0206
vn -0.8402 -0.5422 0.0123
vn -0.8396 0.4145 0.3511
vn -0.3276 0.5425 0.7736
vn -0.2519 0.4036 -0.8796
vn -0.3368 0.5424 0.7697
vn -0.3454 0.5423 0.7659
vn -0.3532 0.5422 0.7624
vn -0.3603 0.5420 0.7592
vn -0.3666 0.5419 0.7563
vn 0.4878 0.5431 -0.6834
vn 0.4769 0.5427 -0.6914
vn -0.3720 0.5418 0.7537
vn 0.4681 0.5424 -0.6976
vn 0.4611 0.5421 -0.7026
vn -0.3767 0.5416 0.7515
vn 0.4555 0.5418 -0.7064
vn -0.3804 0.5415 0.7497
vn 0.4512 0.5416 -0.7093
vn 0.4481 0.5414 -0.7114
vn -0.3831 0.5413 0.7484
vn 0.4460 0.5412 -0.7129
vn -0.3849 0.5412 0.7476
vn 0.4448 0.5411 -0.7137
vn 0.4445 0.5409 -0.7140
vn -0.3931 0.5437 0.7415
vn 0.4450 0.5408 -0.7138
vn -0.3998 0.5401 0.7406
vn 0.4434 0.5416 -0.7142
vn 0.4358 0.5428 -0.7179
vn 0.4270 0.5422 -0.7237
vn -0.3950 0.5403 0.7430
vn 0.4207 0.5419 -0.7276
vn -0.3907 0.5403 0.7453
vn 0.4159 0.5417 -0.7305
vn 0.4121 0.5415 -0.7327
vn -0.3864 0.5402 0.7476
vn 0.4090 0.5414 -0.7346
vn 0.4063 0.5414 -0.7361
vn -0.3816 0.5401 0.7501
vn 0.4038 0.5414 -0.7375
vn 0.4015 0.5413 -0.7387
vn -0.3760 0.5400 0.7531
vn 0.3992 0.5413 -0.7400
vn -0.8475 0.5308 -0.0060
vn -0.8439 0.5335 0.0566
vn -0.8448 0.5274 -0.0910
vn -0.8387 0.5334 0.1094
vn -0.8285 0.5263 -0.1911
vn -0.8302 0.5334 0.1619
vn -0.7979 0.5254 -0.2955
vn -0.8184 0.5334 0.2138
vn -0.8033 0.5334 0.2649
vn -0.7511 0.5246 -0.4008
vn 0.3968 0.5414 -0.7413
vn -0.7851 0.5334 0.3149
vn -0.6875 0.5241 -0.5027
vn -0.7638 0.5335 0.3633
vn -0.7397 0.5335 0.4100
vn -0.6084 0.5240 -0.5960
vn -0.7131 0.5336 0.4547
vn -0.5171 0.5243 -0.6765
vn -0.6842 0.5337 0.4970
vn -0.1155 0.9890 -0.0919
vn -0.3692 0.5398 0.7565
vn -0.4183 0.5250 -0.7412
vn -0.6533 0.5339 0.5368
vn -0.3170 0.5259 -0.7893
vn 0.8170 0.5606 -0.1352
vn 0.8300 0.5576 -0.0171
vn 0.8280 0.5545 0.0827
vn -0.2177 0.5270 -0.8215
vn 0.8121 0.5562 0.1768
vn 0.7900 0.5583 -0.2534
vn 0.7822 0.5577 0.2777
vn 0.7361 0.5589 0.3818
vn 0.7522 0.5560 -0.3535
vn 0.6731 0.5596 0.4836
vn -0.1236 0.5282 -0.8401
vn 0.5947 0.5596 0.5772
vn 0.7091 0.5540 -0.4362
vn 0.5052 0.5590 0.6575
vn 0.6644 0.5522 -0.5037
vn 0.4099 0.5579 0.7216
vn -0.0531 0.5339 -0.8439
vn 0.3145 0.5564 0.7691
vn -0.3609 0.5394 0.7608
vn 0.6200 0.5508 -0.5588
vn 0.2230 0.5548 0.8015
vn -0.0250 0.5400 -0.8413
vn 0.1383 0.5533 0.8214
vn 0.5769 0.5497 -0.6042
vn 0.0699 0.5493 0.8327
vn -0.8727 0.3973 0.2838
vn -0.2353 0.5470 0.8034
vn -0.2459 0.4323 -0.8675
vn -0.0196 0.5403 -0.8412
vn 0.5351 0.5489 -0.6421
vn 0.0363 0.5427 0.8392
vn -0.0159 0.5405 -0.8412
vn 0.4944 0.5484 -0.6744
vn 0.0261 0.5422 0.8398
vn -0.2756 0.5474 0.7902
vn -0.0137 0.5407 -0.8411
vn 0.0188 0.5418 0.8403
vn 0.4541 0.5481 -0.7024
vn -0.3500 0.5390 0.7662
vn -0.0129 0.5409 -0.8410
vn 0.2999 0.5347 -0.7900
vn 0.0139 0.5415 0.8406
vn -0.3188 0.5482 0.7732
vn 0.4132 0.5480 -0.7273
vn -0.0134 0.5411 -0.8408
vn 0.0111 0.5412 0.8408
vn 0.3761 0.5465 -0.7482
vn -0.3662 0.5492 0.7512
vn -0.0153 0.5413 -0.8407
vn 0.0102 0.5410 0.8410
vn 0.3442 0.5336 -0.7725
vn 0.3503 0.5441 -0.7624
vn -0.0188 0.5416 -0.8404
vn 0.0111 0.5407 0.8411
vn -0.4192 0.5507 0.7218
vn -0.3353 0.5382 0.7732
vn 0.3334 0.5433 -0.7705
vn -0.0240 0.5419 -0.8401
vn 0.0138 0.5404 0.8413
vn 0.3950 0.5324 -0.7487
vn -0.0314 0.5422 -0.8397
vn 0.3201 0.5429 -0.7764
vn -0.4788 0.5526 0.6822
vn 0.0185 0.5401 0.8414
vn -0.0416 0.5427 -0.8389
vn 0.0254 0.5398 0.8414
vn 0.3090 0.5426 -0.7811
vn -0.0737 0.5488 -0.8327
vn -0.5453 0.5551 0.6281
vn 0.4523 0.5310 -0.7166
vn 0.0350 0.5394 0.8413
vn -0.1497 0.5563 -0.8173
vn 0.2993 0.5424 -0.7850
vn -0.3141 0.5370 0.7829
vn -0.6176 0.5582 0.5541
vn -0.2532 0.5580 -0.7903
vn 0.0687 0.5330 0.8433
vn -0.3608 0.5593 -0.7463
vn 0.2902 0.5423 -0.7885
vn 0.5158 0.5294 -0.6735
vn 0.1348 0.5302 0.8371
vn -0.6914 0.5616 0.4545
vn -0.4669 0.5601 -0.6843
vn -0.5648 0.5601 -0.6060
vn 0.2138 0.5291 0.8212
vn 0.2813 0.5423 -0.7917
vn -0.7580 0.5650 0.3260
vn -0.6488 0.5594 -0.5159
vn 0.5839 0.5278 -0.6169
vn -0.7157 0.5582 -0.4197
vn 0.2995 0.5278 0.7948
vn -0.7653 0.5566 -0.3233
vn -0.8055 0.5672 0.1715
vn -0.7991 0.5550 -0.2311
vn 0.2719 0.5425 -0.7949
vn -0.8201 0.5534 -0.1455
vn -0.8285 0.5592 0.0293
vn -0.8311 0.5520 -0.0677
vn 0.3857 0.4124 0.8253
vn 0.3911 0.5263 0.7550
vn 0.6533 0.5262 -0.5443
vn 0.4861 0.5250 0.6987
vn 0.2614 0.5427 -0.7982
vn 0.5798 0.5239 0.6241
vn 0.7194 0.5249 -0.4549
vn 0.2486 0.5431 -0.8020
vn 0.6659 0.5233 0.5318
vn 0.7762 0.5241 -0.3504
vn 0.7382 0.5233 0.4257
vn 0.2314 0.5440 -0.8066
vn 0.8060 0.4111 -0.4260
vn 0.8184 0.5240 -0.2358
vn 0.7923 0.5240 0.3125
vn 0.8272 0.5252 0.1996
vn 0.8431 0.5247 -0.1181
vn 0.8449 0.5268 0.0934
vn 0.8499 0.5268 -0.0084
vn -0.6742 0.4099 0.6144
vn -0.0044 0.5421 0.8403
vn -0.5242 0.4068 -0.7482
vn -0.0126 0.5422 0.8402
vn 0.2153 0.5404 -0.8134
vn -0.0212 0.5422 0.8400
vn 0.2183 0.5406 -0.8125
vn -0.0303 0.5423 0.8396
vn 0.2198 0.5408 -0.8119
vn -0.0401 0.5424 0.8391
vn 0.2200 0.5410 -0.8117
vn -0.0507 0.5426 0.8385
vn 0.2190 0.5412 -0.8119
vn -0.0622 0.5427 0.8376
vn 0.2168 0.5414 -0.8123
vn -0.0748 0.5429 0.8365
vn 0.2134 0.5416 -0.8131
vn -0.0887 0.5431 0.8350
vn 0.2086 0.5418 -0.8142
vn -0.1041 0.5433 0.8330
vn 0.2022 0.5420 -0.8157
vn -0.1213 0.5436 0.8305
vn 0.1939 0.5424 -0.8175
vn -0.1250 0.5392 0.8328
vn 0.1830 0.5428 -0.8197
vn -0.1197 0.5412 0.8324
vn 0.1740 0.5419 -0.8223
vn 0.1635 0.5431 -0.8236
vn -0.1193 0.5407 0.8327
vn 0.1483 0.5433 -0.8263
vn -0.1160 0.5403 0.8335
vn -0.1103 0.5400 0.8344
vn 0.1312 0.5436 -0.8290
vn -0.1025 0.5397 0.8356
vn 0.1119 0.5440 -0.8316
vn -0.0929 0.5394 0.8369
vn -0.0815 0.5392 0.8382
vn 0.0901 0.5444 -0.8340
vn -0.0684 0.5389 0.8396
vn 0.0652 0.5449 -0.8360
vn -0.0534 0.5387 0.8408
vn 0.0366 0.5454 -0.8373
vn -0.0364 0.5384 0.8419
vn 0.0036 0.5462 -0.8377
vn -0.0173 0.5381 0.8427
vn -0.0348 0.5470 -0.8364
vn 0.0070 0.5369 0.8436
vn -0.8623 0.4060 0.3028
vn -0.2910 0.5403 0.7895
vn -0.3147 0.4251 -0.8487
vn -0.2870 0.5404 0.7910
vn 0.0376 0.5363 0.8432
vn -0.0796 0.5481 -0.8326
vn -0.2834 0.5404 0.7922
vn 0.2617 0.5420 -0.7986
vn -0.2803 0.5405 0.7933
vn 0.2552 0.5419 -0.8008
vn 0.0683 0.5368 0.8409
vn -0.2775 0.5405 0.7942
vn 0.2494 0.5418 -0.8027
vn -0.2749 0.5406 0.7951
vn -0.1321 0.5495 -0.8250
vn -0.2726 0.5406 0.7959
vn 0.0956 0.5372 0.8380
vn 0.2440 0.5417 -0.8043
vn -0.2704 0.5406 0.7966
vn 0.2389 0.5417 -0.8059
vn -0.2684 0.5407 0.7973
vn -0.2091 0.9778 -0.0131
vn 0.1201 0.5376 0.8346
vn -0.2664 0.5407 0.7979
vn 0.2337 0.5417 -0.8074
vn -0.2645 0.5407 0.7986
vn 0.1422 0.5379 0.8309
vn 0.2283 0.5418 -0.8089
vn 0.2222 0.5419 -0.8105
vn 0.1624 0.5381 0.8271
vn 0.2153 0.5421 -0.8123
vn 0.1811 0.5383 0.8231
vn 0.2067 0.5424 -0.8143
vn 0.1954 0.5429 -0.8168
vn 0.1985 0.5384 0.8189
vn 0.1953 0.5392 -0.8192
vn 0.1887 0.5444 -0.8173
vn 0.1665 0.5441 -0.8223
vn 0.2152 0.5385 0.8147
vn 0.1459 0.5439 -0.8263
vn 0.1263 0.5438 -0.8297
vn 0.1070 0.5438 -0.8324
vn 0.0876 0.5438 -0.8346
vn 0.0674 0.5440 -0.8364
vn 0.0458 0.5443 -0.8377
vn 0.2315 0.5385 0.8102
vn 0.0217 0.5447 -0.8383
vn -0.0060 0.5454 -0.8382
vn -0.0393 0.5464 -0.8366
vn -0.0709 0.5448 -0.8355
vn -0.0825 0.5404 -0.8373
vn -0.0791 0.5405 -0.8376
vn -0.0766 0.5407 -0.8377
vn 0.2482 0.5384 0.8053
vn -0.0749 0.5408 -0.8378
vn -0.0739 0.5409 -0.8379
vn -0.0736 0.5410 -0.8378
vn -0.0739 0.5411 -0.8377
vn -0.0748 0.5412 -0.8376
vn -0.0766 0.5413 -0.8374
vn 0.7627 0.4234 0.4889
vn -0.0791 0.5414 -0.8370
vn -0.0827 0.5416 -0.8366
vn 0.5680 0.4150 -0.7107
vn -0.5807 0.4059 0.7057
vn 0.1579 0.5411 0.8260
vn -0.6115 0.4090 -0.6774
vn 0.0841 0.5425 -0.8359
vn 0.1561 0.5413 0.8262
vn 0.0741 0.5424 -0.8369
vn 0.1530 0.5415 0.8267
vn 0.0646 0.5423 -0.8377
vn 0.1486 0.5417 0.8273
vn 0.0557 0.5422 -0.8384
vn 0.1431 0.5418 0.8282
vn 0.0471 0.5422 -0.8389
vn 0.1365 0.5420 0.8292
vn 0.0390 0.5421 -0.8394
vn 0.1289 0.5421 0.8303
vn 0.0312 0.5421 -0.8398
vn 0.1203 0.5423 0.8315
vn 0.0237 0.5420 -0.8400
vn 0.0165 0.5420 -0.8402
vn 0.1108 0.5424 0.8328
vn 0.0096 0.5420 -0.8404
vn 0.1003 0.5426 0.8340
vn 0.0029 0.5419 -0.8404
vn 0.0887 0.5427 0.8352
vn -0.0047 0.5422 -0.8402
vn 0.0737 0.5436 0.8361
vn -0.4220 0.8228 -0.3807
vn 0.0608 0.5422 0.8381
vn 0.0538 0.5418 0.8388
vn 0.0487 0.5416 0.8392
vn 0.0445 0.5415 0.8395
vn 0.0409 0.5415 0.8397
vn 0.0376 0.5414 0.8399
vn 0.0345 0.5414 0.8400
vn 0.0313 0.5414 0.8402
vn 0.0281 0.5414 0.8403
vn 0.0246 0.5415 0.8404
vn 0.0209 0.5415 0.8404
vn -0.7160 0.4046 -0.5689
vn -0.8203 0.5433 0.1785
vn 0.5897 0.4212 -0.6891
vn -0.8236 0.5431 0.1637
vn -0.8263 0.5429 0.1502
vn -0.8285 0.5427 0.1381
vn -0.8304 0.5425 0.1271
vn -0.8319 0.5423 0.1172
vn -0.4076 0.8011 0.4382
vn -0.8332 0.5422 0.1082
vn -0.8343 0.5421 0.1000
vn -0.8353 0.5420 0.0927
vn -0.8360 0.5419 0.0860
vn -0.6898 0.4074 0.5985
vn 0.6239 0.4171 0.6609
vn -0.8318 0.5434 -0.1135
vn -0.8367 0.5418 0.0800
vn -0.8340 0.5430 -0.0981
vn -0.8356 0.5428 -0.0847
vn -0.8368 0.5426 -0.0730
vn -0.8378 0.5425 -0.0623
vn -0.8385 0.5424 -0.0524
vn -0.8398 0.5415 0.0401
vn -0.8391 0.5423 -0.0430
vn -0.8399 0.5415 0.0367
vn -0.8401 0.5414 0.0334
vn -0.8395 0.5423 -0.0339
vn -0.8402 0.5414 0.0300
vn -0.8403 0.5414 0.0267
vn -0.8398 0.5423 -0.0249
vn -0.8404 0.5414 0.0235
vn -0.8405 0.5414 0.0202
vn -0.8400 0.5423 -0.0158
vn -0.8406 0.5414 0.0169
vn -0.8406 0.5414 0.0136
vn -0.8401 0.5424 -0.0063
vn -0.8407 0.5414 0.0103
vn -0.8407 0.5415 0.0070
vn -0.8404 0.5419 0.0019
vn 0.8327 0.5399 -0.1230
vn 0.8336 0.5400 -0.1162
vn 0.8345 0.5400 -0.1097
vn 0.8352 0.5401 -0.1036
vn 0.8359 0.5401 -0.0976
vn 0.8365 0.5401 -0.0919
vn 0.8371 0.5402 -0.0863
vn 0.8377 0.5402 -0.0808
vn 0.8382 0.5402 -0.0754
vn 0.8386 0.5402 -0.0701
vn 0.8390 0.5402 -0.0648
vn 0.4140 0.7926 -0.4477
vn 0.4200 0.8155 0.3982
vn -0.0027 0.5407 -0.8412
vn 0.8401 0.5402 0.0494
vn 0.8403 0.5403 0.0446
vn 0.8405 0.5404 0.0404
vn 0.8406 0.5404 0.0365
vn 0.8408 0.5404 0.0327
vn 0.8404 0.5405 -0.0394
vn 0.0019 0.5414 0.8407
vn 0.8406 0.5405 -0.0362
vn 0.8409 0.5404 0.0289
vn 0.8407 0.5405 -0.0330
vn 0.8411 0.5404 0.0249
vn 0.8408 0.5405 -0.0298
vn 0.8412 0.5403 0.0207
vn 0.8409 0.5405 -0.0266
vn 0.8410 0.5405 -0.0234
vn 0.8414 0.5402 0.0159
vn 0.8411 0.5405 -0.0201
vn 0.8412 0.5405 -0.0169
vn 0.8415 0.5401 0.0105
vn 0.8412 0.5405 -0.0136
vn 0.8417 0.5399 0.0041
vn 0.8413 0.5405 -0.0103
vn 0.8413 0.5405 -0.0070
vn 0.8416 0.5401 -0.0024
vn -0.0054 0.5426 0.8399
vn 0.0041 0.5393 -0.8421
vn -0.0211 0.5439 0.8389
vn 0.0225 0.5374 -0.8431
vn -0.0459 0.5453 0.8370
vn 0.0553 0.5352 -0.8429
vn -0.0813 0.5470 0.8331
vn 0.1040 0.5328 -0.8398
vn -0.1283 0.5489 0.8260
vn -0.1873 0.5509 0.8133
vn 0.1697 0.5304 -0.8306
vn -0.2573 0.5528 0.7926
vn 0.2514 0.5280 -0.8112
vn -0.3351 0.5542 0.7619
vn -0.4159 0.5550 0.7204
vn 0.3449 0.5262 -0.7773
vn -0.4939 0.5550 0.6694
vn 0.4428 0.5252 -0.7267
vn -0.5639 0.5541 0.6123
vn -0.6041 0.5422 0.5840
vn 0.5358 0.5252 -0.6611
vn -0.6183 0.5467 0.5646
vn -0.6426 0.5459 0.5377
vn -0.6626 0.5453 0.5135
vn 0.6163 0.5262 -0.5859
vn -0.6796 0.5448 0.4912
vn -0.6944 0.5446 0.4704
vn -0.7076 0.5444 0.4505
vn -0.7198 0.5443 0.4309
vn -0.7312 0.5443 0.4113
vn -0.7422 0.5444 0.3909
vn -0.7530 0.5446 0.3692
vn 0.6803 0.5278 -0.5086
vn -0.7640 0.5450 0.3453
vn -0.1148 0.3947 0.9116
vn 0.9016 0.4312 0.0326
vn -0.8478 0.5303 -0.0012
vn -0.8436 0.5331 0.0646
vn -0.8448 0.5284 -0.0843
vn -0.8373 0.5348 0.1138
vn -0.8310 0.5275 -0.1765
vn -0.8304 0.5360 0.1522
vn -0.8052 0.5267 -0.2726
vn -0.8236 0.5370 0.1826
vn -0.7655 0.5258 -0.3710
vn -0.8173 0.5378 0.2068
vn -0.8118 0.5384 0.2259
vn -0.7103 0.5250 -0.4689
vn -0.8071 0.5390 0.2409
vn -0.8033 0.5395 0.2521
vn -0.6389 0.5243 -0.5629
vn -0.8006 0.5401 0.2596
vn -0.5519 0.5239 -0.6488
vn -0.7990 0.5408 0.2629
vn 0.8322 0.5545 -0.0047
vn -0.7991 0.5417 0.2607
vn 0.8297 0.5516 -0.0854
vn 0.8275 0.5548 0.0862
vn 0.8119 0.5556 0.1794
vn 0.8232 0.5486 -0.1465
vn -0.8008 0.5419 0.2551
vn 0.7842 0.5563 0.2748
vn 0.8154 0.5466 -0.1906
vn -0.4515 0.5237 -0.7224
vn -0.8026 0.5416 0.2500
vn 0.7433 0.5571 0.3704
vn -0.8039 0.5417 0.2455
vn 0.8079 0.5453 -0.2236
vn -0.8054 0.5418 0.2405
vn -0.8070 0.5418 0.2350
vn -0.8087 0.5419 0.2289
vn 0.6884 0.5577 0.4637
vn -0.8104 0.5420 0.2223
vn -0.8123 0.5421 0.2150
vn 0.8011 0.5443 -0.2488
vn -0.8143 0.5422 0.2071
vn -0.8164 0.5423 0.1986
vn -0.8185 0.5424 0.1892
vn 0.6193 0.5583 0.5520
vn -0.3417 0.5239 -0.7802
vn -0.8207 0.5425 0.1791
vn -0.4241 0.4057 0.8096
vn 0.8395 0.4148 0.3511
vn 0.7809 0.5416 -0.3113
vn 0.7829 0.5421 -0.3052
vn 0.7861 0.5426 -0.2961
vn 0.7902 0.5431 -0.2840
vn 0.7952 0.5436 -0.2685
vn 0.5368 0.5587 0.6322
vn 0.4424 0.5589 0.7014
vn -0.2272 0.5245 -0.8205
vn 0.3385 0.5589 0.7570
vn -0.1134 0.5253 -0.8433
vn 0.2284 0.5587 0.7973
vn 0.7807 0.5409 -0.3129
vn 0.1157 0.5583 0.8215
vn 0.0046 0.5239 -0.8518
vn -0.0100 0.5621 0.8270
vn -0.1652 0.5684 0.8060
vn 0.1413 0.5204 -0.8421
vn -0.3332 0.5688 0.7520
vn 0.2900 0.5196 -0.8037
vn -0.4826 0.5667 0.6678
vn 0.4307 0.5200 -0.7377
vn -0.6005 0.5632 0.5677
vn 0.5514 0.5214 -0.6512
vn -0.6853 0.5593 0.4664
vn -0.7427 0.5558 0.3735
vn 0.6462 0.5235 -0.5554
vn -0.7802 0.5530 0.2923
vn -0.8043 0.5508 0.2229
vn 0.7156 0.5258 -0.4598
vn -0.8195 0.5492 0.1639
vn -0.8288 0.5479 0.1134
vn 0.7640 0.5279 -0.3708
vn -0.8342 0.5470 0.0697
vn -0.4844 0.4001 0.7780
vn 0.7748 0.4299 0.4635
vn 0.7966 0.5298 -0.2910
vn 0.8179 0.5314 -0.2207
vn 0.8312 0.5327 -0.1591
vn 0.8391 0.5337 -0.1051
vn -0.5905 0.4071 0.6968
vn 0.1224 0.5444 0.8299
vn -0.5974 0.4072 -0.6909
vn 0.1113 0.5449 -0.8311
vn 0.0886 0.5437 -0.8346
vn 0.1023 0.5434 0.8332
vn 0.0723 0.5430 -0.8366
vn 0.0873 0.5429 0.8353
vn 0.0602 0.5425 -0.8379
vn 0.0754 0.5425 0.8366
vn 0.0511 0.5421 -0.8388
vn 0.0653 0.5423 0.8376
vn 0.0442 0.5418 -0.8393
vn 0.0566 0.5422 0.8384
vn -0.6008 0.4084 0.6872
vn 0.1061 0.5417 0.8338
vn -0.6197 0.4101 -0.6692
vn 0.0666 0.5414 -0.8381
vn 0.0392 0.5416 -0.8397
vn 0.0485 0.5421 0.8389
vn 0.0633 0.5415 -0.8383
vn 0.1001 0.5419 0.8345
vn 0.0357 0.5414 -0.8400
vn 0.0406 0.5421 0.8393
vn 0.0592 0.5416 -0.8385
vn 0.0929 0.5421 0.8352
vn 0.0336 0.5412 -0.8402
vn 0.0544 0.5417 -0.8388
vn 0.0327 0.5421 0.8397
vn 0.0847 0.5422 0.8359
vn 0.0329 0.5410 -0.8404
vn 0.0490 0.5418 -0.8391
vn 0.0243 0.5423 0.8399
vn 0.0755 0.5424 0.8367
vn 0.0339 0.5407 -0.8405
vn 0.0429 0.5419 -0.8394
vn 0.0147 0.5425 0.8400
vn 0.0215 0.5448 -0.8383
vn 0.0655 0.5425 0.8375
vn 0.0364 0.5420 -0.8396
vn 0.0066 0.5418 0.8405
vn -0.4140 0.8220 -0.3910
vn 0.0551 0.5425 0.8382
vn -0.4132 0.7895 0.4537
vn 0.0293 0.5420 -0.8398
vn 0.0443 0.5425 0.8389
vn 0.0217 0.5421 -0.8400
vn 0.0336 0.5425 0.8394
vn 0.0137 0.5422 -0.8402
vn 0.0231 0.5425 0.8398
vn 0.0052 0.5422 -0.8402
vn 0.0131 0.5424 0.8400
vn 0.0018 0.5407 -0.8412
vn 0.0029 0.5425 0.8400
vn -0.4162 0.8264 -0.3792
vn -0.4159 0.7874 0.4550
vn -0.6611 0.4120 -0.6270
vn -0.8403 0.5403 0.0431
vn 0.6568 0.4118 -0.6318
vn -0.8401 0.5404 0.0471
vn -0.8398 0.5405 0.0506
vn -0.8396 0.5405 0.0538
vn -0.8394 0.5406 0.0565
vn -0.8392 0.5406 0.0590
vn -0.8390 0.5407 0.0611
vn -0.8389 0.5407 0.0630
vn -0.8387 0.5407 0.0646
vn -0.8386 0.5408 0.0660
vn -0.8385 0.5408 0.0671
vn -0.8377 0.5426 0.0620
vn -0.8378 0.5408 0.0755
vn -0.8376 0.5408 0.0768
vn -0.8375 0.5408 0.0779
vn -0.8374 0.5408 0.0788
vn -0.8373 0.5409 0.0796
vn -0.8373 0.5409 0.0802
vn -0.8372 0.5409 0.0806
vn -0.8372 0.5409 0.0809
vn -0.8371 0.5410 0.0811
vn -0.8371 0.5410 0.0810
vn -0.8371 0.5410 0.0808
vn 0.8389 0.5435 0.0273
vn -0.8381 0.5388 0.0852
vn 0.8399 0.5426 0.0128
vn -0.8356 0.5421 0.0885
vn -0.8364 0.5421 0.0808
vn -0.8371 0.5420 0.0732
vn -0.8378 0.5420 0.0658
vn 0.8404 0.5420 0.0043
vn -0.8383 0.5420 0.0585
vn -0.8388 0.5420 0.0512
vn -0.8392 0.5420 0.0438
vn -0.8396 0.5421 0.0363
vn -0.8398 0.5421 0.0286
vn -0.8400 0.5421 0.0206
vn -0.8402 0.5422 0.0123
vn -0.6043 0.4093 0.6836
vn 0.7233 0.4123 0.5539
vn 0.8315 0.5412 -0.1251
vn 0.8318 0.5412 -0.1237
vn 0.8320 0.5411 -0.1225
vn 0.8321 0.5411 -0.1213
vn 0.8323 0.5411 -0.1203
vn 0.8325 0.5411 -0.1192
vn 0.8326 0.5411 -0.1182
vn 0.8328 0.5411 -0.1170
vn 0.8329 0.5411 -0.1158
vn 0.8331 0.5412 -0.1145
vn 0.8333 0.5412 -0.1129
vn 0.8331 0.5431 -0.1045
vn 0.4186 0.8289 0.3711
vn 0.4160 0.7847 -0.4595
vn 0.8365 0.5410 -0.0873
vn 0.8365 0.5410 -0.0869
vn 0.8365 0.5411 -0.0862
vn 0.8366 0.5411 -0.0852
vn 0.8367 0.5412 -0.0840
vn 0.8368 0.5412 -0.0823
vn 0.8370 0.5413 -0.0804
vn 0.8372 0.5413 -0.0781
vn 0.8374 0.5414 -0.0754
vn 0.8376 0.5415 -0.0722
vn 0.4056 0.8293 0.3843
vn 0.4250 0.7877 -0.4460
vn 0.8388 0.5412 -0.0589
vn 0.8389 0.5412 -0.0569
vn 0.8391 0.5413 -0.0549
vn 0.8392 0.5413 -0.0528
vn 0.8393 0.5413 -0.0506
vn 0.8394 0.5413 -0.0483
vn 0.8396 0.5413 -0.0459
vn 0.8397 0.5413 -0.0434
vn 0.8398 0.5414 -0.0407
vn 0.8399 0.5414 -0.0379
vn 0.8400 0.5414 -0.0348
vn 0.8383 0.5449 -0.0196
vn 0.8408 0.5413 -0.0106
vn 0.8407 0.5415 -0.0077
vn 0.8405 0.5417 -0.0033
vn 0.8409 0.5411 -0.0122
vn 0.8409 0.5410 -0.0128
vn 0.8410 0.5408 -0.0124
vn 0.8412 0.5407 -0.0108
vn 0.8413 0.5404 -0.0079
vn 0.0196 0.5409 -0.8409
vn -0.0272 0.5416 0.8402
vn 0.0210 0.5406 -0.8410
vn -0.0313 0.5416 0.8401
vn 0.8366 0.5410 -0.0866
vn 0.0033 0.5412 -0.8409
vn -0.0356 0.5416 0.8399
vn 0.0238 0.5404 -0.8410
vn 0.0037 0.5409 0.8411
vn -0.0402 0.5417 0.8396
vn 0.0282 0.5402 -0.8410
vn 0.0020 0.5411 -0.8409
vn 0.0038 0.5409 0.8411
vn -0.0452 0.5417 0.8393
vn 0.0341 0.5400 -0.8410
vn -0.0508 0.5418 0.8390
vn 0.0007 0.5411 -0.8409
vn 0.0041 0.5409 0.8411
vn 0.0419 0.5397 -0.8408
vn -0.0572 0.5420 0.8384
vn -0.0007 0.5412 -0.8409
vn -0.0648 0.5422 0.8378
vn 0.0520 0.5393 -0.8405
vn 0.0046 0.5409 0.8411
vn -0.0741 0.5425 0.8368
vn 0.0650 0.5388 -0.8399
vn -0.0021 0.5412 -0.8409
vn -0.0859 0.5429 0.8354
vn 0.0052 0.5409 0.8411
vn -0.1015 0.5436 0.8332
vn 0.0818 0.5382 -0.8388
vn -0.0036 0.5412 -0.8409
vn -0.1243 0.5451 0.8291
vn 0.0060 0.5408 0.8411
vn 0.1039 0.5373 -0.8369
vn -0.1775 0.5532 0.8139
vn -0.2668 0.5568 0.7866
vn -0.3735 0.5607 0.7390
vn -0.0053 0.5412 -0.8409
vn 0.1336 0.5360 -0.8336
vn -0.4901 0.5638 0.6648
vn -0.7191 0.4057 0.5642
vn 0.5764 0.4211 0.7004
vn -0.8218 0.5435 -0.1710
vn -0.8252 0.5432 -0.1549
vn -0.6024 0.5648 0.5640
vn -0.8279 0.5430 -0.1404
vn -0.8302 0.5429 -0.1269
vn 0.0071 0.5408 0.8411
vn -0.6950 0.5633 0.4468
vn -0.8321 0.5428 -0.1140
vn -0.7603 0.5599 0.3293
vn -0.8337 0.5428 -0.1013
vn -0.8351 0.5429 -0.0885
vn -0.8001 0.5558 0.2257
vn -0.8364 0.5430 -0.0749
vn -0.8216 0.5520 0.1424
vn -0.8374 0.5433 -0.0599
vn -0.8321 0.5488 0.0798
vn -0.8382 0.5437 -0.0428
vn -0.8386 0.5443 -0.0220
vn -0.8368 0.5463 0.0352
vn -0.8384 0.5450 0.0033
vn 0.1738 0.5343 -0.8272
vn -0.0074 0.5413 -0.8408
vn 0.2337 0.5304 -0.8149
vn 0.0085 0.5407 0.8412
vn 0.3137 0.5280 -0.7892
vn -0.0099 0.5414 -0.8407
vn 0.4067 0.5256 -0.7473
vn 0.0104 0.5406 0.8412
vn 0.5076 0.5235 -0.6843
vn -0.0133 0.5415 -0.8406
vn 0.6070 0.5224 -0.5989
vn 0.0132 0.5405 0.8412
vn 0.6935 0.5226 -0.4960
vn 0.8313 0.5392 0.1354
vn 0.8327 0.5396 0.1244
vn 0.7592 0.5240 -0.3860
vn 0.8338 0.5398 0.1156
vn 0.8348 0.5398 0.1077
vn -0.0181 0.5418 -0.8403
vn 0.8358 0.5398 0.1000
vn 0.8026 0.5263 -0.2807
vn 0.8368 0.5398 0.0920
vn 0.8378 0.5396 0.0832
vn 0.8276 0.5289 -0.1882
vn 0.8389 0.5394 0.0730
vn 0.8397 0.5313 -0.1119
vn 0.8401 0.5390 0.0607
vn 0.8415 0.5384 0.0451
vn 0.8442 0.5335 -0.0515
vn 0.8429 0.5375 0.0242
vn 0.0172 0.5403 0.8413
vn 0.8444 0.5356 -0.0065
vn -0.0259 0.5424 -0.8397
vn 0.0309 0.5378 0.8425
vn -0.0426 0.5444 -0.8377
vn 0.0618 0.5353 0.8424
vn -0.0814 0.5490 -0.8318
vn -0.1550 0.5553 -0.8171
vn 0.1159 0.5313 0.8392
vn -0.2698 0.5633 -0.7809
vn 0.2026 0.5261 0.8259
vn -0.4197 0.5709 -0.7056
vn -0.5754 0.5737 -0.5829
vn 0.3262 0.5203 0.7892
vn -0.6990 0.5698 -0.4322
vn -0.6911 0.4051 -0.5986
vn -0.8282 0.5435 0.1369
vn 0.6177 0.4206 -0.6645
vn -0.7747 0.5626 -0.2887
vn -0.8309 0.5430 0.1213
vn -0.8329 0.5428 0.1081
vn -0.8344 0.5426 0.0964
vn -0.8126 0.5560 -0.1748
vn -0.8357 0.5425 0.0855
vn -0.8367 0.5425 0.0751
vn 0.4771 0.5156 0.7117
vn -0.8293 0.5511 -0.0929
vn -0.8376 0.5425 0.0647
vn -0.8383 0.5425 0.0541
vn -0.8389 0.5426 0.0430
vn -0.8359 0.5477 -0.0364
vn -0.8393 0.5428 0.0310
vn -0.8396 0.5430 0.0179
vn -0.8387 0.5446 -0.0012
vn 0.6251 0.5143 0.5872
vn 0.7363 0.5171 0.4363
vn 0.8007 0.5222 0.2936
vn 0.8306 0.5272 0.1795
vn 0.8375 0.5400 -0.0840
vn 0.8380 0.5401 -0.0777
vn 0.8385 0.5401 -0.0719
vn 0.8417 0.5312 0.0963
vn 0.8390 0.5401 -0.0662
vn 0.8394 0.5401 -0.0605
vn 0.8399 0.5401 -0.0545
vn 0.8403 0.5400 -0.0481
vn 0.8445 0.5342 0.0381
vn 0.8407 0.5399 -0.0411
vn 0.8411 0.5398 -0.0335
vn 0.8415 0.5396 -0.0248
vn 0.8432 0.5375 0.0024
vn 0.8419 0.5394 -0.0149
vt 0.010989 0.000000
vt 0.005495 0.000000
vt 0.000000 0.000000
vt 0.016484 0.000000
vt 0.021978 0.000000
vt 0.027473 0.000000
vt 0.032967 0.000000
vt 0.038462 0.000000
vt 1.000000 0.000000
vt 0.994505 0.000000
vt 0.043956 0.000000
vt 0.989011 0.000000
vt 0.983516 0.000000
vt 0.049451 0.000000
vt 0.978022 0.000000
vt 0.054945 0.000000
vt 0.972527 0.000000
vt 0.967033 0.000000
vt 0.060440 0.000000
vt 0.961538 0.000000
vt 0.065934 0.000000
vt 0.956044 0.000000
vt 0.950549 0.000000
vt 0.071429 0.000000
vt 0.945055 0.000000
vt 0.076923 0.000000
vt 0.939560 0.000000
vt 0.934066 0.000000
vt 0.928571 0.000000
vt 0.082418 0.000000
vt 0.923077 0.000000
vt 0.087912 0.000000
vt 0.917582 0.000000
vt 0.912088 0.000000
vt 0.093407 0.000000
vt 0.906593 0.000000
vt 0.901099 0.000000
vt 0.098901 0.000000
vt 0.895604 0.000000
vt 0.890110 0.000000
vt 0.104396 0.000000
vt 0.884615 0.000000
vt 0.813187 0.000000
vt 0.807692 0.000000
vt 0.802198 0.000000
vt 0.818681 0.000000
vt 0.796703 0.000000
vt 0.824176 0.000000
vt 0.791209 0.000000
vt 0.829670 0.000000
vt 0.835165 0.000000
vt 0.785714 0.000000
vt 0.879121 0.000000
vt 0.840659 0.000000
vt 0.780220 0.000000
vt 0.846154 0.000000
vt 0.851648 0.000000
vt 0.774725 0.000000
vt 0.857143 0.000000
vt 0.769231 0.000000
vt 0.862637 0.000000
vt 0.873626 0.000000
vt 0.109890 0.000000
vt 0.763736 0.000000
vt 0.868132 0.000000
vt 0.758242 0.000000
vt 0.269231 0.000000
vt 0.274725 0.000000
vt 0.280220 0.000000
vt 0.752747 0.000000
vt 0.285714 0.000000
vt 0.263736 0.000000
vt 0.291209 0.000000
vt 0.296703 0.000000
vt 0.258242 0.000000
vt 0.302198 0.000000
vt 0.747253 0.000000
vt 0.307692 0.000000
vt 0.252747 0.000000
vt 0.313187 0.000000
vt 0.247253 0.000000
vt 0.318681 0.000000
vt 0.741758 0.000000
vt 0.324176 0.000000
vt 0.115385 0.000000
vt 0.241758 0.000000
vt 0.329670 0.000000
vt 0.736264 0.000000
vt 0.335165 0.000000
vt 0.236264 0.000000
vt 0.340659 0.000000
vt 0.549451 0.000000
vt 0.543956 0.000000
vt 0.538462 0.000000
vt 0.730769 0.000000
vt 0.230769 0.000000
vt 0.346154 0.000000
vt 0.725275 0.000000
vt 0.225275 0.000000
vt 0.351648 0.000000
vt 0.554945 0.000000
vt 0.719780 0.000000
vt 0.357143 0.000000
vt 0.219780 0.000000
vt 0.120879 0.000000
vt 0.714286 0.000000
vt 0.532967 0.000000
vt 0.362637 0.000000
vt 0.560440 0.000000
vt 0.214286 0.000000
vt 0.708791 0.000000
vt 0.368132 0.000000
vt 0.208791 0.000000
vt 0.565934 0.000000
vt 0.703297 0.000000
vt 0.373626 0.000000
vt 0.527473 0.000000
vt 0.203297 0.000000
vt 0.697802 0.000000
vt 0.379121 0.000000
vt 0.571429 0.000000
vt 0.126374 0.000000
vt 0.197802 0.000000
vt 0.692308 0.000000
vt 0.384615 0.000000
vt 0.521978 0.000000
vt 0.686813 0.000000
vt 0.192308 0.000000
vt 0.576923 0.000000
vt 0.390110 0.000000
vt 0.681319 0.000000
vt 0.395604 0.000000
vt 0.186813 0.000000
vt 0.675824 0.000000
vt 0.582418 0.000000
vt 0.516484 0.000000
vt 0.401099 0.000000
vt 0.670330 0.000000
vt 0.181319 0.000000
vt 0.131868 0.000000
vt 0.587912 0.000000
vt 0.664835 0.000000
vt 0.406593 0.000000
vt 0.659341 0.000000
vt 0.175824 0.000000
vt 0.510989 0.000000
vt 0.412088 0.000000
vt 0.593407 0.000000
vt 0.653846 0.000000
vt 0.648352 0.000000
vt 0.417582 0.000000
vt 0.170330 0.000000
vt 0.598901 0.000000
vt 0.642857 0.000000
vt 0.505495 0.000000
vt 0.637363 0.000000
vt 0.423077 0.000000
vt 0.631868 0.000000
vt 0.604396 0.000000
vt 0.626374 0.000000
vt 0.164835 0.000000
vt 0.620879 0.000000
vt 0.609890 0.000000
vt 0.615385 0.000000
vt 0.137363 0.000000
vt 0.428571 0.000000
vt 0.500000 0.000000
vt 0.434066 0.000000
vt 0.159341 0.000000
vt 0.439560 0.000000
vt 0.494505 0.000000
vt 0.153846 0.000000
vt 0.445055 0.000000
vt 0.489011 0.000000
vt 0.450549 0.000000
vt 0.148352 0.000000
vt 0.142857 0.000000
vt 0.483516 0.000000
vt 0.456044 0.000000
vt 0.461538 0.000000
vt 0.478022 0.000000
vt 0.467033 0.000000
vt 0.472527 0.000000
vt 0.586207 0.000000
vt 0.582375 0.000000
vt 0.578544 0.000000
vt 0.590038 0.000000
vt 0.593870 0.000000
vt 0.996169 0.000000
vt 0.597701 0.000000
vt 0.992337 0.000000
vt 0.601533 0.000000
vt 0.988506 0.000000
vt 0.605364 0.000000
vt 0.984674 0.000000
vt 0.609195 0.000000
vt 0.980843 0.000000
vt 0.613027 0.000000
vt 0.977012 0.000000
vt 0.616858 0.000000
vt 0.973180 0.000000
vt 0.620690 0.000000
vt 0.969349 0.000000
vt 0.624521 0.000000
vt 0.965517 0.000000
vt 0.628352 0.000000
vt 0.961686 0.000000
vt 0.632184 0.000000
vt 0.957854 0.000000
vt 0.954023 0.000000
vt 0.636015 0.000000
vt 0.950192 0.000000
vt 0.639847 0.000000
vt 0.643678 0.000000
vt 0.946360 0.000000
vt 0.647510 0.000000
vt 0.942529 0.000000
vt 0.651341 0.000000
vt 0.655172 0.000000
vt 0.938697 0.000000
vt 0.659004 0.000000
vt 0.934866 0.000000
vt 0.662835 0.000000
vt 0.931035 0.000000
vt 0.666667 0.000000
vt 0.927203 0.000000
vt 0.670498 0.000000
vt 0.923372 0.000000
vt 0.674330 0.000000
vt 0.869732 0.000000
vt 0.865900 0.000000
vt 0.862069 0.000000
vt 0.873563 0.000000
vt 0.678161 0.000000
vt 0.919540 0.000000
vt 0.877395 0.000000
vt 0.858238 0.000000
vt 0.881226 0.000000
vt 0.854406 0.000000
vt 0.681992 0.000000
vt 0.885057 0.000000
vt 0.850575 0.000000
vt 0.888889 0.000000
vt 0.915709 0.000000
vt 0.892720 0.000000
vt 0.685824 0.000000
vt 0.846743 0.000000
vt 0.896552 0.000000
vt 0.842912 0.000000
vt 0.900383 0.000000
vt 0.911877 0.000000
vt 0.689655 0.000000
vt 0.904215 0.000000
vt 0.839080 0.000000
vt 0.908046 0.000000
vt 0.693487 0.000000
vt 0.835249 0.000000
vt 0.831418 0.000000
vt 0.697318 0.000000
vt 0.827586 0.000000
vt 0.701149 0.000000
vt 0.823755 0.000000
vt 0.819923 0.000000
vt 0.704981 0.000000
vt 0.816092 0.000000
vt 0.812261 0.000000
vt 0.808429 0.000000
vt 0.708812 0.000000
vt 0.804598 0.000000
vt 0.800766 0.000000
vt 0.796935 0.000000
vt 0.793103 0.000000
vt 0.789272 0.000000
vt 0.785441 0.000000
vt 0.712644 0.000000
vt 0.781609 0.000000
vt 0.777778 0.000000
vt 0.773946 0.000000
vt 0.770115 0.000000
vt 0.766284 0.000000
vt 0.762452 0.000000
vt 0.758621 0.000000
vt 0.716475 0.000000
vt 0.754789 0.000000
vt 0.750958 0.000000
vt 0.747126 0.000000
vt 0.743295 0.000000
vt 0.739464 0.000000
vt 0.735632 0.000000
vt 0.720307 0.000000
vt 0.731801 0.000000
vt 0.727969 0.000000
vt 0.724138 0.000000
vt 0.398467 0.000000
vt 0.394636 0.000000
vt 0.390805 0.000000
vt 0.386973 0.000000
vt 0.402299 0.000000
vt 0.383142 0.000000
vt 0.406130 0.000000
vt 0.379310 0.000000
vt 0.409962 0.000000
vt 0.375479 0.000000
vt 0.413793 0.000000
vt 0.371648 0.000000
vt 0.417625 0.000000
vt 0.367816 0.000000
vt 0.421456 0.000000
vt 0.363985 0.000000
vt 0.425287 0.000000
vt 0.360153 0.000000
vt 0.356322 0.000000
vt 0.429119 0.000000
vt 0.352490 0.000000
vt 0.432950 0.000000
vt 0.348659 0.000000
vt 0.436782 0.000000
vt 0.344828 0.000000
vt 0.440613 0.000000
vt 0.340996 0.000000
vt 0.444444 0.000000
vt 0.448276 0.000000
vt 0.452107 0.000000
vt 0.455939 0.000000
vt 0.459770 0.000000
vt 0.463602 0.000000
vt 0.467433 0.000000
vt 0.471264 0.000000
vt 0.475096 0.000000
vt 0.478927 0.000000
vt 0.482759 0.000000
vt 0.298851 0.000000
vt 0.295019 0.000000
vt 0.291188 0.000000
vt 0.302682 0.000000
vt 0.306513 0.000000
vt 0.310345 0.000000
vt 0.314176 0.000000
vt 0.318008 0.000000
vt 0.486590 0.000000
vt 0.321839 0.000000
vt 0.325671 0.000000
vt 0.329502 0.000000
vt 0.333333 0.000000
vt 0.003831 0.000000
vt 0.574713 0.000000
vt 0.337165 0.000000
vt 0.570881 0.000000
vt 0.567050 0.000000
vt 0.563218 0.000000
vt 0.559387 0.000000
vt 0.555556 0.000000
vt 0.490421 0.000000
vt 0.551724 0.000000
vt 0.494253 0.000000
vt 0.498084 0.000000
vt 0.547893 0.000000
vt 0.501916 0.000000
vt 0.505747 0.000000
vt 0.544061 0.000000
vt 0.509579 0.000000
vt 0.513410 0.000000
vt 0.540230 0.000000
vt 0.517241 0.000000
vt 0.521073 0.000000
vt 0.536398 0.000000
vt 0.524904 0.000000
vt 0.528736 0.000000
vt 0.532567 0.000000
vt 0.287356 0.000000
vt 0.283525 0.000000
vt 0.279693 0.000000
vt 0.275862 0.000000
vt 0.272031 0.000000
vt 0.268199 0.000000
vt 0.264368 0.000000
vt 0.260536 0.000000
vt 0.256705 0.000000
vt 0.252874 0.000000
vt 0.249042 0.000000
vt 0.245211 0.000000
vt 0.095785 0.000000
vt 0.241379 0.000000
vt 0.007663 0.000000
vt 0.011494 0.000000
vt 0.015326 0.000000
vt 0.019157 0.000000
vt 0.022989 0.000000
vt 0.091954 0.000000
vt 0.099617 0.000000
vt 0.088123 0.000000
vt 0.026820 0.000000
vt 0.084291 0.000000
vt 0.030651 0.000000
vt 0.080460 0.000000
vt 0.034483 0.000000
vt 0.076628 0.000000
vt 0.072797 0.000000
vt 0.038314 0.000000
vt 0.068966 0.000000
vt 0.065134 0.000000
vt 0.042146 0.000000
vt 0.061303 0.000000
vt 0.045977 0.000000
vt 0.057471 0.000000
vt 0.053640 0.000000
vt 0.049808 0.000000
vt 0.103448 0.000000
vt 0.237548 0.000000
vt 0.107280 0.000000
vt 0.233716 0.000000
vt 0.111111 0.000000
vt 0.229885 0.000000
vt 0.114943 0.000000
vt 0.226054 0.000000
vt 0.118774 0.000000
vt 0.122605 0.000000
vt 0.222222 0.000000
vt 0.126437 0.000000
vt 0.218391 0.000000
vt 0.130268 0.000000
vt 0.134100 0.000000
vt 0.214559 0.000000
vt 0.137931 0.000000
vt 0.210728 0.000000
vt 0.141762 0.000000
vt 0.145594 0.000000
vt 0.206897 0.000000
vt 0.149425 0.000000
vt 0.153257 0.000000
vt 0.157088 0.000000
vt 0.203065 0.000000
vt 0.160920 0.000000
vt 0.164751 0.000000
vt 0.168582 0.000000
vt 0.172414 0.000000
vt 0.176245 0.000000
vt 0.180077 0.000000
vt 0.183908 0.000000
vt 0.199234 0.000000
vt 0.187739 0.000000
vt 0.191571 0.000000
vt 0.195402 0.000000
vt 0.741176 0.000000
vt 0.729412 0.000000
vt 0.717647 0.000000
vt 0.752941 0.000000
vt 0.705882 0.000000
vt 0.764706 0.000000
vt 0.694118 0.000000
vt 0.776471 0.000000
vt 0.682353 0.000000
vt 0.788235 0.000000
vt 0.800000 0.000000
vt 0.670588 0.000000
vt 0.811765 0.000000
vt 0.823529 0.000000
vt 0.658824 0.000000
vt 0.835294 0.000000
vt 0.647059 0.000000
vt 0.847059 0.000000
vt 0.152941 0.000000
vt 0.858824 0.000000
vt 0.141176 0.000000
vt 0.164706 0.000000
vt 0.176471 0.000000
vt 0.129412 0.000000
vt 0.870588 0.000000
vt 0.188235 0.000000
vt 0.117647 0.000000
vt 0.635294 0.000000
vt 0.882353 0.000000
vt 0.200000 0.000000
vt 0.894118 0.000000
vt 0.105882 0.000000
vt 0.905882 0.000000
vt 0.917647 0.000000
vt 0.929412 0.000000
vt 0.211765 0.000000
vt 0.941176 0.000000
vt 0.952941 0.000000
vt 0.094118 0.000000
vt 0.964706 0.000000
vt 0.976471 0.000000
vt 0.988235 0.000000
vt 0.223529 0.000000
vt 0.623529 0.000000
vt 0.011765 0.000000
vt 0.035294 0.000000
vt 0.047059 0.000000
vt 0.058824 0.000000
vt 0.070588 0.000000
vt 0.082353 0.000000
vt 0.235294 0.000000
vt 0.247059 0.000000
vt 0.611765 0.000000
vt 0.258824 0.000000
vt 0.600000 0.000000
vt 0.270588 0.000000
vt 0.023529 0.000000
vt 0.282353 0.000000
vt 0.588235 0.000000
vt 0.294118 0.000000
vt 0.305882 0.000000
vt 0.576471 0.000000
vt 0.317647 0.000000
vt 0.564706 0.000000
vt 0.329412 0.000000
vt 0.552941 0.000000
vt 0.341176 0.000000
vt 0.541176 0.000000
vt 0.352941 0.000000
vt 0.364706 0.000000
vt 0.529412 0.000000
vt 0.376471 0.000000
vt 0.388235 0.000000
vt 0.517647 0.000000
vt 0.400000 0.000000
vt 0.411765 0.000000
vt 0.505882 0.000000
vt 0.423529 0.000000
vt 0.435294 0.000000
vt 0.447059 0.000000
vt 0.494118 0.000000
vt 0.482353 0.000000
vt 0.470588 0.000000
vt 0.458824 0.000000
vt 0.781250 0.000000
vt 0.774306 0.000000
vt 0.770833 0.000000
vt 0.767361 0.000000
vt 0.784722 0.000000
vt 0.763889 0.000000
vt 0.788194 0.000000
vt 0.760417 0.000000
vt 0.791667 0.000000
vt 0.756944 0.000000
vt 0.795139 0.000000
vt 0.753472 0.000000
vt 0.798611 0.000000
vt 0.916667 0.000000
vt 0.913194 0.000000
vt 0.909722 0.000000
vt 0.906250 0.000000
vt 0.750000 0.000000
vt 0.802083 0.000000
vt 0.902778 0.000000
vt 0.920139 0.000000
vt 0.746528 0.000000
vt 0.805556 0.000000
vt 0.899306 0.000000
vt 0.923611 0.000000
vt 0.743056 0.000000
vt 0.895833 0.000000
vt 0.809028 0.000000
vt 0.927083 0.000000
vt 0.739583 0.000000
vt 0.892361 0.000000
vt 0.812500 0.000000
vt 0.930556 0.000000
vt 0.736111 0.000000
vt 0.815972 0.000000
vt 0.732639 0.000000
vt 0.934028 0.000000
vt 0.885417 0.000000
vt 0.819444 0.000000
vt 0.729167 0.000000
vt 0.937500 0.000000
vt 0.822917 0.000000
vt 0.881944 0.000000
vt 0.940972 0.000000
vt 0.878472 0.000000
vt 0.944444 0.000000
vt 0.875000 0.000000
vt 0.947917 0.000000
vt 0.871528 0.000000
vt 0.951389 0.000000
vt 0.868056 0.000000
vt 0.954861 0.000000
vt 0.864583 0.000000
vt 0.958333 0.000000
vt 0.687500 0.000000
vt 0.684028 0.000000
vt 0.680556 0.000000
vt 0.690972 0.000000
vt 0.694444 0.000000
vt 0.697917 0.000000
vt 0.701389 0.000000
vt 0.704861 0.000000
vt 0.708333 0.000000
vt 0.711806 0.000000
vt 0.715278 0.000000
vt 0.718750 0.000000
vt 0.722222 0.000000
vt 0.725694 0.000000
vt 0.826389 0.000000
vt 0.829861 0.000000
vt 0.833333 0.000000
vt 0.836806 0.000000
vt 0.840278 0.000000
vt 0.843750 0.000000
vt 0.847222 0.000000
vt 0.850694 0.000000
vt 0.854167 0.000000
vt 0.857639 0.000000
vt 0.861111 0.000000
vt 0.677083 0.000000
vt 0.961806 0.000000
vt 0.673611 0.000000
vt 0.965278 0.000000
vt 0.968750 0.000000
vt 0.972222 0.000000
vt 0.975694 0.000000
vt 0.670139 0.000000
vt 0.979167 0.000000
vt 0.982639 0.000000
vt 0.986111 0.000000
vt 0.989583 0.000000
vt 0.993056 0.000000
vt 0.996528 0.000000
vt 0.003472 0.000000
vt 0.006944 0.000000
vt 0.010417 0.000000
vt 0.013889 0.000000
vt 0.017361 0.000000
vt 0.020833 0.000000
vt 0.024306 0.000000
vt 0.027778 0.000000
vt 0.031250 0.000000
vt 0.034722 0.000000
vt 0.038194 0.000000
vt 0.041667 0.000000
vt 0.045139 0.000000
vt 0.048611 0.000000
vt 0.302083 0.000000
vt 0.309028 0.000000
vt 0.312500 0.000000
vt 0.315972 0.000000
vt 0.319444 0.000000
vt 0.322917 0.000000
vt 0.326389 0.000000
vt 0.329861 0.000000
vt 0.336806 0.000000
vt 0.340278 0.000000
vt 0.343750 0.000000
vt 0.597222 0.000000
vt 0.600694 0.000000
vt 0.604167 0.000000
vt 0.607639 0.000000
vt 0.611111 0.000000
vt 0.614583 0.000000
vt 0.618056 0.000000
vt 0.621528 0.000000
vt 0.625000 0.000000
vt 0.628472 0.000000
vt 0.631944 0.000000
vt 0.635417 0.000000
vt 0.638889 0.000000
vt 0.659722 0.000000
vt 0.663194 0.000000
vt 0.656250 0.000000
vt 0.652778 0.000000
vt 0.649306 0.000000
vt 0.645833 0.000000
vt 0.642361 0.000000
vt 0.593750 0.000000
vt 0.347222 0.000000
vt 0.590278 0.000000
vt 0.350694 0.000000
vt 0.305556 0.000000
vt 0.298611 0.000000
vt 0.354167 0.000000
vt 0.586806 0.000000
vt 0.052083 0.000000
vt 0.357639 0.000000
vt 0.583333 0.000000
vt 0.295139 0.000000
vt 0.055556 0.000000
vt 0.361111 0.000000
vt 0.579861 0.000000
vt 0.364583 0.000000
vt 0.291667 0.000000
vt 0.059028 0.000000
vt 0.576389 0.000000
vt 0.368056 0.000000
vt 0.288194 0.000000
vt 0.371528 0.000000
vt 0.572917 0.000000
vt 0.062500 0.000000
vt 0.375000 0.000000
vt 0.569444 0.000000
vt 0.284722 0.000000
vt 0.378472 0.000000
vt 0.065972 0.000000
vt 0.381944 0.000000
vt 0.565972 0.000000
vt 0.281250 0.000000
vt 0.385417 0.000000
vt 0.069444 0.000000
vt 0.562500 0.000000
vt 0.388889 0.000000
vt 0.392361 0.000000
vt 0.395833 0.000000
vt 0.277778 0.000000
vt 0.559028 0.000000
vt 0.399306 0.000000
vt 0.472222 0.000000
vt 0.468750 0.000000
vt 0.465278 0.000000
vt 0.461806 0.000000
vt 0.402778 0.000000
vt 0.458333 0.000000
vt 0.454861 0.000000
vt 0.072917 0.000000
vt 0.406250 0.000000
vt 0.451389 0.000000
vt 0.409722 0.000000
vt 0.447917 0.000000
vt 0.413194 0.000000
vt 0.440972 0.000000
vt 0.416667 0.000000
vt 0.437500 0.000000
vt 0.420139 0.000000
vt 0.434028 0.000000
vt 0.430556 0.000000
vt 0.423611 0.000000
vt 0.427083 0.000000
vt 0.274306 0.000000
vt 0.552083 0.000000
vt 0.076389 0.000000
vt 0.548611 0.000000
vt 0.270833 0.000000
vt 0.545139 0.000000
vt 0.079861 0.000000
vt 0.541667 0.000000
vt 0.267361 0.000000
vt 0.538194 0.000000
vt 0.083333 0.000000
vt 0.534722 0.000000
vt 0.475694 0.000000
vt 0.479167 0.000000
vt 0.531250 0.000000
vt 0.482639 0.000000
vt 0.486111 0.000000
vt 0.263889 0.000000
vt 0.489583 0.000000
vt 0.527778 0.000000
vt 0.493056 0.000000
vt 0.496528 0.000000
vt 0.524306 0.000000
vt 0.520833 0.000000
vt 0.503472 0.000000
vt 0.506944 0.000000
vt 0.517361 0.000000
vt 0.510417 0.000000
vt 0.086806 0.000000
vt 0.513889 0.000000
vt 0.260417 0.000000
vt 0.090278 0.000000
vt 0.256944 0.000000
vt 0.093750 0.000000
vt 0.253472 0.000000
vt 0.250000 0.000000
vt 0.097222 0.000000
vt 0.246528 0.000000
vt 0.100694 0.000000
vt 0.243056 0.000000
vt 0.239583 0.000000
vt 0.104167 0.000000
vt 0.236111 0.000000
vt 0.180556 0.000000
vt 0.177083 0.000000
vt 0.173611 0.000000
vt 0.232639 0.000000
vt 0.184028 0.000000
vt 0.187500 0.000000
vt 0.190972 0.000000
vt 0.229167 0.000000
vt 0.194444 0.000000
vt 0.197917 0.000000
vt 0.107639 0.000000
vt 0.225694 0.000000
vt 0.201389 0.000000
vt 0.204861 0.000000
vt 0.208333 0.000000
vt 0.211806 0.000000
vt 0.215278 0.000000
vt 0.218750 0.000000
vt 0.114583 0.000000
vt 0.118056 0.000000
vt 0.121528 0.000000
vt 0.170139 0.000000
vt 0.166667 0.000000
vt 0.163194 0.000000
vt 0.125000 0.000000
vt 0.159722 0.000000
vt 0.156250 0.000000
vt 0.152778 0.000000
vt 0.149306 0.000000
vt 0.128472 0.000000
vt 0.145833 0.000000
vt 0.142361 0.000000
vt 0.138889 0.000000
vt 0.131944 0.000000
vt 0.135417 0.000000
s 1
usemtl sekken
f 363/441/363 362/442/362 361/443/361
f 364/444/364 363/441/363 361/443/361
f 365/445/365 364/444/364 361/443/361
f 366/446/366 365/445/365 361/443/361
f 367/447/367 366/446/366 361/443/361
f 368/448/368 367/447/367 361/443/361
f 368/448/368 361/443/361 543/449/543
f 368/448/368 543/449/543 542/450/542
f 369/451/369 368/448/368 542/450/542
f 369/451/369 542/450/542 541/452/541
f 369/451/369 541/452/541 540/453/540
f 370/454/370 369/451/369 540/453/540
f 370/454/370 540/453/540 539/455/539
f 371/456/371 370/454/370 539/455/539
f 371/456/371 539/455/539 538/457/538
f 371/456/371 538/457/538 537/458/537
f 372/459/372 371/456/371 537/458/537
f 372/459/372 537/458/537 536/460/536
f 373/461/373 372/459/372 536/460/536
f 373/461/373 536/460/536 535/462/535
f 373/461/373 535/462/535 534/463/534
f 374/464/374 373/461/373 534/463/534
f 374/464/374 534/463/534 533/465/533
f 375/466/375 374/464/374 533/465/533
f 375/466/375 533/465/533 532/467/532
f 375/466/375 532/467/532 531/468/531
f 375/466/375 531/468/531 530/469/530
f 376/470/376 375/466/375 530/469/530
f 376/470/376 530/469/530 529/471/529
f 377/472/377 376/470/376 529/471/529
f 377/472/377 529/471/529 528/473/528
f 377/472/377 528/473/528 527/474/527
f 378/475/378 377/472/377 527/474/527
f 378/475/378 527/474/527 526/476/526
f 378/475/378 526/476/526 525/477/525
f 379/478/379 378/475/378 525/477/525
f 379/478/379 525/477/525 524/479/524
f 379/478/379 524/479/524 523/480/523
f 380/481/380 379/478/379 523/480/523
f 380/481/380 523/480/523 522/482/522
f 509/483/509 508/484/508 507/485/507
f 510/486/510 509/483/509 507/485/507
f 510/486/510 507/485/507 506/487/506
f 511/488/511 510/486/510 506/487/506
f 511/488/511 506/487/506 505/489/505
f 512/490/512 511/488/511 505/489/505
f 513/491/513 512/490/512 505/489/505
f 513/491/513 505/489/505 504/492/504
f 380/481/380 522/482/522 521/493/521
f 514/494/514 513/491/513 504/492/504
f 514/494/514 504/492/504 503/495/503
f 515/496/515 514/494/514 503/495/503
f 516/497/516 515/496/515 503/495/503
f 516/497/516 503/495/503 502/498/502
f 517/499/517 516/497/516 502/498/502
f 517/499/517 502/498/502 501/500/501
f 518/501/518 517/499/517 501/500/501
f 380/481/380 521/493/521 520/502/520
f 381/503/381 380/481/380 520/502/520
f 518/501/518 501/500/501 500/504/500
f 519/505/519 518/501/518 500/504/500
f 520/502/520 519/505/519 500/504/500
f 520/502/520 500/504/500 499/506/499
f 381/503/381 520/502/520 410/507/410
f 410/507/410 520/502/520 411/508/411
f 411/508/411 520/502/520 499/506/499
f 411/508/411 499/506/499 412/509/412
f 412/509/412 499/506/499 498/510/498
f 413/511/413 412/509/412 498/510/498
f 381/503/381 410/507/410 409/512/409
f 414/513/414 413/511/413 498/510/498
f 415/514/415 414/513/414 498/510/498
f 381/503/381 409/512/409 408/515/408
f 416/516/416 415/514/415 498/510/498
f 416/516/416 498/510/498 497/517/497
f 417/518/417 416/516/416 497/517/497
f 381/503/381 408/515/408 407/519/407
f 418/520/418 417/518/417 497/517/497
f 381/503/381 407/519/407 406/521/406
f 419/522/419 418/520/418 497/517/497
f 419/522/419 497/517/497 496/523/496
f 420/524/420 419/522/419 496/523/496
f 382/525/382 381/503/381 406/521/406
f 382/525/382 406/521/406 405/526/405
f 421/527/421 420/524/420 496/523/496
f 421/527/421 496/523/496 495/528/495
f 422/529/422 421/527/421 495/528/495
f 382/525/382 405/526/405 404/530/404
f 423/531/423 422/529/422 495/528/495
f 461/532/461 460/533/460 459/534/459
f 423/531/423 495/528/495 494/535/494
f 382/525/382 404/530/404 403/536/403
f 424/537/424 423/531/423 494/535/494
f 424/537/424 494/535/494 493/538/493
f 382/525/382 403/536/403 402/539/402
f 425/540/425 424/537/424 493/538/493
f 462/541/462 461/532/461 459/534/459
f 425/540/425 493/538/493 492/542/492
f 426/543/426 425/540/425 492/542/492
f 382/525/382 402/539/402 401/544/401
f 383/545/383 382/525/382 401/544/401
f 426/543/426 492/542/492 491/546/491
f 462/541/462 459/534/459 458/547/458
f 427/548/427 426/543/426 491/546/491
f 463/549/463 462/541/462 458/547/458
f 383/545/383 401/544/401 400/550/400
f 427/548/427 491/546/491 490/551/490
f 428/552/428 427/548/427 490/551/490
f 383/545/383 400/550/400 399/553/399
f 464/554/464 463/549/463 458/547/458
f 428/552/428 490/551/490 489/555/489
f 429/556/429 428/552/428 489/555/489
f 464/554/464 458/547/458 457/557/457
f 383/545/383 399/553/399 398/558/398
f 429/556/429 489/555/489 488/559/488
f 430/560/430 429/556/429 488/559/488
f 465/561/465 464/554/464 457/557/457
f 384/562/384 383/545/383 398/558/398
f 384/562/384 398/558/398 397/563/397
f 430/560/430 488/559/488 487/564/487
f 431/565/431 430/560/430 487/564/487
f 465/561/465 457/557/457 456/566/456
f 431/565/431 487/564/487 486/567/486
f 384/562/384 397/563/397 396/568/396
f 466/569/466 465/561/465 456/566/456
f 432/570/432 431/565/431 486/567/486
f 432/570/432 486/567/486 485/571/485
f 433/572/433 432/570/432 485/571/485
f 384/562/384 396/568/396 395/573/395
f 433/572/433 485/571/485 484/574/484
f 467/575/467 466/569/466 456/566/456
f 467/575/467 456/566/456 455/576/455
f 434/577/434 433/572/433 484/574/484
f 434/577/434 484/574/484 483/578/483
f 384/562/384 395/573/395 394/579/394
f 385/580/385 384/562/384 394/579/394
f 468/581/468 467/575/467 455/576/455
f 434/577/434 483/578/483 482/582/482
f 435/583/435 434/577/434 482/582/482
f 435/583/435 482/582/482 481/584/481
f 385/580/385 394/579/394 393/585/393
f 468/581/468 455/576/455 454/586/454
f 436/587/436 435/583/435 481/584/481
f 469/588/469 468/581/468 454/586/454
f 436/587/436 481/584/481 480/589/480
f 436/587/436 480/589/480 479/590/479
f 437/591/437 436/587/436 479/590/479
f 385/580/385 393/585/393 392/592/392
f 470/593/470 469/588/469 454/586/454
f 437/591/437 479/590/479 478/594/478
f 470/593/470 454/586/454 453/595/453
f 437/591/437 478/594/478 477/596/477
f 438/597/438 437/591/437 477/596/477
f 438/597/438 477/596/477 476/598/476
f 471/599/471 470/593/470 453/595/453
f 438/597/438 476/598/476 475/600/475
f 385/580/385 392/592/392 391/601/391
f 438/597/438 475/600/475 474/602/474
f 472/603/472 471/599/471 453/595/453
f 438/597/438 474/602/474 473/604/473
f 386/605/386 385/580/385 391/601/391
f 438/597/438 473/604/473 472/603/472
f 438/597/438 472/603/472 453/595/453
f 439/606/439 438/597/438 453/595/453
f 439/606/439 453/595/453 452/607/452
f 440/608/440 439/606/439 452/607/452
f 386/605/386 391/601/391 390/609/390
f 441/610/441 440/608/440 452/607/452
f 441/610/441 452/607/452 451/611/451
f 386/605/386 390/609/390 389/612/389
f 442/613/442 441/610/441 451/611/451
f 442/613/442 451/611/451 450/614/450
f 443/615/443 442/613/442 450/614/450
f 386/605/386 389/612/389 388/616/388
f 387/617/387 386/605/386 388/616/388
f 443/615/443 450/614/450 449/618/449
f 444/619/444 443/615/443 449/618/449
f 445/620/445 444/619/444 449/618/449
f 445/620/445 449/618/449 448/621/448
f 446/622/446 445/620/445 448/621/448
f 446/622/446 448/621/448 447/623/447
f 697/624/697 696/625/696 695/626/695
f 698/627/698 697/624/697 695/626/695
f 698/627/698 695/626/695 805/449/805
f 699/628/699 698/627/698 805/449/805
f 699/628/699 805/449/805 804/629/804
f 700/630/700 699/628/699 804/629/804
f 700/630/700 804/629/804 803/631/803
f 701/632/701 700/630/700 803/631/803
f 701/632/701 803/631/803 802/633/802
f 702/634/702 701/632/701 802/633/802
f 702/634/702 802/633/802 801/635/801
f 703/636/703 702/634/702 801/635/801
f 703/636/703 801/635/801 800/637/800
f 704/638/704 703/636/703 800/637/800
f 704/638/704 800/637/800 799/639/799
f 705/640/705 704/638/704 799/639/799
f 705/640/705 799/639/799 798/641/798
f 706/642/706 705/640/705 798/641/798
f 706/642/706 798/641/798 797/643/797
f 707/644/707 706/642/706 797/643/797
f 707/644/707 797/643/797 796/645/796
f 708/646/708 707/644/707 796/645/796
f 708/646/708 796/645/796 795/647/795
f 709/648/709 708/646/708 795/647/795
f 709/648/709 795/647/795 794/649/794
f 709/648/709 794/649/794 793/650/793
f 710/651/710 709/648/709 793/650/793
f 710/651/710 793/650/793 792/652/792
f 711/653/711 710/651/710 792/652/792
f 712/654/712 711/653/711 792/652/792
f 712/654/712 792/652/792 791/655/791
f 713/656/713 712/654/712 791/655/791
f 713/656/713 791/655/791 790/657/790
f 714/658/714 713/656/713 790/657/790
f 715/659/715 714/658/714 790/657/790
f 715/659/715 790/657/790 789/660/789
f 716/661/716 715/659/715 789/660/789
f 716/661/716 789/660/789 788/662/788
f 717/663/717 716/661/716 788/662/788
f 717/663/717 788/662/788 787/664/787
f 718/665/718 717/663/717 787/664/787
f 718/665/718 787/664/787 786/666/786
f 719/667/719 718/665/718 786/666/786
f 719/667/719 786/666/786 785/668/785
f 720/669/720 719/667/719 785/668/785
f 771/670/771 770/671/770 769/672/769
f 772/673/772 771/670/771 769/672/769
f 721/674/721 720/669/720 785/668/785
f 721/674/721 785/668/785 784/675/784
f 773/676/773 772/673/772 769/672/769
f 773/676/773 769/672/769 768/677/768
f 774/678/774 773/676/773 768/677/768
f 774/678/774 768/677/768 767/679/767
f 722/680/722 721/674/721 784/675/784
f 775/681/775 774/678/774 767/679/767
f 775/681/775 767/679/767 766/682/766
f 776/683/776 775/681/775 766/682/766
f 722/680/722 784/675/784 783/684/783
f 777/685/777 776/683/776 766/682/766
f 723/686/723 722/680/722 783/684/783
f 777/685/777 766/682/766 765/687/765
f 778/688/778 777/685/777 765/687/765
f 778/688/778 765/687/765 764/689/764
f 779/690/779 778/688/778 764/689/764
f 723/686/723 783/684/783 782/691/782
f 724/692/724 723/686/723 782/691/782
f 780/693/780 779/690/779 764/689/764
f 780/693/780 764/689/764 763/694/763
f 781/695/781 780/693/780 763/694/763
f 725/696/725 724/692/724 782/691/782
f 782/691/782 781/695/781 763/694/763
f 782/691/782 763/694/763 762/697/762
f 725/696/725 782/691/782 762/697/762
f 725/696/725 762/697/762 761/698/761
f 726/699/726 725/696/725 761/698/761
f 726/699/726 761/698/761 760/700/760
f 727/701/727 726/699/726 760/700/760
f 727/701/727 760/700/760 759/702/759
f 727/701/727 759/702/759 758/703/758
f 728/704/728 727/701/727 758/703/758
f 728/704/728 758/703/758 757/705/757
f 728/704/728 757/705/757 756/706/756
f 728/704/728 756/706/756 755/707/755
f 729/708/729 728/704/728 755/707/755
f 729/708/729 755/707/755 754/709/754
f 729/708/729 754/709/754 753/710/753
f 729/708/729 753/710/753 752/711/752
f 729/708/729 752/711/752 751/712/751
f 729/708/729 751/712/751 750/713/750
f 729/708/729 750/713/750 749/714/749
f 730/715/730 729/708/729 749/714/749
f 730/715/730 749/714/749 748/716/748
f 730/715/730 748/716/748 747/717/747
f 730/715/730 747/717/747 746/718/746
f 730/715/730 746/718/746 745/719/745
f 730/715/730 745/719/745 744/720/744
f 730/715/730 744/720/744 743/721/743
f 730/715/730 743/721/743 742/722/742
f 731/723/731 730/715/730 742/722/742
f 731/723/731 742/722/742 741/724/741
f 731/723/731 741/724/741 740/725/740
f 731/723/731 740/725/740 739/726/739
f 731/723/731 739/726/739 738/727/738
f 731/723/731 738/727/738 737/728/737
f 731/723/731 737/728/737 736/729/736
f 732/730/732 731/723/731 736/729/736
f 732/730/732 736/729/736 735/731/735
f 732/730/732 735/731/735 734/732/734
f 732/730/732 734/732/734 733/733/733
f 648/734/648 647/735/647 646/736/646
f 648/734/648 646/736/646 645/737/645
f 649/738/649 648/734/648 645/737/645
f 649/738/649 645/737/645 644/739/644
f 650/740/650 649/738/649 644/739/644
f 650/740/650 644/739/644 643/741/643
f 651/742/651 650/740/650 643/741/643
f 651/742/651 643/741/643 642/743/642
f 652/744/652 651/742/651 642/743/642
f 652/744/652 642/743/642 641/745/641
f 653/746/653 652/744/652 641/745/641
f 653/746/653 641/745/641 640/747/640
f 654/748/654 653/746/653 640/747/640
f 654/748/654 640/747/640 639/749/639
f 655/750/655 654/748/654 639/749/639
f 655/750/655 639/749/639 638/751/638
f 655/750/655 638/751/638 637/752/637
f 656/753/656 655/750/655 637/752/637
f 656/753/656 637/752/637 636/754/636
f 657/755/657 656/753/656 636/754/636
f 657/755/657 636/754/636 635/756/635
f 658/757/658 657/755/657 635/756/635
f 658/757/658 635/756/635 634/758/634
f 659/759/659 658/757/658 634/758/634
f 659/759/659 634/758/634 633/760/633
f 660/761/660 659/759/659 633/760/633
f 661/762/661 660/761/660 633/760/633
f 662/763/662 661/762/661 633/760/633
f 663/764/663 662/763/662 633/760/633
f 664/765/664 663/764/663 633/760/633
f 665/766/665 664/765/664 633/760/633
f 666/767/666 665/766/665 633/760/633
f 667/768/667 666/767/666 633/760/633
f 668/769/668 667/768/667 633/760/633
f 669/770/669 668/769/668 633/760/633
f 670/771/670 669/770/669 633/760/633
f 622/772/622 621/773/621 620/774/620
f 623/775/623 622/772/622 620/774/620
f 624/776/624 623/775/623 620/774/620
f 625/777/625 624/776/624 620/774/620
f 626/778/626 625/777/625 620/774/620
f 627/779/627 626/778/626 620/774/620
f 671/780/671 670/771/670 633/760/633
f 628/781/628 627/779/627 620/774/620
f 629/782/629 628/781/628 620/774/620
f 630/783/630 629/782/629 620/774/620
f 631/784/631 630/783/630 620/774/620
f 545/785/545 544/443/544 694/786/694
f 632/787/632 631/784/631 620/774/620
f 545/785/545 694/786/694 693/788/693
f 633/760/633 632/787/632 620/774/620
f 671/780/671 633/760/633 620/774/620
f 545/785/545 693/788/693 692/789/692
f 545/785/545 692/789/692 691/790/691
f 545/785/545 691/790/691 690/791/690
f 545/785/545 690/791/690 689/792/689
f 672/793/672 671/780/671 620/774/620
f 545/785/545 689/792/689 688/794/688
f 673/795/673 672/793/672 620/774/620
f 674/796/674 673/795/673 620/774/620
f 545/785/545 688/794/688 687/797/687
f 675/798/675 674/796/674 620/774/620
f 676/799/676 675/798/675 620/774/620
f 545/785/545 687/797/687 686/800/686
f 677/801/677 676/799/676 620/774/620
f 678/802/678 677/801/677 620/774/620
f 545/785/545 686/800/686 685/803/685
f 679/804/679 678/802/678 620/774/620
f 680/805/680 679/804/679 620/774/620
f 545/785/545 685/803/685 684/806/684
f 681/807/681 680/805/680 620/774/620
f 682/808/682 681/807/681 620/774/620
f 545/785/545 684/806/684 683/809/683
f 683/809/683 682/808/682 620/774/620
f 545/785/545 683/809/683 620/774/620
f 545/785/545 620/774/620 619/810/619
f 545/785/545 619/810/619 618/811/618
f 545/785/545 618/811/618 617/812/617
f 545/785/545 617/812/617 616/813/616
f 545/785/545 616/813/616 615/814/615
f 545/785/545 615/814/615 614/815/614
f 545/785/545 614/815/614 613/816/613
f 545/785/545 613/816/613 612/817/612
f 545/785/545 612/817/612 611/818/611
f 545/785/545 611/818/611 610/819/610
f 545/785/545 610/819/610 609/820/609
f 545/785/545 609/820/609 608/821/608
f 545/785/545 608/821/608 569/822/569
f 569/822/569 608/821/608 607/823/607
f 546/824/546 545/785/545 569/822/569
f 547/825/547 546/824/546 569/822/569
f 548/826/548 547/825/547 569/822/569
f 549/827/549 548/826/548 569/822/569
f 550/828/550 549/827/549 569/822/569
f 550/828/550 569/822/569 568/829/568
f 570/830/570 569/822/569 607/823/607
f 550/828/550 568/829/568 567/831/567
f 551/832/551 550/828/550 567/831/567
f 551/832/551 567/831/567 566/833/566
f 552/834/552 551/832/551 566/833/566
f 552/834/552 566/833/566 565/835/565
f 553/836/553 552/834/552 565/835/565
f 553/836/553 565/835/565 564/837/564
f 553/836/553 564/837/564 563/838/563
f 554/839/554 553/836/553 563/838/563
f 554/839/554 563/838/563 562/840/562
f 554/839/554 562/840/562 561/841/561
f 555/842/555 554/839/554 561/841/561
f 555/842/555 561/841/561 560/843/560
f 556/844/556 555/842/555 560/843/560
f 556/844/556 560/843/560 559/845/559
f 556/844/556 559/845/559 558/846/558
f 557/847/557 556/844/556 558/846/558
f 571/848/571 570/830/570 607/823/607
f 571/848/571 607/823/607 606/849/606
f 572/850/572 571/848/571 606/849/606
f 572/850/572 606/849/606 605/851/605
f 573/852/573 572/850/572 605/851/605
f 573/852/573 605/851/605 604/853/604
f 574/854/574 573/852/573 604/853/604
f 574/854/574 604/853/604 603/855/603
f 575/856/575 574/854/574 603/855/603
f 576/857/576 575/856/575 603/855/603
f 576/857/576 603/855/603 602/858/602
f 577/859/577 576/857/576 602/858/602
f 577/859/577 602/858/602 601/860/601
f 578/861/578 577/859/577 601/860/601
f 579/862/579 578/861/578 601/860/601
f 579/862/579 601/860/601 600/863/600
f 580/864/580 579/862/579 600/863/600
f 580/864/580 600/863/600 599/865/599
f 581/866/581 580/864/580 599/865/599
f 582/867/582 581/866/581 599/865/599
f 582/867/582 599/865/599 598/868/598
f 583/869/583 582/867/582 598/868/598
f 584/870/584 583/869/583 598/868/598
f 585/871/585 584/870/584 598/868/598
f 585/871/585 598/868/598 597/872/597
f 586/873/586 585/871/585 597/872/597
f 587/874/587 586/873/586 597/872/597
f 588/875/588 587/874/587 597/872/597
f 589/876/589 588/875/588 597/872/597
f 590/877/590 589/876/589 597/872/597
f 591/878/591 590/877/590 597/872/597
f 592/879/592 591/878/591 597/872/597
f 592/879/592 597/872/597 596/880/596
f 593/881/593 592/879/592 596/880/596
f 594/882/594 593/881/593 596/880/596
f 595/883/595 594/882/594 596/880/596
f 869/884/869 868/885/868 867/886/867
f 870/887/870 869/884/869 867/886/867
f 870/887/870 867/886/867 866/888/866
f 871/889/871 870/887/870 866/888/866
f 871/889/871 866/888/866 865/890/865
f 872/891/872 871/889/871 865/890/865
f 872/891/872 865/890/865 864/892/864
f 873/893/873 872/891/872 864/892/864
f 874/894/874 873/893/873 864/892/864
f 874/894/874 864/892/864 863/895/863
f 875/896/875 874/894/874 863/895/863
f 876/897/876 875/896/875 863/895/863
f 876/897/876 863/895/863 862/898/862
f 877/899/877 876/897/876 862/898/862
f 877/899/877 862/898/862 861/900/861
f 878/901/878 877/899/877 819/902/819
f 819/902/819 877/899/877 861/900/861
f 879/903/879 878/901/878 819/902/819
f 879/903/879 819/902/819 818/904/818
f 820/905/820 819/902/819 861/900/861
f 821/906/821 820/905/820 861/900/861
f 879/903/879 818/904/818 817/907/817
f 880/908/880 879/903/879 817/907/817
f 822/909/822 821/906/821 861/900/861
f 880/908/880 817/907/817 816/910/816
f 822/909/822 861/900/861 860/911/860
f 881/912/881 880/908/880 816/910/816
f 823/913/823 822/909/822 860/911/860
f 882/914/882 881/912/881 816/910/816
f 882/914/882 816/910/816 815/915/815
f 883/916/883 882/914/882 815/915/815
f 884/917/884 883/916/883 815/915/815
f 885/918/885 884/917/884 815/915/815
f 824/919/824 823/913/823 860/911/860
f 886/920/886 885/918/885 815/915/815
f 887/921/887 886/920/886 815/915/815
f 887/921/887 815/915/815 814/922/814
f 888/923/888 887/921/887 814/922/814
f 889/924/889 888/923/888 814/922/814
f 890/925/890 889/924/889 814/922/814
f 825/926/825 824/919/824 860/911/860
f 825/926/825 860/911/860 859/927/859
f 891/449/891 890/925/890 814/922/814
f 806/443/806 891/449/891 814/922/814
f 807/928/807 806/443/806 809/929/809
f 809/929/809 806/443/806 810/930/810
f 810/930/810 806/443/806 811/931/811
f 811/931/811 806/443/806 812/932/812
f 812/932/812 806/443/806 813/933/813
f 813/933/813 806/443/806 814/922/814
f 826/934/826 825/926/825 859/927/859
f 827/935/827 826/934/826 859/927/859
f 827/935/827 859/927/859 858/936/858
f 828/937/828 827/935/827 858/936/858
f 828/937/828 858/936/858 857/938/857
f 829/939/829 828/937/828 857/938/857
f 807/928/807 809/929/809 808/940/808
f 830/941/830 829/939/829 857/938/857
f 830/941/830 857/938/857 856/942/856
f 831/943/831 830/941/830 856/942/856
f 832/944/832 831/943/831 856/942/856
f 832/944/832 856/942/856 855/945/855
f 833/946/833 832/944/832 855/945/855
f 833/946/833 855/945/855 854/947/854
f 834/948/834 833/946/833 854/947/854
f 834/948/834 854/947/854 853/949/853
f 835/950/835 834/948/834 853/949/853
f 835/950/835 853/949/853 852/951/852
f 836/952/836 835/950/835 852/951/852
f 837/953/837 836/952/836 852/951/852
f 837/953/837 852/951/852 851/954/851
f 838/955/838 837/953/837 851/954/851
f 839/956/839 838/955/838 851/954/851
f 839/956/839 851/954/851 850/957/850
f 840/958/840 839/956/839 850/957/850
f 841/959/841 840/958/840 850/957/850
f 841/959/841 850/957/850 849/960/849
f 842/961/842 841/959/841 849/960/849
f 843/962/843 842/961/842 849/960/849
f 844/963/844 843/962/843 849/960/849
f 844/963/844 849/960/849 848/964/848
f 844/963/844 848/964/848 847/965/847
f 844/963/844 847/965/847 846/966/846
f 844/963/844 846/966/846 845/967/845
f 1117/968/1117 1116/717/1116 1115/969/1115
f 1117/968/1117 1115/969/1115 1114/970/1114
f 1117/968/1117 1114/970/1114 1113/971/1113
f 1118/972/1118 1117/968/1117 1113/971/1113
f 1118/972/1118 1113/971/1113 1112/973/1112
f 1119/974/1119 1118/972/1118 1112/973/1112
f 1119/974/1119 1112/973/1112 1111/975/1111
f 1120/976/1120 1119/974/1119 1111/975/1111
f 1120/976/1120 1111/975/1111 1110/977/1110
f 1121/978/1121 1120/976/1120 1110/977/1110
f 1121/978/1121 1110/977/1110 1109/979/1109
f 1122/980/1122 1121/978/1121 1109/979/1109
f 1156/981/1156 1155/982/1155 1154/983/1154
f 1156/981/1156 1154/983/1154 1153/984/1153
f 1122/980/1122 1109/979/1109 1108/985/1108
f 1123/986/1123 1122/980/1122 1108/985/1108
f 1156/981/1156 1153/984/1153 1152/987/1152
f 1157/988/1157 1156/981/1156 1152/987/1152
f 1123/986/1123 1108/985/1108 1107/989/1107
f 1124/990/1124 1123/986/1123 1107/989/1107
f 1157/988/1157 1152/987/1152 1151/991/1151
f 1158/992/1158 1157/988/1157 1151/991/1151
f 1124/990/1124 1107/989/1107 1106/993/1106
f 1158/992/1158 1151/991/1151 1150/994/1150
f 1125/995/1125 1124/990/1124 1106/993/1106
f 1159/996/1159 1158/992/1158 1150/994/1150
f 1125/995/1125 1106/993/1106 1105/997/1105
f 1159/996/1159 1150/994/1150 1149/998/1149
f 1126/999/1126 1125/995/1125 1105/997/1105
f 1160/1000/1160 1159/996/1159 1149/998/1149
f 1126/999/1126 1105/997/1105 1104/1001/1104
f 1160/1000/1160 1149/998/1149 1148/683/1148
f 1127/1002/1127 1126/999/1126 1104/1001/1104
f 1127/1002/1127 1104/1001/1104 1103/1003/1103
f 1161/1004/1161 1160/1000/1160 1148/683/1148
f 1161/1004/1161 1148/683/1148 1147/1005/1147
f 1128/1006/1128 1127/1002/1127 1103/1003/1103
f 1128/1006/1128 1103/1003/1103 1102/1007/1102
f 1162/1008/1162 1161/1004/1161 1147/1005/1147
f 1129/1009/1129 1128/1006/1128 1102/1007/1102
f 1162/1008/1162 1147/1005/1147 1146/1010/1146
f 1163/1011/1163 1162/1008/1162 1146/1010/1146
f 1163/1011/1163 1146/1010/1146 1145/1012/1145
f 1164/1013/1164 1163/1011/1163 1145/1012/1145
f 1164/1013/1164 1145/1012/1145 1144/1014/1144
f 1165/1015/1165 1164/1013/1164 1144/1014/1144
f 1165/1015/1165 1144/1014/1144 1143/1016/1143
f 1166/1017/1166 1165/1015/1165 1143/1016/1143
f 1166/1017/1166 1143/1016/1143 1142/1018/1142
f 1167/1019/1167 1166/1017/1166 1142/1018/1142
f 1167/1019/1167 1142/1018/1142 1141/1020/1141
f 1168/1021/1168 1167/1019/1167 1141/1020/1141
f 1090/1022/1090 1089/1023/1089 1088/1024/1088
f 1091/1025/1091 1090/1022/1090 1088/1024/1088
f 1092/1026/1092 1091/1025/1091 1088/1024/1088
f 1093/1027/1093 1092/1026/1092 1088/1024/1088
f 1094/1028/1094 1093/1027/1093 1088/1024/1088
f 1095/1029/1095 1094/1028/1094 1088/1024/1088
f 1096/1030/1096 1095/1029/1095 1088/1024/1088
f 1097/1031/1097 1096/1030/1096 1088/1024/1088
f 1098/1032/1098 1097/1031/1097 1088/1024/1088
f 1099/1033/1099 1098/1032/1098 1088/1024/1088
f 1100/1034/1100 1099/1033/1099 1088/1024/1088
f 1101/1035/1101 1100/1034/1100 1088/1024/1088
f 1102/1007/1102 1101/1035/1101 1088/1024/1088
f 1129/1009/1129 1102/1007/1102 1088/1024/1088
f 1130/1036/1130 1129/1009/1129 1088/1024/1088
f 1131/1037/1131 1130/1036/1130 1088/1024/1088
f 1132/1038/1132 1131/1037/1131 1088/1024/1088
f 1133/1039/1133 1132/1038/1132 1088/1024/1088
f 1134/1040/1134 1133/1039/1133 1088/1024/1088
f 1135/1041/1135 1134/1040/1134 1088/1024/1088
f 1136/1042/1136 1135/1041/1135 1088/1024/1088
f 1137/1043/1137 1136/1042/1136 1088/1024/1088
f 1138/1044/1138 1137/1043/1137 1088/1024/1088
f 1139/1045/1139 1138/1044/1138 1088/1024/1088
f 1140/1046/1140 1139/1045/1139 1088/1024/1088
f 1141/1020/1141 1140/1046/1140 1088/1024/1088
f 1168/1021/1168 1141/1020/1141 1087/1047/1087
f 1087/1047/1087 1141/1020/1141 1088/1024/1088
f 1169/1048/1169 1168/1021/1168 1086/1049/1086
f 1086/1049/1086 1168/1021/1168 1087/1047/1087
f 1170/1050/1170 1169/1048/1169 1086/1049/1086
f 1171/1051/1171 1170/1050/1170 1086/1049/1086
f 1172/1052/1172 1171/1051/1171 1086/1049/1086
f 1173/1053/1173 1172/1052/1172 1085/1054/1085
f 1085/1054/1085 1172/1052/1172 1086/1049/1086
f 1174/1055/1174 1173/1053/1173 1085/1054/1085
f 1175/1056/1175 1174/1055/1174 1085/1054/1085
f 1176/1057/1176 1175/1056/1175 1085/1054/1085
f 1177/1058/1177 1176/1057/1176 1085/1054/1085
f 1178/1059/1178 1177/1058/1177 1085/1054/1085
f 1179/1060/1179 1178/1059/1178 1085/1054/1085
f 1180/449/1180 1179/1060/1179 1085/1054/1085
f 892/443/892 1180/449/1180 1085/1054/1085
f 893/1061/893 892/443/892 894/1062/894
f 894/1062/894 892/443/892 895/1063/895
f 895/1063/895 892/443/892 896/1064/896
f 896/1064/896 892/443/892 897/1065/897
f 897/1065/897 892/443/892 898/1066/898
f 898/1066/898 892/443/892 899/1067/899
f 899/1067/899 892/443/892 900/1068/900
f 900/1068/900 892/443/892 901/1069/901
f 901/1069/901 892/443/892 902/1070/902
f 902/1070/902 892/443/892 903/1071/903
f 903/1071/903 892/443/892 904/1072/904
f 904/1072/904 892/443/892 905/1073/905
f 905/1073/905 892/443/892 906/1074/906
f 906/1074/906 892/443/892 979/1075/979
f 979/1075/979 892/443/892 981/1076/981
f 981/1076/981 892/443/892 982/1077/982
f 982/1077/982 892/443/892 983/1078/983
f 983/1078/983 892/443/892 984/1079/984
f 984/1079/984 892/443/892 985/1080/985
f 985/1080/985 892/443/892 986/1081/986
f 986/1081/986 892/443/892 987/1082/987
f 987/1082/987 892/443/892 988/784/988
f 988/784/988 892/443/892 989/1083/989
f 989/1083/989 892/443/892 990/1084/990
f 990/1084/990 892/443/892 991/1085/991
f 991/1085/991 892/443/892 1064/1086/1064
f 1064/1086/1064 892/443/892 1065/1087/1065
f 1065/1087/1065 892/443/892 1066/1088/1066
f 1066/1088/1066 892/443/892 1067/1089/1067
f 1067/1089/1067 892/443/892 1068/1090/1068
f 1068/1090/1068 892/443/892 1069/1091/1069
f 1069/1091/1069 892/443/892 1070/1092/1070
f 1070/1092/1070 892/443/892 1071/1093/1071
f 1071/1093/1071 892/443/892 1072/1094/1072
f 1072/1094/1072 892/443/892 1073/1095/1073
f 1073/1095/1073 892/443/892 1074/1096/1074
f 1074/1096/1074 892/443/892 1075/1097/1075
f 1075/1097/1075 892/443/892 1076/1098/1076
f 1076/1098/1076 892/443/892 1082/1099/1082
f 1082/1099/1082 892/443/892 1083/1100/1083
f 1083/1100/1083 892/443/892 1084/665/1084
f 1084/665/1084 892/443/892 1085/1054/1085
f 1076/1098/1076 1082/1099/1082 1081/1101/1081
f 1076/1098/1076 1081/1101/1081 1080/1102/1080
f 1076/1098/1076 1080/1102/1080 1079/1103/1079
f 1076/1098/1076 1079/1103/1079 1078/1104/1078
f 1076/1098/1076 1078/1104/1078 1077/1105/1077
f 991/1085/991 1064/1086/1064 1063/1106/1063
f 992/1107/992 991/1085/991 1063/1106/1063
f 992/1107/992 1063/1106/1063 1062/1108/1062
f 993/1109/993 992/1107/992 1062/1108/1062
f 979/1075/979 981/1076/981 980/1110/980
f 906/1074/906 979/1075/979 978/1111/978
f 994/1112/994 993/1109/993 1062/1108/1062
f 994/1112/994 1062/1108/1062 1061/1113/1061
f 907/1114/907 906/1074/906 978/1111/978
f 995/1115/995 994/1112/994 1061/1113/1061
f 995/1115/995 1061/1113/1061 1060/1116/1060
f 907/1114/907 978/1111/978 977/1117/977
f 908/1118/908 907/1114/907 977/1117/977
f 996/1119/996 995/1115/995 1060/1116/1060
f 996/1119/996 1060/1116/1060 1059/1120/1059
f 997/1121/997 996/1119/996 1059/1120/1059
f 908/1118/908 977/1117/977 976/1122/976
f 909/1123/909 908/1118/908 976/1122/976
f 997/1121/997 1059/1120/1059 1058/1124/1058
f 998/1125/998 997/1121/997 1058/1124/1058
f 909/1123/909 976/1122/976 975/1126/975
f 999/1127/999 998/1125/998 1058/1124/1058
f 999/1127/999 1058/1124/1058 1057/1128/1057
f 910/1129/910 909/1123/909 975/1126/975
f 1000/1130/1000 999/1127/999 1057/1128/1057
f 1000/1130/1000 1057/1128/1057 1056/1131/1056
f 910/1129/910 975/1126/975 974/1132/974
f 1001/1133/1001 1000/1130/1000 1056/1131/1056
f 911/1134/911 910/1129/910 974/1132/974
f 1002/1135/1002 1001/1133/1001 1056/1131/1056
f 1002/1135/1002 1056/1131/1056 1055/1136/1055
f 911/1134/911 974/1132/974 973/1137/973
f 1003/1138/1003 1002/1135/1002 1055/1136/1055
f 912/1139/912 911/1134/911 973/1137/973
f 1003/1138/1003 1055/1136/1055 1054/1140/1054
f 1004/1141/1004 1003/1138/1003 1054/1140/1054
f 1005/1142/1005 1004/1141/1004 1054/1140/1054
f 1006/1143/1006 1005/1142/1005 1054/1140/1054
f 912/1139/912 973/1137/973 972/1144/972
f 1006/1143/1006 1054/1140/1054 1053/1145/1053
f 1007/1146/1007 1006/1143/1006 1053/1145/1053
f 1028/1147/1028 1027/1148/1027 1026/1149/1026
f 1028/1147/1028 1026/1149/1026 1025/1150/1025
f 1008/1151/1008 1007/1146/1007 1053/1145/1053
f 1028/1147/1028 1025/1150/1025 1024/1152/1024
f 1028/1147/1028 1024/1152/1024 1023/1153/1023
f 913/1154/913 912/1139/912 972/1144/972
f 1009/1155/1009 1008/1151/1008 1053/1145/1053
f 1028/1147/1028 1023/1153/1023 1022/1156/1022
f 1010/1157/1010 1009/1155/1009 1053/1145/1053
f 1028/1147/1028 1022/1156/1022 1021/1158/1021
f 1028/1147/1028 1021/1158/1021 1020/761/1020
f 1011/1159/1011 1010/1157/1010 1053/1145/1053
f 1028/1147/1028 1020/761/1020 1019/1160/1019
f 1012/1161/1012 1011/1159/1011 1053/1145/1053
f 1028/1147/1028 1019/1160/1019 1018/1162/1018
f 1013/1163/1013 1012/1161/1012 1053/1145/1053
f 1028/1147/1028 1018/1162/1018 1017/1164/1017
f 1028/1147/1028 1017/1164/1017 1016/1165/1016
f 1014/1166/1014 1013/1163/1013 1053/1145/1053
f 1028/1147/1028 1016/1165/1016 1015/1167/1015
f 1015/1167/1015 1014/1166/1014 1053/1145/1053
f 1028/1147/1028 1015/1167/1015 1053/1145/1053
f 1028/1147/1028 1053/1145/1053 1052/792/1052
f 913/1154/913 972/1144/972 971/1168/971
f 1028/1147/1028 1052/792/1052 1051/1169/1051
f 914/1170/914 913/1154/913 971/1168/971
f 1028/1147/1028 1051/1169/1051 1050/1171/1050
f 914/1170/914 971/1168/971 970/1172/970
f 1028/1147/1028 1050/1171/1050 1049/1173/1049
f 915/1174/915 914/1170/914 970/1172/970
f 1028/1147/1028 1049/1173/1049 1048/1175/1048
f 915/1174/915 970/1172/970 969/1176/969
f 1028/1147/1028 1048/1175/1048 1047/1177/1047
f 916/1178/916 915/1174/915 969/1176/969
f 1028/1147/1028 1047/1177/1047 1046/1179/1046
f 1029/1180/1029 1028/1147/1028 1046/1179/1046
f 1030/1181/1030 1029/1180/1029 1046/1179/1046
f 1030/1181/1030 1046/1179/1046 1045/1182/1045
f 1031/1183/1031 1030/1181/1030 1045/1182/1045
f 1032/1184/1032 1031/1183/1031 1045/1182/1045
f 916/1178/916 969/1176/969 968/1185/968
f 1033/1186/1033 1032/1184/1032 1045/1182/1045
f 1033/1186/1033 1045/1182/1045 1044/1187/1044
f 1034/1188/1034 1033/1186/1033 1044/1187/1044
f 1035/1189/1035 1034/1188/1034 1044/1187/1044
f 1035/1189/1035 1044/1187/1044 1043/1190/1043
f 1036/607/1036 1035/1189/1035 1043/1190/1043
f 1036/607/1036 1043/1190/1043 1042/1191/1042
f 1037/1192/1037 1036/607/1036 1042/1191/1042
f 1038/1193/1038 1037/1192/1037 1042/1191/1042
f 1038/1193/1038 1042/1191/1042 1041/1194/1041
f 1039/1195/1039 1038/1193/1038 1041/1194/1041
f 917/1196/917 916/1178/916 968/1185/968
f 1039/1195/1039 1041/1194/1041 1040/1197/1040
f 917/1196/917 968/1185/968 967/1198/967
f 918/1199/918 917/1196/917 967/1198/967
f 918/1199/918 967/1198/967 966/1200/966
f 919/1201/919 918/1199/918 966/1200/966
f 919/1201/919 966/1200/966 965/1202/965
f 919/1201/919 965/1202/965 964/1203/964
f 920/1204/920 919/1201/919 964/1203/964
f 920/1204/920 964/1203/964 963/1205/963
f 921/1206/921 920/1204/920 963/1205/963
f 921/1206/921 963/1205/963 962/1207/962
f 921/1206/921 962/1207/962 961/1208/961
f 922/1209/922 921/1206/921 961/1208/961
f 922/1209/922 961/1208/961 960/1210/960
f 944/1211/944 943/1212/943 942/1213/942
f 922/1209/922 960/1210/960 959/1214/959
f 945/1215/945 944/1211/944 942/1213/942
f 946/1216/946 945/1215/945 942/1213/942
f 947/1217/947 946/1216/946 942/1213/942
f 922/1209/922 959/1214/959 958/1218/958
f 948/1219/948 947/1217/947 942/1213/942
f 949/1220/949 948/1219/948 942/1213/942
f 923/1221/923 922/1209/922 958/1218/958
f 923/1221/923 958/1218/958 957/1222/957
f 950/1223/950 949/1220/949 942/1213/942
f 951/1224/951 950/1223/950 942/1213/942
f 952/1225/952 951/1224/951 942/1213/942
f 923/1221/923 957/1222/957 956/858/956
f 953/1226/953 952/1225/952 942/1213/942
f 954/1227/954 953/1226/953 942/1213/942
f 923/1221/923 956/858/956 955/1228/955
f 955/1228/955 954/1227/954 942/1213/942
f 923/1221/923 955/1228/955 942/1213/942
f 924/852/924 923/1221/923 942/1213/942
f 925/1229/925 924/852/924 942/1213/942
f 926/1230/926 925/1229/925 942/1213/942
f 927/1231/927 926/1230/926 942/1213/942
f 927/1231/927 942/1213/942 941/1232/941
f 927/1231/927 941/1232/941 940/1233/940
f 927/1231/927 940/1233/940 939/1234/939
f 928/1235/928 927/1231/927 939/1234/939
f 928/1235/928 939/1234/939 938/1236/938
f 928/1235/928 938/1236/938 937/1237/937
f 928/1235/928 937/1237/937 936/1238/936
f 928/1235/928 936/1238/936 935/1239/935
f 929/1240/929 928/1235/928 935/1239/935
f 929/1240/929 935/1239/935 934/1241/934
f 929/1240/929 934/1241/934 933/1242/933
f 929/1240/929 933/1242/933 932/1243/932
f 930/1244/930 929/1240/929 932/1243/932
f 930/1244/930 932/1243/932 931/1245/931
f 1182/441/1182 1183/443/1183 1181/442/1181
f 1184/444/1184 1183/443/1183 1182/441/1182
f 1185/445/1185 1183/443/1183 1184/444/1184
f 1186/446/1186 1183/443/1183 1185/445/1185
f 1187/447/1187 1183/443/1183 1186/446/1186
f 1188/448/1188 1183/443/1183 1187/447/1187
f 1188/448/1188 1189/449/1189 1183/443/1183
f 1188/448/1188 1190/450/1190 1189/449/1189
f 1191/451/1191 1190/450/1190 1188/448/1188
f 1191/451/1191 1192/452/1192 1190/450/1190
f 1191/451/1191 1193/453/1193 1192/452/1192
f 1194/454/1194 1193/453/1193 1191/451/1191
f 1194/454/1194 1195/455/1195 1193/453/1193
f 1196/456/1196 1195/455/1195 1194/454/1194
f 1196/456/1196 1197/457/1197 1195/455/1195
f 1196/456/1196 1198/458/1198 1197/457/1197
f 1199/459/1199 1198/458/1198 1196/456/1196
f 1199/459/1199 1200/460/1200 1198/458/1198
f 1201/461/1201 1200/460/1200 1199/459/1199
f 1201/461/1201 1202/462/1202 1200/460/1200
f 1201/461/1201 1203/463/1203 1202/462/1202
f 1204/464/1204 1203/463/1203 1201/461/1201
f 1204/464/1204 1205/465/1205 1203/463/1203
f 1206/466/1206 1205/465/1205 1204/464/1204
f 1206/466/1206 1207/467/1207 1205/465/1205
f 1206/466/1206 1208/468/1208 1207/467/1207
f 1206/466/1206 1209/469/1209 1208/468/1208
f 1210/470/1210 1209/469/1209 1206/466/1206
f 1210/470/1210 1211/471/1211 1209/469/1209
f 1212/472/1212 1211/471/1211 1210/470/1210
f 1212/472/1212 1213/473/1213 1211/471/1211
f 1212/472/1212 1214/474/1214 1213/473/1213
f 1215/475/1215 1214/474/1214 1212/472/1212
f 1215/475/1215 1216/476/1216 1214/474/1214
f 1215/475/1215 1217/477/1217 1216/476/1216
f 1218/478/1218 1217/477/1217 1215/475/1215
f 1218/478/1218 1219/479/1219 1217/477/1217
f 1218/478/1218 1220/480/1220 1219/479/1219
f 1221/481/1221 1220/480/1220 1218/478/1218
f 1221/481/1221 1222/482/1222 1220/480/1220
f 1224/483/1224 1225/485/1225 1223/484/1223
f 1226/486/1226 1225/485/1225 1224/483/1224
f 1226/486/1226 1227/487/1227 1225/485/1225
f 1228/488/1228 1227/487/1227 1226/486/1226
f 1228/488/1228 1229/489/1229 1227/487/1227
f 1230/490/1230 1229/489/1229 1228/488/1228
f 1231/491/1231 1229/489/1229 1230/490/1230
f 1231/491/1231 1232/492/1232 1229/489/1229
f 1221/481/1221 1233/493/1233 1222/482/1222
f 1234/494/1234 1232/492/1232 1231/491/1231
f 1234/494/1234 1235/495/1235 1232/492/1232
f 1236/496/1236 1235/495/1235 1234/494/1234
f 1237/497/1237 1235/495/1235 1236/496/1236
f 1237/497/1237 1238/498/1238 1235/495/1235
f 1239/499/1239 1238/498/1238 1237/497/1237
f 1239/499/1239 1240/500/1240 1238/498/1238
f 1241/501/1241 1240/500/1240 1239/499/1239
f 1221/481/1221 1242/502/1242 1233/493/1233
f 1243/503/1243 1242/502/1242 1221/481/1221
f 1241/501/1241 1244/504/1244 1240/500/1240
f 1245/505/1245 1244/504/1244 1241/501/1241
f 1242/502/1242 1244/504/1244 1245/505/1245
f 1242/502/1242 1246/506/1246 1244/504/1244
f 1243/503/1243 1247/507/1247 1242/502/1242
f 1247/507/1247 1248/508/1248 1242/502/1242
f 1248/508/1248 1246/506/1246 1242/502/1242
f 1248/508/1248 1249/509/1249 1246/506/1246
f 1249/509/1249 1250/510/1250 1246/506/1246
f 1251/511/1251 1250/510/1250 1249/509/1249
f 1243/503/1243 1252/512/1252 1247/507/1247
f 1253/513/1253 1250/510/1250 1251/511/1251
f 1254/514/1254 1250/510/1250 1253/513/1253
f 1243/503/1243 1255/515/1255 1252/512/1252
f 1256/516/1256 1250/510/1250 1254/514/1254
f 1256/516/1256 1257/517/1257 1250/510/1250
f 1258/518/1258 1257/517/1257 1256/516/1256
f 1243/503/1243 1259/519/1259 1255/515/1255
f 1260/520/1260 1257/517/1257 1258/518/1258
f 1243/503/1243 1261/521/1261 1259/519/1259
f 1262/522/1262 1257/517/1257 1260/520/1260
f 1262/522/1262 1263/523/1263 1257/517/1257
f 1264/524/1264 1263/523/1263 1262/522/1262
f 1265/525/1265 1261/521/1261 1243/503/1243
f 1265/525/1265 1266/526/1266 1261/521/1261
f 1267/527/1267 1263/523/1263 1264/524/1264
f 1267/527/1267 1268/528/1268 1263/523/1263
f 1269/529/1269 1268/528/1268 1267/527/1267
f 1265/525/1265 1270/530/1270 1266/526/1266
f 1271/531/1271 1268/528/1268 1269/529/1269
f 1273/532/1273 1274/534/1274 1272/533/1272
f 1271/531/1271 1275/535/1275 1268/528/1268
f 1265/525/1265 1276/536/1276 1270/530/1270
f 1277/537/1277 1275/535/1275 1271/531/1271
f 1277/537/1277 1278/538/1278 1275/535/1275
f 1265/525/1265 1279/539/1279 1276/536/1276
f 1280/540/1280 1278/538/1278 1277/537/1277
f 1281/541/1281 1274/534/1274 1273/532/1273
f 1280/540/1280 1282/542/1282 1278/538/1278
f 1283/543/1283 1282/542/1282 1280/540/1280
f 1265/525/1265 1284/544/1284 1279/539/1279
f 1285/545/1285 1284/544/1284 1265/525/1265
f 1283/543/1283 1286/546/1286 1282/542/1282
f 1281/541/1281 1287/547/1287 1274/534/1274
f 1288/548/1288 1286/546/1286 1283/543/1283
f 1289/549/1289 1287/547/1287 1281/541/1281
f 1285/545/1285 1290/550/1290 1284/544/1284
f 1288/548/1288 1291/551/1291 1286/546/1286
f 1292/552/1292 1291/551/1291 1288/548/1288
f 1285/545/1285 1293/553/1293 1290/550/1290
f 1294/554/1294 1287/547/1287 1289/549/1289
f 1292/552/1292 1295/555/1295 1291/551/1291
f 1296/556/1296 1295/555/1295 1292/552/1292
f 1294/554/1294 1297/557/1297 1287/547/1287
f 1285/545/1285 1298/558/1298 1293/553/1293
f 1296/556/1296 1299/559/1299 1295/555/1295
f 1300/560/1300 1299/559/1299 1296/556/1296
f 1301/561/1301 1297/557/1297 1294/554/1294
f 1302/562/1302 1298/558/1298 1285/545/1285
f 1302/562/1302 1303/563/1303 1298/558/1298
f 1300/560/1300 1304/564/1304 1299/559/1299
f 1305/565/1305 1304/564/1304 1300/560/1300
f 1301/561/1301 1306/566/1306 1297/557/1297
f 1305/565/1305 1307/567/1307 1304/564/1304
f 1302/562/1302 1308/568/1308 1303/563/1303
f 1309/569/1309 1306/566/1306 1301/561/1301
f 1310/570/1310 1307/567/1307 1305/565/1305
f 1310/570/1310 1311/571/1311 1307/567/1307
f 1312/572/1312 1311/571/1311 1310/570/1310
f 1302/562/1302 1313/573/1313 1308/568/1308
f 1312/572/1312 1314/574/1314 1311/571/1311
f 1315/575/1315 1306/566/1306 1309/569/1309
f 1315/575/1315 1316/576/1316 1306/566/1306
f 1317/577/1317 1314/574/1314 1312/572/1312
f 1317/577/1317 1318/578/1318 1314/574/1314
f 1302/562/1302 1319/579/1319 1313/573/1313
f 1320/580/1320 1319/579/1319 1302/562/1302
f 1321/581/1321 1316/576/1316 1315/575/1315
f 1317/577/1317 1322/582/1322 1318/578/1318
f 1323/583/1323 1322/582/1322 1317/577/1317
f 1323/583/1323 1324/584/1324 1322/582/1322
f 1320/580/1320 1325/585/1325 1319/579/1319
f 1321/581/1321 1326/586/1326 1316/576/1316
f 1327/587/1327 1324/584/1324 1323/583/1323
f 1328/588/1328 1326/586/1326 1321/581/1321
f 1327/587/1327 1329/589/1329 1324/584/1324
f 1327/587/1327 1330/590/1330 1329/589/1329
f 1331/591/1331 1330/590/1330 1327/587/1327
f 1320/580/1320 1332/592/1332 1325/585/1325
f 1333/593/1333 1326/586/1326 1328/588/1328
f 1331/591/1331 1334/594/1334 1330/590/1330
f 1333/593/1333 1335/595/1335 1326/586/1326
f 1331/591/1331 1336/596/1336 1334/594/1334
f 1337/597/1337 1336/596/1336 1331/591/1331
f 1337/597/1337 1338/598/1338 1336/596/1336
f 1339/599/1339 1335/595/1335 1333/593/1333
f 1337/597/1337 1340/600/1340 1338/598/1338
f 1320/580/1320 1341/601/1341 1332/592/1332
f 1337/597/1337 1342/602/1342 1340/600/1340
f 1343/603/1343 1335/595/1335 1339/599/1339
f 1337/597/1337 1344/604/1344 1342/602/1342
f 1345/605/1345 1341/601/1341 1320/580/1320
f 1337/597/1337 1343/603/1343 1344/604/1344
f 1337/597/1337 1335/595/1335 1343/603/1343
f 1346/606/1346 1335/595/1335 1337/597/1337
f 1346/606/1346 1347/607/1347 1335/595/1335
f 1348/608/1348 1347/607/1347 1346/606/1346
f 1345/605/1345 1349/609/1349 1341/601/1341
f 1350/610/1350 1347/607/1347 1348/608/1348
f 1350/610/1350 1351/611/1351 1347/607/1347
f 1345/605/1345 1352/612/1352 1349/609/1349
f 1353/613/1353 1351/611/1351 1350/610/1350
f 1353/613/1353 1354/614/1354 1351/611/1351
f 1355/615/1355 1354/614/1354 1353/613/1353
f 1345/605/1345 1356/616/1356 1352/612/1352
f 1357/617/1357 1356/616/1356 1345/605/1345
f 1355/615/1355 1358/618/1358 1354/614/1354
f 1359/619/1359 1358/618/1358 1355/615/1355
f 1360/620/1360 1358/618/1358 1359/619/1359
f 1360/620/1360 1361/621/1361 1358/618/1358
f 1362/622/1362 1361/621/1361 1360/620/1360
f 1362/622/1362 1363/623/1363 1361/621/1361
f 1365/624/1365 1366/626/1366 1364/625/1364
f 1367/627/1367 1366/626/1366 1365/624/1365
f 1367/627/1367 1368/449/1368 1366/626/1366
f 1369/628/1369 1368/449/1368 1367/627/1367
f 1369/628/1369 1370/629/1370 1368/449/1368
f 1371/630/1371 1370/629/1370 1369/628/1369
f 1371/630/1371 1372/631/1372 1370/629/1370
f 1373/632/1373 1372/631/1372 1371/630/1371
f 1373/632/1373 1374/633/1374 1372/631/1372
f 1375/634/1375 1374/633/1374 1373/632/1373
f 1375/634/1375 1376/635/1376 1374/633/1374
f 1377/636/1377 1376/635/1376 1375/634/1375
f 1377/636/1377 1378/637/1378 1376/635/1376
f 1379/638/1379 1378/637/1378 1377/636/1377
f 1379/638/1379 1380/639/1380 1378/637/1378
f 1381/640/1381 1380/639/1380 1379/638/1379
f 1381/640/1381 1382/641/1382 1380/639/1380
f 1383/642/1383 1382/641/1382 1381/640/1381
f 1383/642/1383 1384/643/1384 1382/641/1382
f 1385/644/1385 1384/643/1384 1383/642/1383
f 1385/644/1385 1386/645/1386 1384/643/1384
f 1387/646/1387 1386/645/1386 1385/644/1385
f 1387/646/1387 1388/647/1388 1386/645/1386
f 1389/648/1389 1388/647/1388 1387/646/1387
f 1389/648/1389 1390/649/1390 1388/647/1388
f 1389/648/1389 1391/650/1391 1390/649/1390
f 1392/651/1392 1391/650/1391 1389/648/1389
f 1392/651/1392 1393/652/1393 1391/650/1391
f 1394/653/1394 1393/652/1393 1392/651/1392
f 1395/654/1395 1393/652/1393 1394/653/1394
f 1395/654/1395 1396/655/1396 1393/652/1393
f 1397/656/1397 1396/655/1396 1395/654/1395
f 1397/656/1397 1398/657/1398 1396/655/1396
f 1399/658/1399 1398/657/1398 1397/656/1397
f 1400/659/1400 1398/657/1398 1399/658/1399
f 1400/659/1400 1401/660/1401 1398/657/1398
f 1402/661/1402 1401/660/1401 1400/659/1400
f 1402/661/1402 1403/662/1403 1401/660/1401
f 1404/663/1404 1403/662/1403 1402/661/1402
f 1404/663/1404 1405/664/1405 1403/662/1403
f 1406/665/1406 1405/664/1405 1404/663/1404
f 1406/665/1406 1407/666/1407 1405/664/1405
f 1408/667/1408 1407/666/1407 1406/665/1406
f 1408/667/1408 1409/668/1409 1407/666/1407
f 1410/669/1410 1409/668/1409 1408/667/1408
f 1412/670/1412 1413/672/1413 1411/671/1411
f 1414/673/1414 1413/672/1413 1412/670/1412
f 1415/674/1415 1409/668/1409 1410/669/1410
f 1415/674/1415 1416/675/1416 1409/668/1409
f 1417/676/1417 1413/672/1413 1414/673/1414
f 1417/676/1417 1418/677/1418 1413/672/1413
f 1419/678/1419 1418/677/1418 1417/676/1417
f 1419/678/1419 1420/679/1420 1418/677/1418
f 1421/680/1421 1416/675/1416 1415/674/1415
f 1422/681/1422 1420/679/1420 1419/678/1419
f 1422/681/1422 1423/682/1423 1420/679/1420
f 1424/683/1424 1423/682/1423 1422/681/1422
f 1421/680/1421 1425/684/1425 1416/675/1416
f 1426/685/1426 1423/682/1423 1424/683/1424
f 1427/686/1427 1425/684/1425 1421/680/1421
f 1426/685/1426 1428/687/1428 1423/682/1423
f 1429/688/1429 1428/687/1428 1426/685/1426
f 1429/688/1429 1430/689/1430 1428/687/1428
f 1431/690/1431 1430/689/1430 1429/688/1429
f 1427/686/1427 1432/691/1432 1425/684/1425
f 1433/692/1433 1432/691/1432 1427/686/1427
f 1434/693/1434 1430/689/1430 1431/690/1431
f 1434/693/1434 1435/694/1435 1430/689/1430
f 1436/695/1436 1435/694/1435 1434/693/1434
f 1437/696/1437 1432/691/1432 1433/692/1433
f 1432/691/1432 1435/694/1435 1436/695/1436
f 1432/691/1432 1438/697/1438 1435/694/1435
f 1437/696/1437 1438/697/1438 1432/691/1432
f 1437/696/1437 1439/698/1439 1438/697/1438
f 1440/699/1440 1439/698/1439 1437/696/1437
f 1440/699/1440 1441/700/1441 1439/698/1439
f 1442/701/1442 1441/700/1441 1440/699/1440
f 1442/701/1442 1443/702/1443 1441/700/1441
f 1442/701/1442 1444/703/1444 1443/702/1443
f 1445/704/1445 1444/703/1444 1442/701/1442
f 1445/704/1445 1446/705/1446 1444/703/1444
f 1445/704/1445 1447/706/1447 1446/705/1446
f 1445/704/1445 1448/707/1448 1447/706/1447
f 1449/708/1449 1448/707/1448 1445/704/1445
f 1449/708/1449 1450/709/1450 1448/707/1448
f 1449/708/1449 1451/710/1451 1450/709/1450
f 1449/708/1449 1452/711/1452 1451/710/1451
f 1449/708/1449 1453/712/1453 1452/711/1452
f 1449/708/1449 1454/713/1454 1453/712/1453
f 1449/708/1449 1455/714/1455 1454/713/1454
f 1456/715/1456 1455/714/1455 1449/708/1449
f 1456/715/1456 1457/716/1457 1455/714/1455
f 1456/715/1456 1458/717/1458 1457/716/1457
f 1456/715/1456 1459/718/1459 1458/717/1458
f 1456/715/1456 1460/719/1460 1459/718/1459
f 1456/715/1456 1461/720/1461 1460/719/1460
f 1456/715/1456 1462/721/1462 1461/720/1461
f 1456/715/1456 1463/722/1463 1462/721/1462
f 1464/723/1464 1463/722/1463 1456/715/1456
f 1464/723/1464 1465/724/1465 1463/722/1463
f 1464/723/1464 1466/725/1466 1465/724/1465
f 1464/723/1464 1467/726/1467 1466/725/1466
f 1464/723/1464 1468/727/1468 1467/726/1467
f 1464/723/1464 1469/728/1469 1468/727/1468
f 1464/723/1464 1470/729/1470 1469/728/1469
f 1471/730/1471 1470/729/1470 1464/723/1464
f 1471/730/1471 1472/731/1472 1470/729/1470
f 1471/730/1471 1473/732/1473 1472/731/1472
f 1471/730/1471 1474/733/1474 1473/732/1473
f 1476/734/1476 1477/736/1477 1475/735/1475
f 1476/734/1476 1478/737/1478 1477/736/1477
f 1479/738/1479 1478/737/1478 1476/734/1476
f 1479/738/1479 1480/739/1480 1478/737/1478
f 1481/740/1481 1480/739/1480 1479/738/1479
f 1481/740/1481 1482/741/1482 1480/739/1480
f 1483/742/1483 1482/741/1482 1481/740/1481
f 1483/742/1483 1484/743/1484 1482/741/1482
f 1485/744/1485 1484/743/1484 1483/742/1483
f 1485/744/1485 1486/745/1486 1484/743/1484
f 1487/746/1487 1486/745/1486 1485/744/1485
f 1487/746/1487 1488/747/1488 1486/745/1486
f 1489/748/1489 1488/747/1488 1487/746/1487
f 1489/748/1489 1490/749/1490 1488/747/1488
f 1491/750/1491 1490/749/1490 1489/748/1489
f 1491/750/1491 1492/751/1492 1490/749/1490
f 1491/750/1491 1493/752/1493 1492/751/1492
f 1494/753/1494 1493/752/1493 1491/750/1491
f 1494/753/1494 1495/754/1495 1493/752/1493
f 1496/755/1496 1495/754/1495 1494/753/1494
f 1496/755/1496 1497/756/1497 1495/754/1495
f 1498/757/1498 1497/756/1497 1496/755/1496
f 1498/757/1498 1499/758/1499 1497/756/1497
f 1500/759/1500 1499/758/1499 1498/757/1498
f 1500/759/1500 1501/760/1501 1499/758/1499
f 1502/761/1502 1501/760/1501 1500/759/1500
f 1503/762/1503 1501/760/1501 1502/761/1502
f 1504/763/1504 1501/760/1501 1503/762/1503
f 1505/764/1505 1501/760/1501 1504/763/1504
f 1506/765/1506 1501/760/1501 1505/764/1505
f 1507/766/1507 1501/760/1501 1506/765/1506
f 1508/767/1508 1501/760/1501 1507/766/1507
f 1509/768/1509 1501/760/1501 1508/767/1508
f 1510/769/1510 1501/760/1501 1509/768/1509
f 1511/770/1511 1501/760/1501 1510/769/1510
f 1512/771/1512 1501/760/1501 1511/770/1511
f 1514/772/1514 1515/774/1515 1513/773/1513
f 1516/775/1516 1515/774/1515 1514/772/1514
f 1517/776/1517 1515/774/1515 1516/775/1516
f 1518/777/1518 1515/774/1515 1517/776/1517
f 1519/778/1519 1515/774/1515 1518/777/1518
f 1520/779/1520 1515/774/1515 1519/778/1519
f 1521/780/1521 1501/760/1501 1512/771/1512
f 1522/781/1522 1515/774/1515 1520/779/1520
f 1523/782/1523 1515/774/1515 1522/781/1522
f 1524/783/1524 1515/774/1515 1523/782/1523
f 1525/784/1525 1515/774/1515 1524/783/1524
f 1527/785/1527 1528/786/1528 1526/443/1526
f 1529/787/1529 1515/774/1515 1525/784/1525
f 1527/785/1527 1530/788/1530 1528/786/1528
f 1501/760/1501 1515/774/1515 1529/787/1529
f 1521/780/1521 1515/774/1515 1501/760/1501
f 1527/785/1527 1531/789/1531 1530/788/1530
f 1527/785/1527 1532/790/1532 1531/789/1531
f 1527/785/1527 1533/791/1533 1532/790/1532
f 1527/785/1527 1534/792/1534 1533/791/1533
f 1535/793/1535 1515/774/1515 1521/780/1521
f 1527/785/1527 1536/794/1536 1534/792/1534
f 1537/795/1537 1515/774/1515 1535/793/1535
f 1538/796/1538 1515/774/1515 1537/795/1537
f 1527/785/1527 1539/797/1539 1536/794/1536
f 1540/798/1540 1515/774/1515 1538/796/1538
f 1541/799/1541 1515/774/1515 1540/798/1540
f 1527/785/1527 1542/800/1542 1539/797/1539
f 1543/801/1543 1515/774/1515 1541/799/1541
f 1544/802/1544 1515/774/1515 1543/801/1543
f 1527/785/1527 1545/803/1545 1542/800/1542
f 1546/804/1546 1515/774/1515 1544/802/1544
f 1547/805/1547 1515/774/1515 1546/804/1546
f 1527/785/1527 1548/806/1548 1545/803/1545
f 1549/807/1549 1515/774/1515 1547/805/1547
f 1550/808/1550 1515/774/1515 1549/807/1549
f 1527/785/1527 1551/809/1551 1548/806/1548
f 1551/809/1551 1515/774/1515 1550/808/1550
f 1527/785/1527 1515/774/1515 1551/809/1551
f 1527/785/1527 1552/810/1552 1515/774/1515
f 1527/785/1527 1553/811/1553 1552/810/1552
f 1527/785/1527 1554/812/1554 1553/811/1553
f 1527/785/1527 1555/813/1555 1554/812/1554
f 1527/785/1527 1556/814/1556 1555/813/1555
f 1527/785/1527 1557/815/1557 1556/814/1556
f 1527/785/1527 1558/816/1558 1557/815/1557
f 1527/785/1527 1559/817/1559 1558/816/1558
f 1527/785/1527 1560/818/1560 1559/817/1559
f 1527/785/1527 1561/819/1561 1560/818/1560
f 1527/785/1527 1562/820/1562 1561/819/1561
f 1527/785/1527 1563/821/1563 1562/820/1562
f 1527/785/1527 1564/822/1564 1563/821/1563
f 1564/822/1564 1565/823/1565 1563/821/1563
f 1566/824/1566 1564/822/1564 1527/785/1527
f 1567/825/1567 1564/822/1564 1566/824/1566
f 1568/826/1568 1564/822/1564 1567/825/1567
f 1569/827/1569 1564/822/1564 1568/826/1568
f 1570/828/1570 1564/822/1564 1569/827/1569
f 1570/828/1570 1571/829/1571 1564/822/1564
f 1572/830/1572 1565/823/1565 1564/822/1564
f 1570/828/1570 1573/831/1573 1571/829/1571
f 1574/832/1574 1573/831/1573 1570/828/1570
f 1574/832/1574 1575/833/1575 1573/831/1573
f 1576/834/1576 1575/833/1575 1574/832/1574
f 1576/834/1576 1577/835/1577 1575/833/1575
f 1578/836/1578 1577/835/1577 1576/834/1576
f 1578/836/1578 1579/837/1579 1577/835/1577
f 1578/836/1578 1580/838/1580 1579/837/1579
f 1581/839/1581 1580/838/1580 1578/836/1578
f 1581/839/1581 1582/840/1582 1580/838/1580
f 1581/839/1581 1583/841/1583 1582/840/1582
f 1584/842/1584 1583/841/1583 1581/839/1581
f 1584/842/1584 1585/843/1585 1583/841/1583
f 1586/844/1586 1585/843/1585 1584/842/1584
f 1586/844/1586 1587/845/1587 1585/843/1585
f 1586/844/1586 1588/846/1588 1587/845/1587
f 1589/847/1589 1588/846/1588 1586/844/1586
f 1590/848/1590 1565/823/1565 1572/830/1572
f 1590/848/1590 1591/849/1591 1565/823/1565
f 1592/850/1592 1591/849/1591 1590/848/1590
f 1592/850/1592 1593/851/1593 1591/849/1591
f 1594/852/1594 1593/851/1593 1592/850/1592
f 1594/852/1594 1595/853/1595 1593/851/1593
f 1596/854/1596 1595/853/1595 1594/852/1594
f 1596/854/1596 1597/855/1597 1595/853/1595
f 1598/856/1598 1597/855/1597 1596/854/1596
f 1599/857/1599 1597/855/1597 1598/856/1598
f 1599/857/1599 1600/858/1600 1597/855/1597
f 1601/859/1601 1600/858/1600 1599/857/1599
f 1601/859/1601 1602/860/1602 1600/858/1600
f 1603/861/1603 1602/860/1602 1601/859/1601
f 1604/862/1604 1602/860/1602 1603/861/1603
f 1604/862/1604 1605/863/1605 1602/860/1602
f 1606/864/1606 1605/863/1605 1604/862/1604
f 1606/864/1606 1607/865/1607 1605/863/1605
f 1608/866/1608 1607/865/1607 1606/864/1606
f 1609/867/1609 1607/865/1607 1608/866/1608
f 1609/867/1609 1610/868/1610 1607/865/1607
f 1611/869/1611 1610/868/1610 1609/867/1609
f 1612/870/1612 1610/868/1610 1611/869/1611
f 1613/871/1613 1610/868/1610 1612/870/1612
f 1613/871/1613 1614/872/1614 1610/868/1610
f 1615/873/1615 1614/872/1614 1613/871/1613
f 1616/874/1616 1614/872/1614 1615/873/1615
f 1617/875/1617 1614/872/1614 1616/874/1616
f 1618/876/1618 1614/872/1614 1617/875/1617
f 1619/877/1619 1614/872/1614 1618/876/1618
f 1620/878/1620 1614/872/1614 1619/877/1619
f 1621/879/1621 1614/872/1614 1620/878/1620
f 1621/879/1621 1622/880/1622 1614/872/1614
f 1623/881/1623 1622/880/1622 1621/879/1621
f 1624/882/1624 1622/880/1622 1623/881/1623
f 1625/883/1625 1622/880/1622 1624/882/1624
f 1627/884/1627 1628/886/1628 1626/885/1626
f 1629/887/1629 1628/886/1628 1627/884/1627
f 1629/887/1629 1630/888/1630 1628/886/1628
f 1631/889/1631 1630/888/1630 1629/887/1629
f 1631/889/1631 1632/890/1632 1630/888/1630
f 1633/891/1633 1632/890/1632 1631/889/1631
f 1633/891/1633 1634/892/1634 1632/890/1632
f 1635/893/1635 1634/892/1634 1633/891/1633
f 1636/894/1636 1634/892/1634 1635/893/1635
f 1636/894/1636 1637/895/1637 1634/892/1634
f 1638/896/1638 1637/895/1637 1636/894/1636
f 1639/897/1639 1637/895/1637 1638/896/1638
f 1639/897/1639 1640/898/1640 1637/895/1637
f 1641/899/1641 1640/898/1640 1639/897/1639
f 1641/899/1641 1642/900/1642 1640/898/1640
f 1643/901/1643 1644/902/1644 1641/899/1641
f 1644/902/1644 1642/900/1642 1641/899/1641
f 1645/903/1645 1644/902/1644 1643/901/1643
f 1645/903/1645 1646/904/1646 1644/902/1644
f 1647/905/1647 1642/900/1642 1644/902/1644
f 1648/906/1648 1642/900/1642 1647/905/1647
f 1645/903/1645 1649/907/1649 1646/904/1646
f 1650/908/1650 1649/907/1649 1645/903/1645
f 1651/909/1651 1642/900/1642 1648/906/1648
f 1650/908/1650 1652/910/1652 1649/907/1649
f 1651/909/1651 1653/911/1653 1642/900/1642
f 1654/912/1654 1652/910/1652 1650/908/1650
f 1655/913/1655 1653/911/1653 1651/909/1651
f 1656/914/1656 1652/910/1652 1654/912/1654
f 1656/914/1656 1657/915/1657 1652/910/1652
f 1658/916/1658 1657/915/1657 1656/914/1656
f 1659/917/1659 1657/915/1657 1658/916/1658
f 1660/918/1660 1657/915/1657 1659/917/1659
f 1661/919/1661 1653/911/1653 1655/913/1655
f 1662/920/1662 1657/915/1657 1660/918/1660
f 1663/921/1663 1657/915/1657 1662/920/1662
f 1663/921/1663 1664/922/1664 1657/915/1657
f 1665/923/1665 1664/922/1664 1663/921/1663
f 1666/924/1666 1664/922/1664 1665/923/1665
f 1667/925/1667 1664/922/1664 1666/924/1666
f 1668/926/1668 1653/911/1653 1661/919/1661
f 1668/926/1668 1669/927/1669 1653/911/1653
f 1670/449/1670 1664/922/1664 1667/925/1667
f 1671/443/1671 1664/922/1664 1670/449/1670
f 1672/928/1672 1673/929/1673 1671/443/1671
f 1673/929/1673 1674/930/1674 1671/443/1671
f 1674/930/1674 1675/931/1675 1671/443/1671
f 1675/931/1675 1676/932/1676 1671/443/1671
f 1676/932/1676 1677/933/1677 1671/443/1671
f 1677/933/1677 1664/922/1664 1671/443/1671
f 1678/934/1678 1669/927/1669 1668/926/1668
f 1679/935/1679 1669/927/1669 1678/934/1678
f 1679/935/1679 1680/936/1680 1669/927/1669
f 1681/937/1681 1680/936/1680 1679/935/1679
f 1681/937/1681 1682/938/1682 1680/936/1680
f 1683/939/1683 1682/938/1682 1681/937/1681
f 1672/928/1672 1684/940/1684 1673/929/1673
f 1685/941/1685 1682/938/1682 1683/939/1683
f 1685/941/1685 1686/942/1686 1682/938/1682
f 1687/943/1687 1686/942/1686 1685/941/1685
f 1688/944/1688 1686/942/1686 1687/943/1687
f 1688/944/1688 1689/945/1689 1686/942/1686
f 1690/946/1690 1689/945/1689 1688/944/1688
f 1690/946/1690 1691/947/1691 1689/945/1689
f 1692/948/1692 1691/947/1691 1690/946/1690
f 1692/948/1692 1693/949/1693 1691/947/1691
f 1694/950/1694 1693/949/1693 1692/948/1692
f 1694/950/1694 1695/951/1695 1693/949/1693
f 1696/952/1696 1695/951/1695 1694/950/1694
f 1697/953/1697 1695/951/1695 1696/952/1696
f 1697/953/1697 1698/954/1698 1695/951/1695
f 1699/955/1699 1698/954/1698 1697/953/1697
f 1700/956/1700 1698/954/1698 1699/955/1699
f 1700/956/1700 1701/957/1701 1698/954/1698
f 1702/958/1702 1701/957/1701 1700/956/1700
f 1703/959/1703 1701/957/1701 1702/958/1702
f 1703/959/1703 1704/960/1704 1701/957/1701
f 1705/961/1705 1704/960/1704 1703/959/1703
f 1706/962/1706 1704/960/1704 1705/961/1705
f 1707/963/1707 1704/960/1704 1706/962/1706
f 1707/963/1707 1708/964/1708 1704/960/1704
f 1707/963/1707 1709/965/1709 1708/964/1708
f 1707/963/1707 1710/966/1710 1709/965/1709
f 1707/963/1707 1711/967/1711 1710/966/1710
f 1713/968/1713 1714/969/1714 1712/717/1712
f 1713/968/1713 1715/970/1715 1714/969/1714
f 1713/968/1713 1716/971/1716 1715/970/1715
f 1717/972/1717 1716/971/1716 1713/968/1713
f 1717/972/1717 1718/973/1718 1716/971/1716
f 1719/974/1719 1718/973/1718 1717/972/1717
f 1719/974/1719 1720/975/1720 1718/973/1718
f 1721/976/1721 1720/975/1720 1719/974/1719
f 1721/976/1721 1722/977/1722 1720/975/1720
f 1723/978/1723 1722/977/1722 1721/976/1721
f 1723/978/1723 1724/979/1724 1722/977/1722
f 1725/980/1725 1724/979/1724 1723/978/1723
f 1727/981/1727 1728/983/1728 1726/982/1726
f 1727/981/1727 1729/984/1729 1728/983/1728
f 1725/980/1725 1730/985/1730 1724/979/1724
f 1731/986/1731 1730/985/1730 1725/980/1725
f 1727/981/1727 1732/987/1732 1729/984/1729
f 1733/988/1733 1732/987/1732 1727/981/1727
f 1731/986/1731 1734/989/1734 1730/985/1730
f 1735/990/1735 1734/989/1734 1731/986/1731
f 1733/988/1733 1736/991/1736 1732/987/1732
f 1737/992/1737 1736/991/1736 1733/988/1733
f 1735/990/1735 1738/993/1738 1734/989/1734
f 1737/992/1737 1739/994/1739 1736/991/1736
f 1740/995/1740 1738/993/1738 1735/990/1735
f 1741/996/1741 1739/994/1739 1737/992/1737
f 1740/995/1740 1742/997/1742 1738/993/1738
f 1741/996/1741 1743/998/1743 1739/994/1739
f 1744/999/1744 1742/997/1742 1740/995/1740
f 1745/1000/1745 1743/998/1743 1741/996/1741
f 1744/999/1744 1746/1001/1746 1742/997/1742
f 1745/1000/1745 1747/683/1747 1743/998/1743
f 1748/1002/1748 1746/1001/1746 1744/999/1744
f 1748/1002/1748 1749/1003/1749 1746/1001/1746
f 1750/1004/1750 1747/683/1747 1745/1000/1745
f 1750/1004/1750 1751/1005/1751 1747/683/1747
f 1752/1006/1752 1749/1003/1749 1748/1002/1748
f 1752/1006/1752 1753/1007/1753 1749/1003/1749
f 1754/1008/1754 1751/1005/1751 1750/1004/1750
f 1755/1009/1755 1753/1007/1753 1752/1006/1752
f 1754/1008/1754 1756/1010/1756 1751/1005/1751
f 1757/1011/1757 1756/1010/1756 1754/1008/1754
f 1757/1011/1757 1758/1012/1758 1756/1010/1756
f 1759/1013/1759 1758/1012/1758 1757/1011/1757
f 1759/1013/1759 1760/1014/1760 1758/1012/1758
f 1761/1015/1761 1760/1014/1760 1759/1013/1759
f 1761/1015/1761 1762/1016/1762 1760/1014/1760
f 1763/1017/1763 1762/1016/1762 1761/1015/1761
f 1763/1017/1763 1764/1018/1764 1762/1016/1762
f 1765/1019/1765 1764/1018/1764 1763/1017/1763
f 1765/1019/1765 1766/1020/1766 1764/1018/1764
f 1767/1021/1767 1766/1020/1766 1765/1019/1765
f 1769/1022/1769 1770/1024/1770 1768/1023/1768
f 1771/1025/1771 1770/1024/1770 1769/1022/1769
f 1772/1026/1772 1770/1024/1770 1771/1025/1771
f 1773/1027/1773 1770/1024/1770 1772/1026/1772
f 1774/1028/1774 1770/1024/1770 1773/1027/1773
f 1775/1029/1775 1770/1024/1770 1774/1028/1774
f 1776/1030/1776 1770/1024/1770 1775/1029/1775
f 1777/1031/1777 1770/1024/1770 1776/1030/1776
f 1778/1032/1778 1770/1024/1770 1777/1031/1777
f 1779/1033/1779 1770/1024/1770 1778/1032/1778
f 1780/1034/1780 1770/1024/1770 1779/1033/1779
f 1781/1035/1781 1770/1024/1770 1780/1034/1780
f 1753/1007/1753 1770/1024/1770 1781/1035/1781
f 1755/1009/1755 1770/1024/1770 1753/1007/1753
f 1782/1036/1782 1770/1024/1770 1755/1009/1755
f 1783/1037/1783 1770/1024/1770 1782/1036/1782
f 1784/1038/1784 1770/1024/1770 1783/1037/1783
f 1785/1039/1785 1770/1024/1770 1784/1038/1784
f 1786/1040/1786 1770/1024/1770 1785/1039/1785
f 1787/1041/1787 1770/1024/1770 1786/1040/1786
f 1788/1042/1788 1770/1024/1770 1787/1041/1787
f 1789/1043/1789 1770/1024/1770 1788/1042/1788
f 1790/1044/1790 1770/1024/1770 1789/1043/1789
f 1791/1045/1791 1770/1024/1770 1790/1044/1790
f 1792/1046/1792 1770/1024/1770 1791/1045/1791
f 1766/1020/1766 1770/1024/1770 1792/1046/1792
f 1767/1021/1767 1793/1047/1793 1766/1020/1766
f 1793/1047/1793 1770/1024/1770 1766/1020/1766
f 1794/1048/1794 1795/1049/1795 1767/1021/1767
f 1795/1049/1795 1793/1047/1793 1767/1021/1767
f 1796/1050/1796 1795/1049/1795 1794/1048/1794
f 1797/1051/1797 1795/1049/1795 1796/1050/1796
f 1798/1052/1798 1795/1049/1795 1797/1051/1797
f 1799/1053/1799 1800/1054/1800 1798/1052/1798
f 1800/1054/1800 1795/1049/1795 1798/1052/1798
f 1801/1055/1801 1800/1054/1800 1799/1053/1799
f 1802/1056/1802 1800/1054/1800 1801/1055/1801
f 1803/1057/1803 1800/1054/1800 1802/1056/1802
f 1804/1058/1804 1800/1054/1800 1803/1057/1803
f 1805/1059/1805 1800/1054/1800 1804/1058/1804
f 1806/1060/1806 1800/1054/1800 1805/1059/1805
f 1807/449/1807 1800/1054/1800 1806/1060/1806
f 1808/443/1808 1800/1054/1800 1807/449/1807
f 1809/1061/1809 1810/1062/1810 1808/443/1808
f 1810/1062/1810 1811/1063/1811 1808/443/1808
f 1811/1063/1811 1812/1064/1812 1808/443/1808
f 1812/1064/1812 1813/1065/1813 1808/443/1808
f 1813/1065/1813 1814/1066/1814 1808/443/1808
f 1814/1066/1814 1815/1067/1815 1808/443/1808
f 1815/1067/1815 1816/1068/1816 1808/443/1808
f 1816/1068/1816 1817/1069/1817 1808/443/1808
f 1817/1069/1817 1818/1070/1818 1808/443/1808
f 1818/1070/1818 1819/1071/1819 1808/443/1808
f 1819/1071/1819 1820/1072/1820 1808/443/1808
f 1820/1072/1820 1821/1073/1821 1808/443/1808
f 1821/1073/1821 1822/1074/1822 1808/443/1808
f 1822/1074/1822 1823/1075/1823 1808/443/1808
f 1823/1075/1823 1824/1076/1824 1808/443/1808
f 1824/1076/1824 1825/1077/1825 1808/443/1808
f 1825/1077/1825 1826/1078/1826 1808/443/1808
f 1826/1078/1826 1827/1079/1827 1808/443/1808
f 1827/1079/1827 1828/1080/1828 1808/443/1808
f 1828/1080/1828 1829/1081/1829 1808/443/1808
f 1829/1081/1829 1830/1082/1830 1808/443/1808
f 1830/1082/1830 1831/784/1831 1808/443/1808
f 1831/784/1831 1832/1083/1832 1808/443/1808
f 1832/1083/1832 1833/1084/1833 1808/443/1808
f 1833/1084/1833 1834/1085/1834 1808/443/1808
f 1834/1085/1834 1835/1086/1835 1808/443/1808
f 1835/1086/1835 1836/1087/1836 1808/443/1808
f 1836/1087/1836 1837/1088/1837 1808/443/1808
f 1837/1088/1837 1838/1089/1838 1808/443/1808
f 1838/1089/1838 1839/1090/1839 1808/443/1808
f 1839/1090/1839 1840/1091/1840 1808/443/1808
f 1840/1091/1840 1841/1092/1841 1808/443/1808
f 1841/1092/1841 1842/1093/1842 1808/443/1808
f 1842/1093/1842 1843/1094/1843 1808/443/1808
f 1843/1094/1843 1844/1095/1844 1808/443/1808
f 1844/1095/1844 1845/1096/1845 1808/443/1808
f 1845/1096/1845 1846/1097/1846 1808/443/1808
f 1846/1097/1846 1847/1098/1847 1808/443/1808
f 1847/1098/1847 1848/1099/1848 1808/443/1808
f 1848/1099/1848 1849/1100/1849 1808/443/1808
f 1849/1100/1849 1850/665/1850 1808/443/1808
f 1850/665/1850 1800/1054/1800 1808/443/1808
f 1847/1098/1847 1851/1101/1851 1848/1099/1848
f 1847/1098/1847 1852/1102/1852 1851/1101/1851
f 1847/1098/1847 1853/1103/1853 1852/1102/1852
f 1847/1098/1847 1854/1104/1854 1853/1103/1853
f 1847/1098/1847 1855/1105/1855 1854/1104/1854
f 1834/1085/1834 1856/1106/1856 1835/1086/1835
f 1857/1107/1857 1856/1106/1856 1834/1085/1834
f 1857/1107/1857 1858/1108/1858 1856/1106/1856
f 1859/1109/1859 1858/1108/1858 1857/1107/1857
f 1823/1075/1823 1860/1110/1860 1824/1076/1824
f 1822/1074/1822 1861/1111/1861 1823/1075/1823
f 1862/1112/1862 1858/1108/1858 1859/1109/1859
f 1862/1112/1862 1863/1113/1863 1858/1108/1858
f 1864/1114/1864 1861/1111/1861 1822/1074/1822
f 1865/1115/1865 1863/1113/1863 1862/1112/1862
f 1865/1115/1865 1866/1116/1866 1863/1113/1863
f 1864/1114/1864 1867/1117/1867 1861/1111/1861
f 1868/1118/1868 1867/1117/1867 1864/1114/1864
f 1869/1119/1869 1866/1116/1866 1865/1115/1865
f 1869/1119/1869 1870/1120/1870 1866/1116/1866
f 1871/1121/1871 1870/1120/1870 1869/1119/1869
f 1868/1118/1868 1872/1122/1872 1867/1117/1867
f 1873/1123/1873 1872/1122/1872 1868/1118/1868
f 1871/1121/1871 1874/1124/1874 1870/1120/1870
f 1875/1125/1875 1874/1124/1874 1871/1121/1871
f 1873/1123/1873 1876/1126/1876 1872/1122/1872
f 1877/1127/1877 1874/1124/1874 1875/1125/1875
f 1877/1127/1877 1878/1128/1878 1874/1124/1874
f 1879/1129/1879 1876/1126/1876 1873/1123/1873
f 1880/1130/1880 1878/1128/1878 1877/1127/1877
f 1880/1130/1880 1881/1131/1881 1878/1128/1878
f 1879/1129/1879 1882/1132/1882 1876/1126/1876
f 1883/1133/1883 1881/1131/1881 1880/1130/1880
f 1884/1134/1884 1882/1132/1882 1879/1129/1879
f 1885/1135/1885 1881/1131/1881 1883/1133/1883
f 1885/1135/1885 1886/1136/1886 1881/1131/1881
f 1884/1134/1884 1887/1137/1887 1882/1132/1882
f 1888/1138/1888 1886/1136/1886 1885/1135/1885
f 1889/1139/1889 1887/1137/1887 1884/1134/1884
f 1888/1138/1888 1890/1140/1890 1886/1136/1886
f 1891/1141/1891 1890/1140/1890 1888/1138/1888
f 1892/1142/1892 1890/1140/1890 1891/1141/1891
f 1893/1143/1893 1890/1140/1890 1892/1142/1892
f 1889/1139/1889 1894/1144/1894 1887/1137/1887
f 1893/1143/1893 1895/1145/1895 1890/1140/1890
f 1896/1146/1896 1895/1145/1895 1893/1143/1893
f 1898/1147/1898 1899/1149/1899 1897/1148/1897
f 1898/1147/1898 1900/1150/1900 1899/1149/1899
f 1901/1151/1901 1895/1145/1895 1896/1146/1896
f 1898/1147/1898 1902/1152/1902 1900/1150/1900
f 1898/1147/1898 1903/1153/1903 1902/1152/1902
f 1904/1154/1904 1894/1144/1894 1889/1139/1889
f 1905/1155/1905 1895/1145/1895 1901/1151/1901
f 1898/1147/1898 1906/1156/1906 1903/1153/1903
f 1907/1157/1907 1895/1145/1895 1905/1155/1905
f 1898/1147/1898 1908/1158/1908 1906/1156/1906
f 1898/1147/1898 1909/761/1909 1908/1158/1908
f 1910/1159/1910 1895/1145/1895 1907/1157/1907
f 1898/1147/1898 1911/1160/1911 1909/761/1909
f 1912/1161/1912 1895/1145/1895 1910/1159/1910
f 1898/1147/1898 1913/1162/1913 1911/1160/1911
f 1914/1163/1914 1895/1145/1895 1912/1161/1912
f 1898/1147/1898 1915/1164/1915 1913/1162/1913
f 1898/1147/1898 1916/1165/1916 1915/1164/1915
f 1917/1166/1917 1895/1145/1895 1914/1163/1914
f 1898/1147/1898 1918/1167/1918 1916/1165/1916
f 1918/1167/1918 1895/1145/1895 1917/1166/1917
f 1898/1147/1898 1895/1145/1895 1918/1167/1918
f 1898/1147/1898 1919/792/1919 1895/1145/1895
f 1904/1154/1904 1920/1168/1920 1894/1144/1894
f 1898/1147/1898 1921/1169/1921 1919/792/1919
f 1922/1170/1922 1920/1168/1920 1904/1154/1904
f 1898/1147/1898 1923/1171/1923 1921/1169/1921
f 1922/1170/1922 1924/1172/1924 1920/1168/1920
f 1898/1147/1898 1925/1173/1925 1923/1171/1923
f 1926/1174/1926 1924/1172/1924 1922/1170/1922
f 1898/1147/1898 1927/1175/1927 1925/1173/1925
f 1926/1174/1926 1928/1176/1928 1924/1172/1924
f 1898/1147/1898 1929/1177/1929 1927/1175/1927
f 1930/1178/1930 1928/1176/1928 1926/1174/1926
f 1898/1147/1898 1931/1179/1931 1929/1177/1929
f 1932/1180/1932 1931/1179/1931 1898/1147/1898
f 1933/1181/1933 1931/1179/1931 1932/1180/1932
f 1933/1181/1933 1934/1182/1934 1931/1179/1931
f 1935/1183/1935 1934/1182/1934 1933/1181/1933
f 1936/1184/1936 1934/1182/1934 1935/1183/1935
f 1930/1178/1930 1937/1185/1937 1928/1176/1928
f 1938/1186/1938 1934/1182/1934 1936/1184/1936
f 1938/1186/1938 1939/1187/1939 1934/1182/1934
f 1940/1188/1940 1939/1187/1939 1938/1186/1938
f 1941/1189/1941 1939/1187/1939 1940/1188/1940
f 1941/1189/1941 1942/1190/1942 1939/1187/1939
f 1943/607/1943 1942/1190/1942 1941/1189/1941
f 1943/607/1943 1944/1191/1944 1942/1190/1942
f 1945/1192/1945 1944/1191/1944 1943/607/1943
f 1946/1193/1946 1944/1191/1944 1945/1192/1945
f 1946/1193/1946 1947/1194/1947 1944/1191/1944
f 1948/1195/1948 1947/1194/1947 1946/1193/1946
f 1949/1196/1949 1937/1185/1937 1930/1178/1930
f 1948/1195/1948 1950/1197/1950 1947/1194/1947
f 1949/1196/1949 1951/1198/1951 1937/1185/1937
f 1952/1199/1952 1951/1198/1951 1949/1196/1949
f 1952/1199/1952 1953/1200/1953 1951/1198/1951
f 1954/1201/1954 1953/1200/1953 1952/1199/1952
f 1954/1201/1954 1955/1202/1955 1953/1200/1953
f 1954/1201/1954 1956/1203/1956 1955/1202/1955
f 1957/1204/1957 1956/1203/1956 1954/1201/1954
f 1957/1204/1957 1958/1205/1958 1956/1203/1956
f 1959/1206/1959 1958/1205/1958 1957/1204/1957
f 1959/1206/1959 1960/1207/1960 1958/1205/1958
f 1959/1206/1959 1961/1208/1961 1960/1207/1960
f 1962/1209/1962 1961/1208/1961 1959/1206/1959
f 1962/1209/1962 1963/1210/1963 1961/1208/1961
f 1965/1211/1965 1966/1213/1966 1964/1212/1964
f 1962/1209/1962 1967/1214/1967 1963/1210/1963
f 1968/1215/1968 1966/1213/1966 1965/1211/1965
f 1969/1216/1969 1966/1213/1966 1968/1215/1968
f 1970/1217/1970 1966/1213/1966 1969/1216/1969
f 1962/1209/1962 1971/1218/1971 1967/1214/1967
f 1972/1219/1972 1966/1213/1966 1970/1217/1970
f 1973/1220/1973 1966/1213/1966 1972/1219/1972
f 1974/1221/1974 1971/1218/1971 1962/1209/1962
f 1974/1221/1974 1975/1222/1975 1971/1218/1971
f 1976/1223/1976 1966/1213/1966 1973/1220/1973
f 1977/1224/1977 1966/1213/1966 1976/1223/1976
f 1978/1225/1978 1966/1213/1966 1977/1224/1977
f 1974/1221/1974 1979/858/1979 1975/1222/1975
f 1980/1226/1980 1966/1213/1966 1978/1225/1978
f 1981/1227/1981 1966/1213/1966 1980/1226/1980
f 1974/1221/1974 1982/1228/1982 1979/858/1979
f 1982/1228/1982 1966/1213/1966 1981/1227/1981
f 1974/1221/1974 1966/1213/1966 1982/1228/1982
f 1983/852/1983 1966/1213/1966 1974/1221/1974
f 1984/1229/1984 1966/1213/1966 1983/852/1983
f 1985/1230/1985 1966/1213/1966 1984/1229/1984
f 1986/1231/1986 1966/1213/1966 1985/1230/1985
f 1986/1231/1986 1987/1232/1987 1966/1213/1966
f 1986/1231/1986 1988/1233/1988 1987/1232/1987
f 1986/1231/1986 1989/1234/1989 1988/1233/1988
f 1990/1235/1990 1989/1234/1989 1986/1231/1986
f 1990/1235/1990 1991/1236/1991 1989/1234/1989
f 1990/1235/1990 1992/1237/1992 1991/1236/1991
f 1990/1235/1990 1993/1238/1993 1992/1237/1992
f 1990/1235/1990 1994/1239/1994 1993/1238/1993
f 1995/1240/1995 1994/1239/1994 1990/1235/1990
f 1995/1240/1995 1996/1241/1996 1994/1239/1994
f 1995/1240/1995 1997/1242/1997 1996/1241/1996
f 1995/1240/1995 1998/1243/1998 1997/1242/1997
f 1999/1244/1999 1998/1243/1998 1995/1240/1995
f 1999/1244/1999 2000/1245/2000 1998/1243/1998
f 1128/1006/1128 1129/1009/1129 1755/1009/1755 1752/1006/1752
f 476/598/476 477/596/477 1336/596/1336 1338/598/1338
f 920/1204/920 921/1206/921 1959/1206/1959 1957/1204/1957
f 679/804/679 680/805/680 1547/805/1547 1546/804/1546
f 470/593/470 471/599/471 1339/599/1339 1333/593/1333
f 1146/1010/1146 1147/1005/1147 1751/1005/1751 1756/1010/1756
f 962/1207/962 963/1205/963 1958/1205/1958 1960/1207/1960
f 684/806/684 685/803/685 1545/803/1545 1548/806/1548
f 1162/1008/1162 1163/1011/1163 1757/1011/1757 1754/1008/1754
f 475/600/475 476/598/476 1338/598/1338 1340/600/1340
f 680/805/680 681/807/681 1549/807/1549 1547/805/1547
f 961/1208/961 962/1207/962 1960/1207/1960 1961/1208/1961
f 391/601/391 392/592/392 1332/592/1332 1341/601/1341
f 921/1206/921 922/1209/922 1962/1209/1962 1959/1206/1959
f 681/807/681 682/808/682 1550/808/1550 1549/807/1549
f 1145/1012/1145 1146/1010/1146 1756/1010/1756 1758/1012/1758
f 1163/1011/1163 1164/1013/1164 1759/1013/1759 1757/1011/1757
f 474/602/474 475/600/475 1340/600/1340 1342/602/1342
f 471/599/471 472/603/472 1343/603/1343 1339/599/1339
f 960/1210/960 961/1208/961 1961/1208/1961 1963/1210/1963
f 683/809/683 684/806/684 1548/806/1548 1551/809/1551
f 943/1212/943 944/1211/944 1965/1211/1965 1964/1212/1964
f 682/808/682 683/809/683 1551/809/1551 1550/808/1550
f 1144/1014/1144 1145/1012/1145 1758/1012/1758 1760/1014/1760
f 1164/1013/1164 1165/1015/1165 1761/1015/1761 1759/1013/1759
f 473/604/473 474/602/474 1342/602/1342 1344/604/1344
f 942/1213/942 943/1212/943 1964/1212/1964 1966/1213/1966
f 385/580/385 386/605/386 1345/605/1345 1320/580/1320
f 959/1214/959 960/1210/960 1963/1210/1963 1967/1214/1967
f 619/810/619 620/774/620 1515/774/1515 1552/810/1552
f 1143/1016/1143 1144/1014/1144 1760/1014/1760 1762/1016/1762
f 944/1211/944 945/1215/945 1968/1215/1968 1965/1211/1965
f 1165/1015/1165 1166/1017/1166 1763/1017/1763 1761/1015/1761
f 472/603/472 473/604/473 1344/604/1344 1343/603/1343
f 618/811/618 619/810/619 1552/810/1552 1553/811/1553
f 945/1215/945 946/1216/946 1969/1216/1969 1968/1215/1968
f 438/597/438 439/606/439 1346/606/1346 1337/597/1337
f 617/812/617 618/811/618 1553/811/1553 1554/812/1554
f 1142/1018/1142 1143/1016/1143 1762/1016/1762 1764/1018/1764
f 946/1216/946 947/1217/947 1970/1217/1970 1969/1216/1969
f 1166/1017/1166 1167/1019/1167 1765/1019/1765 1763/1017/1763
f 616/813/616 617/812/617 1554/812/1554 1555/813/1555
f 452/607/452 453/595/453 1335/595/1335 1347/607/1347
f 439/606/439 440/608/440 1348/608/1348 1346/606/1346
f 958/1218/958 959/1214/959 1967/1214/1967 1971/1218/1971
f 615/814/615 616/813/616 1555/813/1555 1556/814/1556
f 1141/1020/1141 1142/1018/1142 1764/1018/1764 1766/1020/1766
f 947/1217/947 948/1219/948 1972/1219/1972 1970/1217/1970
f 1167/1019/1167 1168/1021/1168 1767/1021/1767 1765/1019/1765
f 614/815/614 615/814/615 1556/814/1556 1557/815/1557
f 390/609/390 391/601/391 1341/601/1341 1349/609/1349
f 948/1219/948 949/1220/949 1973/1220/1973 1972/1219/1972
f 1089/1023/1089 1090/1022/1090 1769/1022/1769 1768/1023/1768
f 440/608/440 441/610/441 1350/610/1350 1348/608/1348
f 613/816/613 614/815/614 1557/815/1557 1558/816/1558
f 922/1209/922 923/1221/923 1974/1221/1974 1962/1209/1962
f 1088/1024/1088 1089/1023/1089 1768/1023/1768 1770/1024/1770
f 612/817/612 613/816/613 1558/816/1558 1559/817/1559
f 1090/1022/1090 1091/1025/1091 1771/1025/1771 1769/1022/1769
f 451/611/451 452/607/452 1347/607/1347 1351/611/1351
f 957/1222/957 958/1218/958 1971/1218/1971 1975/1222/1975
f 611/818/611 612/817/612 1559/817/1559 1560/818/1560
f 1091/1025/1091 1092/1026/1092 1772/1026/1772 1771/1025/1771
f 389/612/389 390/609/390 1349/609/1349 1352/612/1352
f 949/1220/949 950/1223/950 1976/1223/1976 1973/1220/1973
f 441/610/441 442/613/442 1353/613/1353 1350/610/1350
f 610/819/610 611/818/611 1560/818/1560 1561/819/1561
f 1092/1026/1092 1093/1027/1093 1773/1027/1773 1772/1026/1772
f 950/1223/950 951/1224/951 1977/1224/1977 1976/1223/1976
f 609/820/609 610/819/610 1561/819/1561 1562/820/1562
f 1093/1027/1093 1094/1028/1094 1774/1028/1774 1773/1027/1773
f 450/614/450 451/611/451 1351/611/1351 1354/614/1354
f 951/1224/951 952/1225/952 1978/1225/1978 1977/1224/1977
f 442/613/442 443/615/443 1355/615/1355 1353/613/1353
f 608/821/608 609/820/609 1562/820/1562 1563/821/1563
f 1094/1028/1094 1095/1029/1095 1775/1029/1775 1774/1028/1774
f 956/858/956 957/1222/957 1975/1222/1975 1979/858/1979
f 1095/1029/1095 1096/1030/1096 1776/1030/1776 1775/1029/1775
f 388/616/388 389/612/389 1352/612/1352 1356/616/1356
f 952/1225/952 953/1226/953 1980/1226/1980 1978/1225/1978
f 386/605/386 387/617/387 1357/617/1357 1345/605/1345
f 607/823/607 608/821/608 1563/821/1563 1565/823/1565
f 1096/1030/1096 1097/1031/1097 1777/1031/1777 1776/1030/1776
f 387/617/387 388/616/388 1356/616/1356 1357/617/1357
f 953/1226/953 954/1227/954 1981/1227/1981 1980/1226/1980
f 545/785/545 546/824/546 1566/824/1566 1527/785/1527
f 1097/1031/1097 1098/1032/1098 1778/1032/1778 1777/1031/1777
f 449/618/449 450/614/450 1354/614/1354 1358/618/1358
f 546/824/546 547/825/547 1567/825/1567 1566/824/1566
f 443/615/443 444/619/444 1359/619/1359 1355/615/1355
f 955/1228/955 956/858/956 1979/858/1979 1982/1228/1982
f 1098/1032/1098 1099/1033/1099 1779/1033/1779 1778/1032/1778
f 954/1227/954 955/1228/955 1982/1228/1982 1981/1227/1981
f 547/825/547 548/826/548 1568/826/1568 1567/825/1567
f 444/619/444 445/620/445 1360/620/1360 1359/619/1359
f 1099/1033/1099 1100/1034/1100 1780/1034/1780 1779/1033/1779
f 548/826/548 549/827/549 1569/827/1569 1568/826/1568
f 923/1221/923 924/852/924 1983/852/1983 1974/1221/1974
f 1100/1034/1100 1101/1035/1101 1781/1035/1781 1780/1034/1780
f 448/621/448 449/618/449 1358/618/1358 1361/621/1361
f 549/827/549 550/828/550 1570/828/1570 1569/827/1569
f 445/620/445 446/622/446 1362/622/1362 1360/620/1360
f 924/852/924 925/1229/925 1984/1229/1984 1983/852/1983
f 1101/1035/1101 1102/1007/1102 1753/1007/1753 1781/1035/1781
f 446/622/446 447/623/447 1363/623/1363 1362/622/1362
f 925/1229/925 926/1230/926 1985/1230/1985 1984/1229/1984
f 568/829/568 569/822/569 1564/822/1564 1571/829/1571
f 447/623/447 448/621/448 1361/621/1361 1363/623/1363
f 569/822/569 570/830/570 1572/830/1572 1564/822/1564
f 1129/1009/1129 1130/1036/1130 1782/1036/1782 1755/1009/1755
f 696/625/696 697/624/697 1365/624/1365 1364/625/1364
f 926/1230/926 927/1231/927 1986/1231/1986 1985/1230/1985
f 1130/1036/1130 1131/1037/1131 1783/1037/1783 1782/1036/1782
f 695/626/695 696/625/696 1364/625/1364 1366/626/1366
f 567/831/567 568/829/568 1571/829/1571 1573/831/1573
f 697/624/697 698/627/698 1367/627/1367 1365/624/1365
f 941/1232/941 942/1213/942 1966/1213/1966 1987/1232/1987
f 550/828/550 551/832/551 1574/832/1574 1570/828/1570
f 1131/1037/1131 1132/1038/1132 1784/1038/1784 1783/1037/1783
f 940/1233/940 941/1232/941 1987/1232/1987 1988/1233/1988
f 1132/1038/1132 1133/1039/1133 1785/1039/1785 1784/1038/1784
f 805/449/805 695/626/695 1366/626/1366 1368/449/1368
f 566/833/566 567/831/567 1573/831/1573 1575/833/1575
f 698/627/698 699/628/699 1369/628/1369 1367/627/1367
f 939/1234/939 940/1233/940 1988/1233/1988 1989/1234/1989
f 551/832/551 552/834/552 1576/834/1576 1574/832/1574
f 1133/1039/1133 1134/1040/1134 1786/1040/1786 1785/1039/1785
f 927/1231/927 928/1235/928 1990/1235/1990 1986/1231/1986
f 1134/1040/1134 1135/1041/1135 1787/1041/1787 1786/1040/1786
f 804/629/804 805/449/805 1368/449/1368 1370/629/1370
f 565/835/565 566/833/566 1575/833/1575 1577/835/1577
f 699/628/699 700/630/700 1371/630/1371 1369/628/1369
f 938/1236/938 939/1234/939 1989/1234/1989 1991/1236/1991
f 552/834/552 553/836/553 1578/836/1578 1576/834/1576
f 1135/1041/1135 1136/1042/1136 1788/1042/1788 1787/1041/1787
f 937/1237/937 938/1236/938 1991/1236/1991 1992/1237/1992
f 1136/1042/1136 1137/1043/1137 1789/1043/1789 1788/1042/1788
f 803/631/803 804/629/804 1370/629/1370 1372/631/1372
f 564/837/564 565/835/565 1577/835/1577 1579/837/1579
f 700/630/700 701/632/701 1373/632/1373 1371/630/1371
f 936/1238/936 937/1237/937 1992/1237/1992 1993/1238/1993
f 1137/1043/1137 1138/1044/1138 1790/1044/1790 1789/1043/1789
f 563/838/563 564/837/564 1579/837/1579 1580/838/1580
f 935/1239/935 936/1238/936 1993/1238/1993 1994/1239/1994
f 553/836/553 554/839/554 1581/839/1581 1578/836/1578
f 1138/1044/1138 1139/1045/1139 1791/1045/1791 1790/1044/1790
f 802/633/802 803/631/803 1372/631/1372 1374/633/1374
f 928/1235/928 929/1240/929 1995/1240/1995 1990/1235/1990
f 701/632/701 702/634/702 1375/634/1375 1373/632/1373
f 1139/1045/1139 1140/1046/1140 1792/1046/1792 1791/1045/1791
f 562/840/562 563/838/563 1580/838/1580 1582/840/1582
f 934/1241/934 935/1239/935 1994/1239/1994 1996/1241/1996
f 1140/1046/1140 1141/1020/1141 1766/1020/1766 1792/1046/1792
f 801/635/801 802/633/802 1374/633/1374 1376/635/1376
f 561/841/561 562/840/562 1582/840/1582 1583/841/1583
f 702/634/702 703/636/703 1377/636/1377 1375/634/1375
f 933/1242/933 934/1241/934 1996/1241/1996 1997/1242/1997
f 554/839/554 555/842/555 1584/842/1584 1581/839/1581
f 932/1243/932 933/1242/933 1997/1242/1997 1998/1243/1998
f 1087/1047/1087 1088/1024/1088 1770/1024/1770 1793/1047/1793
f 800/637/800 801/635/801 1376/635/1376 1378/637/1378
f 929/1240/929 930/1244/930 1999/1244/1999 1995/1240/1995
f 560/843/560 561/841/561 1583/841/1583 1585/843/1585
f 1168/1021/1168 1169/1048/1169 1794/1048/1794 1767/1021/1767
f 703/636/703 704/638/704 1379/638/1379 1377/636/1377
f 555/842/555 556/844/556 1586/844/1586 1584/842/1584
f 930/1244/930 931/1245/931 2000/1245/2000 1999/1244/1999
f 931/1245/931 932/1243/932 1998/1243/1998 2000/1245/2000
f 1086/1049/1086 1087/1047/1087 1793/1047/1793 1795/1049/1795
f 799/639/799 800/637/800 1378/637/1378 1380/639/1380
f 559/845/559 560/843/560 1585/843/1585 1587/845/1587
f 1169/1048/1169 1170/1050/1170 1796/1050/1796 1794/1048/1794
f 704/638/704 705/640/705 1381/640/1381 1379/638/1379
f 558/846/558 559/845/559 1587/845/1587 1588/846/1588
f 1170/1050/1170 1171/1051/1171 1797/1051/1797 1796/1050/1796
f 556/844/556 557/847/557 1589/847/1589 1586/844/1586
f 798/641/798 799/639/799 1380/639/1380 1382/641/1382
f 557/847/557 558/846/558 1588/846/1588 1589/847/1589
f 1171/1051/1171 1172/1052/1172 1798/1052/1798 1797/1051/1797
f 705/640/705 706/642/706 1383/642/1383 1381/640/1381
f 570/830/570 571/848/571 1590/848/1590 1572/830/1572
f 1172/1052/1172 1173/1053/1173 1799/1053/1799 1798/1052/1798
f 797/643/797 798/641/798 1382/641/1382 1384/643/1384
f 606/849/606 607/823/607 1565/823/1565 1591/849/1591
f 706/642/706 707/644/707 1385/644/1385 1383/642/1383
f 571/848/571 572/850/572 1592/850/1592 1590/848/1590
f 1085/1054/1085 1086/1049/1086 1795/1049/1795 1800/1054/1800
f 1173/1053/1173 1174/1055/1174 1801/1055/1801 1799/1053/1799
f 796/645/796 797/643/797 1384/643/1384 1386/645/1386
f 605/851/605 606/849/606 1591/849/1591 1593/851/1593
f 1174/1055/1174 1175/1056/1175 1802/1056/1802 1801/1055/1801
f 707/644/707 708/646/708 1387/646/1387 1385/644/1385
f 572/850/572 573/852/573 1594/852/1594 1592/850/1592
f 1175/1056/1175 1176/1057/1176 1803/1057/1803 1802/1056/1802
f 795/647/795 796/645/796 1386/645/1386 1388/647/1388
f 604/853/604 605/851/605 1593/851/1593 1595/853/1595
f 1176/1057/1176 1177/1058/1177 1804/1058/1804 1803/1057/1803
f 708/646/708 709/648/709 1389/648/1389 1387/646/1387
f 573/852/573 574/854/574 1596/854/1596 1594/852/1594
f 362/442/362 363/441/363 1182/441/1182 1181/442/1181
f 1177/1058/1177 1178/1059/1178 1805/1059/1805 1804/1058/1804
f 361/443/361 362/442/362 1181/442/1181 1183/443/1183
f 794/649/794 795/647/795 1388/647/1388 1390/649/1390
f 603/855/603 604/853/604 1595/853/1595 1597/855/1597
f 363/441/363 364/444/364 1184/444/1184 1182/441/1182
f 1178/1059/1178 1179/1060/1179 1806/1060/1806 1805/1059/1805
f 574/854/574 575/856/575 1598/856/1598 1596/854/1596
f 793/650/793 794/649/794 1390/649/1390 1391/650/1391
f 364/444/364 365/445/365 1185/445/1185 1184/444/1184
f 1179/1060/1179 1180/449/1180 1807/449/1807 1806/1060/1806
f 709/648/709 710/651/710 1392/651/1392 1389/648/1389
f 575/856/575 576/857/576 1599/857/1599 1598/856/1598
f 365/445/365 366/446/366 1186/446/1186 1185/445/1185
f 1180/449/1180 892/443/892 1808/443/1808 1807/449/1807
f 792/652/792 793/650/793 1391/650/1391 1393/652/1393
f 602/858/602 603/855/603 1597/855/1597 1600/858/1600
f 366/446/366 367/447/367 1187/447/1187 1186/446/1186
f 892/443/892 893/1061/893 1809/1061/1809 1808/443/1808
f 710/651/710 711/653/711 1394/653/1394 1392/651/1392
f 576/857/576 577/859/577 1601/859/1601 1599/857/1599
f 893/1061/893 894/1062/894 1810/1062/1810 1809/1061/1809
f 367/447/367 368/448/368 1188/448/1188 1187/447/1187
f 711/653/711 712/654/712 1395/654/1395 1394/653/1394
f 894/1062/894 895/1063/895 1811/1063/1811 1810/1062/1810
f 601/860/601 602/858/602 1600/858/1600 1602/860/1602
f 577/859/577 578/861/578 1603/861/1603 1601/859/1601
f 543/449/543 361/443/361 1183/443/1183 1189/449/1189
f 895/1063/895 896/1064/896 1812/1064/1812 1811/1063/1811
f 791/655/791 792/652/792 1393/652/1393 1396/655/1396
f 712/654/712 713/656/713 1397/656/1397 1395/654/1395
f 578/861/578 579/862/579 1604/862/1604 1603/861/1603
f 542/450/542 543/449/543 1189/449/1189 1190/450/1190
f 896/1064/896 897/1065/897 1813/1065/1813 1812/1064/1812
f 368/448/368 369/451/369 1191/451/1191 1188/448/1188
f 897/1065/897 898/1066/898 1814/1066/1814 1813/1065/1813
f 790/657/790 791/655/791 1396/655/1396 1398/657/1398
f 600/863/600 601/860/601 1602/860/1602 1605/863/1605
f 713/656/713 714/658/714 1399/658/1399 1397/656/1397
f 579/862/579 580/864/580 1606/864/1606 1604/862/1604
f 541/452/541 542/450/542 1190/450/1190 1192/452/1192
f 898/1066/898 899/1067/899 1815/1067/1815 1814/1066/1814
f 714/658/714 715/659/715 1400/659/1400 1399/658/1399
f 540/453/540 541/452/541 1192/452/1192 1193/453/1193
f 899/1067/899 900/1068/900 1816/1068/1816 1815/1067/1815
f 599/865/599 600/863/600 1605/863/1605 1607/865/1607
f 369/451/369 370/454/370 1194/454/1194 1191/451/1191
f 580/864/580 581/866/581 1608/866/1608 1606/864/1606
f 900/1068/900 901/1069/901 1817/1069/1817 1816/1068/1816
f 789/660/789 790/657/790 1398/657/1398 1401/660/1401
f 715/659/715 716/661/716 1402/661/1402 1400/659/1400
f 581/866/581 582/867/582 1609/867/1609 1608/866/1608
f 539/455/539 540/453/540 1193/453/1193 1195/455/1195
f 901/1069/901 902/1070/902 1818/1070/1818 1817/1069/1817
f 370/454/370 371/456/371 1196/456/1196 1194/454/1194
f 902/1070/902 903/1071/903 1819/1071/1819 1818/1070/1818
f 788/662/788 789/660/789 1401/660/1401 1403/662/1403
f 598/868/598 599/865/599 1607/865/1607 1610/868/1610
f 716/661/716 717/663/717 1404/663/1404 1402/661/1402
f 582/867/582 583/869/583 1611/869/1611 1609/867/1609
f 538/457/538 539/455/539 1195/455/1195 1197/457/1197
f 903/1071/903 904/1072/904 1820/1072/1820 1819/1071/1819
f 583/869/583 584/870/584 1612/870/1612 1611/869/1611
f 537/458/537 538/457/538 1197/457/1197 1198/458/1198
f 904/1072/904 905/1073/905 1821/1073/1821 1820/1072/1820
f 787/664/787 788/662/788 1403/662/1403 1405/664/1405
f 371/456/371 372/459/372 1199/459/1199 1196/456/1196
f 717/663/717 718/665/718 1406/665/1406 1404/663/1404
f 584/870/584 585/871/585 1613/871/1613 1612/870/1612
f 905/1073/905 906/1074/906 1822/1074/1822 1821/1073/1821
f 536/460/536 537/458/537 1198/458/1198 1200/460/1200
f 786/666/786 787/664/787 1405/664/1405 1407/666/1407
f 597/872/597 598/868/598 1610/868/1610 1614/872/1614
f 372/459/372 373/461/373 1201/461/1201 1199/459/1199
f 718/665/718 719/667/719 1408/667/1408 1406/665/1406
f 585/871/585 586/873/586 1615/873/1615 1613/871/1613
f 586/873/586 587/874/587 1616/874/1616 1615/873/1615
f 535/462/535 536/460/536 1200/460/1200 1202/462/1202
f 981/1076/981 982/1077/982 1825/1077/1825 1824/1076/1824
f 785/668/785 786/666/786 1407/666/1407 1409/668/1409
f 719/667/719 720/669/720 1410/669/1410 1408/667/1408
f 587/874/587 588/875/588 1617/875/1617 1616/874/1616
f 534/463/534 535/462/535 1202/462/1202 1203/463/1203
f 982/1077/982 983/1078/983 1826/1078/1826 1825/1077/1825
f 373/461/373 374/464/374 1204/464/1204 1201/461/1201
f 770/671/770 771/670/771 1412/670/1412 1411/671/1411
f 588/875/588 589/876/589 1618/876/1618 1617/875/1617
f 983/1078/983 984/1079/984 1827/1079/1827 1826/1078/1826
f 769/672/769 770/671/770 1411/671/1411 1413/672/1413
f 589/876/589 590/877/590 1619/877/1619 1618/876/1618
f 533/465/533 534/463/534 1203/463/1203 1205/465/1205
f 984/1079/984 985/1080/985 1828/1080/1828 1827/1079/1827
f 771/670/771 772/673/772 1414/673/1414 1412/670/1412
f 374/464/374 375/466/375 1206/466/1206 1204/464/1204
f 590/877/590 591/878/591 1620/878/1620 1619/877/1619
f 985/1080/985 986/1081/986 1829/1081/1829 1828/1080/1828
f 720/669/720 721/674/721 1415/674/1415 1410/669/1410
f 591/878/591 592/879/592 1621/879/1621 1620/878/1620
f 532/467/532 533/465/533 1205/465/1205 1207/467/1207
f 986/1081/986 987/1082/987 1830/1082/1830 1829/1081/1829
f 784/675/784 785/668/785 1409/668/1409 1416/675/1416
f 531/468/531 532/467/532 1207/467/1207 1208/468/1208
f 987/1082/987 988/784/988 1831/784/1831 1830/1082/1830
f 772/673/772 773/676/773 1417/676/1417 1414/673/1414
f 596/880/596 597/872/597 1614/872/1614 1622/880/1622
f 592/879/592 593/881/593 1623/881/1623 1621/879/1621
f 530/469/530 531/468/531 1208/468/1208 1209/469/1209
f 988/784/988 989/1083/989 1832/1083/1832 1831/784/1831
f 375/466/375 376/470/376 1210/470/1210 1206/466/1206
f 768/677/768 769/672/769 1413/672/1413 1418/677/1418
f 593/881/593 594/882/594 1624/882/1624 1623/881/1623
f 989/1083/989 990/1084/990 1833/1084/1833 1832/1083/1832
f 773/676/773 774/678/774 1419/678/1419 1417/676/1417
f 594/882/594 595/883/595 1625/883/1625 1624/882/1624
f 529/471/529 530/469/530 1209/469/1209 1211/471/1211
f 990/1084/990 991/1085/991 1834/1085/1834 1833/1084/1833
f 595/883/595 596/880/596 1622/880/1622 1625/883/1625
f 376/470/376 377/472/377 1212/472/1212 1210/470/1210
f 767/679/767 768/677/768 1418/677/1418 1420/679/1420
f 868/885/868 869/884/869 1627/884/1627 1626/885/1626
f 721/674/721 722/680/722 1421/680/1421 1415/674/1415
f 867/886/867 868/885/868 1626/885/1626 1628/886/1628
f 528/473/528 529/471/529 1211/471/1211 1213/473/1213
f 1064/1086/1064 1065/1087/1065 1836/1087/1836 1835/1086/1835
f 774/678/774 775/681/775 1422/681/1422 1419/678/1419
f 869/884/869 870/887/870 1629/887/1629 1627/884/1627
f 527/474/527 528/473/528 1213/473/1213 1214/474/1214
f 1065/1087/1065 1066/1088/1066 1837/1088/1837 1836/1087/1836
f 377/472/377 378/475/378 1215/475/1215 1212/472/1212
f 766/682/766 767/679/767 1420/679/1420 1423/682/1423
f 866/888/866 867/886/867 1628/886/1628 1630/888/1630
f 1066/1088/1066 1067/1089/1067 1838/1089/1838 1837/1088/1837
f 775/681/775 776/683/776 1424/683/1424 1422/681/1422
f 870/887/870 871/889/871 1631/889/1631 1629/887/1629
f 526/476/526 527/474/527 1214/474/1214 1216/476/1216
f 1067/1089/1067 1068/1090/1068 1839/1090/1839 1838/1089/1838
f 783/684/783 784/675/784 1416/675/1416 1425/684/1425
f 865/890/865 866/888/866 1630/888/1630 1632/890/1632
f 525/477/525 526/476/526 1216/476/1216 1217/477/1217
f 1068/1090/1068 1069/1091/1069 1840/1091/1840 1839/1090/1839
f 776/683/776 777/685/777 1426/685/1426 1424/683/1424
f 871/889/871 872/891/872 1633/891/1633 1631/889/1631
f 378/475/378 379/478/379 1218/478/1218 1215/475/1215
f 1069/1091/1069 1070/1092/1070 1841/1092/1841 1840/1091/1840
f 722/680/722 723/686/723 1427/686/1427 1421/680/1421
f 864/892/864 865/890/865 1632/890/1632 1634/892/1634
f 524/479/524 525/477/525 1217/477/1217 1219/479/1219
f 1070/1092/1070 1071/1093/1071 1842/1093/1842 1841/1092/1841
f 872/891/872 873/893/873 1635/893/1635 1633/891/1633
f 765/687/765 766/682/766 1423/682/1423 1428/687/1428
f 523/480/523 524/479/524 1219/479/1219 1220/480/1220
f 1071/1093/1071 1072/1094/1072 1843/1094/1843 1842/1093/1842
f 777/685/777 778/688/778 1429/688/1429 1426/685/1426
f 873/893/873 874/894/874 1636/894/1636 1635/893/1635
f 379/478/379 380/481/380 1221/481/1221 1218/478/1218
f 1072/1094/1072 1073/1095/1073 1844/1095/1844 1843/1094/1843
f 764/689/764 765/687/765 1428/687/1428 1430/689/1430
f 863/895/863 864/892/864 1634/892/1634 1637/895/1637
f 522/482/522 523/480/523 1220/480/1220 1222/482/1222
f 1073/1095/1073 1074/1096/1074 1845/1096/1845 1844/1095/1844
f 778/688/778 779/690/779 1431/690/1431 1429/688/1429
f 874/894/874 875/896/875 1638/896/1638 1636/894/1636
f 508/484/508 509/483/509 1224/483/1224 1223/484/1223
f 1074/1096/1074 1075/1097/1075 1846/1097/1846 1845/1096/1845
f 875/896/875 876/897/876 1639/897/1639 1638/896/1638
f 507/485/507 508/484/508 1223/484/1223 1225/485/1225
f 782/691/782 783/684/783 1425/684/1425 1432/691/1432
f 509/483/509 510/486/510 1226/486/1226 1224/483/1224
f 1075/1097/1075 1076/1098/1076 1847/1098/1847 1846/1097/1846
f 723/686/723 724/692/724 1433/692/1433 1427/686/1427
f 862/898/862 863/895/863 1637/895/1637 1640/898/1640
f 779/690/779 780/693/780 1434/693/1434 1431/690/1431
f 876/897/876 877/899/877 1641/899/1641 1639/897/1639
f 506/487/506 507/485/507 1225/485/1225 1227/487/1227
f 510/486/510 511/488/511 1228/488/1228 1226/486/1226
f 1082/1099/1082 1083/1100/1083 1849/1100/1849 1848/1099/1848
f 763/694/763 764/689/764 1430/689/1430 1435/694/1435
f 861/900/861 862/898/862 1640/898/1640 1642/900/1642
f 1083/1100/1083 1084/665/1084 1850/665/1850 1849/1100/1849
f 780/693/780 781/695/781 1436/695/1436 1434/693/1434
f 877/899/877 878/901/878 1643/901/1643 1641/899/1641
f 505/489/505 506/487/506 1227/487/1227 1229/489/1229
f 511/488/511 512/490/512 1230/490/1230 1228/488/1228
f 1084/665/1084 1085/1054/1085 1800/1054/1800 1850/665/1850
f 724/692/724 725/696/725 1437/696/1437 1433/692/1433
f 512/490/512 513/491/513 1231/491/1231 1230/490/1230
f 1081/1101/1081 1082/1099/1082 1848/1099/1848 1851/1101/1851
f 781/695/781 782/691/782 1432/691/1432 1436/695/1436
f 878/901/878 879/903/879 1645/903/1645 1643/901/1643
f 1080/1102/1080 1081/1101/1081 1851/1101/1851 1852/1102/1852
f 504/492/504 505/489/505 1229/489/1229 1232/492/1232
f 762/697/762 763/694/763 1435/694/1435 1438/697/1438
f 818/904/818 819/902/819 1644/902/1644 1646/904/1646
f 1079/1103/1079 1080/1102/1080 1852/1102/1852 1853/1103/1853
f 819/902/819 820/905/820 1647/905/1647 1644/902/1644
f 521/493/521 522/482/522 1222/482/1222 1233/493/1233
f 513/491/513 514/494/514 1234/494/1234 1231/491/1231
f 1078/1104/1078 1079/1103/1079 1853/1103/1853 1854/1104/1854
f 761/698/761 762/697/762 1438/697/1438 1439/698/1439
f 820/905/820 821/906/821 1648/906/1648 1647/905/1647
f 1076/1098/1076 1077/1105/1077 1855/1105/1855 1847/1098/1847
f 725/696/725 726/699/726 1440/699/1440 1437/696/1437
f 1077/1105/1077 1078/1104/1078 1854/1104/1854 1855/1105/1855
f 503/495/503 504/492/504 1232/492/1232 1235/495/1235
f 817/907/817 818/904/818 1646/904/1646 1649/907/1649
f 514/494/514 515/496/515 1236/496/1236 1234/494/1234
f 1063/1106/1063 1064/1086/1064 1835/1086/1835 1856/1106/1856
f 760/700/760 761/698/761 1439/698/1439 1441/700/1441
f 879/903/879 880/908/880 1650/908/1650 1645/903/1645
f 991/1085/991 992/1107/992 1857/1107/1857 1834/1085/1834
f 726/699/726 727/701/727 1442/701/1442 1440/699/1440
f 515/496/515 516/497/516 1237/497/1237 1236/496/1236
f 821/906/821 822/909/822 1651/909/1651 1648/906/1648
f 1062/1108/1062 1063/1106/1063 1856/1106/1856 1858/1108/1858
f 759/702/759 760/700/760 1441/700/1441 1443/702/1443
f 502/498/502 503/495/503 1235/495/1235 1238/498/1238
f 992/1107/992 993/1109/993 1859/1109/1859 1857/1107/1857
f 816/910/816 817/907/817 1649/907/1649 1652/910/1652
f 516/497/516 517/499/517 1239/499/1239 1237/497/1237
f 758/703/758 759/702/759 1443/702/1443 1444/703/1444
f 979/1075/979 980/1110/980 1860/1110/1860 1823/1075/1823
f 727/701/727 728/704/728 1445/704/1445 1442/701/1442
f 860/911/860 861/900/861 1642/900/1642 1653/911/1653
f 980/1110/980 981/1076/981 1824/1076/1824 1860/1110/1860
f 880/908/880 881/912/881 1654/912/1654 1650/908/1650
f 501/500/501 502/498/502 1238/498/1238 1240/500/1240
f 517/499/517 518/501/518 1241/501/1241 1239/499/1239
f 978/1111/978 979/1075/979 1823/1075/1823 1861/1111/1861
f 757/705/757 758/703/758 1444/703/1444 1446/705/1446
f 822/909/822 823/913/823 1655/913/1655 1651/909/1651
f 993/1109/993 994/1112/994 1862/1112/1862 1859/1109/1859
f 756/706/756 757/705/757 1446/705/1446 1447/706/1447
f 881/912/881 882/914/882 1656/914/1656 1654/912/1654
f 520/502/520 521/493/521 1233/493/1233 1242/502/1242
f 380/481/380 381/503/381 1243/503/1243 1221/481/1221
f 1061/1113/1061 1062/1108/1062 1858/1108/1858 1863/1113/1863
f 755/707/755 756/706/756 1447/706/1447 1448/707/1448
f 906/1074/906 907/1114/907 1864/1114/1864 1822/1074/1822
f 728/704/728 729/708/729 1449/708/1449 1445/704/1445
f 815/915/815 816/910/816 1652/910/1652 1657/915/1657
f 882/914/882 883/916/883 1658/916/1658 1656/914/1656
f 500/504/500 501/500/501 1240/500/1240 1244/504/1244
f 994/1112/994 995/1115/995 1865/1115/1865 1862/1112/1862
f 518/501/518 519/505/519 1245/505/1245 1241/501/1241
f 754/709/754 755/707/755 1448/707/1448 1450/709/1450
f 883/916/883 884/917/884 1659/917/1659 1658/916/1658
f 519/505/519 520/502/520 1242/502/1242 1245/505/1245
f 1060/1116/1060 1061/1113/1061 1863/1113/1863 1866/1116/1866
f 753/710/753 754/709/754 1450/709/1450 1451/710/1451
f 884/917/884 885/918/885 1660/918/1660 1659/917/1659
f 977/1117/977 978/1111/978 1861/1111/1861 1867/1117/1867
f 752/711/752 753/710/753 1451/710/1451 1452/711/1452
f 823/913/823 824/919/824 1661/919/1661 1655/913/1655
f 499/506/499 500/504/500 1244/504/1244 1246/506/1246
f 907/1114/907 908/1118/908 1868/1118/1868 1864/1114/1864
f 751/712/751 752/711/752 1452/711/1452 1453/712/1453
f 885/918/885 886/920/886 1662/920/1662 1660/918/1660
f 995/1115/995 996/1119/996 1869/1119/1869 1865/1115/1865
f 410/507/410 411/508/411 1248/508/1248 1247/507/1247
f 750/713/750 751/712/751 1453/712/1453 1454/713/1454
f 886/920/886 887/921/887 1663/921/1663 1662/920/1662
f 1059/1120/1059 1060/1116/1060 1866/1116/1866 1870/1120/1870
f 749/714/749 750/713/750 1454/713/1454 1455/714/1455
f 411/508/411 412/509/412 1249/509/1249 1248/508/1248
f 996/1119/996 997/1121/997 1871/1121/1871 1869/1119/1869
f 729/708/729 730/715/730 1456/715/1456 1449/708/1449
f 814/922/814 815/915/815 1657/915/1657 1664/922/1664
f 887/921/887 888/923/888 1665/923/1665 1663/921/1663
f 498/510/498 499/506/499 1246/506/1246 1250/510/1250
f 976/1122/976 977/1117/977 1867/1117/1867 1872/1122/1872
f 748/716/748 749/714/749 1455/714/1455 1457/716/1457
f 888/923/888 889/924/889 1666/924/1666 1665/923/1665
f 412/509/412 413/511/413 1251/511/1251 1249/509/1249
f 908/1118/908 909/1123/909 1873/1123/1873 1868/1118/1868
f 747/717/747 748/716/748 1457/716/1457 1458/717/1458
f 889/924/889 890/925/890 1667/925/1667 1666/924/1666
f 409/512/409 410/507/410 1247/507/1247 1252/512/1252
f 1058/1124/1058 1059/1120/1059 1870/1120/1870 1874/1124/1874
f 746/718/746 747/717/747 1458/717/1458 1459/718/1459
f 824/919/824 825/926/825 1668/926/1668 1661/919/1661
f 413/511/413 414/513/414 1253/513/1253 1251/511/1251
f 997/1121/997 998/1125/998 1875/1125/1875 1871/1121/1871
f 745/719/745 746/718/746 1459/718/1459 1460/719/1460
f 414/513/414 415/514/415 1254/514/1254 1253/513/1253
f 859/927/859 860/911/860 1653/911/1653 1669/927/1669
f 975/1126/975 976/1122/976 1872/1122/1872 1876/1126/1876
f 744/720/744 745/719/745 1460/719/1460 1461/720/1461
f 890/925/890 891/449/891 1670/449/1670 1667/925/1667
f 998/1125/998 999/1127/999 1877/1127/1877 1875/1125/1875
f 408/515/408 409/512/409 1252/512/1252 1255/515/1255
f 743/721/743 744/720/744 1461/720/1461 1462/721/1462
f 891/449/891 806/443/806 1671/443/1671 1670/449/1670
f 415/514/415 416/516/416 1256/516/1256 1254/514/1254
f 1057/1128/1057 1058/1124/1058 1874/1124/1874 1878/1128/1878
f 742/722/742 743/721/743 1462/721/1462 1463/722/1463
f 806/443/806 807/928/807 1672/928/1672 1671/443/1671
f 909/1123/909 910/1129/910 1879/1129/1879 1873/1123/1873
f 730/715/730 731/723/731 1464/723/1464 1456/715/1456
f 497/517/497 498/510/498 1250/510/1250 1257/517/1257
f 416/516/416 417/518/417 1258/518/1258 1256/516/1256
f 999/1127/999 1000/1130/1000 1880/1130/1880 1877/1127/1877
f 809/929/809 810/930/810 1674/930/1674 1673/929/1673
f 741/724/741 742/722/742 1463/722/1463 1465/724/1465
f 810/930/810 811/931/811 1675/931/1675 1674/930/1674
f 407/519/407 408/515/408 1255/515/1255 1259/519/1259
f 1056/1131/1056 1057/1128/1057 1878/1128/1878 1881/1131/1881
f 740/725/740 741/724/741 1465/724/1465 1466/725/1466
f 417/518/417 418/520/418 1260/520/1260 1258/518/1258
f 811/931/811 812/932/812 1676/932/1676 1675/931/1675
f 974/1132/974 975/1126/975 1876/1126/1876 1882/1132/1882
f 739/726/739 740/725/740 1466/725/1466 1467/726/1467
f 1000/1130/1000 1001/1133/1001 1883/1133/1883 1880/1130/1880
f 812/932/812 813/933/813 1677/933/1677 1676/932/1676
f 406/521/406 407/519/407 1259/519/1259 1261/521/1261
f 738/727/738 739/726/739 1467/726/1467 1468/727/1468
f 418/520/418 419/522/419 1262/522/1262 1260/520/1260
f 910/1129/910 911/1134/911 1884/1134/1884 1879/1129/1879
f 813/933/813 814/922/814 1664/922/1664 1677/933/1677
f 737/728/737 738/727/738 1468/727/1468 1469/728/1469
f 825/926/825 826/934/826 1678/934/1678 1668/926/1668
f 1001/1133/1001 1002/1135/1002 1885/1135/1885 1883/1133/1883
f 496/523/496 497/517/497 1257/517/1257 1263/523/1263
f 736/729/736 737/728/737 1469/728/1469 1470/729/1470
f 826/934/826 827/935/827 1679/935/1679 1678/934/1678
f 419/522/419 420/524/420 1264/524/1264 1262/522/1262
f 731/723/731 732/730/732 1471/730/1471 1464/723/1464
f 1055/1136/1055 1056/1131/1056 1881/1131/1881 1886/1136/1886
f 381/503/381 382/525/382 1265/525/1265 1243/503/1243
f 858/936/858 859/927/859 1669/927/1669 1680/936/1680
f 973/1137/973 974/1132/974 1882/1132/1882 1887/1137/1887
f 735/731/735 736/729/736 1470/729/1470 1472/731/1472
f 827/935/827 828/937/828 1681/937/1681 1679/935/1679
f 1002/1135/1002 1003/1138/1003 1888/1138/1888 1885/1135/1885
f 405/526/405 406/521/406 1261/521/1261 1266/526/1266
f 734/732/734 735/731/735 1472/731/1472 1473/732/1473
f 420/524/420 421/527/421 1267/527/1267 1264/524/1264
f 911/1134/911 912/1139/912 1889/1139/1889 1884/1134/1884
f 732/730/732 733/733/733 1474/733/1474 1471/730/1471
f 857/938/857 858/936/858 1680/936/1680 1682/938/1682
f 733/733/733 734/732/734 1473/732/1473 1474/733/1474
f 828/937/828 829/939/829 1683/939/1683 1681/937/1681
f 647/735/647 648/734/648 1476/734/1476 1475/735/1475
f 495/528/495 496/523/496 1263/523/1263 1268/528/1268
f 1054/1140/1054 1055/1136/1055 1886/1136/1886 1890/1140/1890
f 807/928/807 808/940/808 1684/940/1684 1672/928/1672
f 421/527/421 422/529/422 1269/529/1269 1267/527/1267
f 1003/1138/1003 1004/1141/1004 1891/1141/1891 1888/1138/1888
f 646/736/646 647/735/647 1475/735/1475 1477/736/1477
f 808/940/808 809/929/809 1673/929/1673 1684/940/1684
f 829/939/829 830/941/830 1685/941/1685 1683/939/1683
f 1004/1141/1004 1005/1142/1005 1892/1142/1892 1891/1141/1891
f 645/737/645 646/736/646 1477/736/1477 1478/737/1478
f 404/530/404 405/526/405 1266/526/1266 1270/530/1270
f 648/734/648 649/738/649 1479/738/1479 1476/734/1476
f 422/529/422 423/531/423 1271/531/1271 1269/529/1269
f 1005/1142/1005 1006/1143/1006 1893/1143/1893 1892/1142/1892
f 856/942/856 857/938/857 1682/938/1682 1686/942/1686
f 830/941/830 831/943/831 1687/943/1687 1685/941/1685
f 460/533/460 461/532/461 1273/532/1273 1272/533/1272
f 644/739/644 645/737/645 1478/737/1478 1480/739/1480
f 972/1144/972 973/1137/973 1887/1137/1887 1894/1144/1894
f 649/738/649 650/740/650 1481/740/1481 1479/738/1479
f 831/943/831 832/944/832 1688/944/1688 1687/943/1687
f 459/534/459 460/533/460 1272/533/1272 1274/534/1274
f 1053/1145/1053 1054/1140/1054 1890/1140/1890 1895/1145/1895
f 494/535/494 495/528/495 1268/528/1268 1275/535/1275
f 1006/1143/1006 1007/1146/1007 1896/1146/1896 1893/1143/1893
f 643/741/643 644/739/644 1480/739/1480 1482/741/1482
f 855/945/855 856/942/856 1686/942/1686 1689/945/1689
f 650/740/650 651/742/651 1483/742/1483 1481/740/1481
f 832/944/832 833/946/833 1690/946/1690 1688/944/1688
f 403/536/403 404/530/404 1270/530/1270 1276/536/1276
f 1027/1148/1027 1028/1147/1028 1898/1147/1898 1897/1148/1897
f 423/531/423 424/537/424 1277/537/1277 1271/531/1271
f 1026/1149/1026 1027/1148/1027 1897/1148/1897 1899/1149/1899
f 642/743/642 643/741/643 1482/741/1482 1484/743/1484
f 854/947/854 855/945/855 1689/945/1689 1691/947/1691
f 651/742/651 652/744/652 1485/744/1485 1483/742/1483
f 833/946/833 834/948/834 1692/948/1692 1690/946/1690
f 493/538/493 494/535/494 1275/535/1275 1278/538/1278
f 1025/1150/1025 1026/1149/1026 1899/1149/1899 1900/1150/1900
f 1007/1146/1007 1008/1151/1008 1901/1151/1901 1896/1146/1896
f 402/539/402 403/536/403 1276/536/1276 1279/539/1279
f 641/745/641 642/743/642 1484/743/1484 1486/745/1486
f 853/949/853 854/947/854 1691/947/1691 1693/949/1693
f 424/537/424 425/540/425 1280/540/1280 1277/537/1277
f 652/744/652 653/746/653 1487/746/1487 1485/744/1485
f 834/948/834 835/950/835 1694/950/1694 1692/948/1692
f 1024/1152/1024 1025/1150/1025 1900/1150/1900 1902/1152/1902
f 461/532/461 462/541/462 1281/541/1281 1273/532/1273
f 1023/1153/1023 1024/1152/1024 1902/1152/1902 1903/1153/1903
f 640/747/640 641/745/641 1486/745/1486 1488/747/1488
f 852/951/852 853/949/853 1693/949/1693 1695/951/1695
f 912/1139/912 913/1154/913 1904/1154/1904 1889/1139/1889
f 653/746/653 654/748/654 1489/748/1489 1487/746/1487
f 835/950/835 836/952/836 1696/952/1696 1694/950/1694
f 492/542/492 493/538/493 1278/538/1278 1282/542/1282
f 425/540/425 426/543/426 1283/543/1283 1280/540/1280
f 1008/1151/1008 1009/1155/1009 1905/1155/1905 1901/1151/1901
f 836/952/836 837/953/837 1697/953/1697 1696/952/1696
f 639/749/639 640/747/640 1488/747/1488 1490/749/1490
f 654/748/654 655/750/655 1491/750/1491 1489/748/1489
f 401/544/401 402/539/402 1279/539/1279 1284/544/1284
f 1022/1156/1022 1023/1153/1023 1903/1153/1903 1906/1156/1906
f 851/954/851 852/951/852 1695/951/1695 1698/954/1698
f 382/525/382 383/545/383 1285/545/1285 1265/525/1265
f 1009/1155/1009 1010/1157/1010 1907/1157/1907 1905/1155/1905
f 837/953/837 838/955/838 1699/955/1699 1697/953/1697
f 638/751/638 639/749/639 1490/749/1490 1492/751/1492
f 838/955/838 839/956/839 1700/956/1700 1699/955/1699
f 491/546/491 492/542/492 1282/542/1282 1286/546/1286
f 1021/1158/1021 1022/1156/1022 1906/1156/1906 1908/1158/1908
f 637/752/637 638/751/638 1492/751/1492 1493/752/1493
f 655/750/655 656/753/656 1494/753/1494 1491/750/1491
f 458/547/458 459/534/459 1274/534/1274 1287/547/1287
f 1020/761/1020 1021/1158/1021 1908/1158/1908 1909/761/1909
f 850/957/850 851/954/851 1698/954/1698 1701/957/1701
f 426/543/426 427/548/427 1288/548/1288 1283/543/1283
f 1010/1157/1010 1011/1159/1011 1910/1159/1910 1907/1157/1907
f 839/956/839 840/958/840 1702/958/1702 1700/956/1700
f 636/754/636 637/752/637 1493/752/1493 1495/754/1495
f 462/541/462 463/549/463 1289/549/1289 1281/541/1281
f 656/753/656 657/755/657 1496/755/1496 1494/753/1494
f 840/958/840 841/959/841 1703/959/1703 1702/958/1702
f 1019/1160/1019 1020/761/1020 1909/761/1909 1911/1160/1911
f 1011/1159/1011 1012/1161/1012 1912/1161/1912 1910/1159/1910
f 400/550/400 401/544/401 1284/544/1284 1290/550/1290
f 635/756/635 636/754/636 1495/754/1495 1497/756/1497
f 849/960/849 850/957/850 1701/957/1701 1704/960/1704
f 657/755/657 658/757/658 1498/757/1498 1496/755/1496
f 841/959/841 842/961/842 1705/961/1705 1703/959/1703
f 490/551/490 491/546/491 1286/546/1286 1291/551/1291
f 1018/1162/1018 1019/1160/1019 1911/1160/1911 1913/1162/1913
f 427/548/427 428/552/428 1292/552/1292 1288/548/1288
f 1012/1161/1012 1013/1163/1013 1914/1163/1914 1912/1161/1912
f 842/961/842 843/962/843 1706/962/1706 1705/961/1705
f 634/758/634 635/756/635 1497/756/1497 1499/758/1499
f 658/757/658 659/759/659 1500/759/1500 1498/757/1498
f 843/962/843 844/963/844 1707/963/1707 1706/962/1706
f 399/553/399 400/550/400 1290/550/1290 1293/553/1293
f 1017/1164/1017 1018/1162/1018 1913/1162/1913 1915/1164/1915
f 463/549/463 464/554/464 1294/554/1294 1289/549/1289
f 1016/1165/1016 1017/1164/1017 1915/1164/1915 1916/1165/1916
f 633/760/633 634/758/634 1499/758/1499 1501/760/1501
f 848/964/848 849/960/849 1704/960/1704 1708/964/1708
f 1013/1163/1013 1014/1166/1014 1917/1166/1917 1914/1163/1914
f 659/759/659 660/761/660 1502/761/1502 1500/759/1500
f 489/555/489 490/551/490 1291/551/1291 1295/555/1295
f 847/965/847 848/964/848 1708/964/1708 1709/965/1709
f 428/552/428 429/556/429 1296/556/1296 1292/552/1292
f 660/761/660 661/762/661 1503/762/1503 1502/761/1502
f 1015/1167/1015 1016/1165/1016 1916/1165/1916 1918/1167/1918
f 846/966/846 847/965/847 1709/965/1709 1710/966/1710
f 1014/1166/1014 1015/1167/1015 1918/1167/1918 1917/1166/1917
f 661/762/661 662/763/662 1504/763/1504 1503/762/1503
f 844/963/844 845/967/845 1711/967/1711 1707/963/1707
f 457/557/457 458/547/458 1287/547/1287 1297/557/1297
f 845/967/845 846/966/846 1710/966/1710 1711/967/1711
f 662/763/662 663/764/663 1505/764/1505 1504/763/1504
f 1116/717/1116 1117/968/1117 1713/968/1713 1712/717/1712
f 398/558/398 399/553/399 1293/553/1293 1298/558/1298
f 1052/792/1052 1053/1145/1053 1895/1145/1895 1919/792/1919
f 663/764/663 664/765/664 1506/765/1506 1505/764/1505
f 1115/969/1115 1116/717/1116 1712/717/1712 1714/969/1714
f 488/559/488 489/555/489 1295/555/1295 1299/559/1299
f 429/556/429 430/560/430 1300/560/1300 1296/556/1296
f 971/1168/971 972/1144/972 1894/1144/1894 1920/1168/1920
f 664/765/664 665/766/665 1507/766/1507 1506/765/1506
f 1114/970/1114 1115/969/1115 1714/969/1714 1715/970/1715
f 464/554/464 465/561/465 1301/561/1301 1294/554/1294
f 1051/1169/1051 1052/792/1052 1919/792/1919 1921/1169/1921
f 665/766/665 666/767/666 1508/767/1508 1507/766/1507
f 1113/971/1113 1114/970/1114 1715/970/1715 1716/971/1716
f 913/1154/913 914/1170/914 1922/1170/1922 1904/1154/1904
f 1117/968/1117 1118/972/1118 1717/972/1717 1713/968/1713
f 383/545/383 384/562/384 1302/562/1302 1285/545/1285
f 666/767/666 667/768/667 1509/768/1509 1508/767/1508
f 1050/1171/1050 1051/1169/1051 1921/1169/1921 1923/1171/1923
f 667/768/667 668/769/668 1510/769/1510 1509/768/1509
f 1112/973/1112 1113/971/1113 1716/971/1716 1718/973/1718
f 397/563/397 398/558/398 1298/558/1298 1303/563/1303
f 1118/972/1118 1119/974/1119 1719/974/1719 1717/972/1717
f 970/1172/970 971/1168/971 1920/1168/1920 1924/1172/1924
f 668/769/668 669/770/669 1511/770/1511 1510/769/1510
f 487/564/487 488/559/488 1299/559/1299 1304/564/1304
f 430/560/430 431/565/431 1305/565/1305 1300/560/1300
f 1049/1173/1049 1050/1171/1050 1923/1171/1923 1925/1173/1925
f 669/770/669 670/771/670 1512/771/1512 1511/770/1511
f 1111/975/1111 1112/973/1112 1718/973/1718 1720/975/1720
f 914/1170/914 915/1174/915 1926/1174/1926 1922/1170/1922
f 1119/974/1119 1120/976/1120 1721/976/1721 1719/974/1719
f 621/773/621 622/772/622 1514/772/1514 1513/773/1513
f 456/566/456 457/557/457 1297/557/1297 1306/566/1306
f 1048/1175/1048 1049/1173/1049 1925/1173/1925 1927/1175/1927
f 620/774/620 621/773/621 1513/773/1513 1515/774/1515
f 1110/977/1110 1111/975/1111 1720/975/1720 1722/977/1722
f 486/567/486 487/564/487 1304/564/1304 1307/567/1307
f 622/772/622 623/775/623 1516/775/1516 1514/772/1514
f 1120/976/1120 1121/978/1121 1723/978/1723 1721/976/1721
f 969/1176/969 970/1172/970 1924/1172/1924 1928/1176/1928
f 396/568/396 397/563/397 1303/563/1303 1308/568/1308
f 623/775/623 624/776/624 1517/776/1517 1516/775/1516
f 465/561/465 466/569/466 1309/569/1309 1301/561/1301
f 1047/1177/1047 1048/1175/1048 1927/1175/1927 1929/1177/1929
f 1109/979/1109 1110/977/1110 1722/977/1722 1724/979/1724
f 915/1174/915 916/1178/916 1930/1178/1930 1926/1174/1926
f 624/776/624 625/777/625 1518/777/1518 1517/776/1517
f 1121/978/1121 1122/980/1122 1725/980/1725 1723/978/1723
f 431/565/431 432/570/432 1310/570/1310 1305/565/1305
f 625/777/625 626/778/626 1519/778/1519 1518/777/1518
f 1155/982/1155 1156/981/1156 1727/981/1727 1726/982/1726
f 1046/1179/1046 1047/1177/1047 1929/1177/1929 1931/1179/1931
f 485/571/485 486/567/486 1307/567/1307 1311/571/1311
f 1028/1147/1028 1029/1180/1029 1932/1180/1932 1898/1147/1898
f 626/778/626 627/779/627 1520/779/1520 1519/778/1519
f 1154/983/1154 1155/982/1155 1726/982/1726 1728/983/1728
f 432/570/432 433/572/433 1312/572/1312 1310/570/1310
f 1029/1180/1029 1030/1181/1030 1933/1181/1933 1932/1180/1932
f 670/771/670 671/780/671 1521/780/1521 1512/771/1512
f 1153/984/1153 1154/983/1154 1728/983/1728 1729/984/1729
f 395/573/395 396/568/396 1308/568/1308 1313/573/1313
f 627/779/627 628/781/628 1522/781/1522 1520/779/1520
f 1108/985/1108 1109/979/1109 1724/979/1724 1730/985/1730
f 1045/1182/1045 1046/1179/1046 1931/1179/1931 1934/1182/1934
f 1122/980/1122 1123/986/1123 1731/986/1731 1725/980/1725
f 484/574/484 485/571/485 1311/571/1311 1314/574/1314
f 1030/1181/1030 1031/1183/1031 1935/1183/1935 1933/1181/1933
f 628/781/628 629/782/629 1523/782/1523 1522/781/1522
f 466/569/466 467/575/467 1315/575/1315 1309/569/1309
f 1031/1183/1031 1032/1184/1032 1936/1184/1936 1935/1183/1935
f 629/782/629 630/783/630 1524/783/1524 1523/782/1523
f 1152/987/1152 1153/984/1153 1729/984/1729 1732/987/1732
f 1156/981/1156 1157/988/1157 1733/988/1733 1727/981/1727
f 455/576/455 456/566/456 1306/566/1306 1316/576/1316
f 630/783/630 631/784/631 1525/784/1525 1524/783/1524
f 433/572/433 434/577/434 1317/577/1317 1312/572/1312
f 968/1185/968 969/1176/969 1928/1176/1928 1937/1185/1937
f 1032/1184/1032 1033/1186/1033 1938/1186/1938 1936/1184/1936
f 544/443/544 545/785/545 1527/785/1527 1526/443/1526
f 1107/989/1107 1108/985/1108 1730/985/1730 1734/989/1734
f 1123/986/1123 1124/990/1124 1735/990/1735 1731/986/1731
f 483/578/483 484/574/484 1314/574/1314 1318/578/1318
f 694/786/694 544/443/544 1526/443/1526 1528/786/1528
f 1044/1187/1044 1045/1182/1045 1934/1182/1934 1939/1187/1939
f 631/784/631 632/787/632 1529/787/1529 1525/784/1525
f 394/579/394 395/573/395 1313/573/1313 1319/579/1319
f 1033/1186/1033 1034/1188/1034 1940/1188/1940 1938/1186/1938
f 1151/991/1151 1152/987/1152 1732/987/1732 1736/991/1736
f 384/562/384 385/580/385 1320/580/1320 1302/562/1302
f 1157/988/1157 1158/992/1158 1737/992/1737 1733/988/1733
f 1034/1188/1034 1035/1189/1035 1941/1189/1941 1940/1188/1940
f 693/788/693 694/786/694 1528/786/1528 1530/788/1530
f 467/575/467 468/581/468 1321/581/1321 1315/575/1315
f 632/787/632 633/760/633 1501/760/1501 1529/787/1529
f 1106/993/1106 1107/989/1107 1734/989/1734 1738/993/1738
f 1043/1190/1043 1044/1187/1044 1939/1187/1939 1942/1190/1942
f 482/582/482 483/578/483 1318/578/1318 1322/582/1322
f 1035/1189/1035 1036/607/1036 1943/607/1943 1941/1189/1941
f 1150/994/1150 1151/991/1151 1736/991/1736 1739/994/1739
f 434/577/434 435/583/435 1323/583/1323 1317/577/1317
f 692/789/692 693/788/693 1530/788/1530 1531/789/1531
f 1124/990/1124 1125/995/1125 1740/995/1740 1735/990/1735
f 1042/1191/1042 1043/1190/1043 1942/1190/1942 1944/1191/1944
f 691/790/691 692/789/692 1531/789/1531 1532/790/1532
f 1158/992/1158 1159/996/1159 1741/996/1741 1737/992/1737
f 481/584/481 482/582/482 1322/582/1322 1324/584/1324
f 1036/607/1036 1037/1192/1037 1945/1192/1945 1943/607/1943
f 690/791/690 691/790/691 1532/790/1532 1533/791/1533
f 393/585/393 394/579/394 1319/579/1319 1325/585/1325
f 1037/1192/1037 1038/1193/1038 1946/1193/1946 1945/1192/1945
f 1105/997/1105 1106/993/1106 1738/993/1738 1742/997/1742
f 689/792/689 690/791/690 1533/791/1533 1534/792/1534
f 454/586/454 455/576/455 1316/576/1316 1326/586/1326
f 671/780/671 672/793/672 1535/793/1535 1521/780/1521
f 1149/998/1149 1150/994/1150 1739/994/1739 1743/998/1743
f 435/583/435 436/587/436 1327/587/1327 1323/583/1323
f 1041/1194/1041 1042/1191/1042 1944/1191/1944 1947/1194/1947
f 1125/995/1125 1126/999/1126 1744/999/1744 1740/995/1740
f 1038/1193/1038 1039/1195/1039 1948/1195/1948 1946/1193/1946
f 468/581/468 469/588/469 1328/588/1328 1321/581/1321
f 688/794/688 689/792/689 1534/792/1534 1536/794/1536
f 1159/996/1159 1160/1000/1160 1745/1000/1745 1741/996/1741
f 916/1178/916 917/1196/917 1949/1196/1949 1930/1178/1930
f 672/793/672 673/795/673 1537/795/1537 1535/793/1535
f 480/589/480 481/584/481 1324/584/1324 1329/589/1329
f 1039/1195/1039 1040/1197/1040 1950/1197/1950 1948/1195/1948
f 673/795/673 674/796/674 1538/796/1538 1537/795/1537
f 1104/1001/1104 1105/997/1105 1742/997/1742 1746/1001/1746
f 1040/1197/1040 1041/1194/1041 1947/1194/1947 1950/1197/1950
f 479/590/479 480/589/480 1329/589/1329 1330/590/1330
f 1148/683/1148 1149/998/1149 1743/998/1743 1747/683/1747
f 436/587/436 437/591/437 1331/591/1331 1327/587/1327
f 967/1198/967 968/1185/968 1937/1185/1937 1951/1198/1951
f 687/797/687 688/794/688 1536/794/1536 1539/797/1539
f 1126/999/1126 1127/1002/1127 1748/1002/1748 1744/999/1744
f 917/1196/917 918/1199/918 1952/1199/1952 1949/1196/1949
f 674/796/674 675/798/675 1540/798/1540 1538/796/1538
f 392/592/392 393/585/393 1325/585/1325 1332/592/1332
f 675/798/675 676/799/676 1541/799/1541 1540/798/1540
f 1103/1003/1103 1104/1001/1104 1746/1001/1746 1749/1003/1749
f 469/588/469 470/593/470 1333/593/1333 1328/588/1328
f 966/1200/966 967/1198/967 1951/1198/1951 1953/1200/1953
f 1160/1000/1160 1161/1004/1161 1750/1004/1750 1745/1000/1745
f 918/1199/918 919/1201/919 1954/1201/1954 1952/1199/1952
f 686/800/686 687/797/687 1539/797/1539 1542/800/1542
f 478/594/478 479/590/479 1330/590/1330 1334/594/1334
f 676/799/676 677/801/677 1543/801/1543 1541/799/1541
f 1147/1005/1147 1148/683/1148 1747/683/1747 1751/1005/1751
f 965/1202/965 966/1200/966 1953/1200/1953 1955/1202/1955
f 1127/1002/1127 1128/1006/1128 1752/1006/1752 1748/1002/1748
f 453/595/453 454/586/454 1326/586/1326 1335/595/1335
f 677/801/677 678/802/678 1544/802/1544 1543/801/1543
f 964/1203/964 965/1202/965 1955/1202/1955 1956/1203/1956
f 477/596/477 478/594/478 1334/594/1334 1336/596/1336
f 919/1201/919 920/1204/920 1957/1204/1957 1954/1201/1954
f 1102/1007/1102 1103/1003/1103 1749/1003/1749 1753/1007/1753
f 437/591/437 438/597/438 1337/597/1337 1331/591/1331
f 685/803/685 686/800/686 1542/800/1542 1545/803/1545
f 1161/1004/1161 1162/1008/1162 1754/1008/1754 1750/1004/1750
f 678/802/678 679/804/679 1546/804/1546 1544/802/1544
f 963/1205/963 964/1203/964 1956/1203/1956 1958/1205/1958
