# Blender 4.5.3 LTS
# www.blender.org
mtllib raita.mtl
o 立方体
v -0.622225 0.082378 0.099089
v -0.622225 0.180760 0.143174
v -0.699244 0.180760 0.099089
v -0.622225 0.085728 0.110495
v -0.622225 0.095563 0.121135
v -0.622225 0.111194 0.130262
v -0.642152 0.085728 0.099089
v -0.642779 0.089717 0.110951
v -0.642444 0.099664 0.121203
v -0.642030 0.113502 0.129200
v -0.660741 0.095563 0.099089
v -0.660880 0.099727 0.110728
v -0.658912 0.108065 0.120099
v -0.657298 0.118822 0.126841
v -0.666692 0.123959 0.124542
v -0.642152 0.180760 0.141673
v -0.660741 0.180760 0.137266
v -0.676686 0.180760 0.130262
v -0.622225 0.155306 0.141673
v -0.642949 0.154505 0.139886
v -0.660859 0.154933 0.135428
v -0.674830 0.155461 0.129228
v -0.622225 0.131561 0.137266
v -0.642560 0.131384 0.135400
v -0.658930 0.133897 0.131664
v -0.670709 0.135959 0.126844
v -0.696622 0.155306 0.099089
v -0.688922 0.131561 0.099089
v -0.676686 0.111194 0.099089
v -0.696622 0.180760 0.110495
v -0.693499 0.154288 0.110854
v -0.685712 0.131410 0.110662
v -0.674879 0.113564 0.110425
v -0.688922 0.180760 0.121135
v -0.685662 0.154785 0.121215
v -0.679135 0.133874 0.120088
v -0.670714 0.118829 0.119165
v -0.684150 1.279429 0.098523
v -0.621236 1.279429 0.134535
v -0.681915 1.279429 0.108244
v -0.675741 1.279429 0.116774
v -0.665921 1.279429 0.124100
v -0.653123 1.279429 0.129721
v -0.638219 1.279429 0.133255
v -0.622225 0.082378 -0.349146
v -0.699244 0.180760 -0.349146
v -0.622225 0.180760 -0.393232
v -0.642152 0.085728 -0.349146
v -0.660741 0.095563 -0.349146
v -0.676686 0.111194 -0.349146
v -0.622225 0.085728 -0.360552
v -0.642949 0.089717 -0.360911
v -0.660859 0.099664 -0.360719
v -0.674830 0.113502 -0.360483
v -0.622225 0.095563 -0.371193
v -0.642560 0.099727 -0.371272
v -0.658930 0.108065 -0.370146
v -0.670709 0.118822 -0.369222
v -0.666692 0.123959 -0.374599
v -0.696622 0.180760 -0.360552
v -0.688922 0.180760 -0.371193
v -0.676686 0.180760 -0.380319
v -0.696622 0.155306 -0.349146
v -0.693499 0.154505 -0.361008
v -0.685712 0.154933 -0.371260
v -0.674879 0.155461 -0.379257
v -0.688922 0.131561 -0.349146
v -0.685662 0.131384 -0.360786
v -0.679135 0.133897 -0.370156
v -0.670714 0.135959 -0.376898
v -0.622225 0.155306 -0.391731
v -0.622225 0.131561 -0.387323
v -0.622225 0.111194 -0.380319
v -0.642152 0.180760 -0.391731
v -0.642779 0.154288 -0.389943
v -0.642444 0.131410 -0.385486
v -0.642030 0.113564 -0.379285
v -0.660741 0.180760 -0.387323
v -0.660880 0.154785 -0.385457
v -0.658912 0.133874 -0.381721
v -0.657298 0.118829 -0.376901
v -0.621236 1.279429 -0.384592
v -0.684150 1.279429 -0.348580
v -0.638219 1.279429 -0.383312
v -0.653123 1.279429 -0.379779
v -0.665921 1.279429 -0.374158
v -0.675741 1.279429 -0.366832
v -0.681915 1.279429 -0.358301
v 0.160860 0.082378 0.099089
v 0.237879 0.180760 0.099089
v 0.160860 0.180760 0.143174
v 0.180787 0.085728 0.099089
v 0.199376 0.095563 0.099089
v 0.215321 0.111194 0.099089
v 0.160860 0.085728 0.110495
v 0.181583 0.089717 0.110854
v 0.199494 0.099664 0.110662
v 0.213465 0.113502 0.110425
v 0.160860 0.095563 0.121135
v 0.181195 0.099727 0.121215
v 0.197565 0.108065 0.120088
v 0.209343 0.118822 0.119165
v 0.205327 0.123959 0.124542
v 0.235256 0.180760 0.110495
v 0.227557 0.180760 0.121135
v 0.215321 0.180760 0.130262
v 0.235256 0.155306 0.099089
v 0.232134 0.154505 0.110951
v 0.224347 0.154933 0.121203
v 0.213514 0.155461 0.129200
v 0.227557 0.131561 0.099089
v 0.224297 0.131384 0.110728
v 0.217770 0.133897 0.120099
v 0.209349 0.135959 0.126841
v 0.160860 0.155306 0.141673
v 0.160860 0.131561 0.137266
v 0.160860 0.111194 0.130262
v 0.180787 0.180760 0.141673
v 0.181414 0.154288 0.139886
v 0.181078 0.131410 0.135428
v 0.180665 0.113564 0.129228
v 0.199376 0.180760 0.137266
v 0.199514 0.154785 0.135400
v 0.197547 0.133874 0.131664
v 0.195933 0.118829 0.126844
v 0.159871 1.279429 0.134535
v 0.222785 1.279429 0.098523
v 0.176854 1.279429 0.133255
v 0.191757 1.279429 0.129721
v 0.204556 1.279429 0.124100
v 0.214376 1.279429 0.116774
v 0.220549 1.279429 0.108244
v 0.160860 0.082378 -0.349146
v 0.160860 0.180760 -0.393232
v 0.237879 0.180760 -0.349146
v 0.160860 0.085728 -0.360552
v 0.160860 0.095563 -0.371193
v 0.160860 0.111194 -0.380319
v 0.180787 0.085728 -0.349146
v 0.181414 0.089717 -0.361008
v 0.181078 0.099664 -0.371260
v 0.180665 0.113502 -0.379257
v 0.199376 0.095563 -0.349146
v 0.199514 0.099727 -0.360786
v 0.197547 0.108065 -0.370156
v 0.195933 0.118822 -0.376898
v 0.205327 0.123959 -0.374599
v 0.180787 0.180760 -0.391731
v 0.199376 0.180760 -0.387323
v 0.215321 0.180760 -0.380319
v 0.160860 0.155306 -0.391731
v 0.181583 0.154505 -0.389943
v 0.199494 0.154933 -0.385486
v 0.213465 0.155461 -0.379285
v 0.160860 0.131561 -0.387323
v 0.181195 0.131384 -0.385457
v 0.197565 0.133897 -0.381721
v 0.209343 0.135959 -0.376901
v 0.235256 0.155306 -0.349146
v 0.227557 0.131561 -0.349146
v 0.215321 0.111194 -0.349146
v 0.235256 0.180760 -0.360552
v 0.232134 0.154288 -0.360911
v 0.224347 0.131410 -0.360719
v 0.213514 0.113564 -0.360483
v 0.227557 0.180760 -0.371193
v 0.224297 0.154785 -0.371272
v 0.217770 0.133874 -0.370146
v 0.209349 0.118829 -0.369222
v 0.222785 1.279429 -0.348580
v 0.159871 1.279429 -0.384592
v 0.220549 1.279429 -0.358301
v 0.214376 1.279429 -0.366832
v 0.204556 1.279429 -0.374158
v 0.191757 1.279429 -0.379779
v 0.176854 1.279429 -0.383312
v -0.622225 1.279429 0.143174
v -0.642159 1.279429 0.141672
v -0.660735 1.279429 0.137268
v -0.676686 1.279429 0.130262
v -0.688926 1.279429 0.121132
v -0.696620 1.279429 0.110499
v -0.699244 1.279429 0.099089
v -0.642159 1.279429 -0.391730
v -0.622225 1.279429 -0.393232
v -0.660735 1.279429 -0.387325
v -0.676686 1.279429 -0.380319
v -0.688926 1.279429 -0.371189
v -0.696620 1.279429 -0.360556
v -0.699244 1.279429 -0.349146
v 0.235255 1.279429 -0.360556
v 0.237879 1.279429 -0.349146
v 0.227560 1.279429 -0.371189
v 0.215321 1.279429 -0.380319
v 0.199369 1.279429 -0.387325
v 0.180794 1.279429 -0.391730
v 0.160860 1.279429 -0.393232
v 0.180794 1.279429 0.141672
v 0.160860 1.279429 0.143174
v 0.199369 1.279429 0.137268
v 0.215321 1.279429 0.130262
v 0.227560 1.279429 0.121132
v 0.235255 1.279429 0.110499
v 0.237879 1.279429 0.099089
v -0.621236 1.262464 0.134535
v -0.638219 1.262464 0.133255
v -0.653123 1.262464 0.129721
v -0.665921 1.262464 0.124100
v -0.675741 1.262464 0.116774
v -0.681915 1.262464 0.108244
v -0.684150 1.262464 0.098523
v -0.638219 1.262464 -0.383312
v -0.621236 1.262464 -0.384592
v -0.653123 1.262464 -0.379779
v -0.665921 1.262464 -0.374158
v -0.675741 1.262464 -0.366832
v -0.681915 1.262464 -0.358301
v -0.684150 1.262464 -0.348580
v 0.220549 1.262464 -0.358301
v 0.222785 1.262464 -0.348580
v 0.214376 1.262464 -0.366832
v 0.204556 1.262464 -0.374158
v 0.191757 1.262464 -0.379779
v 0.176854 1.262464 -0.383312
v 0.159871 1.262464 -0.384592
v 0.176854 1.262464 0.133255
v 0.159871 1.262464 0.134535
v 0.191757 1.262464 0.129721
v 0.204556 1.262464 0.124100
v 0.214376 1.262464 0.116774
v 0.220549 1.262464 0.108244
v 0.222785 1.262464 0.098523
vn -0.0846 -0.9854 0.1477
vn -0.0768 -0.8548 0.5133
vn -0.2916 -0.8081 0.5117
vn -0.3217 -0.9352 0.1476
vn -0.0587 -0.6121 0.7886
vn -0.2251 -0.5861 0.7783
vn -0.0464 -0.4084 0.9116
vn -0.1805 -0.4024 0.8975
vn -0.5333 -0.7016 0.4726
vn -0.5879 -0.7976 0.1347
vn -0.4195 -0.5351 0.7333
vn -0.3397 -0.3847 0.8583
vn -0.7092 -0.5549 0.4350
vn -0.7815 -0.6119 0.1215
vn -0.5707 -0.4466 0.6891
vn -0.4630 -0.3625 0.8089
vn -0.0384 -0.0301 0.9988
vn -0.1522 -0.0311 0.9879
vn -0.1591 -0.1240 0.9794
vn -0.0402 -0.1197 0.9920
vn -0.3136 -0.0319 0.9490
vn -0.3198 -0.1265 0.9390
vn -0.4965 -0.0346 0.8673
vn -0.4920 -0.1353 0.8600
vn -0.1646 -0.2541 0.9531
vn -0.0419 -0.2501 0.9673
vn -0.3210 -0.2512 0.9132
vn -0.4796 -0.2596 0.8382
vn -0.9918 -0.0522 0.1164
vn -0.9715 -0.2047 0.1194
vn -0.8795 -0.1954 0.4341
vn -0.9037 -0.0500 0.4252
vn -0.9048 -0.4090 0.1186
vn -0.8184 -0.3812 0.4299
vn -0.6841 -0.1616 0.7112
vn -0.7036 -0.0417 0.7093
vn -0.6481 -0.3116 0.6949
vn -0.0846 -0.9854 -0.1477
vn -0.3215 -0.9354 -0.1468
vn -0.2931 -0.8088 -0.5099
vn -0.0772 -0.8545 -0.5136
vn -0.5882 -0.7976 -0.1335
vn -0.5337 -0.7022 -0.4712
vn -0.7816 -0.6118 -0.1215
vn -0.7088 -0.5552 -0.4351
vn -0.2259 -0.5860 -0.7782
vn -0.0592 -0.6123 -0.7884
vn -0.4198 -0.5352 -0.7331
vn -0.5705 -0.4468 -0.6892
vn -0.1804 -0.4020 -0.8977
vn -0.0464 -0.4085 -0.9116
vn -0.3396 -0.3845 -0.8584
vn -0.4630 -0.3625 -0.8089
vn -0.9918 -0.0522 -0.1164
vn -0.9039 -0.0498 -0.4249
vn -0.8789 -0.1944 -0.4357
vn -0.9714 -0.2048 -0.1201
vn -0.7035 -0.0413 -0.7095
vn -0.6842 -0.1611 -0.7113
vn -0.4964 -0.0346 -0.8674
vn -0.4924 -0.1354 -0.8598
vn -0.8178 -0.3810 -0.4312
vn -0.9048 -0.4087 -0.1196
vn -0.6479 -0.3113 -0.6952
vn -0.4799 -0.2597 -0.8380
vn -0.0384 -0.0301 -0.9988
vn -0.0399 -0.1196 -0.9920
vn -0.1584 -0.1245 -0.9795
vn -0.1523 -0.0313 -0.9878
vn -0.0415 -0.2502 -0.9673
vn -0.1640 -0.2541 -0.9532
vn -0.3198 -0.1270 -0.9389
vn -0.3135 -0.0322 -0.9491
vn -0.3208 -0.2513 -0.9132
vn 0.0846 -0.9854 0.1477
vn 0.3215 -0.9354 0.1468
vn 0.2931 -0.8088 0.5099
vn 0.0772 -0.8545 0.5136
vn 0.5882 -0.7976 0.1335
vn 0.5337 -0.7022 0.4712
vn 0.7816 -0.6118 0.1215
vn 0.7088 -0.5552 0.4351
vn 0.2259 -0.5860 0.7782
vn 0.0592 -0.6123 0.7884
vn 0.4198 -0.5352 0.7331
vn 0.5705 -0.4468 0.6892
vn 0.1804 -0.4020 0.8977
vn 0.0464 -0.4085 0.9116
vn 0.3396 -0.3845 0.8584
vn 0.4630 -0.3625 0.8089
vn 0.9918 -0.0522 0.1164
vn 0.9039 -0.0498 0.4249
vn 0.8789 -0.1944 0.4357
vn 0.9714 -0.2048 0.1201
vn 0.7035 -0.0413 0.7095
vn 0.6842 -0.1611 0.7113
vn 0.4964 -0.0346 0.8674
vn 0.4924 -0.1354 0.8598
vn 0.8178 -0.3810 0.4312
vn 0.9048 -0.4087 0.1196
vn 0.6479 -0.3113 0.6952
vn 0.4798 -0.2597 0.8380
vn 0.0384 -0.0301 0.9988
vn 0.0399 -0.1196 0.9920
vn 0.1584 -0.1245 0.9795
vn 0.1523 -0.0313 0.9878
vn 0.0415 -0.2502 0.9673
vn 0.1640 -0.2541 0.9532
vn 0.3198 -0.1270 0.9389
vn 0.3135 -0.0322 0.9491
vn 0.3208 -0.2513 0.9132
vn 0.0846 -0.9854 -0.1477
vn 0.0768 -0.8548 -0.5133
vn 0.2916 -0.8081 -0.5117
vn 0.3217 -0.9352 -0.1476
vn 0.0587 -0.6121 -0.7886
vn 0.2251 -0.5861 -0.7783
vn 0.0464 -0.4084 -0.9116
vn 0.1805 -0.4024 -0.8975
vn 0.5333 -0.7016 -0.4726
vn 0.5879 -0.7976 -0.1347
vn 0.4195 -0.5351 -0.7333
vn 0.3397 -0.3847 -0.8583
vn 0.7092 -0.5549 -0.4350
vn 0.7815 -0.6119 -0.1215
vn 0.5707 -0.4466 -0.6891
vn 0.4630 -0.3625 -0.8089
vn 0.0384 -0.0301 -0.9988
vn 0.1522 -0.0311 -0.9879
vn 0.1591 -0.1240 -0.9794
vn 0.0402 -0.1197 -0.9920
vn 0.3136 -0.0319 -0.9490
vn 0.3198 -0.1265 -0.9390
vn 0.4965 -0.0346 -0.8673
vn 0.4920 -0.1353 -0.8600
vn 0.1646 -0.2541 -0.9531
vn 0.0419 -0.2501 -0.9673
vn 0.3210 -0.2512 -0.9132
vn 0.4796 -0.2596 -0.8382
vn 0.9918 -0.0522 -0.1164
vn 0.9715 -0.2047 -0.1194
vn 0.8795 -0.1954 -0.4341
vn 0.9037 -0.0500 -0.4252
vn 0.9048 -0.4090 -0.1186
vn 0.8184 -0.3812 -0.4299
vn 0.6841 -0.1616 -0.7112
vn 0.7036 -0.0417 -0.7093
vn 0.6481 -0.3116 -0.6949
vn -0.0375 -0.0000 0.9993
vn -0.1516 -0.0000 0.9884
vn -0.3138 -0.0000 0.9495
vn -0.4968 -0.0000 0.8679
vn -0.7040 -0.0000 0.7102
vn -0.9057 -0.0000 0.4239
vn -0.9935 -0.0000 0.1137
vn -0.0375 -0.0000 -0.9993
vn -0.1516 -0.0000 -0.9884
vn -0.3138 -0.0000 -0.9495
vn -0.4968 -0.0000 -0.8679
vn -0.7040 -0.0000 -0.7102
vn -0.9057 -0.0000 -0.4239
vn -0.9935 -0.0000 -0.1137
vn 0.9935 -0.0000 -0.1137
vn 0.9057 -0.0000 -0.4239
vn 0.7040 -0.0000 -0.7102
vn 0.4968 -0.0000 -0.8679
vn 0.3138 -0.0000 -0.9495
vn 0.1516 -0.0000 -0.9884
vn 0.0375 -0.0000 -0.9993
vn 0.0375 -0.0000 0.9993
vn 0.1516 -0.0000 0.9884
vn 0.3138 -0.0000 0.9495
vn 0.4968 -0.0000 0.8679
vn 0.7040 -0.0000 0.7102
vn 0.9057 -0.0000 0.4239
vn 0.9935 -0.0000 0.1137
vn 0.7041 -0.0000 0.7101
vn -0.0000 1.0000 -0.0000
vn -0.9057 -0.0000 -0.4240
vn -0.9935 -0.0000 -0.1138
vn 0.9057 -0.0000 0.4240
vn 0.9935 -0.0000 0.1138
vn 0.9935 -0.0000 -0.1138
vn -0.9935 -0.0000 0.1138
vn -0.9057 -0.0000 0.4240
vn -0.7041 -0.0000 0.7101
vn 0.7041 -0.0000 -0.7101
vn 0.9057 -0.0000 -0.4240
vn -0.7041 -0.0000 -0.7101
vt 0.145547 0.729453
vt 0.145547 0.734769
vt 0.140063 0.734982
vt 0.140231 0.729453
vt 0.145547 0.739728
vt 0.140153 0.739760
vt 0.145547 0.750000
vt 0.140263 0.750000
vt 0.135235 0.734878
vt 0.135272 0.729453
vt 0.135760 0.739245
vt 0.136190 0.750000
vt 0.125000 0.734737
vt 0.125000 0.729453
vt 0.125000 0.738810
vt 0.133684 0.750000
vt 0.395547 0.979453
vt 0.395547 0.984769
vt 0.390063 0.984982
vt 0.390231 0.979453
vt 0.395547 0.989728
vt 0.390153 0.989760
vt 0.395547 1.000000
vt 0.390263 1.000000
vt 0.385235 0.984878
vt 0.385272 0.979453
vt 0.385760 0.989245
vt 0.386190 1.000000
vt 0.375000 0.984737
vt 0.375000 0.979453
vt 0.375000 0.988810
vt 0.383684 1.000000
vt 0.395547 0.020547
vt 0.390231 0.020547
vt 0.390018 0.015063
vt 0.395547 0.015231
vt 0.385272 0.020547
vt 0.385240 0.015153
vt 0.375000 0.020547
vt 0.375000 0.015263
vt 0.390122 0.010235
vt 0.395547 0.010272
vt 0.385755 0.010760
vt 0.375000 0.011190
vt 0.390263 0.000000
vt 0.395547 0.000000
vt 0.386190 0.000000
vt 0.375000 0.008684
vt 0.145547 0.520547
vt 0.140231 0.520547
vt 0.140018 0.515063
vt 0.145547 0.515231
vt 0.135272 0.520547
vt 0.135240 0.515153
vt 0.125000 0.520547
vt 0.125000 0.515263
vt 0.140122 0.510235
vt 0.145547 0.510272
vt 0.135755 0.510760
vt 0.125000 0.511190
vt 0.140263 0.500000
vt 0.145547 0.500000
vt 0.136190 0.500000
vt 0.125000 0.508684
vt 0.395547 0.229453
vt 0.395547 0.234769
vt 0.390063 0.234982
vt 0.390231 0.229453
vt 0.395547 0.239728
vt 0.390153 0.239760
vt 0.395547 0.250000
vt 0.390263 0.250000
vt 0.385235 0.234878
vt 0.385272 0.229453
vt 0.385760 0.239245
vt 0.386190 0.250000
vt 0.375000 0.234737
vt 0.375000 0.229453
vt 0.375000 0.238810
vt 0.379342 0.254342
vt 0.395547 0.270547
vt 0.390231 0.270547
vt 0.390018 0.265063
vt 0.395547 0.265231
vt 0.385272 0.270547
vt 0.385240 0.265153
vt 0.375000 0.270547
vt 0.375000 0.265263
vt 0.390122 0.260235
vt 0.395547 0.260272
vt 0.385755 0.260760
vt 0.375000 0.261190
vt 0.354453 0.729453
vt 0.359769 0.729453
vt 0.359982 0.734937
vt 0.354453 0.734769
vt 0.364728 0.729453
vt 0.364760 0.734847
vt 0.375000 0.729453
vt 0.375000 0.734737
vt 0.359878 0.739765
vt 0.354453 0.739728
vt 0.364245 0.739240
vt 0.375000 0.738810
vt 0.367363 0.757626
vt 0.364726 0.760273
vt 0.369408 0.755598
vt 0.377895 0.750000
vt 0.395547 0.729453
vt 0.395547 0.734769
vt 0.390063 0.734982
vt 0.390231 0.729453
vt 0.395547 0.739728
vt 0.390153 0.739760
vt 0.395547 0.750000
vt 0.390263 0.750000
vt 0.385235 0.734878
vt 0.385272 0.729453
vt 0.385760 0.739245
vt 0.386190 0.750000
vt 0.395547 0.770547
vt 0.390231 0.770547
vt 0.390018 0.765063
vt 0.395547 0.765231
vt 0.385272 0.770547
vt 0.385240 0.765153
vt 0.390122 0.760235
vt 0.395547 0.760272
vt 0.385755 0.760760
vt 0.354453 0.520547
vt 0.354453 0.515231
vt 0.359937 0.515018
vt 0.359769 0.520547
vt 0.354453 0.510272
vt 0.359847 0.510240
vt 0.364727 0.489726
vt 0.367374 0.492363
vt 0.364765 0.515122
vt 0.364728 0.520547
vt 0.364240 0.510755
vt 0.369402 0.494408
vt 0.375000 0.515263
vt 0.375000 0.520547
vt 0.375000 0.511190
vt 0.375000 0.502895
vt 0.395547 0.479453
vt 0.395547 0.484769
vt 0.390063 0.484982
vt 0.390231 0.479453
vt 0.395547 0.489728
vt 0.390153 0.489760
vt 0.395547 0.500000
vt 0.390263 0.500000
vt 0.385235 0.484878
vt 0.385272 0.479453
vt 0.385760 0.489245
vt 0.386190 0.500000
vt 0.395547 0.520547
vt 0.390231 0.520547
vt 0.390018 0.515063
vt 0.395547 0.515231
vt 0.385272 0.520547
vt 0.385240 0.515153
vt 0.390122 0.510235
vt 0.395547 0.510272
vt 0.385755 0.510759
vt 0.625000 0.979453
vt 0.625000 0.984771
vt 0.625000 0.989727
vt 0.625000 1.000000
vt 0.625000 0.000000
vt 0.625000 0.010273
vt 0.625000 0.015229
vt 0.625000 0.020547
vt 0.625000 0.270547
vt 0.625000 0.265229
vt 0.625000 0.260273
vt 0.625000 0.250000
vt 0.625000 0.239727
vt 0.625000 0.234771
vt 0.625000 0.229453
vt 0.625000 0.520547
vt 0.625673 0.515229
vt 0.627648 0.510273
vt 0.630789 0.505789
vt 0.634882 0.502256
vt 0.639648 0.500093
vt 0.636470 0.490923
vt 0.636470 0.759077
vt 0.639648 0.749907
vt 0.634882 0.747744
vt 0.630789 0.744211
vt 0.627648 0.739727
vt 0.625673 0.734771
vt 0.625000 0.729453
vt 0.866074 0.508886
vt 0.868693 0.512298
vt 0.854095 0.746032
vt 0.858675 0.745389
vt 0.859771 0.749300
vt 0.854453 0.750000
vt 0.862660 0.743735
vt 0.864727 0.747247
vt 0.866074 0.741114
vt 0.868982 0.743982
vt 0.868693 0.737701
vt 0.872247 0.739727
vt 0.870336 0.733728
vt 0.874300 0.734771
vt 0.870927 0.729201
vt 0.875000 0.729453
vt 0.858675 0.504611
vt 0.854096 0.503968
vt 0.854453 0.500000
vt 0.859771 0.500700
vt 0.862659 0.506265
vt 0.864727 0.502753
vt 0.868982 0.506018
vt 0.872247 0.510273
vt 0.870336 0.516272
vt 0.874300 0.515229
vt 0.870927 0.520800
vt 0.875000 0.520547
vt 0.629246 0.515978
vt 0.628682 0.520525
vt 0.630795 0.511916
vt 0.633227 0.508270
vt 0.636231 0.505197
vt 0.638721 0.502079
vt 0.639753 0.498008
vt 0.638721 0.747921
vt 0.639753 0.751992
vt 0.636231 0.744803
vt 0.633227 0.741730
vt 0.630795 0.738084
vt 0.629247 0.734022
vt 0.628682 0.729475
s 1
usemtl kinzoku
f 1/1/1 4/2/2 8/3/3 7/4/4
f 4/2/2 5/5/5 9/6/6 8/3/3
f 5/5/5 6/7/7 10/8/8 9/6/6
f 7/4/4 8/3/3 12/9/9 11/10/10
f 8/3/3 9/6/6 13/11/11 12/9/9
f 9/6/6 10/8/8 14/12/12 13/11/11
f 11/10/10 12/9/9 33/13/13 29/14/14
f 12/9/9 13/11/11 37/15/15 33/13/13
f 13/11/11 14/12/12 15/16/16 37/15/15
f 2/17/17 16/18/18 20/19/19 19/20/20
f 16/18/18 17/21/21 21/22/22 20/19/19
f 17/21/21 18/23/23 22/24/24 21/22/22
f 19/20/20 20/19/19 24/25/25 23/26/26
f 20/19/19 21/22/22 25/27/27 24/25/25
f 21/22/22 22/24/24 26/28/28 25/27/27
f 23/26/26 24/25/25 10/29/8 6/30/7
f 24/25/25 25/27/27 14/31/12 10/29/8
f 25/27/27 26/28/28 15/32/16 14/31/12
f 3/33/29 27/34/30 31/35/31 30/36/32
f 27/34/30 28/37/33 32/38/34 31/35/31
f 28/37/33 29/39/14 33/40/13 32/38/34
f 30/36/32 31/35/31 35/41/35 34/42/36
f 31/35/31 32/38/34 36/43/37 35/41/35
f 32/38/34 33/40/13 37/44/15 36/43/37
f 34/42/36 35/41/35 22/45/24 18/46/23
f 35/41/35 36/43/37 26/47/28 22/45/24
f 36/43/37 37/44/15 15/48/16 26/47/28
f 45/49/38 48/50/39 52/51/40 51/52/41
f 48/50/39 49/53/42 53/54/43 52/51/40
f 49/53/42 50/55/44 54/56/45 53/54/43
f 51/52/41 52/51/40 56/57/46 55/58/47
f 52/51/40 53/54/43 57/59/48 56/57/46
f 53/54/43 54/56/45 58/60/49 57/59/48
f 55/58/47 56/57/46 77/61/50 73/62/51
f 56/57/46 57/59/48 81/63/52 77/61/50
f 57/59/48 58/60/49 59/64/53 81/63/52
f 46/65/54 60/66/55 64/67/56 63/68/57
f 60/66/55 61/69/58 65/70/59 64/67/56
f 61/69/58 62/71/60 66/72/61 65/70/59
f 63/68/57 64/67/56 68/73/62 67/74/63
f 64/67/56 65/70/59 69/75/64 68/73/62
f 65/70/59 66/72/61 70/76/65 69/75/64
f 67/74/63 68/73/62 54/77/45 50/78/44
f 68/73/62 69/75/64 58/79/49 54/77/45
f 69/75/64 70/76/65 59/80/53 58/79/49
f 47/81/66 71/82/67 75/83/68 74/84/69
f 71/82/67 72/85/70 76/86/71 75/83/68
f 72/85/70 73/87/51 77/88/50 76/86/71
f 74/84/69 75/83/68 79/89/72 78/90/73
f 75/83/68 76/86/71 80/91/74 79/89/72
f 76/86/71 77/88/50 81/92/52 80/91/74
f 78/90/73 79/89/72 66/72/61 62/71/60
f 79/89/72 80/91/74 70/76/65 66/72/61
f 80/91/74 81/92/52 59/80/53 70/76/65
f 89/93/75 92/94/76 96/95/77 95/96/78
f 92/94/76 93/97/79 97/98/80 96/95/77
f 93/97/79 94/99/81 98/100/82 97/98/80
f 95/96/78 96/95/77 100/101/83 99/102/84
f 96/95/77 97/98/80 101/103/85 100/101/83
f 97/98/80 98/100/82 102/104/86 101/103/85
f 99/102/84 100/101/83 121/105/87 117/106/88
f 100/101/83 101/103/85 125/107/89 121/105/87
f 101/103/85 102/104/86 103/108/90 125/107/89
f 90/109/91 104/110/92 108/111/93 107/112/94
f 104/110/92 105/113/95 109/114/96 108/111/93
f 105/113/95 106/115/97 110/116/98 109/114/96
f 107/112/94 108/111/93 112/117/99 111/118/100
f 108/111/93 109/114/96 113/119/101 112/117/99
f 109/114/96 110/116/98 114/120/102 113/119/101
f 111/118/100 112/117/99 98/100/82 94/99/81
f 112/117/99 113/119/101 102/104/86 98/100/82
f 113/119/101 114/120/102 103/108/90 102/104/86
f 91/121/103 115/122/104 119/123/105 118/124/106
f 115/122/104 116/125/107 120/126/108 119/123/105
f 116/125/107 117/106/88 121/105/87 120/126/108
f 118/124/106 119/123/105 123/127/109 122/128/110
f 119/123/105 120/126/108 124/129/111 123/127/109
f 120/126/108 121/105/87 125/107/89 124/129/111
f 122/128/110 123/127/109 110/116/98 106/115/97
f 123/127/109 124/129/111 114/120/102 110/116/98
f 124/129/111 125/107/89 103/108/90 114/120/102
f 133/130/112 136/131/113 140/132/114 139/133/115
f 136/131/113 137/134/116 141/135/117 140/132/114
f 137/134/116 138/136/118 142/137/119 141/135/117
f 139/133/115 140/132/114 144/138/120 143/139/121
f 140/132/114 141/135/117 145/140/122 144/138/120
f 141/135/117 142/137/119 146/141/123 145/140/122
f 143/139/121 144/138/120 165/142/124 161/143/125
f 144/138/120 145/140/122 169/144/126 165/142/124
f 145/140/122 146/141/123 147/145/127 169/144/126
f 134/146/128 148/147/129 152/148/130 151/149/131
f 148/147/129 149/150/132 153/151/133 152/148/130
f 149/150/132 150/152/134 154/153/135 153/151/133
f 151/149/131 152/148/130 156/154/136 155/155/137
f 152/148/130 153/151/133 157/156/138 156/154/136
f 153/151/133 154/153/135 158/157/139 157/156/138
f 155/155/137 156/154/136 142/137/119 138/136/118
f 156/154/136 157/156/138 146/141/123 142/137/119
f 157/156/138 158/157/139 147/145/127 146/141/123
f 135/158/140 159/159/141 163/160/142 162/161/143
f 159/159/141 160/162/144 164/163/145 163/160/142
f 160/162/144 161/143/125 165/142/124 164/163/145
f 162/161/143 163/160/142 167/164/146 166/165/147
f 163/160/142 164/163/145 168/166/148 167/164/146
f 164/163/145 165/142/124 169/144/126 168/166/148
f 166/165/147 167/164/146 154/153/135 150/152/134
f 167/164/146 168/166/148 158/157/139 154/153/135
f 168/166/148 169/144/126 147/145/127 158/157/139
f 45/49/38 1/1/1 7/4/4 48/50/39
f 48/50/39 7/4/4 11/10/10 49/53/42
f 49/53/42 11/10/10 29/14/14 50/55/44
f 50/78/44 29/39/14 28/37/33 67/74/63
f 67/74/63 28/37/33 27/34/30 63/68/57
f 63/68/57 27/34/30 3/33/29 46/65/54
f 2/17/17 177/167/149 178/168/150 16/18/18
f 16/18/18 178/168/150 179/169/151 17/21/21
f 17/21/21 179/169/151 180/170/152 18/23/23
f 18/46/23 180/171/152 181/172/153 34/42/36
f 34/42/36 181/172/153 182/173/154 30/36/32
f 30/36/32 182/173/154 183/174/155 3/33/29
f 185/175/156 47/81/66 74/84/69 184/176/157
f 184/176/157 74/84/69 78/90/73 186/177/158
f 186/177/158 78/90/73 62/71/60 187/178/159
f 187/178/159 62/71/60 61/69/58 188/179/160
f 188/179/160 61/69/58 60/66/55 189/180/161
f 189/180/161 60/66/55 46/65/54 190/181/162
f 133/130/112 45/49/38 51/52/41 136/131/113
f 136/131/113 51/52/41 55/58/47 137/134/116
f 137/134/116 55/58/47 73/62/51 138/136/118
f 138/136/118 73/87/51 72/85/70 155/155/137
f 155/155/137 72/85/70 71/82/67 151/149/131
f 151/149/131 71/82/67 47/81/66 134/146/128
f 192/182/163 135/158/140 162/161/143 191/183/164
f 191/183/164 162/161/143 166/165/147 193/184/165
f 193/184/165 166/165/147 150/152/134 194/185/166
f 194/185/166 150/152/134 149/150/132 195/186/167
f 195/186/167 149/150/132 148/147/129 196/187/168
f 196/187/168 148/147/129 134/146/128 197/188/169
f 89/93/75 133/130/112 139/133/115 92/94/76
f 92/94/76 139/133/115 143/139/121 93/97/79
f 93/97/79 143/139/121 161/143/125 94/99/81
f 94/99/81 161/143/125 160/162/144 111/118/100
f 111/118/100 160/162/144 159/159/141 107/112/94
f 107/112/94 159/159/141 135/158/140 90/109/91
f 199/189/170 91/121/103 118/124/106 198/190/171
f 198/190/171 118/124/106 122/128/110 200/191/172
f 200/191/172 122/128/110 106/115/97 201/192/173
f 201/192/173 106/115/97 105/113/95 202/193/174
f 202/193/174 105/113/95 104/110/92 203/194/175
f 203/194/175 104/110/92 90/109/91 204/195/176
f 1/1/1 89/93/75 95/96/78 4/2/2
f 4/2/2 95/96/78 99/102/84 5/5/5
f 5/5/5 99/102/84 117/106/88 6/7/7
f 6/30/7 117/106/88 116/125/107 23/26/26
f 23/26/26 116/125/107 115/122/104 19/20/20
f 19/20/20 115/122/104 91/121/103 2/17/17
f 45/49/38 133/130/112 89/93/75 1/1/1
f 3/33/29 183/174/155 190/181/162 46/65/54
f 91/121/103 199/189/170 177/167/149 2/17/17
f 86/196/173 87/197/177 216/197/177 215/196/173
f 47/81/66 185/175/156 197/188/169 134/146/128
f 135/158/140 192/182/163 204/195/176 90/109/91
f 39/198/178 44/199/178 178/200/178 177/201/178
f 44/199/178 43/202/178 179/203/178 178/200/178
f 43/202/178 42/204/178 180/205/178 179/203/178
f 42/204/178 41/206/178 181/207/178 180/205/178
f 41/206/178 40/208/178 182/209/178 181/207/178
f 40/208/178 38/210/178 183/211/178 182/209/178
f 84/212/178 82/213/178 185/214/178 184/215/178
f 85/216/178 84/212/178 184/215/178 186/217/178
f 86/196/178 85/216/178 186/217/178 187/218/178
f 87/197/178 86/196/178 187/218/178 188/219/178
f 88/220/178 87/197/178 188/219/178 189/221/178
f 83/222/178 88/220/178 189/221/178 190/223/178
f 172/224/178 170/225/178 192/182/178 191/183/178
f 173/226/178 172/224/178 191/183/178 193/184/178
f 174/227/178 173/226/178 193/184/178 194/185/178
f 175/228/178 174/227/178 194/185/178 195/186/178
f 176/229/178 175/228/178 195/186/178 196/187/178
f 171/230/178 176/229/178 196/187/178 197/188/178
f 128/231/178 126/232/178 199/189/178 198/190/178
f 129/233/178 128/231/178 198/190/178 200/191/178
f 130/234/178 129/233/178 200/191/178 201/192/178
f 131/235/178 130/234/178 201/192/178 202/193/178
f 132/236/178 131/235/178 202/193/178 203/194/178
f 127/237/178 132/236/178 203/194/178 204/195/178
f 38/210/178 83/222/178 190/223/178 183/211/178
f 126/232/178 39/198/178 177/201/178 199/189/178
f 170/225/178 127/237/178 204/195/178 192/182/178
f 82/213/178 171/230/178 197/188/178 185/214/178
f 220/225/178 219/224/178 221/226/178 222/227/178 223/228/178 224/229/178 225/230/178 213/213/178 212/212/178 214/216/178 215/196/178 216/197/178 217/220/178 218/222/178 211/210/178 210/208/178 209/206/178 208/204/178 207/202/178 206/199/178 205/198/178 227/232/178 226/231/178 228/233/178 229/234/178 230/235/178 231/236/178 232/237/178
f 132/236/179 127/237/180 232/237/180 231/236/179
f 87/197/177 88/220/181 217/220/181 216/197/177
f 83/222/182 38/210/183 211/210/183 218/222/182
f 88/220/181 83/222/182 218/222/182 217/220/181
f 39/198/169 126/232/156 227/232/156 205/198/169
f 170/225/184 172/224/185 219/224/185 220/225/184
f 127/237/180 170/225/184 220/225/184 232/237/180
f 172/224/185 173/226/186 221/226/186 219/224/185
f 44/199/168 39/198/169 205/198/169 206/199/168
f 171/230/149 82/213/170 213/213/170 225/230/149
f 173/226/186 174/227/152 222/227/152 221/226/186
f 43/202/167 44/199/168 206/199/168 207/202/167
f 174/227/152 175/228/151 223/228/151 222/227/152
f 42/204/166 43/202/167 207/202/167 208/204/166
f 175/228/151 176/229/150 224/229/150 223/228/151
f 41/206/187 42/204/166 208/204/166 209/206/187
f 176/229/150 171/230/149 225/230/149 224/229/150
f 40/208/188 41/206/187 209/206/187 210/208/188
f 126/232/156 128/231/157 226/231/157 227/232/156
f 38/210/183 40/208/188 210/208/188 211/210/183
f 128/231/157 129/233/158 228/233/158 226/231/157
f 82/213/170 84/212/171 212/212/171 213/213/170
f 129/233/158 130/234/159 229/234/159 228/233/158
f 84/212/171 85/216/172 214/216/172 212/212/171
f 130/234/159 131/235/189 230/235/189 229/234/159
f 85/216/172 86/196/173 215/196/173 214/216/172
f 131/235/189 132/236/179 231/236/179 230/235/189
o 立方体.002
v 0.584953 0.828918 0.099089
v 0.561880 0.868362 0.143174
v 0.495400 0.829473 0.099089
v 0.584168 0.830261 0.110495
v 0.581861 0.834204 0.121135
v 0.578195 0.840471 0.130262
v 0.566967 0.820199 0.099089
v 0.565491 0.821482 0.110951
v 0.563447 0.825640 0.121203
v 0.560559 0.831396 0.129200
v 0.548615 0.814757 0.099089
v 0.547519 0.816356 0.110728
v 0.547262 0.820692 0.120099
v 0.546132 0.825820 0.126841
v 0.536819 0.823137 0.124542
v 0.544680 0.858300 0.141673
v 0.528635 0.848914 0.137266
v 0.514872 0.840863 0.130262
v 0.567850 0.858156 0.141673
v 0.550150 0.847371 0.139886
v 0.534590 0.838500 0.135428
v 0.522407 0.831658 0.129228
v 0.573419 0.848637 0.137266
v 0.555908 0.838298 0.135400
v 0.541188 0.831040 0.131664
v 0.530538 0.825919 0.126844
v 0.503633 0.820592 0.099089
v 0.515848 0.814960 0.099089
v 0.531187 0.812972 0.099089
v 0.497664 0.830797 0.110495
v 0.506567 0.821761 0.110854
v 0.518655 0.816520 0.110662
v 0.532190 0.814835 0.110425
v 0.504310 0.834685 0.121135
v 0.513215 0.825917 0.121215
v 0.523753 0.820829 0.120088
v 0.534551 0.819049 0.119165
v 0.251274 1.277875 0.098500
v 0.305103 1.309363 0.134197
v 0.253191 1.278996 0.108155
v 0.258468 1.282083 0.116604
v 0.266863 1.286994 0.123859
v 0.277803 1.293394 0.129426
v 0.290544 1.300846 0.132925
v 0.584953 0.828918 -0.349146
v 0.495400 0.829473 -0.349146
v 0.561880 0.868362 -0.393232
v 0.566967 0.820199 -0.349146
v 0.548615 0.814757 -0.349146
v 0.531187 0.812972 -0.349146
v 0.584168 0.830261 -0.360552
v 0.565344 0.821396 -0.360912
v 0.547552 0.816341 -0.360719
v 0.532247 0.814835 -0.360483
v 0.581861 0.834204 -0.371193
v 0.563332 0.825606 -0.371272
v 0.547247 0.820683 -0.370146
v 0.534557 0.819049 -0.369222
v 0.536819 0.823137 -0.374599
v 0.497664 0.830797 -0.360552
v 0.504310 0.834685 -0.371193
v 0.514872 0.840863 -0.380319
v 0.503633 0.820592 -0.349146
v 0.506516 0.821848 -0.361008
v 0.513138 0.825951 -0.371260
v 0.522364 0.831633 -0.379257
v 0.515848 0.814960 -0.349146
v 0.518704 0.816535 -0.360786
v 0.523748 0.820838 -0.370156
v 0.530533 0.825917 -0.376898
v 0.567850 0.858156 -0.391731
v 0.573419 0.848637 -0.387323
v 0.578195 0.840471 -0.380319
v 0.544680 0.858300 -0.391731
v 0.550347 0.847370 -0.389943
v 0.556002 0.838367 -0.385486
v 0.560544 0.831421 -0.379285
v 0.528635 0.848914 -0.387323
v 0.534607 0.838430 -0.385457
v 0.541209 0.831040 -0.381721
v 0.546131 0.825823 -0.376901
v 0.305103 1.309363 -0.384254
v 0.251274 1.277875 -0.348558
v 0.290544 1.300846 -0.382983
v 0.277803 1.293394 -0.379483
v 0.266863 1.286994 -0.373917
v 0.258468 1.282083 -0.366661
v 0.253191 1.278996 -0.358213
v 1.260887 1.224312 0.099089
v 1.304294 1.302644 0.099089
v 1.237814 1.263755 0.143174
v 1.277301 1.235716 0.099089
v 1.291040 1.249045 0.099089
v 1.301137 1.263363 0.099089
v 1.260101 1.225655 0.110495
v 1.277053 1.237717 0.110854
v 1.290180 1.250749 0.110662
v 1.298994 1.263351 0.110425
v 1.257794 1.229598 0.121135
v 1.274370 1.241535 0.121215
v 1.286545 1.253143 0.120088
v 1.294189 1.263403 0.119165
v 1.289517 1.263435 0.124542
v 1.302030 1.301319 0.110495
v 1.295384 1.297432 0.121135
v 1.284822 1.291253 0.130262
v 1.308000 1.291114 0.099089
v 1.305493 1.289216 0.110951
v 1.298670 1.285456 0.121203
v 1.289196 1.280198 0.129200
v 1.306923 1.277707 0.099089
v 1.304150 1.275990 0.110728
v 1.297927 1.273702 0.120099
v 1.290175 1.270276 0.126841
v 1.243783 1.253550 0.141673
v 1.249352 1.244030 0.137266
v 1.254129 1.235864 0.130262
v 1.255014 1.273817 0.141673
v 1.261764 1.263520 0.139886
v 1.266840 1.254178 0.135428
v 1.270668 1.246815 0.129228
v 1.271059 1.283202 0.137266
v 1.277271 1.272859 0.135400
v 1.280477 1.263481 0.131664
v 1.282612 1.256634 0.126844
v 0.979262 1.703719 0.134197
v 1.033091 1.735207 0.098500
v 0.993821 1.712235 0.132925
v 1.006562 1.719688 0.129426
v 1.017502 1.726088 0.123859
v 1.025897 1.730999 0.116604
v 1.031175 1.734086 0.108155
v 1.260887 1.224312 -0.349146
v 1.237814 1.263755 -0.393232
v 1.304294 1.302644 -0.349146
v 1.260101 1.225655 -0.360552
v 1.257794 1.229598 -0.371193
v 1.254129 1.235864 -0.380319
v 1.277301 1.235716 -0.349146
v 1.276907 1.237632 -0.361008
v 1.274285 1.241451 -0.371260
v 1.270683 1.246790 -0.379257
v 1.291040 1.249045 -0.349146
v 1.290183 1.250785 -0.360786
v 1.286530 1.253134 -0.370156
v 1.282614 1.256632 -0.376898
v 1.289517 1.263435 -0.374599
v 1.255014 1.273817 -0.391731
v 1.271059 1.283202 -0.387323
v 1.284822 1.291253 -0.380319
v 1.243783 1.253550 -0.391731
v 1.261859 1.263692 -0.389943
v 1.277218 1.272908 -0.385486
v 1.289154 1.280173 -0.379285
v 1.249352 1.244030 -0.387323
v 1.266946 1.254226 -0.385457
v 1.280487 1.263500 -0.381721
v 1.290170 1.270273 -0.376901
v 1.308000 1.291114 -0.349146
v 1.306923 1.277707 -0.349146
v 1.301137 1.263363 -0.349146
v 1.302030 1.301319 -0.360552
v 1.305543 1.289130 -0.360912
v 1.304187 1.276025 -0.360719
v 1.299022 1.263401 -0.360483
v 1.295384 1.297432 -0.371193
v 1.298662 1.285372 -0.371272
v 1.297933 1.273693 -0.370146
v 1.294192 1.263408 -0.369222
v 1.033091 1.735207 -0.348558
v 0.979262 1.703719 -0.384254
v 1.031175 1.734086 -0.358213
v 1.025897 1.730999 -0.366661
v 1.017502 1.726088 -0.373917
v 1.006562 1.719688 -0.379483
v 0.993821 1.712235 -0.382983
v 0.304216 1.308844 0.143174
v 0.287010 1.298779 0.141672
v 0.270976 1.289400 0.137268
v 0.257207 1.281346 0.130262
v 0.246642 1.275166 0.121132
v 0.240001 1.271281 0.110499
v 0.237736 1.269956 0.099089
v 0.287010 1.298779 -0.391730
v 0.304216 1.308844 -0.393232
v 0.270976 1.289400 -0.387325
v 0.257207 1.281346 -0.380319
v 0.246642 1.275166 -0.371189
v 0.240001 1.271281 -0.360556
v 0.237736 1.269956 -0.349146
v 1.044364 1.741801 -0.360556
v 1.046630 1.743126 -0.349146
v 1.037723 1.737916 -0.371189
v 1.027158 1.731736 -0.380319
v 1.013389 1.723682 -0.387325
v 0.997356 1.714303 -0.391730
v 0.980149 1.704238 -0.393232
v 0.997356 1.714303 0.141672
v 0.980149 1.704238 0.143174
v 1.013389 1.723682 0.137268
v 1.027158 1.731736 0.130262
v 1.037723 1.737916 0.121132
v 1.044364 1.741801 0.110499
v 1.046630 1.743126 0.099089
v 0.563593 0.867470 0.134197
v 0.549033 0.858953 0.132925
v 0.536293 0.851501 0.129426
v 0.525352 0.845101 0.123859
v 0.516958 0.840190 0.116604
v 0.511680 0.837103 0.108155
v 0.509763 0.835982 0.098500
v 0.549033 0.858953 -0.382983
v 0.563593 0.867470 -0.384254
v 0.536293 0.851501 -0.379483
v 0.525352 0.845101 -0.373917
v 0.516958 0.840190 -0.366661
v 0.511680 0.837103 -0.358213
v 0.509763 0.835982 -0.348558
v 1.289664 1.292192 -0.358213
v 1.291581 1.293314 -0.348558
v 1.284387 1.289105 -0.366661
v 1.275992 1.284194 -0.373917
v 1.265052 1.277795 -0.379483
v 1.252311 1.270342 -0.382983
v 1.237751 1.261825 -0.384254
v 1.252311 1.270342 0.132925
v 1.237751 1.261825 0.134197
v 1.265052 1.277795 0.129426
v 1.275992 1.284194 0.123859
v 1.284387 1.289105 0.116604
v 1.289664 1.292192 0.108155
v 1.291581 1.293314 0.098500
vn 0.4690 -0.8805 0.0694
vn 0.4513 -0.8510 0.2684
vn 0.3412 -0.8978 0.2786
vn 0.3614 -0.9296 0.0722
vn 0.4000 -0.7594 0.5131
vn 0.2953 -0.8021 0.5190
vn 0.3187 -0.6173 0.7193
vn 0.2235 -0.6656 0.7121
vn 0.1810 -0.9419 0.2829
vn 0.1976 -0.9775 0.0740
vn 0.1537 -0.8443 0.5133
vn 0.1008 -0.7148 0.6920
vn -0.0062 -0.9543 0.2988
vn -0.0061 -0.9968 0.0791
vn -0.0054 -0.8513 0.5247
vn -0.0046 -0.7464 0.6654
vn -0.0005 -0.0751 0.9972
vn -0.0973 -0.1345 0.9861
vn -0.0025 -0.3024 0.9532
vn 0.0931 -0.2367 0.9671
vn -0.2356 -0.2172 0.9473
vn -0.1347 -0.3855 0.9128
vn -0.3901 -0.3143 0.8654
vn -0.2688 -0.4840 0.8328
vn 0.1207 -0.4998 0.8577
vn 0.2128 -0.4386 0.8731
vn -0.0036 -0.5672 0.8236
vn -0.1181 -0.6494 0.7512
vn -0.7955 -0.5948 0.1158
vn -0.5740 -0.8113 0.1112
vn -0.5124 -0.7563 0.4068
vn -0.7224 -0.5468 0.4233
vn -0.2653 -0.9596 0.0935
vn -0.2362 -0.9073 0.3478
vn -0.3964 -0.6172 0.6797
vn -0.5603 -0.4314 0.7071
vn -0.1897 -0.7791 0.5975
vn 0.4690 -0.8805 -0.0694
vn 0.3616 -0.9296 -0.0718
vn 0.3407 -0.8983 -0.2774
vn 0.4511 -0.8511 -0.2687
vn 0.1974 -0.9776 -0.0734
vn 0.1811 -0.9422 -0.2820
vn -0.0063 -0.9968 -0.0791
vn -0.0057 -0.9543 -0.2987
vn 0.2948 -0.8023 -0.5190
vn 0.3998 -0.7597 -0.5129
vn 0.1536 -0.8445 -0.5131
vn -0.0052 -0.8513 -0.5246
vn 0.2233 -0.6653 -0.7125
vn 0.3187 -0.6175 -0.7191
vn 0.1007 -0.7146 -0.6923
vn -0.0046 -0.7464 -0.6654
vn -0.7955 -0.5948 -0.1158
vn -0.7228 -0.5464 -0.4230
vn -0.5132 -0.7548 -0.4085
vn -0.5737 -0.8114 -0.1118
vn -0.5606 -0.4306 -0.7073
vn -0.3972 -0.6164 -0.6799
vn -0.3900 -0.3142 -0.8655
vn -0.2691 -0.4843 -0.8325
vn -0.2361 -0.9069 -0.3489
vn -0.2655 -0.9595 -0.0943
vn -0.1899 -0.7789 -0.5978
vn -0.1182 -0.6496 -0.7510
vn -0.0005 -0.0751 -0.9972
vn 0.0932 -0.2364 -0.9672
vn -0.0013 -0.3030 -0.9530
vn -0.0972 -0.1348 -0.9861
vn 0.2132 -0.4387 -0.8730
vn 0.1212 -0.4995 -0.8578
vn -0.1341 -0.3863 -0.9126
vn -0.2352 -0.2177 -0.9473
vn -0.0034 -0.5673 -0.8235
vn 0.5376 -0.8403 0.0694
vn 0.6330 -0.7708 0.0718
vn 0.6160 -0.7372 0.2774
vn 0.5208 -0.8103 0.2687
vn 0.7553 -0.6512 0.0734
vn 0.7325 -0.6197 0.2820
vn 0.8720 -0.4831 0.0791
vn 0.8346 -0.4628 0.2987
vn 0.5549 -0.6502 0.5190
vn 0.4662 -0.7208 0.5129
vn 0.6608 -0.5477 0.5131
vn 0.7446 -0.4127 0.5246
vn 0.4704 -0.5207 0.7125
vn 0.3820 -0.5805 0.7191
vn 0.5735 -0.4380 0.6923
vn 0.6529 -0.3618 0.6654
vn 0.9083 0.4019 0.1158
vn 0.8306 0.3623 0.4230
vn 0.9095 0.0774 0.4085
vn 0.9884 0.1023 0.1118
vn 0.6501 0.2775 0.7073
vn 0.7320 0.0441 0.6799
vn 0.4651 0.1860 0.8655
vn 0.5540 -0.0028 0.8325
vn 0.9062 -0.2388 0.3489
vn 0.9665 -0.2388 0.0943
vn 0.7720 -0.2162 0.5978
vn 0.6242 -0.2153 0.7510
vn 0.0657 -0.0364 0.9972
vn 0.1604 -0.1971 0.9672
vn 0.2647 -0.1474 0.9530
vn 0.1652 0.0187 0.9861
vn 0.2779 -0.4008 0.8730
vn 0.3760 -0.3505 0.8578
vn 0.4025 -0.0724 0.9126
vn 0.3050 0.0983 0.9473
vn 0.4961 -0.2751 0.8235
vn 0.5376 -0.8403 -0.0694
vn 0.5206 -0.8105 -0.2684
vn 0.6153 -0.7374 -0.2786
vn 0.6331 -0.7707 -0.0722
vn 0.4659 -0.7209 -0.5131
vn 0.5545 -0.6506 -0.5190
vn 0.3819 -0.5804 -0.7193
vn 0.4707 -0.5210 -0.7121
vn 0.7323 -0.6194 -0.2829
vn 0.7552 -0.6513 -0.0740
vn 0.6606 -0.5478 -0.5133
vn 0.5736 -0.4382 -0.6920
vn 0.8348 -0.4623 -0.2988
vn 0.8719 -0.4833 -0.0791
vn 0.7447 -0.4125 -0.5247
vn 0.6529 -0.3618 -0.6654
vn 0.0657 -0.0364 -0.9972
vn 0.1649 0.0189 -0.9861
vn 0.2648 -0.1461 -0.9532
vn 0.1607 -0.1971 -0.9671
vn 0.3048 0.0989 -0.9473
vn 0.4020 -0.0716 -0.9128
vn 0.4652 0.1860 -0.8654
vn 0.5536 -0.0029 -0.8328
vn 0.3765 -0.3502 -0.8577
vn 0.2781 -0.4005 -0.8731
vn 0.4962 -0.2748 -0.8236
vn 0.6240 -0.2154 -0.7512
vn 0.9083 0.4019 -0.1158
vn 0.9885 0.1027 -0.1112
vn 0.9104 0.0759 -0.4068
vn 0.8307 0.3617 -0.4233
vn 0.9665 -0.2390 -0.0935
vn 0.9067 -0.2388 -0.3478
vn 0.7322 0.0430 -0.6797
vn 0.6506 0.2770 -0.7071
vn 0.7721 -0.2165 -0.5975
vn -0.0324 -0.0189 0.9993
vn -0.1309 -0.0765 0.9884
vn -0.2709 -0.1584 0.9495
vn -0.4288 -0.2508 0.8679
vn -0.6077 -0.3555 0.7102
vn -0.7818 -0.4573 0.4239
vn -0.8576 -0.5016 0.1137
vn -0.0324 -0.0189 -0.9993
vn -0.1309 -0.0765 -0.9884
vn -0.2709 -0.1584 -0.9495
vn -0.4288 -0.2508 -0.8679
vn -0.6077 -0.3555 -0.7102
vn -0.7818 -0.4573 -0.4239
vn -0.8576 -0.5016 -0.1137
vn 0.8576 0.5016 -0.1137
vn 0.7818 0.4573 -0.4239
vn 0.6077 0.3555 -0.7102
vn 0.4288 0.2508 -0.8679
vn 0.2709 0.1584 -0.9495
vn 0.1309 0.0765 -0.9884
vn 0.0324 0.0189 -0.9993
vn 0.0324 0.0189 0.9993
vn 0.1309 0.0765 0.9884
vn 0.2709 0.1584 0.9495
vn 0.4288 0.2508 0.8679
vn 0.6077 0.3555 0.7102
vn 0.7818 0.4573 0.4239
vn 0.8576 0.5016 0.1137
vn -0.5049 0.8632 -0.0000
vn 0.7818 0.4573 -0.4240
vn 0.6077 0.3555 -0.7101
vn 0.8576 0.5016 -0.1138
vn -0.2708 -0.1584 -0.9495
vn 0.2708 0.1584 0.9495
vn -0.6077 -0.3555 -0.7101
vn -0.7818 -0.4573 -0.4240
vn 0.6077 0.3555 0.7101
vn -0.8576 -0.5016 -0.1138
vn 0.7818 0.4573 0.4240
vn 0.8576 0.5016 0.1138
vn -0.8576 -0.5016 0.1138
vn -0.7818 -0.4573 0.4240
vn -0.6077 -0.3555 0.7101
vn 0.2708 0.1584 -0.9495
vn -0.2708 -0.1584 0.9495
vt 0.145547 0.729453
vt 0.145547 0.734769
vt 0.140063 0.734982
vt 0.140231 0.729453
vt 0.145547 0.739728
vt 0.140153 0.739760
vt 0.145547 0.750000
vt 0.140263 0.750000
vt 0.135235 0.734878
vt 0.135272 0.729453
vt 0.135760 0.739245
vt 0.136190 0.750000
vt 0.125000 0.734737
vt 0.125000 0.729453
vt 0.125000 0.738810
vt 0.133684 0.750000
vt 0.395547 0.979453
vt 0.395547 0.984769
vt 0.390063 0.984982
vt 0.390231 0.979453
vt 0.395547 0.989728
vt 0.390153 0.989760
vt 0.395547 1.000000
vt 0.390263 1.000000
vt 0.385235 0.984878
vt 0.385272 0.979453
vt 0.385760 0.989245
vt 0.386190 1.000000
vt 0.375000 0.984737
vt 0.375000 0.979453
vt 0.375000 0.988810
vt 0.383684 1.000000
vt 0.395547 0.020547
vt 0.390231 0.020547
vt 0.390018 0.015063
vt 0.395547 0.015231
vt 0.385272 0.020547
vt 0.385240 0.015153
vt 0.375000 0.020547
vt 0.375000 0.015263
vt 0.390122 0.010235
vt 0.395547 0.010272
vt 0.385755 0.010760
vt 0.375000 0.011190
vt 0.390263 0.000000
vt 0.395547 0.000000
vt 0.386190 0.000000
vt 0.375000 0.008684
vt 0.145547 0.520547
vt 0.140231 0.520547
vt 0.140018 0.515063
vt 0.145547 0.515231
vt 0.135272 0.520547
vt 0.135240 0.515153
vt 0.125000 0.520547
vt 0.125000 0.515263
vt 0.140122 0.510235
vt 0.145547 0.510272
vt 0.135755 0.510760
vt 0.125000 0.511190
vt 0.140263 0.500000
vt 0.145547 0.500000
vt 0.136190 0.500000
vt 0.125000 0.508684
vt 0.395547 0.229453
vt 0.395547 0.234769
vt 0.390063 0.234982
vt 0.390231 0.229453
vt 0.395547 0.239728
vt 0.390153 0.239760
vt 0.395547 0.250000
vt 0.390263 0.250000
vt 0.385235 0.234878
vt 0.385272 0.229453
vt 0.385760 0.239245
vt 0.386190 0.250000
vt 0.375000 0.234737
vt 0.375000 0.229453
vt 0.375000 0.238810
vt 0.379342 0.254342
vt 0.395547 0.270547
vt 0.390231 0.270547
vt 0.390018 0.265063
vt 0.395547 0.265231
vt 0.385272 0.270547
vt 0.385240 0.265153
vt 0.375000 0.270547
vt 0.375000 0.265263
vt 0.390122 0.260235
vt 0.395547 0.260272
vt 0.385755 0.260760
vt 0.375000 0.261190
vt 0.354453 0.729453
vt 0.359769 0.729453
vt 0.359982 0.734937
vt 0.354453 0.734769
vt 0.364728 0.729453
vt 0.364760 0.734847
vt 0.375000 0.729453
vt 0.375000 0.734737
vt 0.359878 0.739765
vt 0.354453 0.739728
vt 0.364245 0.739240
vt 0.375000 0.738810
vt 0.367363 0.757626
vt 0.364726 0.760273
vt 0.369408 0.755598
vt 0.377895 0.750000
vt 0.395547 0.729453
vt 0.395547 0.734769
vt 0.390063 0.734982
vt 0.390231 0.729453
vt 0.395547 0.739728
vt 0.390153 0.739760
vt 0.395547 0.750000
vt 0.390263 0.750000
vt 0.385235 0.734878
vt 0.385272 0.729453
vt 0.385760 0.739245
vt 0.386190 0.750000
vt 0.395547 0.770547
vt 0.390231 0.770547
vt 0.390018 0.765063
vt 0.395547 0.765231
vt 0.385272 0.770547
vt 0.385240 0.765153
vt 0.390122 0.760235
vt 0.395547 0.760272
vt 0.385755 0.760760
vt 0.354453 0.520547
vt 0.354453 0.515231
vt 0.359937 0.515018
vt 0.359769 0.520547
vt 0.354453 0.510272
vt 0.359847 0.510240
vt 0.364727 0.489726
vt 0.367374 0.492363
vt 0.364765 0.515122
vt 0.364728 0.520547
vt 0.364240 0.510755
vt 0.369402 0.494408
vt 0.375000 0.515263
vt 0.375000 0.520547
vt 0.375000 0.511190
vt 0.375000 0.502895
vt 0.395547 0.479453
vt 0.395547 0.484769
vt 0.390063 0.484982
vt 0.390231 0.479453
vt 0.395547 0.489728
vt 0.390153 0.489760
vt 0.395547 0.500000
vt 0.390263 0.500000
vt 0.385235 0.484878
vt 0.385272 0.479453
vt 0.385760 0.489245
vt 0.386190 0.500000
vt 0.395547 0.520547
vt 0.390231 0.520547
vt 0.390018 0.515063
vt 0.395547 0.515231
vt 0.385272 0.520547
vt 0.385240 0.515153
vt 0.390122 0.510235
vt 0.395547 0.510272
vt 0.385755 0.510759
vt 0.625000 0.979453
vt 0.625000 0.984771
vt 0.625000 0.989727
vt 0.625000 1.000000
vt 0.625000 0.000000
vt 0.625000 0.010273
vt 0.625000 0.015229
vt 0.625000 0.020547
vt 0.625000 0.270547
vt 0.625000 0.265229
vt 0.625000 0.260273
vt 0.625000 0.250000
vt 0.625000 0.239727
vt 0.625000 0.234771
vt 0.625000 0.229453
vt 0.625000 0.520547
vt 0.625673 0.515229
vt 0.627648 0.510273
vt 0.630789 0.505789
vt 0.634882 0.502256
vt 0.639648 0.500093
vt 0.636470 0.490923
vt 0.636470 0.759077
vt 0.639648 0.749907
vt 0.634882 0.747744
vt 0.630789 0.744211
vt 0.627648 0.739727
vt 0.625673 0.734771
vt 0.625000 0.729453
vt 0.638726 0.502199
vt 0.639838 0.498241
vt 0.854082 0.745876
vt 0.858632 0.745237
vt 0.859771 0.749300
vt 0.854453 0.750000
vt 0.862578 0.743598
vt 0.864727 0.747247
vt 0.865961 0.741003
vt 0.868982 0.743982
vt 0.868553 0.737622
vt 0.872247 0.739727
vt 0.870181 0.733687
vt 0.874300 0.734771
vt 0.870767 0.729191
vt 0.875000 0.729453
vt 0.858632 0.504763
vt 0.854082 0.504124
vt 0.854453 0.500000
vt 0.859771 0.500700
vt 0.862578 0.506402
vt 0.864727 0.502753
vt 0.865960 0.508997
vt 0.868982 0.506018
vt 0.868553 0.512377
vt 0.872247 0.510273
vt 0.870181 0.516313
vt 0.874300 0.515229
vt 0.870767 0.520809
vt 0.875000 0.520547
vt 0.629384 0.516004
vt 0.628824 0.520522
vt 0.630915 0.511977
vt 0.633317 0.508361
vt 0.636275 0.505302
vt 0.638726 0.747801
vt 0.639838 0.751759
vt 0.636275 0.744698
vt 0.633317 0.741639
vt 0.630915 0.738023
vt 0.629384 0.733996
vt 0.628824 0.729478
s 1
usemtl kinzoku
f 233/238/190 236/239/191 240/240/192 239/241/193
f 236/239/191 237/242/194 241/243/195 240/240/192
f 237/242/194 238/244/196 242/245/197 241/243/195
f 239/241/193 240/240/192 244/246/198 243/247/199
f 240/240/192 241/243/195 245/248/200 244/246/198
f 241/243/195 242/245/197 246/249/201 245/248/200
f 243/247/199 244/246/198 265/250/202 261/251/203
f 244/246/198 245/248/200 269/252/204 265/250/202
f 245/248/200 246/249/201 247/253/205 269/252/204
f 234/254/206 248/255/207 252/256/208 251/257/209
f 248/255/207 249/258/210 253/259/211 252/256/208
f 249/258/210 250/260/212 254/261/213 253/259/211
f 251/257/209 252/256/208 256/262/214 255/263/215
f 252/256/208 253/259/211 257/264/216 256/262/214
f 253/259/211 254/261/213 258/265/217 257/264/216
f 255/263/215 256/262/214 242/266/197 238/267/196
f 256/262/214 257/264/216 246/268/201 242/266/197
f 257/264/216 258/265/217 247/269/205 246/268/201
f 235/270/218 259/271/219 263/272/220 262/273/221
f 259/271/219 260/274/222 264/275/223 263/272/220
f 260/274/222 261/276/203 265/277/202 264/275/223
f 262/273/221 263/272/220 267/278/224 266/279/225
f 263/272/220 264/275/223 268/280/226 267/278/224
f 264/275/223 265/277/202 269/281/204 268/280/226
f 266/279/225 267/278/224 254/282/213 250/283/212
f 267/278/224 268/280/226 258/284/217 254/282/213
f 268/280/226 269/281/204 247/285/205 258/284/217
f 277/286/227 280/287/228 284/288/229 283/289/230
f 280/287/228 281/290/231 285/291/232 284/288/229
f 281/290/231 282/292/233 286/293/234 285/291/232
f 283/289/230 284/288/229 288/294/235 287/295/236
f 284/288/229 285/291/232 289/296/237 288/294/235
f 285/291/232 286/293/234 290/297/238 289/296/237
f 287/295/236 288/294/235 309/298/239 305/299/240
f 288/294/235 289/296/237 313/300/241 309/298/239
f 289/296/237 290/297/238 291/301/242 313/300/241
f 278/302/243 292/303/244 296/304/245 295/305/246
f 292/303/244 293/306/247 297/307/248 296/304/245
f 293/306/247 294/308/249 298/309/250 297/307/248
f 295/305/246 296/304/245 300/310/251 299/311/252
f 296/304/245 297/307/248 301/312/253 300/310/251
f 297/307/248 298/309/250 302/313/254 301/312/253
f 299/311/252 300/310/251 286/314/234 282/315/233
f 300/310/251 301/312/253 290/316/238 286/314/234
f 301/312/253 302/313/254 291/317/242 290/316/238
f 279/318/255 303/319/256 307/320/257 306/321/258
f 303/319/256 304/322/259 308/323/260 307/320/257
f 304/322/259 305/324/240 309/325/239 308/323/260
f 306/321/258 307/320/257 311/326/261 310/327/262
f 307/320/257 308/323/260 312/328/263 311/326/261
f 308/323/260 309/325/239 313/329/241 312/328/263
f 310/327/262 311/326/261 298/309/250 294/308/249
f 311/326/261 312/328/263 302/313/254 298/309/250
f 312/328/263 313/329/241 291/317/242 302/313/254
f 321/330/264 324/331/265 328/332/266 327/333/267
f 324/331/265 325/334/268 329/335/269 328/332/266
f 325/334/268 326/336/270 330/337/271 329/335/269
f 327/333/267 328/332/266 332/338/272 331/339/273
f 328/332/266 329/335/269 333/340/274 332/338/272
f 329/335/269 330/337/271 334/341/275 333/340/274
f 331/339/273 332/338/272 353/342/276 349/343/277
f 332/338/272 333/340/274 357/344/278 353/342/276
f 333/340/274 334/341/275 335/345/279 357/344/278
f 322/346/280 336/347/281 340/348/282 339/349/283
f 336/347/281 337/350/284 341/351/285 340/348/282
f 337/350/284 338/352/286 342/353/287 341/351/285
f 339/349/283 340/348/282 344/354/288 343/355/289
f 340/348/282 341/351/285 345/356/290 344/354/288
f 341/351/285 342/353/287 346/357/291 345/356/290
f 343/355/289 344/354/288 330/337/271 326/336/270
f 344/354/288 345/356/290 334/341/275 330/337/271
f 345/356/290 346/357/291 335/345/279 334/341/275
f 323/358/292 347/359/293 351/360/294 350/361/295
f 347/359/293 348/362/296 352/363/297 351/360/294
f 348/362/296 349/343/277 353/342/276 352/363/297
f 350/361/295 351/360/294 355/364/298 354/365/299
f 351/360/294 352/363/297 356/366/300 355/364/298
f 352/363/297 353/342/276 357/344/278 356/366/300
f 354/365/299 355/364/298 342/353/287 338/352/286
f 355/364/298 356/366/300 346/357/291 342/353/287
f 356/366/300 357/344/278 335/345/279 346/357/291
f 365/367/301 368/368/302 372/369/303 371/370/304
f 368/368/302 369/371/305 373/372/306 372/369/303
f 369/371/305 370/373/307 374/374/308 373/372/306
f 371/370/304 372/369/303 376/375/309 375/376/310
f 372/369/303 373/372/306 377/377/311 376/375/309
f 373/372/306 374/374/308 378/378/312 377/377/311
f 375/376/310 376/375/309 397/379/313 393/380/314
f 376/375/309 377/377/311 401/381/315 397/379/313
f 377/377/311 378/378/312 379/382/316 401/381/315
f 366/383/317 380/384/318 384/385/319 383/386/320
f 380/384/318 381/387/321 385/388/322 384/385/319
f 381/387/321 382/389/323 386/390/324 385/388/322
f 383/386/320 384/385/319 388/391/325 387/392/326
f 384/385/319 385/388/322 389/393/327 388/391/325
f 385/388/322 386/390/324 390/394/328 389/393/327
f 387/392/326 388/391/325 374/374/308 370/373/307
f 388/391/325 389/393/327 378/378/312 374/374/308
f 389/393/327 390/394/328 379/382/316 378/378/312
f 367/395/329 391/396/330 395/397/331 394/398/332
f 391/396/330 392/399/333 396/400/334 395/397/331
f 392/399/333 393/380/314 397/379/313 396/400/334
f 394/398/332 395/397/331 399/401/335 398/402/336
f 395/397/331 396/400/334 400/403/337 399/401/335
f 396/400/334 397/379/313 401/381/315 400/403/337
f 398/402/336 399/401/335 386/390/324 382/389/323
f 399/401/335 400/403/337 390/394/328 386/390/324
f 400/403/337 401/381/315 379/382/316 390/394/328
f 277/286/227 233/238/190 239/241/193 280/287/228
f 280/287/228 239/241/193 243/247/199 281/290/231
f 281/290/231 243/247/199 261/251/203 282/292/233
f 282/315/233 261/276/203 260/274/222 299/311/252
f 299/311/252 260/274/222 259/271/219 295/305/246
f 295/305/246 259/271/219 235/270/218 278/302/243
f 234/254/206 409/404/338 410/405/339 248/255/207
f 248/255/207 410/405/339 411/406/340 249/258/210
f 249/258/210 411/406/340 412/407/341 250/260/212
f 250/283/212 412/408/341 413/409/342 266/279/225
f 266/279/225 413/409/342 414/410/343 262/273/221
f 262/273/221 414/410/343 415/411/344 235/270/218
f 417/412/345 279/318/255 306/321/258 416/413/346
f 416/413/346 306/321/258 310/327/262 418/414/347
f 418/414/347 310/327/262 294/308/249 419/415/348
f 419/415/348 294/308/249 293/306/247 420/416/349
f 420/416/349 293/306/247 292/303/244 421/417/350
f 421/417/350 292/303/244 278/302/243 422/418/351
f 365/367/301 277/286/227 283/289/230 368/368/302
f 368/368/302 283/289/230 287/295/236 369/371/305
f 369/371/305 287/295/236 305/299/240 370/373/307
f 370/373/307 305/324/240 304/322/259 387/392/326
f 387/392/326 304/322/259 303/319/256 383/386/320
f 383/386/320 303/319/256 279/318/255 366/383/317
f 424/419/352 367/395/329 394/398/332 423/420/353
f 423/420/353 394/398/332 398/402/336 425/421/354
f 425/421/354 398/402/336 382/389/323 426/422/355
f 426/422/355 382/389/323 381/387/321 427/423/356
f 427/423/356 381/387/321 380/384/318 428/424/357
f 428/424/357 380/384/318 366/383/317 429/425/358
f 321/330/264 365/367/301 371/370/304 324/331/265
f 324/331/265 371/370/304 375/376/310 325/334/268
f 325/334/268 375/376/310 393/380/314 326/336/270
f 326/336/270 393/380/314 392/399/333 343/355/289
f 343/355/289 392/399/333 391/396/330 339/349/283
f 339/349/283 391/396/330 367/395/329 322/346/280
f 431/426/359 323/358/292 350/361/295 430/427/360
f 430/427/360 350/361/295 354/365/299 432/428/361
f 432/428/361 354/365/299 338/352/286 433/429/362
f 433/429/362 338/352/286 337/350/284 434/430/363
f 434/430/363 337/350/284 336/347/281 435/431/364
f 435/431/364 336/347/281 322/346/280 436/432/365
f 233/238/190 321/330/264 327/333/267 236/239/191
f 236/239/191 327/333/267 331/339/273 237/242/194
f 237/242/194 331/339/273 349/343/277 238/244/196
f 238/267/196 349/343/277 348/362/296 255/263/215
f 255/263/215 348/362/296 347/359/293 251/257/209
f 251/257/209 347/359/293 323/358/292 234/254/206
f 277/286/227 365/367/301 321/330/264 233/238/190
f 235/270/218 415/411/344 422/418/351 278/302/243
f 323/358/292 431/426/359 409/404/338 234/254/206
f 408/433/339 403/434/338 457/434/338 456/433/339
f 279/318/255 417/412/345 429/425/358 366/383/317
f 367/395/329 424/419/352 436/432/365 322/346/280
f 271/435/366 276/436/366 410/437/366 409/438/366
f 276/436/366 275/439/366 411/440/366 410/437/366
f 275/439/366 274/441/366 412/442/366 411/440/366
f 274/441/366 273/443/366 413/444/366 412/442/366
f 273/443/366 272/445/366 414/446/366 413/444/366
f 272/445/366 270/447/366 415/448/366 414/446/366
f 316/449/366 314/450/366 417/451/366 416/452/366
f 317/453/366 316/449/366 416/452/366 418/454/366
f 318/455/366 317/453/366 418/454/366 419/456/366
f 319/457/366 318/455/366 419/456/366 420/458/366
f 320/459/366 319/457/366 420/458/366 421/460/366
f 315/461/366 320/459/366 421/460/366 422/462/366
f 404/463/366 402/464/366 424/419/366 423/420/366
f 405/465/366 404/463/366 423/420/366 425/421/366
f 406/466/366 405/465/366 425/421/366 426/422/366
f 407/467/366 406/466/366 426/422/366 427/423/366
f 408/433/366 407/467/366 427/423/366 428/424/366
f 403/434/366 408/433/366 428/424/366 429/425/366
f 360/468/366 358/469/366 431/426/366 430/427/366
f 361/470/366 360/468/366 430/427/366 432/428/366
f 362/471/366 361/470/366 432/428/366 433/429/366
f 363/472/366 362/471/366 433/429/366 434/430/366
f 364/473/366 363/472/366 434/430/366 435/431/366
f 359/474/366 364/473/366 435/431/366 436/432/366
f 270/447/366 315/461/366 422/462/366 415/448/366
f 358/469/366 271/435/366 409/438/366 431/426/366
f 402/464/366 359/474/366 436/432/366 424/419/366
f 314/450/366 403/434/366 429/425/366 417/451/366
f 452/464/366 451/463/366 453/465/366 454/466/366 455/467/366 456/433/366 457/434/366 445/450/366 444/449/366 446/453/366 447/455/366 448/457/366 449/459/366 450/461/366 443/447/366 442/445/366 441/443/366 440/441/366 439/439/366 438/436/366 437/435/366 459/469/366 458/468/366 460/470/366 461/471/366 462/472/366 463/473/366 464/474/366
f 272/445/367 273/443/368 441/443/368 442/445/367
f 358/469/345 360/468/346 458/468/346 459/469/345
f 270/447/369 272/445/367 442/445/367 443/447/369
f 360/468/346 361/470/370 460/470/370 458/468/346
f 314/450/359 316/449/360 444/449/360 445/450/359
f 361/470/370 362/471/348 461/471/348 460/470/370
f 316/449/360 317/453/371 446/453/371 444/449/360
f 362/471/348 363/472/372 462/472/372 461/471/348
f 317/453/371 318/455/362 447/455/362 446/453/371
f 363/472/372 364/473/373 463/473/373 462/472/372
f 318/455/362 319/457/374 448/457/374 447/455/362
f 364/473/373 359/474/375 464/474/375 463/473/373
f 319/457/374 320/459/376 449/459/376 448/457/374
f 315/461/377 270/447/369 443/447/369 450/461/377
f 320/459/376 315/461/377 450/461/377 449/459/376
f 271/435/358 358/469/345 459/469/345 437/435/358
f 402/464/378 404/463/379 451/463/379 452/464/378
f 359/474/375 402/464/378 452/464/378 464/474/375
f 404/463/379 405/465/380 453/465/380 451/463/379
f 276/436/357 271/435/358 437/435/358 438/436/357
f 403/434/338 314/450/359 445/450/359 457/434/338
f 405/465/380 406/466/341 454/466/341 453/465/380
f 275/439/381 276/436/357 438/436/357 439/439/381
f 406/466/341 407/467/382 455/467/382 454/466/341
f 274/441/355 275/439/381 439/439/381 440/441/355
f 407/467/382 408/433/339 456/433/339 455/467/382
f 273/443/368 274/441/355 440/441/355 441/443/368
o 円柱
v 0.242311 1.293931 -0.369347
v 0.242311 1.294307 0.122556
v 0.246277 1.293540 -0.369347
v 0.246277 1.293916 0.122557
v 0.250091 1.292383 -0.369346
v 0.250091 1.292760 0.122558
v 0.253605 1.290505 -0.369344
v 0.253605 1.290881 0.122559
v 0.256686 1.287977 -0.369342
v 0.256686 1.288353 0.122561
v 0.259214 1.284896 -0.369340
v 0.259214 1.285272 0.122563
v 0.261093 1.281382 -0.369337
v 0.261093 1.281758 0.122566
v 0.262249 1.277568 -0.369334
v 0.262249 1.277944 0.122569
v 0.262640 1.273602 -0.369331
v 0.262640 1.273978 0.122572
v 0.262249 1.269636 -0.369328
v 0.262249 1.270012 0.122575
v 0.261093 1.265823 -0.369326
v 0.261093 1.266199 0.122578
v 0.259214 1.262308 -0.369323
v 0.259214 1.262684 0.122581
v 0.256686 1.259228 -0.369320
v 0.256686 1.259604 0.122583
v 0.253605 1.256699 -0.369319
v 0.253605 1.257076 0.122585
v 0.250091 1.254821 -0.369317
v 0.250091 1.255197 0.122586
v 0.246277 1.253664 -0.369316
v 0.246277 1.254040 0.122587
v 0.242311 1.253273 -0.369316
v 0.242311 1.253650 0.122588
v 0.238345 1.253664 -0.369316
v 0.238345 1.254040 0.122587
v 0.234532 1.254821 -0.369317
v 0.234532 1.255197 0.122586
v 0.231017 1.256699 -0.369319
v 0.231017 1.257076 0.122585
v 0.227937 1.259228 -0.369320
v 0.227937 1.259604 0.122583
v 0.225409 1.262308 -0.369323
v 0.225409 1.262684 0.122581
v 0.223530 1.265823 -0.369326
v 0.223530 1.266199 0.122578
v 0.222373 1.269636 -0.369328
v 0.222373 1.270012 0.122575
v 0.221983 1.273602 -0.369331
v 0.221983 1.273978 0.122572
v 0.222373 1.277568 -0.369334
v 0.222373 1.277944 0.122569
v 0.223530 1.281382 -0.369337
v 0.223530 1.281758 0.122566
v 0.225409 1.284896 -0.369340
v 0.225409 1.285272 0.122563
v 0.227937 1.287977 -0.369342
v 0.227937 1.288353 0.122561
v 0.231017 1.290505 -0.369344
v 0.231017 1.290881 0.122559
v 0.234532 1.292383 -0.369346
v 0.234532 1.292760 0.122558
v 0.238345 1.293540 -0.369347
v 0.238345 1.293916 0.122557
v 0.242311 1.319253 -0.369366
v 0.251217 1.318376 -0.369366
v 0.251217 1.318753 0.122538
v 0.242311 1.319630 0.122537
v 0.259781 1.315778 -0.369364
v 0.259781 1.316155 0.122540
v 0.267674 1.311560 -0.369360
v 0.267674 1.311936 0.122543
v 0.274592 1.305882 -0.369356
v 0.274592 1.306259 0.122547
v 0.280269 1.298965 -0.369351
v 0.280269 1.299341 0.122553
v 0.284488 1.291072 -0.369345
v 0.284488 1.291448 0.122559
v 0.287085 1.282508 -0.369338
v 0.287085 1.282884 0.122565
v 0.287962 1.273602 -0.369331
v 0.287962 1.273978 0.122572
v 0.287085 1.264696 -0.369325
v 0.287085 1.265072 0.122579
v 0.284488 1.256132 -0.369318
v 0.284488 1.256508 0.122585
v 0.280269 1.248240 -0.369312
v 0.280269 1.248616 0.122591
v 0.274592 1.241322 -0.369307
v 0.274592 1.241698 0.122597
v 0.267674 1.235644 -0.369302
v 0.267674 1.236021 0.122601
v 0.259781 1.231426 -0.369299
v 0.259781 1.231802 0.122604
v 0.251217 1.228828 -0.369297
v 0.251217 1.229204 0.122606
v 0.242311 1.227951 -0.369297
v 0.242311 1.228327 0.122607
v 0.233405 1.228828 -0.369297
v 0.233405 1.229204 0.122606
v 0.224841 1.231426 -0.369299
v 0.224841 1.231802 0.122604
v 0.216949 1.235644 -0.369302
v 0.216949 1.236021 0.122601
v 0.210031 1.241322 -0.369307
v 0.210031 1.241698 0.122597
v 0.204354 1.248240 -0.369312
v 0.204354 1.248616 0.122591
v 0.200135 1.256132 -0.369318
v 0.200135 1.256508 0.122585
v 0.197537 1.264696 -0.369325
v 0.197537 1.265072 0.122579
v 0.196660 1.273602 -0.369331
v 0.196660 1.273978 0.122572
v 0.197537 1.282508 -0.369338
v 0.197537 1.282884 0.122565
v 0.200135 1.291072 -0.369345
v 0.200135 1.291448 0.122559
v 0.204354 1.298965 -0.369351
v 0.204354 1.299341 0.122553
v 0.210031 1.305882 -0.369356
v 0.210031 1.306259 0.122547
v 0.216949 1.311560 -0.369360
v 0.216949 1.311936 0.122543
v 0.224841 1.315778 -0.369364
v 0.224841 1.316155 0.122540
v 0.233405 1.318376 -0.369366
v 0.233405 1.318753 0.122538
v 0.242311 1.311946 -0.369361
v 0.249792 1.311209 -0.369360
v 0.249792 1.311586 0.122543
v 0.242311 1.312322 0.122543
v 0.256985 1.309027 -0.369359
v 0.256985 1.309404 0.122545
v 0.263614 1.305484 -0.369356
v 0.263614 1.305860 0.122548
v 0.269425 1.300715 -0.369352
v 0.269425 1.301092 0.122551
v 0.274193 1.294905 -0.369348
v 0.274193 1.295281 0.122556
v 0.277737 1.288276 -0.369343
v 0.277737 1.288652 0.122561
v 0.279919 1.281083 -0.369337
v 0.279919 1.281459 0.122566
v 0.280655 1.273602 -0.369331
v 0.280655 1.273978 0.122572
v 0.279919 1.266122 -0.369326
v 0.279919 1.266498 0.122578
v 0.277737 1.258928 -0.369320
v 0.277737 1.259305 0.122583
v 0.274193 1.252299 -0.369315
v 0.274193 1.252676 0.122588
v 0.269425 1.246489 -0.369311
v 0.269425 1.246865 0.122593
v 0.263614 1.241720 -0.369307
v 0.263614 1.242096 0.122596
v 0.256985 1.238177 -0.369304
v 0.256985 1.238553 0.122599
v 0.249792 1.235995 -0.369303
v 0.249792 1.236371 0.122601
v 0.242311 1.235258 -0.369302
v 0.242311 1.235634 0.122601
v 0.234831 1.235995 -0.369303
v 0.234831 1.236371 0.122601
v 0.227638 1.238177 -0.369304
v 0.227638 1.238553 0.122599
v 0.221009 1.241720 -0.369307
v 0.221009 1.242096 0.122596
v 0.215198 1.246489 -0.369311
v 0.215198 1.246865 0.122593
v 0.210430 1.252299 -0.369315
v 0.210430 1.252676 0.122588
v 0.206886 1.258928 -0.369320
v 0.206886 1.259305 0.122583
v 0.204704 1.266122 -0.369326
v 0.204704 1.266498 0.122578
v 0.203967 1.273602 -0.369331
v 0.203967 1.273978 0.122572
v 0.204704 1.281083 -0.369337
v 0.204704 1.281459 0.122566
v 0.206886 1.288276 -0.369343
v 0.206886 1.288652 0.122561
v 0.210430 1.294905 -0.369348
v 0.210430 1.295281 0.122556
v 0.215198 1.300715 -0.369352
v 0.215198 1.301092 0.122551
v 0.221009 1.305484 -0.369356
v 0.221009 1.305860 0.122548
v 0.227638 1.309027 -0.369359
v 0.227638 1.309404 0.122545
v 0.234831 1.311209 -0.369360
v 0.234831 1.311586 0.122543
v 0.242311 1.306944 -0.369357
v 0.248816 1.306303 -0.369356
v 0.248816 1.306680 0.122547
v 0.242311 1.307320 0.122546
v 0.255071 1.304406 -0.369355
v 0.255071 1.304782 0.122548
v 0.260835 1.301325 -0.369353
v 0.260835 1.301701 0.122551
v 0.265888 1.297178 -0.369349
v 0.265888 1.297555 0.122554
v 0.270034 1.292126 -0.369346
v 0.270034 1.292502 0.122558
v 0.273115 1.286361 -0.369341
v 0.273115 1.286738 0.122562
v 0.275012 1.280107 -0.369336
v 0.275012 1.280483 0.122567
v 0.275653 1.273602 -0.369331
v 0.275653 1.273978 0.122572
v 0.275012 1.267097 -0.369326
v 0.275012 1.267474 0.122577
v 0.273115 1.260843 -0.369322
v 0.273115 1.261219 0.122582
v 0.270034 1.255078 -0.369317
v 0.270034 1.255455 0.122586
v 0.265888 1.250026 -0.369313
v 0.265888 1.250402 0.122590
v 0.260835 1.245879 -0.369310
v 0.260835 1.246256 0.122593
v 0.255071 1.242798 -0.369308
v 0.255071 1.243174 0.122596
v 0.248816 1.240901 -0.369306
v 0.248816 1.241277 0.122597
v 0.242311 1.240260 -0.369306
v 0.242311 1.240636 0.122598
v 0.235807 1.240901 -0.369306
v 0.235807 1.241277 0.122597
v 0.229552 1.242798 -0.369308
v 0.229552 1.243174 0.122596
v 0.223788 1.245879 -0.369310
v 0.223788 1.246256 0.122593
v 0.218735 1.250026 -0.369313
v 0.218735 1.250402 0.122590
v 0.214589 1.255078 -0.369317
v 0.214589 1.255455 0.122586
v 0.211508 1.260843 -0.369322
v 0.211508 1.261219 0.122582
v 0.209610 1.267097 -0.369326
v 0.209610 1.267474 0.122577
v 0.208970 1.273602 -0.369331
v 0.208970 1.273978 0.122572
v 0.209610 1.280107 -0.369336
v 0.209610 1.280483 0.122567
v 0.211508 1.286361 -0.369341
v 0.211508 1.286738 0.122562
v 0.214589 1.292126 -0.369346
v 0.214589 1.292502 0.122558
v 0.218735 1.297178 -0.369349
v 0.218735 1.297555 0.122554
v 0.223788 1.301325 -0.369353
v 0.223788 1.301701 0.122551
v 0.229552 1.304406 -0.369355
v 0.229552 1.304782 0.122548
v 0.235807 1.306303 -0.369356
v 0.235807 1.306680 0.122547
v 0.242311 1.297677 -0.369350
v 0.247008 1.297214 -0.369350
v 0.247008 1.297590 0.122554
v 0.242311 1.298053 0.122554
v 0.251524 1.295844 -0.369348
v 0.251524 1.296220 0.122555
v 0.255686 1.293619 -0.369347
v 0.255686 1.293996 0.122557
v 0.259335 1.290625 -0.369344
v 0.259335 1.291002 0.122559
v 0.262329 1.286977 -0.369342
v 0.262329 1.287354 0.122562
v 0.264553 1.282815 -0.369339
v 0.264553 1.283191 0.122565
v 0.265923 1.278299 -0.369335
v 0.265923 1.278675 0.122568
v 0.266386 1.273602 -0.369331
v 0.266386 1.273978 0.122572
v 0.265923 1.268905 -0.369328
v 0.265923 1.269282 0.122576
v 0.264553 1.264389 -0.369324
v 0.264553 1.264765 0.122579
v 0.262329 1.260227 -0.369321
v 0.262329 1.260603 0.122582
v 0.259335 1.256579 -0.369318
v 0.259335 1.256955 0.122585
v 0.255686 1.253585 -0.369316
v 0.255686 1.253961 0.122587
v 0.251524 1.251360 -0.369314
v 0.251524 1.251736 0.122589
v 0.247008 1.249990 -0.369313
v 0.247008 1.250366 0.122590
v 0.242311 1.249527 -0.369313
v 0.242311 1.249904 0.122590
v 0.237615 1.249990 -0.369313
v 0.237615 1.250366 0.122590
v 0.233098 1.251360 -0.369314
v 0.233098 1.251736 0.122589
v 0.228936 1.253585 -0.369316
v 0.228936 1.253961 0.122587
v 0.225288 1.256579 -0.369318
v 0.225288 1.256955 0.122585
v 0.222294 1.260227 -0.369321
v 0.222294 1.260603 0.122582
v 0.220069 1.264389 -0.369324
v 0.220069 1.264765 0.122579
v 0.218699 1.268905 -0.369328
v 0.218699 1.269282 0.122576
v 0.218237 1.273602 -0.369331
v 0.218237 1.273978 0.122572
v 0.218699 1.278299 -0.369335
v 0.218699 1.278675 0.122568
v 0.220069 1.282815 -0.369339
v 0.220069 1.283191 0.122565
v 0.222294 1.286977 -0.369342
v 0.222294 1.287354 0.122562
v 0.225288 1.290625 -0.369344
v 0.225288 1.291002 0.122559
v 0.228936 1.293619 -0.369347
v 0.228936 1.293996 0.122557
v 0.233098 1.295844 -0.369348
v 0.233098 1.296220 0.122555
v 0.237615 1.297214 -0.369350
v 0.237615 1.297590 0.122554
v 0.242311 1.311949 -0.365470
v 0.249792 1.311212 -0.365469
v 0.256985 1.309030 -0.365468
v 0.263614 1.305487 -0.365465
v 0.269425 1.300718 -0.365461
v 0.274193 1.294908 -0.365457
v 0.277737 1.288279 -0.365452
v 0.279919 1.281086 -0.365446
v 0.280655 1.273605 -0.365441
v 0.279919 1.266124 -0.365435
v 0.277737 1.258931 -0.365429
v 0.274193 1.252302 -0.365424
v 0.269425 1.246492 -0.365420
v 0.263614 1.241723 -0.365416
v 0.256985 1.238180 -0.365414
v 0.249792 1.235998 -0.365412
v 0.242311 1.235261 -0.365411
v 0.234831 1.235998 -0.365412
v 0.227638 1.238180 -0.365414
v 0.221009 1.241723 -0.365416
v 0.215198 1.246492 -0.365420
v 0.210430 1.252302 -0.365424
v 0.206886 1.258931 -0.365429
v 0.204704 1.266124 -0.365435
v 0.203967 1.273605 -0.365441
v 0.204704 1.281086 -0.365446
v 0.206886 1.288279 -0.365452
v 0.210430 1.294908 -0.365457
v 0.215198 1.300718 -0.365461
v 0.221009 1.305487 -0.365465
v 0.227638 1.309030 -0.365468
v 0.234831 1.311212 -0.365469
v 0.242311 1.306947 -0.365466
v 0.248816 1.306306 -0.365466
v 0.255071 1.304409 -0.365464
v 0.260835 1.301328 -0.365462
v 0.265888 1.297181 -0.365459
v 0.270034 1.292129 -0.365455
v 0.273115 1.286364 -0.365450
v 0.275012 1.280110 -0.365446
v 0.275653 1.273605 -0.365441
v 0.275012 1.267100 -0.365436
v 0.273115 1.260846 -0.365431
v 0.270034 1.255081 -0.365427
v 0.265888 1.250029 -0.365423
v 0.260835 1.245882 -0.365419
v 0.255071 1.242801 -0.365417
v 0.248816 1.240904 -0.365416
v 0.242311 1.240263 -0.365415
v 0.235807 1.240904 -0.365416
v 0.229552 1.242801 -0.365417
v 0.223788 1.245882 -0.365419
v 0.218735 1.250029 -0.365423
v 0.214589 1.255081 -0.365427
v 0.211508 1.260846 -0.365431
v 0.209610 1.267100 -0.365436
v 0.208970 1.273605 -0.365441
v 0.209610 1.280110 -0.365446
v 0.211508 1.286364 -0.365450
v 0.214589 1.292129 -0.365455
v 0.218735 1.297181 -0.365459
v 0.223788 1.301328 -0.365462
v 0.229552 1.304409 -0.365464
v 0.235807 1.306306 -0.365466
v 0.242311 1.297679 -0.366465
v 0.247008 1.297216 -0.366465
v 0.251524 1.295846 -0.366464
v 0.255686 1.293622 -0.366462
v 0.259335 1.290628 -0.366460
v 0.262329 1.286979 -0.366457
v 0.264553 1.282817 -0.366454
v 0.265923 1.278301 -0.366450
v 0.266386 1.273604 -0.366447
v 0.265923 1.268908 -0.366443
v 0.264553 1.264391 -0.366439
v 0.262329 1.260229 -0.366436
v 0.259335 1.256581 -0.366434
v 0.255686 1.253587 -0.366431
v 0.251524 1.251362 -0.366430
v 0.247008 1.249992 -0.366428
v 0.242311 1.249530 -0.366428
v 0.237615 1.249992 -0.366428
v 0.233098 1.251362 -0.366430
v 0.228936 1.253587 -0.366431
v 0.225288 1.256581 -0.366434
v 0.222294 1.260229 -0.366436
v 0.220069 1.264391 -0.366439
v 0.218699 1.268908 -0.366443
v 0.218237 1.273604 -0.366447
v 0.218699 1.278301 -0.366450
v 0.220069 1.282817 -0.366454
v 0.222294 1.286979 -0.366457
v 0.225288 1.290628 -0.366460
v 0.228936 1.293622 -0.366462
v 0.233098 1.295846 -0.366464
v 0.237615 1.297216 -0.366465
v 0.242311 1.293933 -0.366462
v 0.246277 1.293542 -0.366462
v 0.250091 1.292386 -0.366461
v 0.253605 1.290507 -0.366459
v 0.256686 1.287979 -0.366458
v 0.259214 1.284898 -0.366455
v 0.261093 1.281384 -0.366452
v 0.262249 1.277570 -0.366450
v 0.262640 1.273604 -0.366447
v 0.262249 1.269638 -0.366443
v 0.261093 1.265825 -0.366441
v 0.259214 1.262310 -0.366438
v 0.256686 1.259230 -0.366436
v 0.253605 1.256702 -0.366434
v 0.250091 1.254823 -0.366432
v 0.246277 1.253666 -0.366431
v 0.242311 1.253276 -0.366431
v 0.238345 1.253666 -0.366431
v 0.234532 1.254823 -0.366432
v 0.231017 1.256702 -0.366434
v 0.227937 1.259230 -0.366436
v 0.225409 1.262310 -0.366438
v 0.223530 1.265825 -0.366441
v 0.222373 1.269638 -0.366443
v 0.221983 1.273604 -0.366447
v 0.222373 1.277570 -0.366450
v 0.223530 1.281384 -0.366452
v 0.225409 1.284898 -0.366455
v 0.227937 1.287979 -0.366458
v 0.231017 1.290507 -0.366459
v 0.234532 1.292386 -0.366461
v 0.238345 1.293542 -0.366462
v 0.249792 1.311583 0.118929
v 0.242311 1.312320 0.118929
v 0.256985 1.309401 0.118931
v 0.263614 1.305858 0.118934
v 0.269425 1.301089 0.118937
v 0.274193 1.295278 0.118942
v 0.277737 1.288649 0.118947
v 0.279919 1.281456 0.118952
v 0.280655 1.273976 0.118958
v 0.279919 1.266495 0.118964
v 0.277737 1.259302 0.118969
v 0.274193 1.252673 0.118974
v 0.269425 1.246862 0.118979
v 0.263614 1.242094 0.118983
v 0.256985 1.238550 0.118985
v 0.249792 1.236368 0.118987
v 0.242311 1.235632 0.118987
v 0.234831 1.236368 0.118987
v 0.227638 1.238550 0.118985
v 0.221009 1.242094 0.118983
v 0.215198 1.246862 0.118979
v 0.210430 1.252673 0.118974
v 0.206886 1.259302 0.118969
v 0.204704 1.266495 0.118964
v 0.203967 1.273976 0.118958
v 0.204704 1.281456 0.118952
v 0.206886 1.288649 0.118947
v 0.210430 1.295278 0.118942
v 0.215198 1.301089 0.118937
v 0.221009 1.305858 0.118934
v 0.227638 1.309401 0.118931
v 0.234831 1.311583 0.118929
v 0.248816 1.306677 0.118933
v 0.242311 1.307317 0.118933
v 0.255071 1.304780 0.118935
v 0.260835 1.301698 0.118937
v 0.265888 1.297552 0.118940
v 0.270034 1.292499 0.118944
v 0.273115 1.286735 0.118948
v 0.275012 1.280480 0.118953
v 0.275653 1.273976 0.118958
v 0.275012 1.267471 0.118963
v 0.273115 1.261216 0.118968
v 0.270034 1.255452 0.118972
v 0.265888 1.250399 0.118976
v 0.260835 1.246253 0.118979
v 0.255071 1.243172 0.118982
v 0.248816 1.241274 0.118983
v 0.242311 1.240634 0.118984
v 0.235807 1.241274 0.118983
v 0.229552 1.243172 0.118982
v 0.223788 1.246253 0.118979
v 0.218735 1.250399 0.118976
v 0.214589 1.255452 0.118972
v 0.211508 1.261216 0.118968
v 0.209610 1.267471 0.118963
v 0.208970 1.273976 0.118958
v 0.209610 1.280480 0.118953
v 0.211508 1.286735 0.118948
v 0.214589 1.292499 0.118944
v 0.218735 1.297552 0.118940
v 0.223788 1.301698 0.118937
v 0.229552 1.304780 0.118935
v 0.235807 1.306677 0.118933
v 0.247008 1.297589 0.120319
v 0.242311 1.298051 0.120319
v 0.251524 1.296219 0.120320
v 0.255686 1.293994 0.120322
v 0.259335 1.291000 0.120324
v 0.262329 1.287352 0.120327
v 0.264553 1.283190 0.120330
v 0.265923 1.278673 0.120334
v 0.266386 1.273977 0.120337
v 0.265923 1.269280 0.120341
v 0.264553 1.264764 0.120344
v 0.262329 1.260602 0.120347
v 0.259335 1.256953 0.120350
v 0.255686 1.253959 0.120352
v 0.251524 1.251735 0.120354
v 0.247008 1.250365 0.120355
v 0.242311 1.249902 0.120356
v 0.237615 1.250365 0.120355
v 0.233098 1.251735 0.120354
v 0.228936 1.253959 0.120352
v 0.225288 1.256953 0.120350
v 0.222294 1.260602 0.120347
v 0.220069 1.264764 0.120344
v 0.218699 1.269280 0.120341
v 0.218237 1.273977 0.120337
v 0.218699 1.278673 0.120334
v 0.220069 1.283190 0.120330
v 0.222294 1.287352 0.120327
v 0.225288 1.291000 0.120324
v 0.228936 1.293994 0.120322
v 0.233098 1.296219 0.120320
v 0.237615 1.297589 0.120319
v 0.246277 1.293915 0.120322
v 0.242311 1.294305 0.120322
v 0.250091 1.292758 0.120323
v 0.253605 1.290879 0.120324
v 0.256686 1.288351 0.120326
v 0.259214 1.285271 0.120328
v 0.261093 1.281756 0.120331
v 0.262249 1.277943 0.120334
v 0.262640 1.273977 0.120337
v 0.262249 1.270011 0.120340
v 0.261093 1.266197 0.120343
v 0.259214 1.262683 0.120346
v 0.256686 1.259602 0.120348
v 0.253605 1.257074 0.120350
v 0.250091 1.255195 0.120351
v 0.246277 1.254039 0.120352
v 0.242311 1.253648 0.120353
v 0.238345 1.254039 0.120352
v 0.234532 1.255195 0.120351
v 0.231017 1.257074 0.120350
v 0.227937 1.259602 0.120348
v 0.225409 1.262683 0.120346
v 0.223530 1.266197 0.120343
v 0.222373 1.270011 0.120340
v 0.221983 1.273977 0.120337
v 0.222373 1.277943 0.120334
v 0.223530 1.281756 0.120331
v 0.225409 1.285271 0.120328
v 0.227937 1.288351 0.120326
v 0.231017 1.290879 0.120324
v 0.234532 1.292758 0.120323
v 0.238345 1.293915 0.120322
vn -0.0000 1.0000 -0.0008
vn 0.1951 0.9808 -0.0008
vn 0.3827 0.9239 -0.0007
vn 0.5556 0.8315 -0.0006
vn 0.7071 0.7071 -0.0005
vn 0.8315 0.5556 -0.0004
vn 0.9239 0.3827 -0.0003
vn 0.9808 0.1951 -0.0001
vn 1.0000 -0.0000 -0.0000
vn 0.9808 -0.1951 0.0001
vn 0.9239 -0.3827 0.0003
vn 0.8315 -0.5556 0.0004
vn 0.7071 -0.7071 0.0005
vn 0.5556 -0.8315 0.0006
vn 0.3827 -0.9239 0.0007
vn 0.1951 -0.9808 0.0008
vn -0.0000 -1.0000 0.0008
vn -0.1951 -0.9808 0.0008
vn -0.3827 -0.9239 0.0007
vn -0.5556 -0.8315 0.0006
vn -0.7071 -0.7071 0.0005
vn -0.8315 -0.5556 0.0004
vn -0.9239 -0.3827 0.0003
vn -0.9808 -0.1951 0.0001
vn -1.0000 -0.0000 -0.0000
vn -0.9808 0.1951 -0.0001
vn -0.9239 0.3827 -0.0003
vn -0.8315 0.5556 -0.0004
vn -0.7071 0.7071 -0.0005
vn -0.5556 0.8315 -0.0006
vn -0.3827 0.9239 -0.0007
vn -0.0000 0.0008 1.0000
vn -0.1951 0.9808 -0.0008
vn -0.0000 -0.0008 -1.0000
vt 1.000000 0.500000
vt 1.000000 1.000000
vt 0.968750 1.000000
vt 0.968750 0.500000
vt 0.937500 1.000000
vt 0.937500 0.500000
vt 0.906250 1.000000
vt 0.906250 0.500000
vt 0.875000 1.000000
vt 0.875000 0.500000
vt 0.843750 1.000000
vt 0.843750 0.500000
vt 0.812500 1.000000
vt 0.812500 0.500000
vt 0.781250 1.000000
vt 0.781250 0.500000
vt 0.750000 1.000000
vt 0.750000 0.500000
vt 0.718750 1.000000
vt 0.718750 0.500000
vt 0.687500 1.000000
vt 0.687500 0.500000
vt 0.656250 1.000000
vt 0.656250 0.500000
vt 0.625000 1.000000
vt 0.625000 0.500000
vt 0.593750 1.000000
vt 0.593750 0.500000
vt 0.562500 1.000000
vt 0.562500 0.500000
vt 0.531250 1.000000
vt 0.531250 0.500000
vt 0.500000 1.000000
vt 0.500000 0.500000
vt 0.468750 1.000000
vt 0.468750 0.500000
vt 0.437500 1.000000
vt 0.437500 0.500000
vt 0.406250 1.000000
vt 0.406250 0.500000
vt 0.375000 1.000000
vt 0.375000 0.500000
vt 0.343750 1.000000
vt 0.343750 0.500000
vt 0.312500 1.000000
vt 0.312500 0.500000
vt 0.281250 1.000000
vt 0.281250 0.500000
vt 0.250000 1.000000
vt 0.250000 0.500000
vt 0.218750 1.000000
vt 0.218750 0.500000
vt 0.187500 1.000000
vt 0.187500 0.500000
vt 0.156250 1.000000
vt 0.156250 0.500000
vt 0.125000 1.000000
vt 0.125000 0.500000
vt 0.093750 1.000000
vt 0.093750 0.500000
vt 0.062500 1.000000
vt 0.062500 0.500000
vt 0.270850 0.354819
vt 0.250000 0.356873
vt 0.229150 0.354819
vt 0.209102 0.348738
vt 0.190625 0.338861
vt 0.174430 0.325570
vt 0.161139 0.309375
vt 0.151262 0.290898
vt 0.145181 0.270850
vt 0.143127 0.250000
vt 0.145181 0.229150
vt 0.151262 0.209101
vt 0.161139 0.190625
vt 0.174430 0.174430
vt 0.190625 0.161139
vt 0.209102 0.151262
vt 0.229150 0.145181
vt 0.250000 0.143127
vt 0.270850 0.145181
vt 0.290898 0.151262
vt 0.309375 0.161139
vt 0.325570 0.174430
vt 0.338861 0.190625
vt 0.348738 0.209102
vt 0.354819 0.229150
vt 0.356873 0.250000
vt 0.354819 0.270850
vt 0.348738 0.290898
vt 0.338861 0.309375
vt 0.325570 0.325571
vt 0.309375 0.338861
vt 0.290899 0.348738
vt 0.031250 1.000000
vt 0.031250 0.500000
vt 0.000000 1.000000
vt 0.000000 0.500000
vt 0.750000 0.356873
vt 0.770850 0.354819
vt 0.790898 0.348738
vt 0.809376 0.338862
vt 0.825570 0.325571
vt 0.838862 0.309375
vt 0.848737 0.290898
vt 0.854819 0.270850
vt 0.856873 0.250000
vt 0.854819 0.229150
vt 0.848737 0.209102
vt 0.838861 0.190625
vt 0.825570 0.174430
vt 0.809375 0.161139
vt 0.790898 0.151262
vt 0.770850 0.145181
vt 0.750000 0.143127
vt 0.729150 0.145181
vt 0.709101 0.151262
vt 0.690625 0.161139
vt 0.674429 0.174430
vt 0.661139 0.190625
vt 0.651262 0.209102
vt 0.645181 0.229150
vt 0.643127 0.250000
vt 0.645181 0.270850
vt 0.651262 0.290898
vt 0.661139 0.309375
vt 0.674430 0.325570
vt 0.690625 0.338861
vt 0.709102 0.348738
vt 0.729150 0.354819
vt 0.789327 0.447711
vt 0.750000 0.451584
vt 0.750000 0.490000
vt 0.796822 0.485388
vt 0.250000 0.451584
vt 0.289327 0.447711
vt 0.296822 0.485388
vt 0.250000 0.490000
vt 0.827143 0.436240
vt 0.841844 0.471731
vt 0.327143 0.436240
vt 0.341844 0.471731
vt 0.861994 0.417611
vt 0.883337 0.449553
vt 0.361994 0.417611
vt 0.383337 0.449553
vt 0.892542 0.392541
vt 0.919706 0.419706
vt 0.392542 0.392542
vt 0.419706 0.419706
vt 0.917611 0.361994
vt 0.949553 0.383337
vt 0.417611 0.361994
vt 0.449553 0.383337
vt 0.936239 0.327143
vt 0.971731 0.341844
vt 0.436240 0.327143
vt 0.471731 0.341844
vt 0.947711 0.289327
vt 0.985388 0.296822
vt 0.447711 0.289327
vt 0.485388 0.296822
vt 0.951584 0.250000
vt 0.990000 0.250000
vt 0.451584 0.250000
vt 0.490000 0.250000
vt 0.947711 0.210673
vt 0.985388 0.203178
vt 0.447711 0.210673
vt 0.485388 0.203178
vt 0.936239 0.172857
vt 0.971731 0.158156
vt 0.436240 0.172857
vt 0.471731 0.158156
vt 0.917611 0.138006
vt 0.949553 0.116663
vt 0.417611 0.138006
vt 0.449553 0.116663
vt 0.892542 0.107458
vt 0.919706 0.080294
vt 0.392542 0.107458
vt 0.419706 0.080294
vt 0.861994 0.082389
vt 0.883337 0.050447
vt 0.361994 0.082389
vt 0.383337 0.050447
vt 0.827143 0.063760
vt 0.841844 0.028269
vt 0.327143 0.063760
vt 0.341844 0.028269
vt 0.789327 0.052289
vt 0.796822 0.014612
vt 0.289327 0.052289
vt 0.296822 0.014612
vt 0.750000 0.048416
vt 0.750000 0.010000
vt 0.250000 0.048416
vt 0.250000 0.010000
vt 0.710673 0.052289
vt 0.703178 0.014612
vt 0.210673 0.052289
vt 0.203178 0.014612
vt 0.672857 0.063760
vt 0.658156 0.028269
vt 0.172857 0.063760
vt 0.158156 0.028269
vt 0.638006 0.082389
vt 0.616663 0.050447
vt 0.138006 0.082389
vt 0.116663 0.050447
vt 0.607459 0.107458
vt 0.580294 0.080294
vt 0.107458 0.107458
vt 0.080294 0.080294
vt 0.582389 0.138006
vt 0.550447 0.116663
vt 0.082389 0.138006
vt 0.050447 0.116663
vt 0.563760 0.172857
vt 0.528269 0.158156
vt 0.063760 0.172857
vt 0.028269 0.158156
vt 0.552289 0.210673
vt 0.514612 0.203178
vt 0.052289 0.210673
vt 0.014612 0.203178
vt 0.548416 0.250000
vt 0.510000 0.250000
vt 0.048416 0.250000
vt 0.010000 0.250000
vt 0.552289 0.289327
vt 0.514612 0.296822
vt 0.052289 0.289327
vt 0.014612 0.296822
vt 0.563760 0.327143
vt 0.528269 0.341844
vt 0.063761 0.327143
vt 0.028269 0.341844
vt 0.582389 0.361994
vt 0.550447 0.383337
vt 0.082389 0.361994
vt 0.050447 0.383337
vt 0.607458 0.392541
vt 0.580294 0.419706
vt 0.107458 0.392541
vt 0.080294 0.419706
vt 0.638006 0.417611
vt 0.616663 0.449553
vt 0.138006 0.417611
vt 0.116663 0.449553
vt 0.672857 0.436239
vt 0.658156 0.471731
vt 0.172857 0.436240
vt 0.158156 0.471731
vt 0.710673 0.447711
vt 0.703178 0.485388
vt 0.210673 0.447711
vt 0.203178 0.485388
vt 0.873946 0.373946
vt 0.847384 0.395745
vt 0.152616 0.395745
vt 0.182921 0.411944
vt 0.715803 0.078082
vt 0.750000 0.074713
vt 0.682921 0.411944
vt 0.652616 0.395745
vt 0.317079 0.411944
vt 0.347384 0.395745
vt 0.284197 0.078082
vt 0.250000 0.074713
vt 0.817079 0.411944
vt 0.126054 0.373946
vt 0.784197 0.078082
vt 0.626054 0.373946
vt 0.284197 0.421919
vt 0.317079 0.088056
vt 0.784197 0.421919
vt 0.104255 0.347384
vt 0.817079 0.088056
vt 0.604255 0.347384
vt 0.250000 0.425287
vt 0.347384 0.104255
vt 0.750000 0.425287
vt 0.088056 0.317079
vt 0.847384 0.104255
vt 0.588056 0.317079
vt 0.373946 0.126054
vt 0.078082 0.284197
vt 0.873946 0.126054
vt 0.578081 0.284197
vt 0.395745 0.152616
vt 0.074713 0.250000
vt 0.895746 0.152616
vt 0.574713 0.250000
vt 0.411944 0.182921
vt 0.078082 0.215803
vt 0.911944 0.182921
vt 0.578082 0.215803
vt 0.774692 0.374134
vt 0.750000 0.376566
vt 0.250000 0.376566
vt 0.274692 0.374134
vt 0.798435 0.366932
vt 0.298435 0.366932
vt 0.820316 0.355236
vt 0.320316 0.355236
vt 0.839496 0.339496
vt 0.339496 0.339496
vt 0.373946 0.373946
vt 0.855236 0.320316
vt 0.895746 0.347384
vt 0.355236 0.320316
vt 0.395745 0.347384
vt 0.866932 0.298435
vt 0.911944 0.317079
vt 0.366932 0.298435
vt 0.411944 0.317079
vt 0.874134 0.274692
vt 0.921919 0.284197
vt 0.374134 0.274692
vt 0.421919 0.284197
vt 0.876566 0.250000
vt 0.925287 0.250000
vt 0.376566 0.250000
vt 0.425287 0.250000
vt 0.874134 0.225308
vt 0.921919 0.215803
vt 0.374134 0.225308
vt 0.421918 0.215803
vt 0.866932 0.201565
vt 0.366932 0.201565
vt 0.855236 0.179684
vt 0.355236 0.179684
vt 0.839496 0.160504
vt 0.339496 0.160504
vt 0.820316 0.144764
vt 0.320316 0.144764
vt 0.798435 0.133068
vt 0.298435 0.133068
vt 0.774692 0.125866
vt 0.274692 0.125866
vt 0.750000 0.123434
vt 0.250000 0.123434
vt 0.725308 0.125866
vt 0.225308 0.125866
vt 0.215803 0.078082
vt 0.701565 0.133068
vt 0.682921 0.088056
vt 0.201565 0.133068
vt 0.182921 0.088056
vt 0.679684 0.144764
vt 0.652616 0.104255
vt 0.179684 0.144764
vt 0.152616 0.104255
vt 0.660504 0.160504
vt 0.626054 0.126054
vt 0.160504 0.160504
vt 0.126054 0.126054
vt 0.644764 0.179684
vt 0.604255 0.152616
vt 0.144764 0.179684
vt 0.104255 0.152616
vt 0.633068 0.201565
vt 0.588056 0.182921
vt 0.133068 0.201565
vt 0.088056 0.182921
vt 0.625866 0.225308
vt 0.125866 0.225308
vt 0.623434 0.250000
vt 0.123434 0.250000
vt 0.625866 0.274692
vt 0.125866 0.274692
vt 0.633068 0.298435
vt 0.133068 0.298435
vt 0.644764 0.320316
vt 0.144764 0.320316
vt 0.660504 0.339496
vt 0.160504 0.339496
vt 0.679684 0.355236
vt 0.179684 0.355236
vt 0.701565 0.366932
vt 0.201565 0.366932
vt 0.725309 0.374134
vt 0.715804 0.421919
vt 0.225308 0.374134
vt 0.215803 0.421919
s 1
usemtl マテリアル
f 529/475/383 532/476/383 531/477/384 530/478/384
f 530/478/384 531/477/384 534/479/385 533/480/385
f 533/480/385 534/479/385 536/481/386 535/482/386
f 535/482/386 536/481/386 538/483/387 537/484/387
f 537/484/387 538/483/387 540/485/388 539/486/388
f 539/486/388 540/485/388 542/487/389 541/488/389
f 541/488/389 542/487/389 544/489/390 543/490/390
f 543/490/390 544/489/390 546/491/391 545/492/391
f 545/492/391 546/491/391 548/493/392 547/494/392
f 547/494/392 548/493/392 550/495/393 549/496/393
f 549/496/393 550/495/393 552/497/394 551/498/394
f 551/498/394 552/497/394 554/499/395 553/500/395
f 553/500/395 554/499/395 556/501/396 555/502/396
f 555/502/396 556/501/396 558/503/397 557/504/397
f 557/504/397 558/503/397 560/505/398 559/506/398
f 559/506/398 560/505/398 562/507/399 561/508/399
f 561/508/399 562/507/399 564/509/400 563/510/400
f 563/510/400 564/509/400 566/511/401 565/512/401
f 565/512/401 566/511/401 568/513/402 567/514/402
f 567/514/402 568/513/402 570/515/403 569/516/403
f 569/516/403 570/515/403 572/517/404 571/518/404
f 571/518/404 572/517/404 574/519/405 573/520/405
f 573/520/405 574/519/405 576/521/406 575/522/406
f 575/522/406 576/521/406 578/523/407 577/524/407
f 577/524/407 578/523/407 580/525/408 579/526/408
f 579/526/408 580/525/408 582/527/409 581/528/409
f 581/528/409 582/527/409 584/529/410 583/530/410
f 583/530/410 584/529/410 586/531/411 585/532/411
f 585/532/411 586/531/411 588/533/412 587/534/412
f 587/534/412 588/533/412 590/535/413 589/536/413
f 468/537/414 466/538/414 528/539/414 526/540/414 524/541/414 522/542/414 520/543/414 518/544/414 516/545/414 514/546/414 512/547/414 510/548/414 508/549/414 506/550/414 504/551/414 502/552/414 500/553/414 498/554/414 496/555/414 494/556/414 492/557/414 490/558/414 488/559/414 486/560/414 484/561/414 482/562/414 480/563/414 478/564/414 476/565/414 474/566/414 472/567/414 470/568/414
f 589/536/413 590/535/413 592/569/415 591/570/415
f 591/570/415 592/569/415 532/571/383 529/572/383
f 465/573/416 467/574/416 469/575/416 471/576/416 473/577/416 475/578/416 477/579/416 479/580/416 481/581/416 483/582/416 485/583/416 487/584/416 489/585/416 491/586/416 493/587/416 495/588/416 497/589/416 499/590/416 501/591/416 503/592/416 505/593/416 507/594/416 509/595/416 511/596/416 513/597/416 515/598/416 517/599/416 519/600/416 521/601/416 523/602/416 525/603/416 527/604/416
f 594/605/416 593/606/416 529/607/416 530/608/416
f 596/609/414 595/610/414 531/611/414 532/612/414
f 597/613/416 594/605/416 530/608/416 533/614/416
f 595/610/414 598/615/414 534/616/414 531/611/414
f 599/617/416 597/613/416 533/614/416 535/618/416
f 598/615/414 600/619/414 536/620/414 534/616/414
f 601/621/416 599/617/416 535/618/416 537/622/416
f 600/619/414 602/623/414 538/624/414 536/620/414
f 603/625/416 601/621/416 537/622/416 539/626/416
f 602/623/414 604/627/414 540/628/414 538/624/414
f 605/629/416 603/625/416 539/626/416 541/630/416
f 604/627/414 606/631/414 542/632/414 540/628/414
f 607/633/416 605/629/416 541/630/416 543/634/416
f 606/631/414 608/635/414 544/636/414 542/632/414
f 609/637/416 607/633/416 543/634/416 545/638/416
f 608/635/414 610/639/414 546/640/414 544/636/414
f 611/641/416 609/637/416 545/638/416 547/642/416
f 610/639/414 612/643/414 548/644/414 546/640/414
f 613/645/416 611/641/416 547/642/416 549/646/416
f 612/643/414 614/647/414 550/648/414 548/644/414
f 615/649/416 613/645/416 549/646/416 551/650/416
f 614/647/414 616/651/414 552/652/414 550/648/414
f 617/653/416 615/649/416 551/650/416 553/654/416
f 616/651/414 618/655/414 554/656/414 552/652/414
f 619/657/416 617/653/416 553/654/416 555/658/416
f 618/655/414 620/659/414 556/660/414 554/656/414
f 621/661/416 619/657/416 555/658/416 557/662/416
f 620/659/414 622/663/414 558/664/414 556/660/414
f 623/665/416 621/661/416 557/662/416 559/666/416
f 622/663/414 624/667/414 560/668/414 558/664/414
f 625/669/416 623/665/416 559/666/416 561/670/416
f 624/667/414 626/671/414 562/672/414 560/668/414
f 627/673/416 625/669/416 561/670/416 563/674/416
f 626/671/414 628/675/414 564/676/414 562/672/414
f 629/677/416 627/673/416 563/674/416 565/678/416
f 628/675/414 630/679/414 566/680/414 564/676/414
f 631/681/416 629/677/416 565/678/416 567/682/416
f 630/679/414 632/683/414 568/684/414 566/680/414
f 633/685/416 631/681/416 567/682/416 569/686/416
f 632/683/414 634/687/414 570/688/414 568/684/414
f 635/689/416 633/685/416 569/686/416 571/690/416
f 634/687/414 636/691/414 572/692/414 570/688/414
f 637/693/416 635/689/416 571/690/416 573/694/416
f 636/691/414 638/695/414 574/696/414 572/692/414
f 639/697/416 637/693/416 573/694/416 575/698/416
f 638/695/414 640/699/414 576/700/414 574/696/414
f 641/701/416 639/697/416 575/698/416 577/702/416
f 640/699/414 642/703/414 578/704/414 576/700/414
f 643/705/416 641/701/416 577/702/416 579/706/416
f 642/703/414 644/707/414 580/708/414 578/704/414
f 645/709/416 643/705/416 579/706/416 581/710/416
f 644/707/414 646/711/414 582/712/414 580/708/414
f 647/713/416 645/709/416 581/710/416 583/714/416
f 646/711/414 648/715/414 584/716/414 582/712/414
f 649/717/416 647/713/416 583/714/416 585/718/416
f 648/715/414 650/719/414 586/720/414 584/716/414
f 651/721/416 649/717/416 585/718/416 587/722/416
f 650/719/414 652/723/414 588/724/414 586/720/414
f 653/725/416 651/721/416 587/722/416 589/726/416
f 652/723/414 654/727/414 590/728/414 588/724/414
f 655/729/416 653/725/416 589/726/416 591/730/416
f 654/727/414 656/731/414 592/732/414 590/728/414
f 593/606/416 655/729/416 591/730/416 529/607/416
f 656/731/414 596/609/414 532/612/414 592/732/414
f 665/733/387 663/734/386 820/734/386 821/733/387
f 716/735/412 718/736/413 975/736/413 974/735/412
f 691/737/400 689/738/399 833/738/399 834/737/400
f 598/615/401 595/610/400 913/610/400 915/615/401
f 717/739/413 715/740/412 846/740/412 847/739/413
f 624/667/415 622/663/413 927/663/413 928/667/415
f 594/605/400 597/613/401 787/613/401 786/605/400
f 650/719/395 648/715/394 940/715/394 941/719/395
f 621/661/413 623/665/415 800/665/415 799/661/413
f 662/741/385 664/742/386 948/742/386 947/741/385
f 647/713/394 649/717/395 813/717/395 812/713/394
f 688/743/398 690/744/399 961/744/399 960/743/398
f 663/734/386 661/745/385 819/745/385 820/734/386
f 714/746/411 716/735/412 974/735/412 973/746/411
f 689/738/399 687/747/398 832/747/398 833/738/399
f 595/610/400 596/609/399 914/609/399 913/610/400
f 715/740/412 713/748/411 845/748/411 846/740/412
f 622/663/413 620/659/412 926/659/412 927/663/413
f 593/606/399 594/605/400 786/605/400 785/606/399
f 648/715/394 646/711/393 939/711/393 940/715/394
f 619/657/412 621/661/413 799/661/413 798/657/412
f 659/749/384 662/741/385 947/741/385 945/749/384
f 645/709/393 647/713/394 812/713/394 811/709/393
f 686/750/397 688/743/398 960/743/398 959/750/397
f 661/745/385 658/751/384 818/751/384 819/745/385
f 712/752/410 714/746/411 973/746/411 972/752/410
f 687/747/398 685/753/397 831/753/397 832/747/398
f 620/659/412 618/655/411 925/655/411 926/659/412
f 713/748/411 711/754/410 844/754/410 845/748/411
f 646/711/393 644/707/392 938/707/392 939/711/393
f 617/653/411 619/657/412 798/657/412 797/653/411
f 660/755/383 659/749/384 945/749/384 946/755/383
f 643/705/392 645/709/393 811/709/393 810/705/392
f 684/756/396 686/750/397 959/750/397 958/756/396
f 658/751/384 657/757/383 817/757/383 818/751/384
f 710/758/409 712/752/410 972/752/410 971/758/409
f 685/753/397 683/759/396 830/759/396 831/753/397
f 618/655/411 616/651/410 924/651/410 925/655/411
f 711/754/410 709/760/409 843/760/409 844/754/410
f 644/707/392 642/703/391 937/703/391 938/707/392
f 615/649/410 617/653/411 797/653/411 796/649/410
f 682/761/395 684/756/396 958/756/396 957/761/395
f 641/701/391 643/705/392 810/705/392 809/701/391
f 708/762/408 710/758/409 971/758/409 970/762/408
f 683/759/396 681/763/395 829/763/395 830/759/396
f 616/651/410 614/647/409 923/647/409 924/651/410
f 709/760/409 707/764/408 842/764/408 843/760/409
f 642/703/391 640/699/390 936/699/390 937/703/391
f 613/645/409 615/649/410 796/649/410 795/645/409
f 680/765/394 682/761/395 957/761/395 956/765/394
f 639/697/390 641/701/391 809/701/391 808/697/390
f 706/766/407 708/762/408 970/762/408 969/766/407
f 681/763/395 679/767/394 828/767/394 829/763/395
f 614/647/409 612/643/408 922/643/408 923/647/409
f 707/764/408 705/768/407 841/768/407 842/764/408
f 640/699/390 638/695/389 935/695/389 936/699/390
f 611/641/408 613/645/409 795/645/409 794/641/408
f 678/769/393 680/765/394 956/765/394 955/769/393
f 637/693/389 639/697/390 808/697/390 807/693/389
f 704/770/406 706/766/407 969/766/407 968/770/406
f 679/767/394 677/771/393 827/771/393 828/767/394
f 612/643/408 610/639/407 921/639/407 922/643/408
f 705/768/407 703/772/406 840/772/406 841/768/407
f 638/695/389 636/691/388 934/691/388 935/695/389
f 722/773/416 721/774/416 657/757/416 658/751/416
f 724/775/414 723/776/414 659/749/414 660/755/414
f 725/777/416 722/773/416 658/751/416 661/745/416
f 723/776/414 726/778/414 662/741/414 659/749/414
f 727/779/416 725/777/416 661/745/416 663/734/416
f 726/778/414 728/780/414 664/742/414 662/741/414
f 729/781/416 727/779/416 663/734/416 665/733/416
f 728/780/414 730/782/414 666/783/414 664/742/414
f 731/784/416 729/781/416 665/733/416 667/785/416
f 730/782/414 732/786/414 668/787/414 666/783/414
f 733/788/416 731/784/416 667/785/416 669/789/416
f 732/786/414 734/790/414 670/791/414 668/787/414
f 735/792/416 733/788/416 669/789/416 671/793/416
f 734/790/414 736/794/414 672/795/414 670/791/414
f 737/796/416 735/792/416 671/793/416 673/797/416
f 736/794/414 738/798/414 674/799/414 672/795/414
f 739/800/416 737/796/416 673/797/416 675/801/416
f 738/798/414 740/802/414 676/803/414 674/799/414
f 741/804/416 739/800/416 675/801/416 677/771/416
f 740/802/414 742/805/414 678/769/414 676/803/414
f 743/806/416 741/804/416 677/771/416 679/767/416
f 742/805/414 744/807/414 680/765/414 678/769/414
f 745/808/416 743/806/416 679/767/416 681/763/416
f 744/807/414 746/809/414 682/761/414 680/765/414
f 747/810/416 745/808/416 681/763/416 683/759/416
f 746/809/414 748/811/414 684/756/414 682/761/414
f 749/812/416 747/810/416 683/759/416 685/753/416
f 748/811/414 750/813/414 686/750/414 684/756/414
f 751/814/416 749/812/416 685/753/416 687/747/416
f 750/813/414 752/815/414 688/743/414 686/750/414
f 753/816/416 751/814/416 687/747/416 689/738/416
f 752/815/414 754/817/414 690/744/414 688/743/414
f 755/818/416 753/816/416 689/738/416 691/737/416
f 754/817/414 756/819/414 692/820/414 690/744/414
f 757/821/416 755/818/416 691/737/416 693/822/416
f 756/819/414 758/823/414 694/824/414 692/820/414
f 759/825/416 757/821/416 693/822/416 695/826/416
f 758/823/414 760/827/414 696/828/414 694/824/414
f 761/829/416 759/825/416 695/826/416 697/830/416
f 760/827/414 762/831/414 698/832/414 696/828/414
f 763/833/416 761/829/416 697/830/416 699/834/416
f 762/831/414 764/835/414 700/836/414 698/832/414
f 765/837/416 763/833/416 699/834/416 701/838/416
f 764/835/414 766/839/414 702/840/414 700/836/414
f 767/841/416 765/837/416 701/838/416 703/772/416
f 766/839/414 768/842/414 704/770/414 702/840/414
f 769/843/416 767/841/416 703/772/416 705/768/416
f 768/842/414 770/844/414 706/766/414 704/770/414
f 771/845/416 769/843/416 705/768/416 707/764/416
f 770/844/414 772/846/414 708/762/414 706/766/414
f 773/847/416 771/845/416 707/764/416 709/760/416
f 772/846/414 774/848/414 710/758/414 708/762/414
f 775/849/416 773/847/416 709/760/416 711/754/416
f 774/848/414 776/850/414 712/752/414 710/758/414
f 777/851/416 775/849/416 711/754/416 713/748/416
f 776/850/414 778/852/414 714/746/414 712/752/414
f 779/853/416 777/851/416 713/748/416 715/740/416
f 778/852/414 780/854/414 716/735/414 714/746/414
f 781/855/416 779/853/416 715/740/416 717/739/416
f 780/854/414 782/856/414 718/736/414 716/735/414
f 783/857/416 781/855/416 717/739/416 719/858/416
f 782/856/414 784/859/414 720/860/414 718/736/414
f 721/774/416 783/857/416 719/858/416 657/757/416
f 784/859/414 724/775/414 660/755/414 720/860/414
f 477/579/389 475/578/388 886/578/388 887/579/389
f 766/839/389 764/835/388 998/835/388 999/839/389
f 503/592/402 501/591/401 899/591/401 900/592/402
f 484/561/392 486/560/393 1019/560/393 1018/561/392
f 465/573/383 527/604/415 912/604/415 881/573/383
f 510/548/405 512/547/406 1032/547/406 1031/548/405
f 727/779/402 729/781/403 853/781/403 852/779/402
f 738/798/407 736/794/406 984/794/406 985/798/407
f 753/816/383 755/818/384 866/818/384 865/816/383
f 764/835/388 762/831/387 997/831/387 998/835/388
f 779/853/396 781/855/397 879/855/397 878/853/396
f 482/562/391 484/561/392 1018/561/392 1017/562/391
f 475/578/388 473/577/387 885/577/387 886/578/388
f 508/549/404 510/548/405 1031/548/405 1030/549/404
f 501/591/401 499/590/400 898/590/400 899/591/401
f 736/794/406 734/790/405 983/790/405 984/794/406
f 527/604/415 525/603/413 911/603/413 912/604/415
f 762/831/387 760/827/386 996/827/386 997/831/387
f 725/777/401 727/779/402 852/779/402 851/777/401
f 480/563/390 482/562/391 1017/562/391 1016/563/390
f 751/814/415 753/816/383 865/816/383 864/814/415
f 506/550/403 508/549/404 1030/549/404 1029/550/403
f 777/851/395 779/853/396 878/853/396 877/851/395
f 734/790/405 732/786/404 982/786/404 983/790/405
f 473/577/387 471/576/386 884/576/386 885/577/387
f 760/827/386 758/823/385 995/823/385 996/827/386
f 499/590/400 497/589/399 897/589/399 898/590/400
f 724/775/399 784/859/398 1008/859/398 978/775/399
f 525/603/413 523/602/412 910/602/412 911/603/413
f 478/564/389 480/563/390 1016/563/390 1015/564/389
f 722/773/400 725/777/401 851/777/401 850/773/400
f 504/551/402 506/550/403 1029/550/403 1028/551/402
f 749/812/413 751/814/415 864/814/415 863/812/413
f 732/786/404 730/782/403 981/782/403 982/786/404
f 775/849/394 777/851/395 877/851/395 876/849/394
f 758/823/385 756/819/384 994/819/384 995/823/385
f 471/576/386 469/575/385 883/575/385 884/576/386
f 784/859/398 782/856/397 1007/856/397 1008/859/398
f 497/589/399 495/588/398 896/588/398 897/589/399
f 476/565/388 478/564/389 1015/564/389 1014/565/388
f 523/602/412 521/601/411 909/601/411 910/602/412
f 502/552/401 504/551/402 1028/551/402 1027/552/401
f 721/774/399 722/773/400 850/773/400 849/774/399
f 528/539/415 466/538/383 1010/538/383 1040/539/415
f 747/810/412 749/812/413 863/812/413 862/810/412
f 730/782/403 728/780/402 980/780/402 981/782/403
f 773/847/393 775/849/394 876/849/394 875/847/393
f 756/819/384 754/817/383 993/817/383 994/819/384
f 469/575/385 467/574/384 882/574/384 883/575/385
f 782/856/397 780/854/396 1006/854/396 1007/856/397
f 495/588/398 493/587/397 895/587/397 896/588/398
f 474/566/387 476/565/388 1014/565/388 1013/566/387
f 521/601/411 519/600/410 908/600/410 909/601/411
f 500/553/400 502/552/401 1027/552/401 1026/553/400
f 745/808/411 747/810/412 862/810/412 861/808/411
f 526/540/413 528/539/415 1040/539/415 1039/540/413
f 771/845/392 773/847/393 875/847/393 874/845/392
f 728/780/402 726/778/401 979/778/401 980/780/402
f 467/574/384 465/573/383 881/573/383 882/574/384
f 754/817/383 752/815/415 992/815/415 993/817/383
f 493/587/397 491/586/396 894/586/396 895/587/397
f 780/854/396 778/852/395 1005/852/395 1006/854/396
f 519/600/410 517/599/409 907/599/409 908/600/410
f 472/567/386 474/566/387 1013/566/387 1012/567/386
f 818/751/416 817/757/416 785/606/416 786/605/416
f 819/745/416 818/751/416 786/605/416 787/613/416
f 820/734/416 819/745/416 787/613/416 788/617/416
f 821/733/416 820/734/416 788/617/416 789/621/416
f 822/785/416 821/733/416 789/621/416 790/625/416
f 823/789/416 822/785/416 790/625/416 791/629/416
f 824/793/416 823/789/416 791/629/416 792/633/416
f 825/797/416 824/793/416 792/633/416 793/637/416
f 826/801/416 825/797/416 793/637/416 794/641/416
f 827/771/416 826/801/416 794/641/416 795/645/416
f 828/767/416 827/771/416 795/645/416 796/649/416
f 829/763/416 828/767/416 796/649/416 797/653/416
f 830/759/416 829/763/416 797/653/416 798/657/416
f 831/753/416 830/759/416 798/657/416 799/661/416
f 832/747/416 831/753/416 799/661/416 800/665/416
f 833/738/416 832/747/416 800/665/416 801/669/416
f 834/737/416 833/738/416 801/669/416 802/673/416
f 835/822/416 834/737/416 802/673/416 803/677/416
f 836/826/416 835/822/416 803/677/416 804/681/416
f 837/830/416 836/826/416 804/681/416 805/685/416
f 838/834/416 837/830/416 805/685/416 806/689/416
f 839/838/416 838/834/416 806/689/416 807/693/416
f 840/772/416 839/838/416 807/693/416 808/697/416
f 841/768/416 840/772/416 808/697/416 809/701/416
f 842/764/416 841/768/416 809/701/416 810/705/416
f 843/760/416 842/764/416 810/705/416 811/709/416
f 844/754/416 843/760/416 811/709/416 812/713/416
f 845/748/416 844/754/416 812/713/416 813/717/416
f 846/740/416 845/748/416 813/717/416 814/721/416
f 847/739/416 846/740/416 814/721/416 815/725/416
f 848/858/416 847/739/416 815/725/416 816/729/416
f 817/757/416 848/858/416 816/729/416 785/606/416
f 649/717/395 651/721/396 814/721/396 813/717/395
f 623/665/415 625/669/383 801/669/383 800/665/415
f 597/613/401 599/617/402 788/617/402 787/613/401
f 719/858/415 717/739/413 847/739/413 848/858/415
f 693/822/401 691/737/400 834/737/400 835/822/401
f 667/785/388 665/733/387 821/733/387 822/785/388
f 651/721/396 653/725/397 815/725/397 814/721/396
f 625/669/383 627/673/384 802/673/384 801/669/383
f 599/617/402 601/621/403 789/621/403 788/617/402
f 657/757/383 719/858/415 848/858/415 817/757/383
f 695/826/402 693/822/401 835/822/401 836/826/402
f 669/789/389 667/785/388 822/785/388 823/789/389
f 653/725/397 655/729/398 816/729/398 815/725/397
f 627/673/384 629/677/385 803/677/385 802/673/384
f 601/621/403 603/625/404 790/625/404 789/621/403
f 697/830/403 695/826/402 836/826/402 837/830/403
f 671/793/390 669/789/389 823/789/389 824/793/390
f 655/729/398 593/606/399 785/606/399 816/729/398
f 629/677/385 631/681/386 804/681/386 803/677/385
f 603/625/404 605/629/405 791/629/405 790/625/404
f 699/834/404 697/830/403 837/830/403 838/834/404
f 673/797/391 671/793/390 824/793/390 825/797/391
f 631/681/386 633/685/387 805/685/387 804/681/386
f 605/629/405 607/633/406 792/633/406 791/629/405
f 701/838/405 699/834/404 838/834/404 839/838/405
f 675/801/392 673/797/391 825/797/391 826/801/392
f 633/685/387 635/689/388 806/689/388 805/685/387
f 607/633/406 609/637/407 793/637/407 792/633/406
f 703/772/406 701/838/405 839/838/405 840/772/406
f 677/771/393 675/801/392 826/801/392 827/771/393
f 635/689/388 637/693/389 807/693/389 806/689/388
f 609/637/407 611/641/408 794/641/408 793/637/407
f 882/574/416 881/573/416 849/774/416 850/773/416
f 883/575/416 882/574/416 850/773/416 851/777/416
f 884/576/416 883/575/416 851/777/416 852/779/416
f 885/577/416 884/576/416 852/779/416 853/781/416
f 886/578/416 885/577/416 853/781/416 854/784/416
f 887/579/416 886/578/416 854/784/416 855/788/416
f 888/580/416 887/579/416 855/788/416 856/792/416
f 889/581/416 888/580/416 856/792/416 857/796/416
f 890/582/416 889/581/416 857/796/416 858/800/416
f 891/583/416 890/582/416 858/800/416 859/804/416
f 892/584/416 891/583/416 859/804/416 860/806/416
f 893/585/416 892/584/416 860/806/416 861/808/416
f 894/586/416 893/585/416 861/808/416 862/810/416
f 895/587/416 894/586/416 862/810/416 863/812/416
f 896/588/416 895/587/416 863/812/416 864/814/416
f 897/589/416 896/588/416 864/814/416 865/816/416
f 898/590/416 897/589/416 865/816/416 866/818/416
f 899/591/416 898/590/416 866/818/416 867/821/416
f 900/592/416 899/591/416 867/821/416 868/825/416
f 901/593/416 900/592/416 868/825/416 869/829/416
f 902/594/416 901/593/416 869/829/416 870/833/416
f 903/595/416 902/594/416 870/833/416 871/837/416
f 904/596/416 903/595/416 871/837/416 872/841/416
f 905/597/416 904/596/416 872/841/416 873/843/416
f 906/598/416 905/597/416 873/843/416 874/845/416
f 907/599/416 906/598/416 874/845/416 875/847/416
f 908/600/416 907/599/416 875/847/416 876/849/416
f 909/601/416 908/600/416 876/849/416 877/851/416
f 910/602/416 909/601/416 877/851/416 878/853/416
f 911/603/416 910/602/416 878/853/416 879/855/416
f 912/604/416 911/603/416 879/855/416 880/857/416
f 881/573/416 912/604/416 880/857/416 849/774/416
f 781/855/397 783/857/398 880/857/398 879/855/397
f 755/818/384 757/821/385 867/821/385 866/818/384
f 729/781/403 731/784/404 854/784/404 853/781/403
f 505/593/403 503/592/402 900/592/402 901/593/403
f 479/580/390 477/579/389 887/579/389 888/580/390
f 783/857/398 721/774/399 849/774/399 880/857/398
f 757/821/385 759/825/386 868/825/386 867/821/385
f 731/784/404 733/788/405 855/788/405 854/784/404
f 507/594/404 505/593/403 901/593/403 902/594/404
f 481/581/391 479/580/390 888/580/390 889/581/391
f 759/825/386 761/829/387 869/829/387 868/825/386
f 733/788/405 735/792/406 856/792/406 855/788/405
f 509/595/405 507/594/404 902/594/404 903/595/405
f 483/582/392 481/581/391 889/581/391 890/582/392
f 761/829/387 763/833/388 870/833/388 869/829/387
f 735/792/406 737/796/407 857/796/407 856/792/406
f 511/596/406 509/595/405 903/595/405 904/596/406
f 485/583/393 483/582/392 890/582/392 891/583/393
f 763/833/388 765/837/389 871/837/389 870/833/388
f 737/796/407 739/800/408 858/800/408 857/796/407
f 513/597/407 511/596/406 904/596/406 905/597/407
f 487/584/394 485/583/393 891/583/393 892/584/394
f 765/837/389 767/841/390 872/841/390 871/837/389
f 739/800/408 741/804/409 859/804/409 858/800/408
f 515/598/408 513/597/407 905/597/407 906/598/408
f 489/585/395 487/584/394 892/584/394 893/585/395
f 767/841/390 769/843/391 873/843/391 872/841/390
f 741/804/409 743/806/410 860/806/410 859/804/409
f 517/599/409 515/598/408 906/598/408 907/599/409
f 491/586/396 489/585/395 893/585/395 894/586/396
f 769/843/391 771/845/392 874/845/392 873/843/391
f 743/806/410 745/808/411 861/808/411 860/806/410
f 946/755/414 945/749/414 913/610/414 914/609/414
f 945/749/414 947/741/414 915/615/414 913/610/414
f 947/741/414 948/742/414 916/619/414 915/615/414
f 948/742/414 949/783/414 917/623/414 916/619/414
f 949/783/414 950/787/414 918/627/414 917/623/414
f 950/787/414 951/791/414 919/631/414 918/627/414
f 951/791/414 952/795/414 920/635/414 919/631/414
f 952/795/414 953/799/414 921/639/414 920/635/414
f 953/799/414 954/803/414 922/643/414 921/639/414
f 954/803/414 955/769/414 923/647/414 922/643/414
f 955/769/414 956/765/414 924/651/414 923/647/414
f 956/765/414 957/761/414 925/655/414 924/651/414
f 957/761/414 958/756/414 926/659/414 925/655/414
f 958/756/414 959/750/414 927/663/414 926/659/414
f 959/750/414 960/743/414 928/667/414 927/663/414
f 960/743/414 961/744/414 929/671/414 928/667/414
f 961/744/414 962/820/414 930/675/414 929/671/414
f 962/820/414 963/824/414 931/679/414 930/675/414
f 963/824/414 964/828/414 932/683/414 931/679/414
f 964/828/414 965/832/414 933/687/414 932/683/414
f 965/832/414 966/836/414 934/691/414 933/687/414
f 966/836/414 967/840/414 935/695/414 934/691/414
f 967/840/414 968/770/414 936/699/414 935/695/414
f 968/770/414 969/766/414 937/703/414 936/699/414
f 969/766/414 970/762/414 938/707/414 937/703/414
f 970/762/414 971/758/414 939/711/414 938/707/414
f 971/758/414 972/752/414 940/715/414 939/711/414
f 972/752/414 973/746/414 941/719/414 940/715/414
f 973/746/414 974/735/414 942/723/414 941/719/414
f 974/735/414 975/736/414 943/727/414 942/723/414
f 975/736/414 976/860/414 944/731/414 943/727/414
f 976/860/414 946/755/414 914/609/414 944/731/414
f 690/744/399 692/820/400 962/820/400 961/744/399
f 664/742/386 666/783/387 949/783/387 948/742/386
f 652/723/396 650/719/395 941/719/395 942/723/396
f 626/671/383 624/667/415 928/667/415 929/671/383
f 600/619/402 598/615/401 915/615/401 916/619/402
f 718/736/413 720/860/415 976/860/415 975/736/413
f 692/820/400 694/824/401 963/824/401 962/820/400
f 666/783/387 668/787/388 950/787/388 949/783/387
f 654/727/397 652/723/396 942/723/396 943/727/397
f 628/675/384 626/671/383 929/671/383 930/675/384
f 602/623/403 600/619/402 916/619/402 917/623/403
f 720/860/415 660/755/383 946/755/383 976/860/415
f 694/824/401 696/828/402 964/828/402 963/824/401
f 668/787/388 670/791/389 951/791/389 950/787/388
f 656/731/398 654/727/397 943/727/397 944/731/398
f 630/679/385 628/675/384 930/675/384 931/679/385
f 604/627/404 602/623/403 917/623/403 918/627/404
f 696/828/402 698/832/403 965/832/403 964/828/402
f 670/791/389 672/795/390 952/795/390 951/791/389
f 596/609/399 656/731/398 944/731/398 914/609/399
f 632/683/386 630/679/385 931/679/385 932/683/386
f 606/631/405 604/627/404 918/627/404 919/631/405
f 698/832/403 700/836/404 966/836/404 965/832/403
f 672/795/390 674/799/391 953/799/391 952/795/390
f 634/687/387 632/683/386 932/683/386 933/687/387
f 608/635/406 606/631/405 919/631/405 920/635/406
f 700/836/404 702/840/405 967/840/405 966/836/404
f 674/799/391 676/803/392 954/803/392 953/799/391
f 636/691/388 634/687/387 933/687/387 934/691/388
f 610/639/407 608/635/406 920/635/406 921/639/407
f 702/840/405 704/770/406 968/770/406 967/840/405
f 676/803/392 678/769/393 955/769/393 954/803/392
f 1010/538/414 1009/537/414 977/776/414 978/775/414
f 1009/537/414 1011/568/414 979/778/414 977/776/414
f 1011/568/414 1012/567/414 980/780/414 979/778/414
f 1012/567/414 1013/566/414 981/782/414 980/780/414
f 1013/566/414 1014/565/414 982/786/414 981/782/414
f 1014/565/414 1015/564/414 983/790/414 982/786/414
f 1015/564/414 1016/563/414 984/794/414 983/790/414
f 1016/563/414 1017/562/414 985/798/414 984/794/414
f 1017/562/414 1018/561/414 986/802/414 985/798/414
f 1018/561/414 1019/560/414 987/805/414 986/802/414
f 1019/560/414 1020/559/414 988/807/414 987/805/414
f 1020/559/414 1021/558/414 989/809/414 988/807/414
f 1021/558/414 1022/557/414 990/811/414 989/809/414
f 1022/557/414 1023/556/414 991/813/414 990/811/414
f 1023/556/414 1024/555/414 992/815/414 991/813/414
f 1024/555/414 1025/554/414 993/817/414 992/815/414
f 1025/554/414 1026/553/414 994/819/414 993/817/414
f 1026/553/414 1027/552/414 995/823/414 994/819/414
f 1027/552/414 1028/551/414 996/827/414 995/823/414
f 1028/551/414 1029/550/414 997/831/414 996/827/414
f 1029/550/414 1030/549/414 998/835/414 997/831/414
f 1030/549/414 1031/548/414 999/839/414 998/835/414
f 1031/548/414 1032/547/414 1000/842/414 999/839/414
f 1032/547/414 1033/546/414 1001/844/414 1000/842/414
f 1033/546/414 1034/545/414 1002/846/414 1001/844/414
f 1034/545/414 1035/544/414 1003/848/414 1002/846/414
f 1035/544/414 1036/543/414 1004/850/414 1003/848/414
f 1036/543/414 1037/542/414 1005/852/414 1004/850/414
f 1037/542/414 1038/541/414 1006/854/414 1005/852/414
f 1038/541/414 1039/540/414 1007/856/414 1006/854/414
f 1039/540/414 1040/539/414 1008/859/414 1007/856/414
f 1040/539/414 1010/538/414 978/775/414 1008/859/414
f 740/802/408 738/798/407 985/798/407 986/802/408
f 512/547/406 514/546/407 1033/546/407 1032/547/406
f 486/560/393 488/559/394 1020/559/394 1019/560/393
f 768/842/390 766/839/389 999/839/389 1000/842/390
f 742/805/409 740/802/408 986/802/408 987/805/409
f 514/546/407 516/545/408 1034/545/408 1033/546/407
f 488/559/394 490/558/395 1021/558/395 1020/559/394
f 770/844/391 768/842/390 1000/842/390 1001/844/391
f 744/807/410 742/805/409 987/805/409 988/807/410
f 516/545/408 518/544/409 1035/544/409 1034/545/408
f 490/558/395 492/557/396 1022/557/396 1021/558/395
f 772/846/392 770/844/391 1001/844/391 1002/846/392
f 746/809/411 744/807/410 988/807/410 989/809/411
f 518/544/409 520/543/410 1036/543/410 1035/544/409
f 492/557/396 494/556/397 1023/556/397 1022/557/396
f 466/538/383 468/537/384 1009/537/384 1010/538/383
f 774/848/393 772/846/392 1002/846/392 1003/848/393
f 748/811/412 746/809/411 989/809/411 990/811/412
f 520/543/410 522/542/411 1037/542/411 1036/543/410
f 494/556/397 496/555/398 1024/555/398 1023/556/397
f 468/537/384 470/568/385 1011/568/385 1009/537/384
f 776/850/394 774/848/393 1003/848/393 1004/850/394
f 750/813/413 748/811/412 990/811/412 991/813/413
f 723/776/400 724/775/399 978/775/399 977/776/400
f 522/542/411 524/541/412 1038/541/412 1037/542/411
f 496/555/398 498/554/399 1025/554/399 1024/555/398
f 470/568/385 472/567/386 1012/567/386 1011/568/385
f 778/852/395 776/850/394 1004/850/394 1005/852/395
f 752/815/415 750/813/413 991/813/413 992/815/415
f 726/778/401 723/776/400 977/776/400 979/778/401
f 524/541/412 526/540/413 1039/540/413 1038/541/412
f 498/554/399 500/553/400 1026/553/400 1025/554/399
o 円柱.001
v -0.519294 1.561672 -0.178532
v -0.519294 1.561674 -0.071531
v -0.496564 1.553148 -0.175793
v -0.496564 1.553150 -0.074269
v -0.472302 1.552325 -0.178532
v -0.472302 1.552327 -0.071530
v -0.454565 1.535751 -0.175793
v -0.454565 1.535753 -0.074269
v -0.432465 1.525706 -0.178531
v -0.432465 1.525708 -0.071530
v -0.422420 1.503606 -0.175792
v -0.422420 1.503608 -0.074268
v -0.405846 1.485868 -0.178530
v -0.405846 1.485871 -0.071529
v -0.405023 1.461607 -0.175791
v -0.405023 1.461609 -0.074267
v -0.396499 1.438877 -0.178529
v -0.396499 1.438879 -0.071528
v -0.405023 1.416147 -0.175790
v -0.405023 1.416149 -0.074266
v -0.405846 1.391885 -0.178528
v -0.405846 1.391887 -0.071527
v -0.422420 1.374147 -0.175789
v -0.422420 1.374149 -0.074266
v -0.432465 1.352047 -0.178528
v -0.432465 1.352049 -0.071526
v -0.454565 1.342002 -0.175789
v -0.454565 1.342004 -0.074265
v -0.472302 1.325428 -0.178527
v -0.472302 1.325430 -0.071526
v -0.496564 1.324606 -0.175788
v -0.496564 1.324608 -0.074265
v -0.519294 1.316081 -0.178527
v -0.519294 1.316083 -0.071526
v -0.542024 1.324606 -0.175788
v -0.542024 1.324608 -0.074265
v -0.566286 1.325428 -0.178527
v -0.566286 1.325430 -0.071526
v -0.584024 1.342002 -0.175789
v -0.584024 1.342004 -0.074265
v -0.606124 1.352047 -0.178528
v -0.606124 1.352049 -0.071526
v -0.616169 1.374147 -0.175789
v -0.616169 1.374149 -0.074266
v -0.632743 1.391885 -0.178528
v -0.632743 1.391887 -0.071527
v -0.633565 1.416147 -0.175790
v -0.633565 1.416149 -0.074266
v -0.642090 1.438877 -0.178529
v -0.642090 1.438879 -0.071528
v -0.633565 1.461607 -0.175791
v -0.633565 1.461609 -0.074267
v -0.632743 1.485868 -0.178530
v -0.632743 1.485871 -0.071529
v -0.616169 1.503606 -0.175792
v -0.616169 1.503608 -0.074268
v -0.606124 1.525706 -0.178531
v -0.606124 1.525708 -0.071530
v -0.584024 1.535751 -0.175793
v -0.584024 1.535753 -0.074269
v -0.566286 1.552325 -0.178532
v -0.566286 1.552327 -0.071530
v -0.542024 1.553148 -0.175793
v -0.542024 1.553150 -0.074269
vn 0.3512 0.9363 -0.0000
vn 0.1951 0.9808 -0.0000
vn 0.0339 0.9994 -0.0000
vn 0.6827 0.7307 -0.0000
vn 0.5556 0.8315 -0.0000
vn 0.4138 0.9104 -0.0000
vn 0.9104 0.4138 -0.0000
vn 0.8315 0.5556 -0.0000
vn 0.7307 0.6827 -0.0000
vn 0.9994 0.0339 -0.0000
vn 0.9808 0.1951 -0.0000
vn 0.9363 0.3512 -0.0000
vn 0.9363 -0.3512 -0.0000
vn 0.9808 -0.1951 -0.0000
vn 0.9994 -0.0339 -0.0000
vn 0.7307 -0.6827 -0.0000
vn 0.8315 -0.5556 -0.0000
vn 0.9104 -0.4138 -0.0000
vn 0.4138 -0.9104 -0.0000
vn 0.5556 -0.8315 -0.0000
vn 0.6827 -0.7307 -0.0000
vn 0.0339 -0.9994 -0.0000
vn 0.1951 -0.9808 -0.0000
vn 0.3512 -0.9363 -0.0000
vn -0.3512 -0.9363 -0.0000
vn -0.1951 -0.9808 -0.0000
vn -0.0339 -0.9994 -0.0000
vn -0.6827 -0.7307 -0.0000
vn -0.5556 -0.8315 -0.0000
vn -0.4138 -0.9104 -0.0000
vn -0.9104 -0.4138 -0.0000
vn -0.8315 -0.5556 -0.0000
vn -0.7307 -0.6827 -0.0000
vn -0.9994 -0.0339 -0.0000
vn -0.9808 -0.1951 -0.0000
vn -0.9363 -0.3512 -0.0000
vn -0.9363 0.3512 -0.0000
vn -0.9808 0.1951 -0.0000
vn -0.9994 0.0339 -0.0000
vn -0.7307 0.6827 -0.0000
vn -0.8315 0.5556 -0.0000
vn -0.9104 0.4138 -0.0000
vn -0.4138 0.9104 -0.0000
vn -0.5556 0.8315 -0.0000
vn -0.6827 0.7307 -0.0000
vn -0.0000 -0.0000 1.0000
vn -0.0339 0.9994 -0.0000
vn -0.1951 0.9808 -0.0000
vn -0.3512 0.9363 -0.0000
vn -0.0000 -0.0000 -1.0000
vt 1.000000 0.500000
vt 1.000000 1.000000
vt 0.968750 1.000000
vt 0.968750 0.500000
vt 0.937500 1.000000
vt 0.937500 0.500000
vt 0.906250 1.000000
vt 0.906250 0.500000
vt 0.875000 1.000000
vt 0.875000 0.500000
vt 0.843750 1.000000
vt 0.843750 0.500000
vt 0.812500 1.000000
vt 0.812500 0.500000
vt 0.781250 1.000000
vt 0.781250 0.500000
vt 0.750000 1.000000
vt 0.750000 0.500000
vt 0.718750 1.000000
vt 0.718750 0.500000
vt 0.687500 1.000000
vt 0.687500 0.500000
vt 0.656250 1.000000
vt 0.656250 0.500000
vt 0.625000 1.000000
vt 0.625000 0.500000
vt 0.593750 1.000000
vt 0.593750 0.500000
vt 0.562500 1.000000
vt 0.562500 0.500000
vt 0.531250 1.000000
vt 0.531250 0.500000
vt 0.500000 1.000000
vt 0.500000 0.500000
vt 0.468750 1.000000
vt 0.468750 0.500000
vt 0.437500 1.000000
vt 0.437500 0.500000
vt 0.406250 1.000000
vt 0.406250 0.500000
vt 0.375000 1.000000
vt 0.375000 0.500000
vt 0.343750 1.000000
vt 0.343750 0.500000
vt 0.312500 1.000000
vt 0.312500 0.500000
vt 0.281250 1.000000
vt 0.281250 0.500000
vt 0.250000 1.000000
vt 0.250000 0.500000
vt 0.218750 1.000000
vt 0.218750 0.500000
vt 0.187500 1.000000
vt 0.187500 0.500000
vt 0.156250 1.000000
vt 0.156250 0.500000
vt 0.125000 1.000000
vt 0.125000 0.500000
vt 0.093750 1.000000
vt 0.093750 0.500000
vt 0.062500 1.000000
vt 0.062500 0.500000
vt 0.296822 0.485388
vt 0.250000 0.490000
vt 0.203178 0.485388
vt 0.158156 0.471731
vt 0.116663 0.449553
vt 0.080294 0.419706
vt 0.050447 0.383337
vt 0.028269 0.341844
vt 0.014612 0.296822
vt 0.010000 0.250000
vt 0.014612 0.203178
vt 0.028269 0.158156
vt 0.050447 0.116663
vt 0.080294 0.080294
vt 0.116663 0.050447
vt 0.158156 0.028269
vt 0.203178 0.014612
vt 0.250000 0.010000
vt 0.296822 0.014612
vt 0.341844 0.028269
vt 0.383337 0.050447
vt 0.419706 0.080294
vt 0.449553 0.116663
vt 0.471731 0.158156
vt 0.485388 0.203178
vt 0.490000 0.250000
vt 0.485388 0.296822
vt 0.471731 0.341844
vt 0.449553 0.383337
vt 0.419706 0.419706
vt 0.383337 0.449553
vt 0.341844 0.471731
vt 0.031250 1.000000
vt 0.031250 0.500000
vt 0.000000 1.000000
vt 0.000000 0.500000
vt 0.750000 0.490000
vt 0.796822 0.485388
vt 0.841844 0.471731
vt 0.883337 0.449553
vt 0.919706 0.419706
vt 0.949553 0.383337
vt 0.971731 0.341844
vt 0.985388 0.296822
vt 0.990000 0.250000
vt 0.985388 0.203178
vt 0.971731 0.158156
vt 0.949553 0.116663
vt 0.919706 0.080294
vt 0.883337 0.050447
vt 0.841844 0.028269
vt 0.796822 0.014612
vt 0.750000 0.010000
vt 0.703178 0.014612
vt 0.658156 0.028269
vt 0.616663 0.050447
vt 0.580294 0.080294
vt 0.550447 0.116663
vt 0.528269 0.158156
vt 0.514612 0.203178
vt 0.510000 0.250000
vt 0.514612 0.296822
vt 0.528269 0.341844
vt 0.550447 0.383337
vt 0.580294 0.419706
vt 0.616663 0.449553
vt 0.658156 0.471731
vt 0.703178 0.485388
s 1
usemtl マテリアル.002
f 1041/861/417 1042/862/417 1044/863/418 1043/864/418
f 1043/864/418 1044/863/418 1046/865/419 1045/866/419
f 1045/866/420 1046/865/420 1048/867/421 1047/868/421
f 1047/868/421 1048/867/421 1050/869/422 1049/870/422
f 1049/870/423 1050/869/423 1052/871/424 1051/872/424
f 1051/872/424 1052/871/424 1054/873/425 1053/874/425
f 1053/874/426 1054/873/426 1056/875/427 1055/876/427
f 1055/876/427 1056/875/427 1058/877/428 1057/878/428
f 1057/878/429 1058/877/429 1060/879/430 1059/880/430
f 1059/880/430 1060/879/430 1062/881/431 1061/882/431
f 1061/882/432 1062/881/432 1064/883/433 1063/884/433
f 1063/884/433 1064/883/433 1066/885/434 1065/886/434
f 1065/886/435 1066/885/435 1068/887/436 1067/888/436
f 1067/888/436 1068/887/436 1070/889/437 1069/890/437
f 1069/890/438 1070/889/438 1072/891/439 1071/892/439
f 1071/892/439 1072/891/439 1074/893/440 1073/894/440
f 1073/894/441 1074/893/441 1076/895/442 1075/896/442
f 1075/896/442 1076/895/442 1078/897/443 1077/898/443
f 1077/898/444 1078/897/444 1080/899/445 1079/900/445
f 1079/900/445 1080/899/445 1082/901/446 1081/902/446
f 1081/902/447 1082/901/447 1084/903/448 1083/904/448
f 1083/904/448 1084/903/448 1086/905/449 1085/906/449
f 1085/906/450 1086/905/450 1088/907/451 1087/908/451
f 1087/908/451 1088/907/451 1090/909/452 1089/910/452
f 1089/910/453 1090/909/453 1092/911/454 1091/912/454
f 1091/912/454 1092/911/454 1094/913/455 1093/914/455
f 1093/914/456 1094/913/456 1096/915/457 1095/916/457
f 1095/916/457 1096/915/457 1098/917/458 1097/918/458
f 1097/918/459 1098/917/459 1100/919/460 1099/920/460
f 1099/920/460 1100/919/460 1102/921/461 1101/922/461
f 1044/923/462 1042/924/462 1104/925/462 1102/926/462 1100/927/462 1098/928/462 1096/929/462 1094/930/462 1092/931/462 1090/932/462 1088/933/462 1086/934/462 1084/935/462 1082/936/462 1080/937/462 1078/938/462 1076/939/462 1074/940/462 1072/941/462 1070/942/462 1068/943/462 1066/944/462 1064/945/462 1062/946/462 1060/947/462 1058/948/462 1056/949/462 1054/950/462 1052/951/462 1050/952/462 1048/953/462 1046/954/462
f 1101/922/463 1102/921/463 1104/955/464 1103/956/464
f 1103/956/464 1104/955/464 1042/957/465 1041/958/465
f 1041/959/466 1043/960/466 1045/961/466 1047/962/466 1049/963/466 1051/964/466 1053/965/466 1055/966/466 1057/967/466 1059/968/466 1061/969/466 1063/970/466 1065/971/466 1067/972/466 1069/973/466 1071/974/466 1073/975/466 1075/976/466 1077/977/466 1079/978/466 1081/979/466 1083/980/466 1085/981/466 1087/982/466 1089/983/466 1091/984/466 1093/985/466 1095/986/466 1097/987/466 1099/988/466 1101/989/466 1103/990/466
o 平面
v -0.483371 1.143463 -0.067324
v -0.436433 1.143463 -0.031377
v -0.436433 1.658880 -0.031377
v -0.421850 1.143463 -0.018896
v -0.421850 1.658880 -0.018896
v -0.406453 1.143463 -0.007265
v -0.406453 1.658880 -0.007265
v -0.390446 1.143463 0.002723
v -0.390446 1.658880 0.002723
v -0.375482 1.143463 0.010387
v -0.375482 1.658880 0.010387
v -0.358056 1.143463 0.015205
v -0.358056 1.658880 0.015205
v -0.339356 1.143463 0.016848
v -0.339356 1.658880 0.016848
v -0.058736 1.143463 0.016848
v -0.058736 1.658880 0.016848
v -0.040036 1.143463 0.015205
v -0.040036 1.658880 0.015205
v -0.022611 1.143463 0.010387
v -0.022611 1.658880 0.010387
v -0.007647 1.143463 0.002723
v -0.007647 1.658880 0.002723
v 0.003835 1.143463 -0.007265
v 0.003835 1.658880 -0.007265
v 0.011053 1.143463 -0.018896
v 0.011053 1.658880 -0.018896
v 0.013515 1.143463 -0.031377
v 0.013515 1.658880 -0.031377
v 0.013515 1.143463 -0.218680
v 0.013515 1.658880 -0.218680
v 0.011053 1.143463 -0.231162
v 0.011053 1.658880 -0.231162
v 0.003835 1.143463 -0.242793
v 0.003835 1.658880 -0.242793
v -0.007647 1.143463 -0.252781
v -0.007647 1.658880 -0.252781
v -0.022611 1.143463 -0.260445
v -0.022611 1.658880 -0.260445
v -0.040036 1.143463 -0.265262
v -0.040036 1.658880 -0.265262
v -0.058736 1.143463 -0.266906
v -0.058736 1.658880 -0.266906
v -0.339356 1.143463 -0.266906
v -0.339356 1.658880 -0.266906
v -0.358056 1.143463 -0.265262
v -0.358056 1.658880 -0.265262
v -0.375482 1.143463 -0.260445
v -0.375482 1.658880 -0.260445
v -0.390446 1.143463 -0.252781
v -0.390446 1.658880 -0.252781
v -0.404321 1.143463 -0.242793
v -0.404321 1.658880 -0.242793
v -0.418719 1.143463 -0.231162
v -0.418719 1.658880 -0.231162
v -0.435167 1.143463 -0.218680
v -0.435167 1.658880 -0.218680
v -0.485611 1.143463 -0.182000
v -0.247954 1.556399 0.016848
v -0.247372 1.550497 0.016848
v -0.247372 1.562301 0.016848
v -0.242855 1.573207 0.016848
v -0.242855 1.539591 0.016848
v -0.245651 1.544822 0.016848
v -0.245651 1.567977 0.016848
v -0.239092 1.577792 0.016848
v -0.234508 1.581554 0.016848
v -0.234508 1.531244 0.016848
v -0.229278 1.584350 0.016848
v -0.217700 1.526146 0.016848
v -0.223602 1.586071 0.016848
v -0.223602 1.526727 0.016848
v -0.229278 1.528448 0.016848
v -0.239092 1.535007 0.016848
v -0.211798 1.526727 0.016848
v -0.217700 1.586653 0.016848
v -0.206122 1.528448 0.016848
v -0.211798 1.586071 0.016848
v -0.200892 1.531244 0.016848
v -0.206122 1.584350 0.016848
v -0.196308 1.535007 0.016848
v -0.200892 1.581554 0.016848
v -0.192545 1.539591 0.016848
v -0.192545 1.573207 0.016848
v -0.187446 1.556399 0.016848
v -0.188028 1.550497 0.016848
v -0.188028 1.562301 0.016848
v -0.189749 1.544822 0.016848
v -0.189749 1.567977 0.016848
v -0.196308 1.577792 0.016848
v -0.247954 1.556255 -0.266906
v -0.247372 1.550353 -0.266906
v -0.247372 1.562158 -0.266906
v -0.242855 1.539448 -0.266906
v -0.242855 1.573063 -0.266906
v -0.245651 1.544678 -0.266906
v -0.245651 1.567833 -0.266906
v -0.239092 1.534863 -0.266906
v -0.239092 1.577648 -0.266906
v -0.234508 1.531101 -0.266906
v -0.234508 1.581410 -0.266906
v -0.229278 1.528305 -0.266906
v -0.229278 1.584206 -0.266906
v -0.223602 1.526583 -0.266906
v -0.223602 1.585928 -0.266906
v -0.217700 1.526002 -0.266906
v -0.211798 1.526583 -0.266906
v -0.211798 1.585928 -0.266906
v -0.206122 1.528305 -0.266906
v -0.200892 1.531101 -0.266906
v -0.200892 1.581410 -0.266906
v -0.206122 1.584206 -0.266906
v -0.192545 1.539448 -0.266906
v -0.192545 1.573063 -0.266906
v -0.187446 1.556255 -0.266906
v -0.188028 1.562158 -0.266906
v -0.188028 1.550353 -0.266906
v -0.189749 1.567833 -0.266906
v -0.189749 1.544678 -0.266906
v -0.196308 1.577648 -0.266906
v -0.196308 1.534863 -0.266906
v -0.217700 1.586509 -0.266906
v -0.365757 1.440520 0.013076
v -0.365757 1.482334 0.013076
v -0.361276 1.436843 0.014315
v -0.361276 1.486011 0.014315
v -0.358056 1.435123 0.015205
v -0.358056 1.487733 0.015205
v -0.374417 1.461425 0.010682
v -0.373848 1.467194 0.010839
v -0.373848 1.455657 0.010839
v -0.369434 1.445000 0.012059
v -0.369434 1.477853 0.012059
v -0.372166 1.450111 0.011304
v -0.372166 1.472740 0.011304
v -0.350618 1.490427 0.015859
v -0.344850 1.490995 0.016365
v -0.344850 1.431861 0.016365
v -0.339356 1.432403 0.016848
v -0.339356 1.490454 0.016848
v -0.356164 1.434111 0.015371
v -0.356164 1.488744 0.015371
v -0.350618 1.432429 0.015859
v -0.339082 1.490427 0.016848
v -0.339082 1.432430 0.016848
v -0.333535 1.488745 0.016848
v -0.323943 1.440521 0.016848
v -0.328423 1.486012 0.016848
v -0.328423 1.436844 0.016848
v -0.333535 1.434112 0.016848
v -0.320266 1.445002 0.016848
v -0.323943 1.482335 0.016848
v -0.320266 1.477855 0.016848
v -0.315283 1.461428 0.016848
v -0.315851 1.467197 0.016848
v -0.315851 1.455660 0.016848
v -0.317534 1.472743 0.016848
v -0.317534 1.450114 0.016848
v -0.339082 1.432286 -0.266906
v -0.339356 1.432259 -0.266906
v -0.339356 1.490311 -0.266906
v -0.339082 1.490284 -0.266906
v -0.333535 1.433969 -0.266906
v -0.328423 1.436701 -0.266906
v -0.328423 1.485869 -0.266906
v -0.323943 1.440378 -0.266906
v -0.333535 1.488601 -0.266906
v -0.320266 1.444858 -0.266906
v -0.320266 1.477711 -0.266906
v -0.315283 1.461285 -0.266906
v -0.315851 1.467053 -0.266906
v -0.315851 1.455517 -0.266906
v -0.317534 1.472600 -0.266906
v -0.317534 1.449970 -0.266906
v -0.323943 1.482192 -0.266906
v -0.356164 1.433969 -0.265429
v -0.358056 1.434981 -0.265262
v -0.358056 1.487591 -0.265262
v -0.356164 1.488602 -0.265429
v -0.350618 1.490284 -0.265916
v -0.350618 1.432287 -0.265916
v -0.344850 1.431718 -0.266423
v -0.344850 1.490852 -0.266423
v -0.374420 1.461288 -0.260739
v -0.372166 1.449973 -0.261361
v -0.373851 1.455520 -0.260896
v -0.373848 1.467056 -0.260896
v -0.372166 1.472602 -0.261361
v -0.369434 1.444861 -0.262117
v -0.369434 1.477714 -0.262117
v -0.365757 1.440380 -0.263133
v -0.365757 1.482194 -0.263133
v -0.361276 1.436702 -0.264372
v -0.361276 1.485870 -0.264372
v -0.234508 1.319846 0.016848
v -0.239092 1.323608 0.016848
v -0.217700 1.314747 0.016848
v -0.223602 1.315328 0.016848
v -0.229278 1.317050 0.016848
v -0.213388 1.374830 0.016848
v -0.211798 1.315328 0.016848
v -0.206122 1.317050 0.016848
v -0.206122 1.372951 0.016848
v -0.211798 1.374673 0.016848
v -0.196308 1.323608 0.016848
v -0.200892 1.370156 0.016848
v -0.196308 1.366393 0.016848
v -0.192545 1.328193 0.016848
v -0.192545 1.361809 0.016848
v -0.189749 1.356578 0.016848
v -0.187446 1.345001 0.016848
v -0.188028 1.350903 0.016848
v -0.189749 1.333423 0.016848
v -0.188028 1.339099 0.016848
v -0.200892 1.319846 0.016848
v -0.247954 1.345001 0.016848
v -0.247372 1.339099 0.016848
v -0.247372 1.350903 0.016848
v -0.242855 1.328193 0.016848
v -0.245651 1.356578 0.016848
v -0.245651 1.333423 0.016848
v -0.234508 1.370156 0.016848
v -0.239092 1.366393 0.016848
v -0.217700 1.375254 0.016848
v -0.223602 1.374673 0.016848
v -0.229278 1.372951 0.016848
v -0.242855 1.361809 0.016848
v -0.239092 1.323465 -0.266906
v -0.223602 1.315185 -0.266906
v -0.229278 1.316906 -0.266906
v -0.234508 1.319702 -0.266906
v -0.213462 1.374693 -0.266906
v -0.217700 1.314603 -0.266906
v -0.206122 1.316906 -0.266906
v -0.206122 1.372808 -0.266906
v -0.211798 1.315185 -0.266906
v -0.211798 1.374529 -0.266906
v -0.200892 1.319702 -0.266906
v -0.192545 1.328049 -0.266906
v -0.192545 1.361665 -0.266906
v -0.196308 1.323465 -0.266906
v -0.196308 1.366250 -0.266906
v -0.189749 1.333279 -0.266906
v -0.187446 1.344857 -0.266906
v -0.188028 1.350759 -0.266906
v -0.188028 1.338955 -0.266906
v -0.189749 1.356435 -0.266906
v -0.200892 1.370012 -0.266906
v -0.247954 1.344857 -0.266906
v -0.247372 1.338955 -0.266906
v -0.247372 1.350759 -0.266906
v -0.242855 1.361665 -0.266906
v -0.245651 1.333279 -0.266906
v -0.242855 1.328049 -0.266906
v -0.245651 1.356435 -0.266906
v -0.239092 1.366250 -0.266906
v -0.229278 1.372808 -0.266906
v -0.234508 1.370012 -0.266906
v -0.217700 1.375111 -0.266906
v -0.223602 1.374529 -0.266906
v -0.120983 1.461428 0.016848
v -0.120415 1.455660 0.016848
v -0.120415 1.467197 0.016848
v -0.116000 1.477855 0.016848
v -0.116000 1.445002 0.016848
v -0.118733 1.450114 0.016848
v -0.118733 1.472743 0.016848
v -0.112323 1.482335 0.016848
v -0.107843 1.486012 0.016848
v -0.107843 1.436844 0.016848
v -0.102731 1.488745 0.016848
v -0.091417 1.431862 0.016848
v -0.097185 1.490427 0.016848
v -0.097185 1.432430 0.016848
v -0.102731 1.434112 0.016848
v -0.112323 1.440521 0.016848
v -0.085648 1.432430 0.016848
v -0.091417 1.490995 0.016848
v -0.080102 1.434112 0.016848
v -0.085648 1.490427 0.016848
v -0.074990 1.436844 0.016848
v -0.075680 1.486381 0.016848
v -0.080102 1.488745 0.016848
v -0.070510 1.440521 0.016848
v -0.074990 1.486012 0.016848
v -0.066833 1.445002 0.016848
v -0.066833 1.477855 0.016848
v -0.061850 1.461428 0.016848
v -0.062418 1.455660 0.016848
v -0.062418 1.467197 0.016848
v -0.064100 1.450114 0.016848
v -0.064100 1.472743 0.016848
v -0.070510 1.482335 0.016848
v -0.120983 1.461285 -0.266906
v -0.120415 1.455517 -0.266906
v -0.120415 1.467053 -0.266906
v -0.116000 1.444858 -0.266906
v -0.116000 1.477711 -0.266906
v -0.118733 1.449970 -0.266906
v -0.118733 1.472600 -0.266906
v -0.112323 1.440378 -0.266906
v -0.107843 1.436701 -0.266906
v -0.107843 1.485869 -0.266906
v -0.102731 1.433969 -0.266906
v -0.097185 1.432286 -0.266906
v -0.097185 1.490284 -0.266906
v -0.102731 1.488601 -0.266906
v -0.112323 1.482192 -0.266906
v -0.085648 1.432286 -0.266906
v -0.085648 1.490284 -0.266906
v -0.070510 1.482192 -0.266906
v -0.074990 1.436701 -0.266906
v -0.074990 1.485869 -0.266906
v -0.079669 1.488370 -0.266906
v -0.080102 1.433969 -0.266906
v -0.080102 1.488601 -0.266906
v -0.066833 1.477711 -0.266906
v -0.066833 1.444858 -0.266906
v -0.061850 1.461285 -0.266906
v -0.062418 1.455517 -0.266906
v -0.062418 1.467053 -0.266906
v -0.064100 1.449970 -0.266906
v -0.064100 1.472600 -0.266906
v -0.070510 1.440378 -0.266906
v -0.091417 1.490852 -0.266906
v -0.091417 1.431718 -0.266906
v 0.013515 1.658880 -0.114589
v 0.013515 1.143463 -0.064943
v 0.013515 1.501997 -0.116212
v 0.013515 1.658880 -0.139523
v 0.013515 1.143463 -0.188541
v 0.013515 1.500981 -0.144024
v -0.500829 1.382071 -0.182000
v -0.520731 1.501376 -0.182000
v -0.485695 1.262767 -0.182000
v -0.490737 1.561028 -0.182000
v -0.490737 1.322419 -0.182000
v -0.485611 1.203115 -0.182000
v -0.487775 1.382071 -0.067324
v -0.518042 1.501376 -0.067324
v -0.483371 1.262767 -0.067324
v -0.492444 1.561028 -0.067324
v -0.483936 1.322419 -0.067324
v -0.483371 1.203115 -0.067324
v -0.554902 1.418262 -0.182000
v -0.554902 1.465185 -0.182000
v -0.563010 1.433136 -0.182000
v -0.563010 1.450311 -0.182000
v -0.556721 1.425917 -0.067324
v -0.556721 1.457530 -0.067324
v -0.561968 1.435938 -0.067324
v -0.561968 1.447509 -0.067324
v -0.489101 1.580387 -0.182000
v -0.473436 1.629948 -0.190899
v -0.483102 1.611593 -0.184607
v -0.472557 1.630245 -0.058323
v -0.487591 1.580115 -0.067324
v -0.482166 1.611601 -0.064687
vn 0.4917 0.0009 -0.8707
vn 0.5705 0.0005 -0.8213
vn 0.5770 0.0004 -0.8168
vn 0.6265 -0.0000 -0.7794
vn 0.5659 -0.0000 -0.8244
vn 0.4924 -0.0000 -0.8704
vn 0.3596 -0.0000 -0.9331
vn 0.1761 -0.0000 -0.9844
vn 0.0437 -0.0000 -0.9990
vn -0.0437 -0.0000 -0.9990
vn -0.1761 -0.0000 -0.9844
vn -0.3596 -0.0000 -0.9331
vn -0.5552 -0.0000 -0.8317
vn -0.7563 -0.0000 -0.6542
vn -0.9280 -0.0000 -0.3725
vn -0.9952 -0.0000 -0.0977
vn -0.9952 -0.0000 0.0977
vn -0.9280 -0.0000 0.3725
vn -0.7563 -0.0000 0.6542
vn -0.5552 -0.0000 0.8317
vn -0.3596 -0.0000 0.9331
vn -0.1761 -0.0000 0.9844
vn -0.0437 -0.0000 0.9990
vn 0.0437 -0.0000 0.9990
vn 0.1761 -0.0000 0.9844
vn 0.3596 -0.0000 0.9331
vn 0.5195 -0.0000 0.8545
vn 0.6063 -0.0000 0.7952
vn 0.6165 -0.0000 0.7874
vn 0.5370 0.0001 0.8436
vn 0.5422 0.0001 0.8402
vn 0.4704 0.0003 0.8824
vn -0.0000 -0.0000 -1.0000
vn -0.0000 -0.0000 1.0000
vn 0.2665 -0.0000 -0.9638
vn 0.1892 -0.0000 -0.9819
vn 0.0875 -0.0000 -0.9962
vn 0.0425 -0.0000 -0.9991
vn 0.0425 -0.0000 0.9991
vn 0.0875 -0.0000 0.9962
vn 0.1892 -0.0000 0.9819
vn 0.2665 -0.0000 0.9638
vn -1.0000 -0.0000 -0.0000
vt 0.034483 1.000000
vt 0.068966 1.000000
vt 0.068966 0.000000
vt 0.034483 0.000000
vt 0.103448 1.000000
vt 0.103448 0.000000
vt 0.137931 1.000000
vt 0.137931 0.000000
vt 0.172414 1.000000
vt 0.172414 0.000000
vt 0.200525 0.569209
vt 0.206897 0.565871
vt 0.206897 0.000000
vt 0.206897 1.000000
vt 0.206897 0.667944
vt 0.200525 0.664604
vt 0.191659 0.657468
vt 0.184383 0.648774
vt 0.178976 0.638856
vt 0.175647 0.628094
vt 0.174522 0.616903
vt 0.175647 0.605712
vt 0.178976 0.594951
vt 0.184383 0.585034
vt 0.191659 0.576342
vt 0.231249 0.559544
vt 0.241379 0.560594
vt 0.241379 0.000000
vt 0.210385 0.563909
vt 0.220613 0.560645
vt 0.210385 0.669906
vt 0.241379 1.000000
vt 0.241379 0.673224
vt 0.231249 0.674273
vt 0.220613 0.673171
vt 0.252894 0.823631
vt 0.252682 0.812620
vt 0.275862 1.000000
vt 0.259975 0.812620
vt 0.259763 0.823631
vt 0.259420 0.833779
vt 0.258957 0.842674
vt 0.258394 0.849974
vt 0.257751 0.855398
vt 0.257054 0.858738
vt 0.256328 0.859866
vt 0.255603 0.858738
vt 0.254906 0.855398
vt 0.254263 0.849974
vt 0.253700 0.842674
vt 0.253237 0.833779
vt 0.268283 0.628100
vt 0.260046 0.801169
vt 0.273780 0.665322
vt 0.273237 0.669907
vt 0.272555 0.673171
vt 0.271846 0.674274
vt 0.271138 0.673172
vt 0.270456 0.669907
vt 0.269828 0.664606
vt 0.269277 0.657472
vt 0.268825 0.648779
vt 0.268490 0.638862
vt 0.275862 0.000000
vt 0.252894 0.368556
vt 0.253237 0.358408
vt 0.253700 0.349514
vt 0.254263 0.342214
vt 0.254906 0.336789
vt 0.255603 0.333449
vt 0.256328 0.332321
vt 0.257054 0.333449
vt 0.257751 0.336790
vt 0.258394 0.342214
vt 0.258957 0.349514
vt 0.259420 0.358408
vt 0.259763 0.368556
vt 0.259975 0.379567
vt 0.260046 0.391019
vt 0.259975 0.402470
vt 0.259763 0.413481
vt 0.259420 0.423629
vt 0.258957 0.432524
vt 0.258394 0.439824
vt 0.257751 0.445248
vt 0.257054 0.448588
vt 0.256858 0.448892
vt 0.259763 0.778706
vt 0.259975 0.789717
vt 0.268213 0.616909
vt 0.268283 0.605717
vt 0.268490 0.594956
vt 0.268825 0.585039
vt 0.269277 0.576346
vt 0.269828 0.569212
vt 0.270456 0.563911
vt 0.271138 0.560646
vt 0.271846 0.559544
vt 0.272555 0.560646
vt 0.273237 0.563911
vt 0.273865 0.569212
vt 0.274415 0.576346
vt 0.274867 0.585039
vt 0.275203 0.594956
vt 0.275410 0.605718
vt 0.275480 0.616909
vt 0.275410 0.628100
vt 0.275203 0.638862
vt 0.274867 0.648779
vt 0.274415 0.657472
vt 0.273865 0.664606
vt 0.241413 0.673172
vt 0.252611 0.801169
vt 0.252682 0.789717
vt 0.252894 0.778706
vt 0.253237 0.768558
vt 0.253700 0.759663
vt 0.254263 0.752364
vt 0.254906 0.746939
vt 0.255603 0.743599
vt 0.256328 0.742471
vt 0.257054 0.743599
vt 0.257751 0.746939
vt 0.258394 0.752364
vt 0.258957 0.759663
vt 0.259420 0.768558
vt 0.256328 0.449716
vt 0.255603 0.448588
vt 0.254906 0.445248
vt 0.254263 0.439824
vt 0.253700 0.432524
vt 0.253237 0.423629
vt 0.252894 0.413481
vt 0.252682 0.402470
vt 0.252611 0.391019
vt 0.252682 0.379567
vt 0.241413 0.560646
vt 0.242095 0.563910
vt 0.242723 0.569212
vt 0.243273 0.576346
vt 0.243725 0.585039
vt 0.244061 0.594956
vt 0.244268 0.605717
vt 0.244337 0.616909
vt 0.244268 0.628100
vt 0.244061 0.638862
vt 0.243725 0.648779
vt 0.243273 0.657472
vt 0.242723 0.664606
vt 0.242095 0.669907
vt 0.310345 1.000000
vt 0.310345 0.000000
vt 0.344828 1.000000
vt 0.344828 0.000000
vt 0.379310 1.000000
vt 0.379310 0.000000
vt 0.413793 1.000000
vt 0.413793 0.000000
vt 0.448276 1.000000
vt 0.448276 0.000000
vt 0.482759 1.000000
vt 0.482759 0.000000
vt 0.495055 1.000000
vt 0.495354 0.695619
vt 0.488938 0.000000
vt 0.517241 1.000000
vt 0.551724 1.000000
vt 0.551724 0.000000
vt 0.517241 0.000000
vt 0.586207 1.000000
vt 0.586207 0.000000
vt 0.620690 1.000000
vt 0.620690 0.000000
vt 0.655172 1.000000
vt 0.655172 0.000000
vt 0.689655 1.000000
vt 0.689655 0.000000
vt 0.724138 1.000000
vt 0.724138 0.000000
vt 0.743671 0.449437
vt 0.743151 0.448628
vt 0.740580 0.768279
vt 0.741043 0.759385
vt 0.741606 0.752085
vt 0.742249 0.746661
vt 0.742946 0.743320
vt 0.743671 0.742193
vt 0.744397 0.743320
vt 0.745094 0.746661
vt 0.745737 0.752085
vt 0.746300 0.759385
vt 0.746763 0.768279
vt 0.747106 0.778427
vt 0.747318 0.789439
vt 0.747389 0.800890
vt 0.747318 0.812341
vt 0.758621 1.000000
vt 0.758621 0.672945
vt 0.758587 0.672893
vt 0.757905 0.669628
vt 0.757277 0.664327
vt 0.756727 0.657193
vt 0.756275 0.648500
vt 0.755939 0.638583
vt 0.755732 0.627822
vt 0.755662 0.616630
vt 0.755732 0.605439
vt 0.755939 0.594678
vt 0.756275 0.584760
vt 0.756727 0.576067
vt 0.757277 0.568933
vt 0.757905 0.563632
vt 0.758587 0.560368
vt 0.758621 0.560315
vt 0.758621 0.000000
vt 0.747106 0.368277
vt 0.747317 0.379289
vt 0.747389 0.390740
vt 0.747318 0.402191
vt 0.747106 0.413203
vt 0.746763 0.423350
vt 0.746300 0.432245
vt 0.745737 0.439545
vt 0.745094 0.444969
vt 0.744397 0.448309
vt 0.726763 0.669628
vt 0.726710 0.669179
vt 0.740025 0.812341
vt 0.731717 0.627822
vt 0.731510 0.638583
vt 0.731174 0.648500
vt 0.730722 0.657193
vt 0.730172 0.664328
vt 0.729544 0.669629
vt 0.728862 0.672893
vt 0.728153 0.673995
vt 0.727445 0.672893
vt 0.739954 0.800890
vt 0.740025 0.789439
vt 0.740237 0.778427
vt 0.742946 0.448309
vt 0.742249 0.444969
vt 0.741606 0.439545
vt 0.741043 0.432245
vt 0.740580 0.423350
vt 0.740237 0.413203
vt 0.740025 0.402191
vt 0.739954 0.390740
vt 0.740025 0.379289
vt 0.740236 0.368277
vt 0.740580 0.358130
vt 0.741043 0.349235
vt 0.741606 0.341935
vt 0.742249 0.336511
vt 0.742946 0.333171
vt 0.743671 0.332043
vt 0.744397 0.333171
vt 0.745094 0.336511
vt 0.745737 0.341935
vt 0.746300 0.349235
vt 0.746763 0.358130
vt 0.726135 0.664327
vt 0.725584 0.657193
vt 0.725133 0.648500
vt 0.724797 0.638583
vt 0.724590 0.627821
vt 0.724521 0.616630
vt 0.724590 0.605439
vt 0.724797 0.594677
vt 0.725133 0.584760
vt 0.725585 0.576067
vt 0.726135 0.568933
vt 0.726763 0.563632
vt 0.727445 0.560368
vt 0.728154 0.559265
vt 0.728863 0.560368
vt 0.729544 0.563632
vt 0.730172 0.568933
vt 0.730723 0.576067
vt 0.731175 0.584760
vt 0.731510 0.594678
vt 0.731717 0.605439
vt 0.731787 0.616630
vt 0.740237 0.823352
vt 0.747106 0.823352
vt 0.746763 0.833500
vt 0.746300 0.842395
vt 0.745737 0.849695
vt 0.745094 0.855119
vt 0.744397 0.858459
vt 0.743671 0.859587
vt 0.742946 0.858459
vt 0.742249 0.855119
vt 0.741606 0.849695
vt 0.741043 0.842395
vt 0.740580 0.833500
vt 0.768751 0.673996
vt 0.793103 1.000000
vt 0.793103 0.667668
vt 0.789615 0.669630
vt 0.779387 0.672894
vt 0.789615 0.563633
vt 0.793103 0.565596
vt 0.793103 0.000000
vt 0.768751 0.559266
vt 0.779387 0.560369
vt 0.799475 0.664330
vt 0.827586 1.000000
vt 0.827586 0.000000
vt 0.799475 0.568936
vt 0.808341 0.576071
vt 0.815617 0.584765
vt 0.821024 0.594683
vt 0.824354 0.605445
vt 0.825478 0.616636
vt 0.824354 0.627827
vt 0.821024 0.638588
vt 0.815617 0.648505
vt 0.808341 0.657197
vt 0.862069 1.000000
vt 0.862069 0.000000
vt 0.896552 1.000000
vt 0.896552 0.000000
vt 0.931035 1.000000
vt 0.931035 0.000000
vt 0.965517 1.000000
vt 0.965517 0.000000
vt 0.511693 0.000000
vt 0.504931 0.693649
vt 0.504103 1.000000
vt 0.991634 1.000000
vt 0.997685 0.976237
vt 1.000000 0.915567
vt 1.000000 0.875000
vt 1.000000 0.750000
vt 1.000000 0.674163
vt 0.999604 0.642506
vt 0.999600 0.606523
vt 1.000000 0.575837
vt 1.000000 0.500000
vt 1.000000 0.375000
vt 1.000000 0.250000
vt 1.000000 0.125000
vt 1.000000 0.000000
vt 0.000000 0.914997
vt 0.002552 0.975722
vt 0.008634 1.000000
vt 0.000000 0.000000
vt 0.000000 0.125000
vt 0.000000 0.250000
vt 0.000000 0.375000
vt 0.000000 0.500000
vt 0.000000 0.591878
vt 0.000274 0.612544
vt 0.000272 0.636787
vt 0.000000 0.658122
vt 0.000000 0.750000
vt 0.000000 0.875000
s 1
usemtl hi
f 1107/991/469 1109/992/470 1108/993/470 1106/994/468
f 1109/992/470 1111/995/471 1110/996/471 1108/993/470
f 1111/995/471 1113/997/472 1112/998/472 1110/996/471
f 1113/997/472 1115/999/473 1114/1000/473 1112/998/472
f 1229/1001/501 1231/1002/502 1116/1003/474 1114/1000/473 1115/999/473 1117/1004/474 1232/1005/502 1230/1006/501 1228/1007/501 1237/1008/501 1239/1009/501 1234/1010/501 1233/1011/501 1235/1012/501 1238/1013/501 1236/1014/501 1227/1015/501
f 1242/1016/503 1243/1017/504 1118/1018/475 1116/1003/474 1231/1002/502 1245/1019/503 1247/1020/503
f 1246/1021/503 1232/1005/502 1117/1004/474 1119/1022/475 1244/1023/504 1241/1024/503 1240/1025/503
f 1169/1026/499 1165/1027/499 1119/1022/475 1121/1028/476 1191/1029/499 1193/1030/499 1188/1031/499 1194/1032/499 1186/1033/499 1184/1034/499 1182/1035/499 1180/1036/499 1175/1037/499 1173/1038/499 1171/1039/499 1170/1040/499 1166/1041/499
f 1367/1042/499 1189/1043/499 1191/1029/499 1121/1028/476 1386/1044/499 1387/1045/499 1384/1046/499 1382/1047/499 1377/1048/499 1375/1049/499 1373/1050/499 1372/1051/499 1368/1052/499 1371/1053/499
f 1386/1044/499 1121/1028/476 1120/1054/476 1118/1018/475 1325/1055/499 1323/1056/499 1300/1057/499 1299/1058/499 1303/1059/499 1302/1060/499 1301/1061/499 1305/1062/499 1306/1063/499 1319/1064/499 1309/1065/499 1312/1066/499 1317/1067/499 1318/1068/499 1315/1069/499 1316/1070/499 1314/1071/499 1313/1072/499 1311/1073/499 1310/1074/499 1307/1075/499 1308/1076/499 1304/1077/499 1192/1078/499 1190/1079/499 1189/1043/499 1367/1042/499 1365/1080/499 1366/1081/499 1370/1082/499 1369/1083/499 1380/1084/499 1374/1085/499 1379/1086/499 1378/1087/499 1376/1088/499 1381/1089/499 1383/1090/499 1385/1091/499 1388/1092/499 1390/1093/499 1395/1094/499 1393/1095/499 1392/1096/499 1394/1097/499 1396/1098/499 1391/1099/499 1397/1100/499 1389/1101/499
f 1248/1102/499 1244/1023/504 1119/1022/475 1165/1027/499 1163/1103/499 1164/1104/499 1168/1105/499 1167/1106/499 1178/1107/499 1172/1108/499 1177/1109/499 1176/1110/499 1174/1111/499 1179/1112/499 1181/1113/499 1183/1114/499 1185/1115/499 1187/1116/499 1192/1078/499 1304/1077/499 1328/1117/499 1329/1118/499 1330/1119/499 1326/1120/499 1327/1121/499 1331/1122/499 1324/1123/499 1322/1124/499 1320/1125/499 1321/1126/499 1325/1055/499 1118/1018/475 1243/1017/504 1249/1127/499 1254/1128/499 1253/1129/499 1251/1130/499 1255/1131/499 1262/1132/499 1260/1133/499 1258/1134/499 1259/1135/499 1261/1136/499 1257/1137/499 1256/1138/499 1252/1139/499 1250/1140/499
f 1121/1028/476 1123/1141/477 1122/1142/477 1120/1054/476
f 1123/1141/477 1125/1143/478 1124/1144/478 1122/1142/477
f 1125/1143/478 1127/1145/479 1126/1146/479 1124/1144/478
f 1127/1145/479 1129/1147/480 1128/1148/480 1126/1146/479
f 1129/1147/480 1131/1149/481 1130/1150/481 1128/1148/480
f 1131/1149/481 1133/1151/482 1132/1152/482 1130/1150/481
f 1133/1151/482 1431/1153/509 1433/1154/509 1432/1155/509 1132/1152/482
f 1135/1156/483 1137/1157/484 1136/1158/484 1134/1159/483
f 1137/1157/484 1139/1160/485 1138/1161/485 1136/1158/484
f 1139/1160/485 1141/1162/486 1140/1163/486 1138/1161/485
f 1141/1162/486 1143/1164/487 1142/1165/487 1140/1163/486
f 1143/1164/487 1145/1166/488 1144/1167/488 1142/1165/487
f 1145/1166/488 1147/1168/489 1146/1169/489 1144/1167/488
f 1363/1170/500 1336/1171/500 1217/1172/500 1225/1173/500 1214/1174/500 1213/1175/500 1211/1176/500 1210/1177/500 1208/1178/500 1206/1179/500 1204/1180/500 1202/1181/500 1198/1182/500 1200/1183/500 1196/1184/500 1195/1185/500 1197/1186/500 1149/1187/490 1265/1188/505 1266/1189/500 1271/1190/500 1269/1191/500 1279/1192/500 1273/1193/500 1277/1194/500 1275/1195/500 1274/1196/500 1276/1197/500 1278/1198/500 1272/1199/500 1270/1200/500 1268/1201/500 1267/1202/500 1263/1203/500 1264/1204/505 1148/1205/490 1357/1206/500 1354/1207/500 1353/1208/500 1355/1209/500 1359/1210/500 1356/1211/500 1360/1212/500 1362/1213/500 1361/1214/500 1364/1215/500
f 1420/1216/500 1418/1217/500 1147/1168/489 1220/1218/500 1400/1219/500 1404/1220/500 1402/1221/500 1412/1222/500 1407/1223/500 1411/1224/500 1410/1225/500 1429/1226/500 1414/1227/500
f 1220/1218/500 1219/1228/500 1221/1229/500 1223/1230/500 1217/1172/500 1336/1171/500 1341/1231/500 1339/1232/500 1352/1233/500 1346/1234/500 1344/1235/500 1351/1236/500 1349/1237/500 1348/1238/500 1350/1239/500 1347/1240/500 1343/1241/500 1345/1242/500 1342/1243/500 1338/1244/500 1340/1245/500 1337/1246/500 1333/1247/500 1334/1248/500 1335/1249/500 1332/1250/500 1358/1251/500 1357/1206/500 1148/1205/490 1146/1169/489 1147/1168/489 1418/1217/500 1417/1252/500 1415/1253/500 1421/1254/500 1427/1255/500 1425/1256/500 1423/1257/500 1424/1258/500 1426/1259/500 1422/1260/500 1428/1261/500 1416/1262/500 1419/1263/500 1413/1264/500 1430/1265/500 1409/1266/500 1408/1267/500 1406/1268/500 1405/1269/500 1401/1270/500 1403/1271/500 1399/1272/500 1398/1273/500 1400/1219/500
f 1222/1274/500 1220/1218/500 1147/1168/489 1149/1187/490 1197/1186/500 1201/1275/500 1199/1276/500 1203/1277/500 1205/1278/500 1207/1279/500 1209/1280/500 1226/1281/500 1212/1282/500 1216/1283/500 1215/1284/500 1224/1285/500 1218/1286/500
f 1287/1287/506 1265/1188/505 1149/1187/490 1151/1288/491 1282/1289/507 1283/1290/506 1284/1291/506
f 1280/1292/506 1281/1293/507 1150/1294/491 1148/1205/490 1264/1204/505 1286/1295/506 1285/1296/506
f 1298/1297/508 1282/1289/507 1151/1288/491 1153/1298/492 1152/1299/492 1150/1294/491 1281/1293/507 1297/1300/508 1295/1301/508 1293/1302/508 1289/1303/508 1290/1304/508 1288/1305/508 1291/1306/508 1292/1307/508 1294/1308/508 1296/1309/508
f 1153/1298/492 1155/1310/493 1154/1311/493 1152/1299/492
f 1155/1310/493 1157/1312/494 1156/1313/494 1154/1311/493
f 1157/1312/494 1159/1314/495 1158/1315/495 1156/1313/494
f 1159/1314/495 1161/1316/497 1160/1317/496 1158/1315/495
f 1435/1318/509 1436/1319/509 1434/1320/509 1135/1156/483 1134/1159/483
f 1161/1316/497 1458/1321/498 1459/1322/498 1457/1323/498 1440/1324/498 1438/1325/498 1450/1326/498 1452/1327/498 1451/1328/498 1449/1329/498 1437/1330/498 1441/1331/498 1439/1332/498 1442/1333/498 1162/1334/498 1160/1317/496
f 1461/1335/467 1462/1336/467 1460/1337/467 1107/991/469 1106/994/468 1105/1338/467 1448/1339/467 1445/1340/467 1447/1341/467 1443/1342/467 1453/1343/467 1455/1344/467 1456/1345/467 1454/1346/467 1444/1347/467 1446/1348/467
o 円柱.004
v -0.194438 1.504686 -0.113756
v -0.194438 1.148441 -0.099982
v -0.191160 1.504685 -0.114078
v -0.188536 1.148441 -0.100564
v -0.188008 1.504684 -0.115035
v -0.182861 1.148439 -0.102285
v -0.185102 1.504683 -0.116588
v -0.177630 1.148437 -0.105081
v -0.182556 1.504681 -0.118677
v -0.173046 1.148434 -0.108844
v -0.180466 1.504679 -0.121224
v -0.169283 1.148430 -0.113428
v -0.178913 1.504676 -0.124129
v -0.166487 1.148425 -0.118659
v -0.177957 1.504673 -0.127281
v -0.164766 1.148420 -0.124334
v -0.177634 1.504671 -0.130559
v -0.164185 1.148414 -0.130236
v -0.177957 1.504668 -0.133838
v -0.164766 1.148409 -0.136138
v -0.178913 1.504665 -0.136990
v -0.166487 1.148404 -0.141814
v -0.180466 1.504662 -0.139895
v -0.169283 1.148400 -0.147044
v -0.182556 1.504660 -0.142441
v -0.173046 1.148396 -0.151629
v -0.185102 1.504658 -0.144531
v -0.177630 1.148392 -0.155391
v -0.188008 1.504657 -0.146084
v -0.182861 1.148390 -0.158187
v -0.191160 1.504656 -0.147040
v -0.188536 1.148388 -0.159908
v -0.194438 1.504656 -0.147363
v -0.194438 1.148388 -0.160490
v -0.197716 1.504656 -0.147040
v -0.200340 1.148388 -0.159908
v -0.200869 1.504657 -0.146084
v -0.206016 1.148390 -0.158187
v -0.203774 1.504658 -0.144531
v -0.211246 1.148392 -0.155391
v -0.206320 1.504660 -0.142441
v -0.215831 1.148396 -0.151629
v -0.208410 1.504662 -0.139895
v -0.219593 1.148400 -0.147044
v -0.209963 1.504665 -0.136990
v -0.222389 1.148404 -0.141814
v -0.210919 1.504668 -0.133838
v -0.224110 1.148409 -0.136138
v -0.211242 1.504671 -0.130559
v -0.224692 1.148414 -0.130236
v -0.210919 1.504673 -0.127281
v -0.224110 1.148420 -0.124334
v -0.209963 1.504676 -0.124129
v -0.222389 1.148425 -0.118659
v -0.208410 1.504679 -0.121224
v -0.219593 1.148430 -0.113428
v -0.206320 1.504681 -0.118677
v -0.215831 1.148434 -0.108844
v -0.203774 1.504683 -0.116588
v -0.211246 1.148437 -0.105081
v -0.200869 1.504684 -0.115035
v -0.206016 1.148439 -0.102285
v -0.197716 1.504685 -0.114078
v -0.200340 1.148441 -0.100564
vn 0.0979 0.0384 0.9944
vn 0.2901 0.0384 0.9562
vn 0.4711 0.0383 0.8813
vn 0.6339 0.0382 0.7724
vn 0.7725 0.0381 0.6339
vn 0.8813 0.0380 0.4710
vn 0.9563 0.0378 0.2900
vn 0.9945 0.0376 0.0979
vn 0.9945 0.0375 -0.0980
vn 0.9563 0.0373 -0.2901
vn 0.8813 0.0371 -0.4711
vn 0.7725 0.0370 -0.6340
vn 0.6339 0.0368 -0.7725
vn 0.4711 0.0367 -0.8813
vn 0.2901 0.0367 -0.9563
vn 0.0979 0.0366 -0.9945
vn -0.0979 0.0366 -0.9945
vn -0.2901 0.0367 -0.9563
vn -0.4711 0.0367 -0.8813
vn -0.6339 0.0368 -0.7725
vn -0.7725 0.0370 -0.6340
vn -0.8813 0.0371 -0.4711
vn -0.9563 0.0373 -0.2901
vn -0.9945 0.0375 -0.0980
vn -0.9945 0.0376 0.0979
vn -0.9563 0.0378 0.2900
vn -0.8813 0.0380 0.4710
vn -0.7725 0.0381 0.6339
vn -0.6339 0.0382 0.7724
vn -0.4711 0.0383 0.8813
vn -0.0000 -1.0000 0.0009
vn -0.2901 0.0384 0.9562
vn -0.0979 0.0384 0.9944
vn -0.0000 1.0000 -0.0009
vt 1.000000 0.500000
vt 1.000000 1.000000
vt 0.968750 1.000000
vt 0.968750 0.500000
vt 0.937500 1.000000
vt 0.937500 0.500000
vt 0.906250 1.000000
vt 0.906250 0.500000
vt 0.875000 1.000000
vt 0.875000 0.500000
vt 0.843750 1.000000
vt 0.843750 0.500000
vt 0.812500 1.000000
vt 0.812500 0.500000
vt 0.781250 1.000000
vt 0.781250 0.500000
vt 0.750000 1.000000
vt 0.750000 0.500000
vt 0.718750 1.000000
vt 0.718750 0.500000
vt 0.687500 1.000000
vt 0.687500 0.500000
vt 0.656250 1.000000
vt 0.656250 0.500000
vt 0.625000 1.000000
vt 0.625000 0.500000
vt 0.593750 1.000000
vt 0.593750 0.500000
vt 0.562500 1.000000
vt 0.562500 0.500000
vt 0.531250 1.000000
vt 0.531250 0.500000
vt 0.500000 1.000000
vt 0.500000 0.500000
vt 0.468750 1.000000
vt 0.468750 0.500000
vt 0.437500 1.000000
vt 0.437500 0.500000
vt 0.406250 1.000000
vt 0.406250 0.500000
vt 0.375000 1.000000
vt 0.375000 0.500000
vt 0.343750 1.000000
vt 0.343750 0.500000
vt 0.312500 1.000000
vt 0.312500 0.500000
vt 0.281250 1.000000
vt 0.281250 0.500000
vt 0.250000 1.000000
vt 0.250000 0.500000
vt 0.218750 1.000000
vt 0.218750 0.500000
vt 0.187500 1.000000
vt 0.187500 0.500000
vt 0.156250 1.000000
vt 0.156250 0.500000
vt 0.125000 1.000000
vt 0.125000 0.500000
vt 0.093750 1.000000
vt 0.093750 0.500000
vt 0.062500 1.000000
vt 0.062500 0.500000
vt 0.296822 0.485388
vt 0.250000 0.490000
vt 0.203178 0.485388
vt 0.158156 0.471731
vt 0.116663 0.449553
vt 0.080294 0.419706
vt 0.050447 0.383337
vt 0.028269 0.341844
vt 0.014612 0.296822
vt 0.010000 0.250000
vt 0.014612 0.203178
vt 0.028269 0.158156
vt 0.050447 0.116663
vt 0.080294 0.080294
vt 0.116663 0.050447
vt 0.158156 0.028269
vt 0.203178 0.014612
vt 0.250000 0.010000
vt 0.296822 0.014612
vt 0.341844 0.028269
vt 0.383337 0.050447
vt 0.419706 0.080294
vt 0.449553 0.116663
vt 0.471731 0.158156
vt 0.485388 0.203178
vt 0.490000 0.250000
vt 0.485388 0.296822
vt 0.471731 0.341844
vt 0.449553 0.383337
vt 0.419706 0.419706
vt 0.383337 0.449553
vt 0.341844 0.471731
vt 0.031250 1.000000
vt 0.031250 0.500000
vt 0.000000 1.000000
vt 0.000000 0.500000
vt 0.750000 0.490000
vt 0.796822 0.485388
vt 0.841844 0.471731
vt 0.883337 0.449553
vt 0.919706 0.419706
vt 0.949553 0.383337
vt 0.971731 0.341844
vt 0.985388 0.296822
vt 0.990000 0.250000
vt 0.985388 0.203178
vt 0.971731 0.158156
vt 0.949553 0.116663
vt 0.919706 0.080294
vt 0.883337 0.050447
vt 0.841844 0.028269
vt 0.796822 0.014612
vt 0.750000 0.010000
vt 0.703178 0.014612
vt 0.658156 0.028269
vt 0.616663 0.050447
vt 0.580294 0.080294
vt 0.550447 0.116663
vt 0.528269 0.158156
vt 0.514612 0.203178
vt 0.510000 0.250000
vt 0.514612 0.296822
vt 0.528269 0.341844
vt 0.550447 0.383337
vt 0.580294 0.419706
vt 0.616663 0.449553
vt 0.658156 0.471731
vt 0.703178 0.485388
s 0
usemtl hidane
f 1463/1349/510 1464/1350/510 1466/1351/510 1465/1352/510
f 1465/1352/511 1466/1351/511 1468/1353/511 1467/1354/511
f 1467/1354/512 1468/1353/512 1470/1355/512 1469/1356/512
f 1469/1356/513 1470/1355/513 1472/1357/513 1471/1358/513
f 1471/1358/514 1472/1357/514 1474/1359/514 1473/1360/514
f 1473/1360/515 1474/1359/515 1476/1361/515 1475/1362/515
f 1475/1362/516 1476/1361/516 1478/1363/516 1477/1364/516
f 1477/1364/517 1478/1363/517 1480/1365/517 1479/1366/517
f 1479/1366/518 1480/1365/518 1482/1367/518 1481/1368/518
f 1481/1368/519 1482/1367/519 1484/1369/519 1483/1370/519
f 1483/1370/520 1484/1369/520 1486/1371/520 1485/1372/520
f 1485/1372/521 1486/1371/521 1488/1373/521 1487/1374/521
f 1487/1374/522 1488/1373/522 1490/1375/522 1489/1376/522
f 1489/1376/523 1490/1375/523 1492/1377/523 1491/1378/523
f 1491/1378/524 1492/1377/524 1494/1379/524 1493/1380/524
f 1493/1380/525 1494/1379/525 1496/1381/525 1495/1382/525
f 1495/1382/526 1496/1381/526 1498/1383/526 1497/1384/526
f 1497/1384/527 1498/1383/527 1500/1385/527 1499/1386/527
f 1499/1386/528 1500/1385/528 1502/1387/528 1501/1388/528
f 1501/1388/529 1502/1387/529 1504/1389/529 1503/1390/529
f 1503/1390/530 1504/1389/530 1506/1391/530 1505/1392/530
f 1505/1392/531 1506/1391/531 1508/1393/531 1507/1394/531
f 1507/1394/532 1508/1393/532 1510/1395/532 1509/1396/532
f 1509/1396/533 1510/1395/533 1512/1397/533 1511/1398/533
f 1511/1398/534 1512/1397/534 1514/1399/534 1513/1400/534
f 1513/1400/535 1514/1399/535 1516/1401/535 1515/1402/535
f 1515/1402/536 1516/1401/536 1518/1403/536 1517/1404/536
f 1517/1404/537 1518/1403/537 1520/1405/537 1519/1406/537
f 1519/1406/538 1520/1405/538 1522/1407/538 1521/1408/538
f 1521/1408/539 1522/1407/539 1524/1409/539 1523/1410/539
f 1466/1411/540 1464/1412/540 1526/1413/540 1524/1414/540 1522/1415/540 1520/1416/540 1518/1417/540 1516/1418/540 1514/1419/540 1512/1420/540 1510/1421/540 1508/1422/540 1506/1423/540 1504/1424/540 1502/1425/540 1500/1426/540 1498/1427/540 1496/1428/540 1494/1429/540 1492/1430/540 1490/1431/540 1488/1432/540 1486/1433/540 1484/1434/540 1482/1435/540 1480/1436/540 1478/1437/540 1476/1438/540 1474/1439/540 1472/1440/540 1470/1441/540 1468/1442/540
f 1523/1410/541 1524/1409/541 1526/1443/541 1525/1444/541
f 1525/1444/542 1526/1443/542 1464/1445/542 1463/1446/542
f 1463/1447/543 1465/1448/543 1467/1449/543 1469/1450/543 1471/1451/543 1473/1452/543 1475/1453/543 1477/1454/543 1479/1455/543 1481/1456/543 1483/1457/543 1485/1458/543 1487/1459/543 1489/1460/543 1491/1461/543 1493/1462/543 1495/1463/543 1497/1464/543 1499/1465/543 1501/1466/543 1503/1467/543 1505/1468/543 1507/1469/543 1509/1470/543 1511/1471/543 1513/1472/543 1515/1473/543 1517/1474/543 1519/1475/543 1521/1476/543 1523/1477/543 1525/1478/543
o 平面.001
v -0.531106 1.483158 -0.184366
v -0.560331 1.453932 -0.184383
v -0.549351 1.472177 -0.184372
v -0.482378 1.453932 -0.184383
v -0.511603 1.483158 -0.184366
v -0.493359 1.472177 -0.184372
v -0.531106 1.405204 -0.184411
v -0.560331 1.434429 -0.184394
v -0.549351 1.416185 -0.184404
v -0.511603 1.405204 -0.184411
v -0.482378 1.434429 -0.184394
v -0.493359 1.416185 -0.184404
v -0.502481 1.477667 -0.184369
v -0.560331 1.434435 -0.194316
v -0.560331 1.453938 -0.194305
v -0.549351 1.472183 -0.194294
v -0.531106 1.483164 -0.194288
v -0.511603 1.483164 -0.194288
v -0.502481 1.477673 -0.194291
v -0.493359 1.472183 -0.194294
v -0.482378 1.453938 -0.194305
v -0.482378 1.434435 -0.194316
v -0.493359 1.416190 -0.194326
v -0.511603 1.405209 -0.194333
v -0.531106 1.405209 -0.194333
v -0.549351 1.416190 -0.194326
vn -0.2668 0.9607 0.0763
vn -0.9608 0.2668 0.0759
vn -0.7050 0.7050 0.0772
vn 0.9608 0.2668 0.0759
vn 0.2668 0.9607 0.0763
vn 0.7050 0.7050 0.0772
vn -0.2668 -0.9608 0.0752
vn -0.9608 -0.2669 0.0756
vn -0.7050 -0.7051 0.0764
vn 0.2668 -0.9608 0.0752
vn 0.9608 -0.2669 0.0756
vn 0.7050 -0.7051 0.0764
vn 0.5137 0.8534 0.0886
vn -0.9608 -0.2668 -0.0759
vn -0.9608 0.2669 -0.0756
vn -0.7050 0.7051 -0.0764
vn -0.2668 0.9608 -0.0752
vn 0.2668 0.9608 -0.0752
vn 0.5137 0.8535 -0.0877
vn 0.7050 0.7051 -0.0764
vn 0.9608 0.2669 -0.0756
vn 0.9608 -0.2668 -0.0759
vn 0.7050 -0.7050 -0.0772
vn 0.2668 -0.9607 -0.0763
vn -0.2668 -0.9607 -0.0763
vn -0.7050 -0.7050 -0.0772
vt 0.000000 0.409667
vt 0.000000 0.590333
vt 0.119989 0.880011
vt 0.409667 1.000000
vt 0.590333 1.000000
vt 0.880011 0.880011
vt 1.000000 0.590333
vt 1.000000 0.409667
vt 0.880011 0.119989
vt 0.735172 0.059994
vt 0.590333 0.000000
vt 0.409667 0.000000
vt 0.119989 0.119989
s 1
usemtl マテリアル.001
f 1528/1479/545 1534/1480/551 1535/1481/552 1533/1482/550 1536/1483/553 1538/1484/555 1537/1485/554 1530/1486/547 1532/1487/549 1539/1488/556 1531/1489/548 1527/1490/544 1529/1491/546
f 1541/1479/558 1542/1491/559 1543/1490/560 1544/1489/561 1545/1488/562 1546/1487/563 1547/1486/564 1548/1485/565 1549/1484/566 1550/1483/567 1551/1482/568 1552/1481/569 1540/1480/557
f 1527/1490/544 1531/1489/548 1544/1489/561 1543/1490/560
f 1535/1481/552 1534/1480/551 1540/1480/557 1552/1481/569
f 1539/1488/556 1532/1487/549 1546/1487/563 1545/1488/562
f 1531/1489/548 1539/1488/556 1545/1488/562 1544/1489/561
f 1532/1487/549 1530/1486/547 1547/1486/564 1546/1487/563
f 1530/1486/547 1537/1485/554 1548/1485/565 1547/1486/564
f 1537/1485/554 1538/1484/555 1549/1484/566 1548/1485/565
f 1534/1480/551 1528/1479/545 1541/1479/558 1540/1480/557
f 1538/1484/555 1536/1483/553 1550/1483/567 1549/1484/566
f 1528/1479/545 1529/1491/546 1542/1491/559 1541/1479/558
f 1536/1483/553 1533/1482/550 1551/1482/568 1550/1483/567
f 1529/1491/546 1527/1490/544 1543/1490/560 1542/1491/559
f 1533/1482/550 1535/1481/552 1552/1481/569 1551/1482/568
o 平面.002
v -0.532675 1.478304 -0.069294
v -0.560634 1.450345 -0.069310
v -0.552445 1.470115 -0.069299
v -0.492386 1.450345 -0.069310
v -0.520345 1.478304 -0.069294
v -0.500575 1.470115 -0.069299
v -0.532675 1.410056 -0.069333
v -0.560634 1.438015 -0.069317
v -0.552445 1.418245 -0.069329
v -0.520345 1.410056 -0.069333
v -0.492386 1.438015 -0.069317
v -0.500575 1.418245 -0.069329
v -0.560634 1.438008 -0.057539
v -0.560634 1.450338 -0.057532
v -0.552445 1.470108 -0.057521
v -0.532675 1.478297 -0.057516
v -0.520345 1.478297 -0.057516
v -0.500575 1.470108 -0.057521
v -0.492386 1.450338 -0.057532
v -0.492386 1.438008 -0.057539
v -0.500575 1.418238 -0.057551
v -0.520345 1.410049 -0.057555
v -0.532675 1.410049 -0.057555
v -0.552445 1.418238 -0.057551
vn -0.0000 -0.0006 1.0000
vn -0.0000 0.0006 -1.0000
vn -0.9239 -0.3827 -0.0002
vn 0.3827 -0.9239 -0.0005
vn -0.0000 1.0000 0.0006
vn -1.0000 -0.0000 -0.0000
vn -0.0000 -1.0000 -0.0006
vn 0.3827 0.9239 0.0005
vn 1.0000 -0.0000 -0.0000
vn -0.9239 0.3827 0.0002
vn -0.3827 -0.9239 -0.0005
vn 0.9239 0.3827 0.0002
vn 0.9239 -0.3827 -0.0002
vn -0.3827 0.9239 0.0005
vt 0.000000 0.409667
vt 0.000000 0.590333
vt 0.119989 0.880011
vt 0.409667 1.000000
vt 0.590333 1.000000
vt 0.880011 0.880011
vt 1.000000 0.590333
vt 1.000000 0.409667
vt 0.880011 0.119989
vt 0.590333 0.000000
vt 0.409667 0.000000
vt 0.119989 0.119989
s 0
usemtl マテリアル.001
f 1554/1492/570 1560/1493/570 1561/1494/570 1559/1495/570 1562/1496/570 1564/1497/570 1563/1498/570 1556/1499/570 1558/1500/570 1557/1501/570 1553/1502/570 1555/1503/570
f 1566/1492/571 1567/1503/571 1568/1502/571 1569/1501/571 1570/1500/571 1571/1499/571 1572/1498/571 1573/1497/571 1574/1496/571 1575/1495/571 1576/1494/571 1565/1493/571
f 1558/1500/572 1556/1499/572 1571/1499/572 1570/1500/572
f 1555/1503/573 1553/1502/573 1568/1502/573 1567/1503/573
f 1562/1496/574 1559/1495/574 1575/1495/574 1574/1496/574
f 1556/1499/575 1563/1498/575 1572/1498/575 1571/1499/575
f 1553/1502/576 1557/1501/576 1569/1501/576 1568/1502/576
f 1559/1495/577 1561/1494/577 1576/1494/577 1575/1495/577
f 1560/1493/578 1554/1492/578 1566/1492/578 1565/1493/578
f 1563/1498/579 1564/1497/579 1573/1497/579 1572/1498/579
f 1557/1501/580 1558/1500/580 1570/1500/580 1569/1501/580
f 1561/1494/581 1560/1493/581 1565/1493/581 1576/1494/581
f 1554/1492/582 1555/1503/582 1567/1503/582 1566/1492/582
f 1564/1497/583 1562/1496/583 1574/1496/583 1573/1497/583
